2582  execve("./encdrv", ["./encdrv", "testcases/testcase.2", "output/output.2"], 0x7fffb2fbc128 /* 18 vars */) = 0
2582  brk(NULL)                         = 0x5d939acc8000
2582  arch_prctl(0x3001 /* ARCH_??? */, 0x7ffd009f0d30) = -1 EINVAL (Invalid argument)
2582  mmap(NULL, 8192, PROT_READ|PROT_WRITE, MAP_PRIVATE|MAP_ANONYMOUS, -1, 0) = 0x7d3da29ea000
2582  access("/etc/ld.so.preload", R_OK) = -1 ENOENT (No such file or directory)
2582  openat(AT_FDCWD, "/etc/ld.so.cache", O_RDONLY|O_CLOEXEC) = 3
2582  newfstatat(3, "", {st_mode=S_IFREG|0644, st_size=29392, ...}, AT_EMPTY_PATH) = 0
2582  mmap(NULL, 29392, PROT_READ, MAP_PRIVATE, 3, 0) = 0x7d3da29e2000
2582  close(3)                          = 0
2582  openat(AT_FDCWD, "/lib/x86_64-linux-gnu/libc.so.6", O_RDONLY|O_CLOEXEC) = 3
2582  read(3, "\177ELF\2\1\1\3\0\0\0\0\0\0\0\0\3\0>\0\1\0\0\0P\237\2\0\0\0\0\0"..., 832) = 832
2582  pread64(3, "\6\0\0\0\4\0\0\0@\0\0\0\0\0\0\0@\0\0\0\0\0\0\0@\0\0\0\0\0\0\0"..., 784, 64) = 784
2582  pread64(3, "\4\0\0\0 \0\0\0\5\0\0\0GNU\0\2\0\0\300\4\0\0\0\3\0\0\0\0\0\0\0"..., 48, 848) = 48
2582  pread64(3, "\4\0\0\0\24\0\0\0\3\0\0\0GNU\0\325\31p\226\367\t\200\30)\261\30\257\33|\366c"..., 68, 896) = 68
2582  newfstatat(3, "", {st_mode=S_IFREG|0755, st_size=2220400, ...}, AT_EMPTY_PATH) = 0
2582  pread64(3, "\6\0\0\0\4\0\0\0@\0\0\0\0\0\0\0@\0\0\0\0\0\0\0@\0\0\0\0\0\0\0"..., 784, 64) = 784
2582  mmap(NULL, 2264656, PROT_READ, MAP_PRIVATE|MAP_DENYWRITE, 3, 0) = 0x7d3da27b9000
2582  mprotect(0x7d3da27e1000, 2023424, PROT_NONE) = 0
2582  mmap(0x7d3da27e1000, 1658880, PROT_READ|PROT_EXEC, MAP_PRIVATE|MAP_FIXED|MAP_DENYWRITE, 3, 0x28000) = 0x7d3da27e1000
2582  mmap(0x7d3da2976000, 360448, PROT_READ, MAP_PRIVATE|MAP_FIXED|MAP_DENYWRITE, 3, 0x1bd000) = 0x7d3da2976000
2582  mmap(0x7d3da29cf000, 24576, PROT_READ|PROT_WRITE, MAP_PRIVATE|MAP_FIXED|MAP_DENYWRITE, 3, 0x215000) = 0x7d3da29cf000
2582  mmap(0x7d3da29d5000, 52816, PROT_READ|PROT_WRITE, MAP_PRIVATE|MAP_FIXED|MAP_ANONYMOUS, -1, 0) = 0x7d3da29d5000
2582  close(3)                          = 0
2582  mmap(NULL, 12288, PROT_READ|PROT_WRITE, MAP_PRIVATE|MAP_ANONYMOUS, -1, 0) = 0x7d3da27b6000
2582  arch_prctl(ARCH_SET_FS, 0x7d3da27b6740) = 0
2582  set_tid_address(0x7d3da27b6a10)   = 2582
2582  set_robust_list(0x7d3da27b6a20, 24) = 0
2582  rseq(0x7d3da27b70e0, 0x20, 0, 0x53053053) = 0
2582  mprotect(0x7d3da29cf000, 16384, PROT_READ) = 0
2582  mprotect(0x5d9399440000, 4096, PROT_READ) = 0
2582  mprotect(0x7d3da2a24000, 8192, PROT_READ) = 0
2582  prlimit64(0, RLIMIT_STACK, NULL, {rlim_cur=8192*1024, rlim_max=RLIM64_INFINITY}) = 0
2582  munmap(0x7d3da29e2000, 29392)     = 0
2582  openat(AT_FDCWD, "testcases/testcase.2", O_RDONLY) = 3
2582  openat(AT_FDCWD, "output/output.2", O_WRONLY|O_CREAT, 01406) = 4
2582  pipe2([5, 6], 0)                  = 0
2582  read(3, "3", 1)                   = 1
2582  read(3, "7", 1)                   = 1
2582  read(3, "2", 1)                   = 1
2582  read(3, "4", 1)                   = 1
2582  read(3, "7", 1)                   = 1
2582  read(3, "4", 1)                   = 1
2582  read(3, " ", 1)                   = 1
2582  read(3, "e", 1)                   = 1
2582  read(3, "x", 1)                   = 1
2582  read(3, "e", 1)                   = 1
2582  read(3, "c", 1)                   = 1
2582  read(3, "v", 1)                   = 1
2582  read(3, "e", 1)                   = 1
2582  read(3, "(", 1)                   = 1
2582  read(3, "\"", 1)                  = 1
2582  read(3, ".", 1)                   = 1
2582  read(3, "/", 1)                   = 1
2582  read(3, "e", 1)                   = 1
2582  read(3, "n", 1)                   = 1
2582  read(3, "c", 1)                   = 1
2582  read(3, "d", 1)                   = 1
2582  read(3, "r", 1)                   = 1
2582  read(3, "v", 1)                   = 1
2582  read(3, "\"", 1)                  = 1
2582  read(3, ",", 1)                   = 1
2582  read(3, " ", 1)                   = 1
2582  read(3, "[", 1)                   = 1
2582  read(3, "\"", 1)                  = 1
2582  read(3, ".", 1)                   = 1
2582  read(3, "/", 1)                   = 1
2582  read(3, "e", 1)                   = 1
2582  read(3, "n", 1)                   = 1
2582  read(3, "c", 1)                   = 1
2582  read(3, "d", 1)                   = 1
2582  read(3, "r", 1)                   = 1
2582  read(3, "v", 1)                   = 1
2582  read(3, "\"", 1)                  = 1
2582  read(3, ",", 1)                   = 1
2582  read(3, " ", 1)                   = 1
2582  read(3, "\"", 1)                  = 1
2582  read(3, "M", 1)                   = 1
2582  read(3, "a", 1)                   = 1
2582  read(3, "k", 1)                   = 1
2582  read(3, "e", 1)                   = 1
2582  read(3, "f", 1)                   = 1
2582  read(3, "i", 1)                   = 1
2582  read(3, "l", 1)                   = 1
2582  read(3, "e", 1)                   = 1
2582  read(3, "\"", 1)                  = 1
2582  read(3, ",", 1)                   = 1
2582  read(3, " ", 1)                   = 1
2582  read(3, "\"", 1)                  = 1
2582  read(3, "s", 1)                   = 1
2582  read(3, "a", 1)                   = 1
2582  read(3, "m", 1)                   = 1
2582  read(3, "p", 1)                   = 1
2582  read(3, "l", 1)                   = 1
2582  read(3, "e", 1)                   = 1
2582  read(3, "1", 1)                   = 1
2582  read(3, ".", 1)                   = 1
2582  read(3, "t", 1)                   = 1
2582  read(3, "x", 1)                   = 1
2582  read(3, "t", 1)                   = 1
2582  read(3, "\"", 1)                  = 1
2582  read(3, "]", 1)                   = 1
2582  read(3, ",", 1)                   = 1
2582  read(3, " ", 1)                   = 1
2582  read(3, "0", 1)                   = 1
2582  read(3, "x", 1)                   = 1
2582  read(3, "7", 1)                   = 1
2582  read(3, "f", 1)                   = 1
2582  read(3, "f", 1)                   = 1
2582  read(3, "f", 1)                   = 1
2582  read(3, "4", 1)                   = 1
2582  read(3, "6", 1)                   = 1
2582  read(3, "9", 1)                   = 1
2582  read(3, "4", 1)                   = 1
2582  read(3, "e", 1)                   = 1
2582  read(3, "5", 1)                   = 1
2582  read(3, "7", 1)                   = 1
2582  read(3, "8", 1)                   = 1
2582  read(3, " ", 1)                   = 1
2582  read(3, "/", 1)                   = 1
2582  read(3, "*", 1)                   = 1
2582  read(3, " ", 1)                   = 1
2582  read(3, "5", 1)                   = 1
2582  read(3, "1", 1)                   = 1
2582  read(3, " ", 1)                   = 1
2582  read(3, "v", 1)                   = 1
2582  read(3, "a", 1)                   = 1
2582  read(3, "r", 1)                   = 1
2582  read(3, "s", 1)                   = 1
2582  read(3, " ", 1)                   = 1
2582  read(3, "*", 1)                   = 1
2582  read(3, "/", 1)                   = 1
2582  read(3, ")", 1)                   = 1
2582  read(3, " ", 1)                   = 1
2582  read(3, "=", 1)                   = 1
2582  read(3, " ", 1)                   = 1
2582  read(3, "0", 1)                   = 1
2582  read(3, "\n", 1)                  = 1
2582  write(6, "101\n", 4)              = 4
2582  write(6, "372474 execve(\"./encdrv\", [\"./en"..., 101) = 101
2582  read(3, "3", 1)                   = 1
2582  read(3, "7", 1)                   = 1
2582  read(3, "2", 1)                   = 1
2582  read(3, "4", 1)                   = 1
2582  read(3, "7", 1)                   = 1
2582  read(3, "4", 1)                   = 1
2582  read(3, " ", 1)                   = 1
2582  read(3, "b", 1)                   = 1
2582  read(3, "r", 1)                   = 1
2582  read(3, "k", 1)                   = 1
2582  read(3, "(", 1)                   = 1
2582  read(3, "N", 1)                   = 1
2582  read(3, "U", 1)                   = 1
2582  read(3, "L", 1)                   = 1
2582  read(3, "L", 1)                   = 1
2582  read(3, ")", 1)                   = 1
2582  read(3, " ", 1)                   = 1
2582  read(3, " ", 1)                   = 1
2582  read(3, " ", 1)                   = 1
2582  read(3, " ", 1)                   = 1
2582  read(3, " ", 1)                   = 1
2582  read(3, " ", 1)                   = 1
2582  read(3, " ", 1)                   = 1
2582  read(3, " ", 1)                   = 1
2582  read(3, " ", 1)                   = 1
2582  read(3, " ", 1)                   = 1
2582  read(3, " ", 1)                   = 1
2582  read(3, " ", 1)                   = 1
2582  read(3, " ", 1)                   = 1
2582  read(3, " ", 1)                   = 1
2582  read(3, " ", 1)                   = 1
2582  read(3, " ", 1)                   = 1
2582  read(3, " ", 1)                   = 1
2582  read(3, " ", 1)                   = 1
2582  read(3, " ", 1)                   = 1
2582  read(3, " ", 1)                   = 1
2582  read(3, " ", 1)                   = 1
2582  read(3, " ", 1)                   = 1
2582  read(3, " ", 1)                   = 1
2582  read(3, " ", 1)                   = 1
2582  read(3, "=", 1)                   = 1
2582  read(3, " ", 1)                   = 1
2582  read(3, "0", 1)                   = 1
2582  read(3, "x", 1)                   = 1
2582  read(3, "5", 1)                   = 1
2582  read(3, "5", 1)                   = 1
2582  read(3, "e", 1)                   = 1
2582  read(3, "9", 1)                   = 1
2582  read(3, "7", 1)                   = 1
2582  read(3, "9", 1)                   = 1
2582  read(3, "b", 1)                   = 1
2582  read(3, "b", 1)                   = 1
2582  read(3, "c", 1)                   = 1
2582  read(3, "0", 1)                   = 1
2582  read(3, "0", 1)                   = 1
2582  read(3, "0", 1)                   = 1
2582  read(3, "\n", 1)                  = 1
2582  write(6, "57\n", 3)               = 3
2582  write(6, "372474 brk(NULL)                "..., 57) = 57
2582  read(3, "3", 1)                   = 1
2582  read(3, "7", 1)                   = 1
2582  read(3, "2", 1)                   = 1
2582  read(3, "4", 1)                   = 1
2582  read(3, "7", 1)                   = 1
2582  read(3, "4", 1)                   = 1
2582  read(3, " ", 1)                   = 1
2582  read(3, "a", 1)                   = 1
2582  read(3, "r", 1)                   = 1
2582  read(3, "c", 1)                   = 1
2582  read(3, "h", 1)                   = 1
2582  read(3, "_", 1)                   = 1
2582  read(3, "p", 1)                   = 1
2582  read(3, "r", 1)                   = 1
2582  read(3, "c", 1)                   = 1
2582  read(3, "t", 1)                   = 1
2582  read(3, "l", 1)                   = 1
2582  read(3, "(", 1)                   = 1
2582  read(3, "0", 1)                   = 1
2582  read(3, "x", 1)                   = 1
2582  read(3, "3", 1)                   = 1
2582  read(3, "0", 1)                   = 1
2582  read(3, "0", 1)                   = 1
2582  read(3, "1", 1)                   = 1
2582  read(3, " ", 1)                   = 1
2582  read(3, "/", 1)                   = 1
2582  read(3, "*", 1)                   = 1
2582  read(3, " ", 1)                   = 1
2582  read(3, "A", 1)                   = 1
2582  read(3, "R", 1)                   = 1
2582  read(3, "C", 1)                   = 1
2582  read(3, "H", 1)                   = 1
2582  read(3, "_", 1)                   = 1
2582  read(3, "?", 1)                   = 1
2582  read(3, "?", 1)                   = 1
2582  read(3, "?", 1)                   = 1
2582  read(3, " ", 1)                   = 1
2582  read(3, "*", 1)                   = 1
2582  read(3, "/", 1)                   = 1
2582  read(3, ",", 1)                   = 1
2582  read(3, " ", 1)                   = 1
2582  read(3, "0", 1)                   = 1
2582  read(3, "x", 1)                   = 1
2582  read(3, "7", 1)                   = 1
2582  read(3, "f", 1)                   = 1
2582  read(3, "f", 1)                   = 1
2582  read(3, "d", 1)                   = 1
2582  read(3, "d", 1)                   = 1
2582  read(3, "d", 1)                   = 1
2582  read(3, "9", 1)                   = 1
2582  read(3, "3", 1)                   = 1
2582  read(3, "7", 1)                   = 1
2582  read(3, "7", 1)                   = 1
2582  read(3, "7", 1)                   = 1
2582  read(3, "0", 1)                   = 1
2582  read(3, ")", 1)                   = 1
2582  read(3, " ", 1)                   = 1
2582  read(3, "=", 1)                   = 1
2582  read(3, " ", 1)                   = 1
2582  read(3, "-", 1)                   = 1
2582  read(3, "1", 1)                   = 1
2582  read(3, " ", 1)                   = 1
2582  read(3, "E", 1)                   = 1
2582  read(3, "I", 1)                   = 1
2582  read(3, "N", 1)                   = 1
2582  read(3, "V", 1)                   = 1
2582  read(3, "A", 1)                   = 1
2582  read(3, "L", 1)                   = 1
2582  read(3, " ", 1)                   = 1
2582  read(3, "(", 1)                   = 1
2582  read(3, "I", 1)                   = 1
2582  read(3, "n", 1)                   = 1
2582  read(3, "v", 1)                   = 1
2582  read(3, "a", 1)                   = 1
2582  read(3, "l", 1)                   = 1
2582  read(3, "i", 1)                   = 1
2582  read(3, "d", 1)                   = 1
2582  read(3, " ", 1)                   = 1
2582  read(3, "a", 1)                   = 1
2582  read(3, "r", 1)                   = 1
2582  read(3, "g", 1)                   = 1
2582  read(3, "u", 1)                   = 1
2582  read(3, "m", 1)                   = 1
2582  read(3, "e", 1)                   = 1
2582  read(3, "n", 1)                   = 1
2582  read(3, "t", 1)                   = 1
2582  read(3, ")", 1)                   = 1
2582  read(3, "\n", 1)                  = 1
2582  write(6, "88\n", 3)               = 3
2582  write(6, "372474 arch_prctl(0x3001 /* ARCH"..., 88) = 88
2582  read(3, "3", 1)                   = 1
2582  read(3, "7", 1)                   = 1
2582  read(3, "2", 1)                   = 1
2582  read(3, "4", 1)                   = 1
2582  read(3, "7", 1)                   = 1
2582  read(3, "4", 1)                   = 1
2582  read(3, " ", 1)                   = 1
2582  read(3, "a", 1)                   = 1
2582  read(3, "c", 1)                   = 1
2582  read(3, "c", 1)                   = 1
2582  read(3, "e", 1)                   = 1
2582  read(3, "s", 1)                   = 1
2582  read(3, "s", 1)                   = 1
2582  read(3, "(", 1)                   = 1
2582  read(3, "\"", 1)                  = 1
2582  read(3, "/", 1)                   = 1
2582  read(3, "e", 1)                   = 1
2582  read(3, "t", 1)                   = 1
2582  read(3, "c", 1)                   = 1
2582  read(3, "/", 1)                   = 1
2582  read(3, "l", 1)                   = 1
2582  read(3, "d", 1)                   = 1
2582  read(3, ".", 1)                   = 1
2582  read(3, "s", 1)                   = 1
2582  read(3, "o", 1)                   = 1
2582  read(3, ".", 1)                   = 1
2582  read(3, "p", 1)                   = 1
2582  read(3, "r", 1)                   = 1
2582  read(3, "e", 1)                   = 1
2582  read(3, "l", 1)                   = 1
2582  read(3, "o", 1)                   = 1
2582  read(3, "a", 1)                   = 1
2582  read(3, "d", 1)                   = 1
2582  read(3, "\"", 1)                  = 1
2582  read(3, ",", 1)                   = 1
2582  read(3, " ", 1)                   = 1
2582  read(3, "R", 1)                   = 1
2582  read(3, "_", 1)                   = 1
2582  read(3, "O", 1)                   = 1
2582  read(3, "K", 1)                   = 1
2582  read(3, ")", 1)                   = 1
2582  read(3, " ", 1)                   = 1
2582  read(3, "=", 1)                   = 1
2582  read(3, " ", 1)                   = 1
2582  read(3, "-", 1)                   = 1
2582  read(3, "1", 1)                   = 1
2582  read(3, " ", 1)                   = 1
2582  read(3, "E", 1)                   = 1
2582  read(3, "N", 1)                   = 1
2582  read(3, "O", 1)                   = 1
2582  read(3, "E", 1)                   = 1
2582  read(3, "N", 1)                   = 1
2582  read(3, "T", 1)                   = 1
2582  read(3, " ", 1)                   = 1
2582  read(3, "(", 1)                   = 1
2582  read(3, "N", 1)                   = 1
2582  read(3, "o", 1)                   = 1
2582  read(3, " ", 1)                   = 1
2582  read(3, "s", 1)                   = 1
2582  read(3, "u", 1)                   = 1
2582  read(3, "c", 1)                   = 1
2582  read(3, "h", 1)                   = 1
2582  read(3, " ", 1)                   = 1
2582  read(3, "f", 1)                   = 1
2582  read(3, "i", 1)                   = 1
2582  read(3, "l", 1)                   = 1
2582  read(3, "e", 1)                   = 1
2582  read(3, " ", 1)                   = 1
2582  read(3, "o", 1)                   = 1
2582  read(3, "r", 1)                   = 1
2582  read(3, " ", 1)                   = 1
2582  read(3, "d", 1)                   = 1
2582  read(3, "i", 1)                   = 1
2582  read(3, "r", 1)                   = 1
2582  read(3, "e", 1)                   = 1
2582  read(3, "c", 1)                   = 1
2582  read(3, "t", 1)                   = 1
2582  read(3, "o", 1)                   = 1
2582  read(3, "r", 1)                   = 1
2582  read(3, "y", 1)                   = 1
2582  read(3, ")", 1)                   = 1
2582  read(3, "\n", 1)                  = 1
2582  write(6, "82\n", 3)               = 3
2582  write(6, "372474 access(\"/etc/ld.so.preloa"..., 82) = 82
2582  read(3, "3", 1)                   = 1
2582  read(3, "7", 1)                   = 1
2582  read(3, "2", 1)                   = 1
2582  read(3, "4", 1)                   = 1
2582  read(3, "7", 1)                   = 1
2582  read(3, "4", 1)                   = 1
2582  read(3, " ", 1)                   = 1
2582  read(3, "o", 1)                   = 1
2582  read(3, "p", 1)                   = 1
2582  read(3, "e", 1)                   = 1
2582  read(3, "n", 1)                   = 1
2582  read(3, "a", 1)                   = 1
2582  read(3, "t", 1)                   = 1
2582  read(3, "(", 1)                   = 1
2582  read(3, "A", 1)                   = 1
2582  read(3, "T", 1)                   = 1
2582  read(3, "_", 1)                   = 1
2582  read(3, "F", 1)                   = 1
2582  read(3, "D", 1)                   = 1
2582  read(3, "C", 1)                   = 1
2582  read(3, "W", 1)                   = 1
2582  read(3, "D", 1)                   = 1
2582  read(3, ",", 1)                   = 1
2582  read(3, " ", 1)                   = 1
2582  read(3, "\"", 1)                  = 1
2582  read(3, "/", 1)                   = 1
2582  read(3, "e", 1)                   = 1
2582  read(3, "t", 1)                   = 1
2582  read(3, "c", 1)                   = 1
2582  read(3, "/", 1)                   = 1
2582  read(3, "l", 1)                   = 1
2582  read(3, "d", 1)                   = 1
2582  read(3, ".", 1)                   = 1
2582  read(3, "s", 1)                   = 1
2582  read(3, "o", 1)                   = 1
2582  read(3, ".", 1)                   = 1
2582  read(3, "c", 1)                   = 1
2582  read(3, "a", 1)                   = 1
2582  read(3, "c", 1)                   = 1
2582  read(3, "h", 1)                   = 1
2582  read(3, "e", 1)                   = 1
2582  read(3, "\"", 1)                  = 1
2582  read(3, ",", 1)                   = 1
2582  read(3, " ", 1)                   = 1
2582  read(3, "O", 1)                   = 1
2582  read(3, "_", 1)                   = 1
2582  read(3, "R", 1)                   = 1
2582  read(3, "D", 1)                   = 1
2582  read(3, "O", 1)                   = 1
2582  read(3, "N", 1)                   = 1
2582  read(3, "L", 1)                   = 1
2582  read(3, "Y", 1)                   = 1
2582  read(3, "|", 1)                   = 1
2582  read(3, "O", 1)                   = 1
2582  read(3, "_", 1)                   = 1
2582  read(3, "C", 1)                   = 1
2582  read(3, "L", 1)                   = 1
2582  read(3, "O", 1)                   = 1
2582  read(3, "E", 1)                   = 1
2582  read(3, "X", 1)                   = 1
2582  read(3, "E", 1)                   = 1
2582  read(3, "C", 1)                   = 1
2582  read(3, ")", 1)                   = 1
2582  read(3, " ", 1)                   = 1
2582  read(3, "=", 1)                   = 1
2582  read(3, " ", 1)                   = 1
2582  read(3, "3", 1)                   = 1
2582  read(3, "\n", 1)                  = 1
2582  write(6, "68\n", 3)               = 3
2582  write(6, "372474 openat(AT_FDCWD, \"/etc/ld"..., 68) = 68
2582  read(3, "3", 1)                   = 1
2582  read(3, "7", 1)                   = 1
2582  read(3, "2", 1)                   = 1
2582  read(3, "4", 1)                   = 1
2582  read(3, "7", 1)                   = 1
2582  read(3, "4", 1)                   = 1
2582  read(3, " ", 1)                   = 1
2582  read(3, "f", 1)                   = 1
2582  read(3, "s", 1)                   = 1
2582  read(3, "t", 1)                   = 1
2582  read(3, "a", 1)                   = 1
2582  read(3, "t", 1)                   = 1
2582  read(3, "(", 1)                   = 1
2582  read(3, "3", 1)                   = 1
2582  read(3, ",", 1)                   = 1
2582  read(3, " ", 1)                   = 1
2582  read(3, "{", 1)                   = 1
2582  read(3, "s", 1)                   = 1
2582  read(3, "t", 1)                   = 1
2582  read(3, "_", 1)                   = 1
2582  read(3, "m", 1)                   = 1
2582  read(3, "o", 1)                   = 1
2582  read(3, "d", 1)                   = 1
2582  read(3, "e", 1)                   = 1
2582  read(3, "=", 1)                   = 1
2582  read(3, "S", 1)                   = 1
2582  read(3, "_", 1)                   = 1
2582  read(3, "I", 1)                   = 1
2582  read(3, "F", 1)                   = 1
2582  read(3, "R", 1)                   = 1
2582  read(3, "E", 1)                   = 1
2582  read(3, "G", 1)                   = 1
2582  read(3, "|", 1)                   = 1
2582  read(3, "0", 1)                   = 1
2582  read(3, "6", 1)                   = 1
2582  read(3, "4", 1)                   = 1
2582  read(3, "4", 1)                   = 1
2582  read(3, ",", 1)                   = 1
2582  read(3, " ", 1)                   = 1
2582  read(3, "s", 1)                   = 1
2582  read(3, "t", 1)                   = 1
2582  read(3, "_", 1)                   = 1
2582  read(3, "s", 1)                   = 1
2582  read(3, "i", 1)                   = 1
2582  read(3, "z", 1)                   = 1
2582  read(3, "e", 1)                   = 1
2582  read(3, "=", 1)                   = 1
2582  read(3, "1", 1)                   = 1
2582  read(3, "2", 1)                   = 1
2582  read(3, "9", 1)                   = 1
2582  read(3, "5", 1)                   = 1
2582  read(3, "6", 1)                   = 1
2582  read(3, "6", 1)                   = 1
2582  read(3, ",", 1)                   = 1
2582  read(3, " ", 1)                   = 1
2582  read(3, ".", 1)                   = 1
2582  read(3, ".", 1)                   = 1
2582  read(3, ".", 1)                   = 1
2582  read(3, "}", 1)                   = 1
2582  read(3, ")", 1)                   = 1
2582  read(3, " ", 1)                   = 1
2582  read(3, "=", 1)                   = 1
2582  read(3, " ", 1)                   = 1
2582  read(3, "0", 1)                   = 1
2582  read(3, "\n", 1)                  = 1
2582  write(6, "65\n", 3)               = 3
2582  write(6, "372474 fstat(3, {st_mode=S_IFREG"..., 65) = 65
2582  read(3, "3", 1)                   = 1
2582  read(3, "7", 1)                   = 1
2582  read(3, "2", 1)                   = 1
2582  read(3, "4", 1)                   = 1
2582  read(3, "7", 1)                   = 1
2582  read(3, "4", 1)                   = 1
2582  read(3, " ", 1)                   = 1
2582  read(3, "m", 1)                   = 1
2582  read(3, "m", 1)                   = 1
2582  read(3, "a", 1)                   = 1
2582  read(3, "p", 1)                   = 1
2582  read(3, "(", 1)                   = 1
2582  read(3, "N", 1)                   = 1
2582  read(3, "U", 1)                   = 1
2582  read(3, "L", 1)                   = 1
2582  read(3, "L", 1)                   = 1
2582  read(3, ",", 1)                   = 1
2582  read(3, " ", 1)                   = 1
2582  read(3, "1", 1)                   = 1
2582  read(3, "2", 1)                   = 1
2582  read(3, "9", 1)                   = 1
2582  read(3, "5", 1)                   = 1
2582  read(3, "6", 1)                   = 1
2582  read(3, "6", 1)                   = 1
2582  read(3, ",", 1)                   = 1
2582  read(3, " ", 1)                   = 1
2582  read(3, "P", 1)                   = 1
2582  read(3, "R", 1)                   = 1
2582  read(3, "O", 1)                   = 1
2582  read(3, "T", 1)                   = 1
2582  read(3, "_", 1)                   = 1
2582  read(3, "R", 1)                   = 1
2582  read(3, "E", 1)                   = 1
2582  read(3, "A", 1)                   = 1
2582  read(3, "D", 1)                   = 1
2582  read(3, ",", 1)                   = 1
2582  read(3, " ", 1)                   = 1
2582  read(3, "M", 1)                   = 1
2582  read(3, "A", 1)                   = 1
2582  read(3, "P", 1)                   = 1
2582  read(3, "_", 1)                   = 1
2582  read(3, "P", 1)                   = 1
2582  read(3, "R", 1)                   = 1
2582  read(3, "I", 1)                   = 1
2582  read(3, "V", 1)                   = 1
2582  read(3, "A", 1)                   = 1
2582  read(3, "T", 1)                   = 1
2582  read(3, "E", 1)                   = 1
2582  read(3, ",", 1)                   = 1
2582  read(3, " ", 1)                   = 1
2582  read(3, "3", 1)                   = 1
2582  read(3, ",", 1)                   = 1
2582  read(3, " ", 1)                   = 1
2582  read(3, "0", 1)                   = 1
2582  read(3, ")", 1)                   = 1
2582  read(3, " ", 1)                   = 1
2582  read(3, "=", 1)                   = 1
2582  read(3, " ", 1)                   = 1
2582  read(3, "0", 1)                   = 1
2582  read(3, "x", 1)                   = 1
2582  read(3, "7", 1)                   = 1
2582  read(3, "f", 1)                   = 1
2582  read(3, "e", 1)                   = 1
2582  read(3, "7", 1)                   = 1
2582  read(3, "5", 1)                   = 1
2582  read(3, "d", 1)                   = 1
2582  read(3, "5", 1)                   = 1
2582  read(3, "6", 1)                   = 1
2582  read(3, "c", 1)                   = 1
2582  read(3, "0", 1)                   = 1
2582  read(3, "0", 1)                   = 1
2582  read(3, "0", 1)                   = 1
2582  read(3, "\n", 1)                  = 1
2582  write(6, "73\n", 3)               = 3
2582  write(6, "372474 mmap(NULL, 129566, PROT_R"..., 73) = 73
2582  read(3, "3", 1)                   = 1
2582  read(3, "7", 1)                   = 1
2582  read(3, "2", 1)                   = 1
2582  read(3, "4", 1)                   = 1
2582  read(3, "7", 1)                   = 1
2582  read(3, "4", 1)                   = 1
2582  read(3, " ", 1)                   = 1
2582  read(3, "c", 1)                   = 1
2582  read(3, "l", 1)                   = 1
2582  read(3, "o", 1)                   = 1
2582  read(3, "s", 1)                   = 1
2582  read(3, "e", 1)                   = 1
2582  read(3, "(", 1)                   = 1
2582  read(3, "3", 1)                   = 1
2582  read(3, ")", 1)                   = 1
2582  read(3, " ", 1)                   = 1
2582  read(3, " ", 1)                   = 1
2582  read(3, " ", 1)                   = 1
2582  read(3, " ", 1)                   = 1
2582  read(3, " ", 1)                   = 1
2582  read(3, " ", 1)                   = 1
2582  read(3, " ", 1)                   = 1
2582  read(3, " ", 1)                   = 1
2582  read(3, " ", 1)                   = 1
2582  read(3, " ", 1)                   = 1
2582  read(3, " ", 1)                   = 1
2582  read(3, " ", 1)                   = 1
2582  read(3, " ", 1)                   = 1
2582  read(3, " ", 1)                   = 1
2582  read(3, " ", 1)                   = 1
2582  read(3, " ", 1)                   = 1
2582  read(3, " ", 1)                   = 1
2582  read(3, " ", 1)                   = 1
2582  read(3, " ", 1)                   = 1
2582  read(3, " ", 1)                   = 1
2582  read(3, " ", 1)                   = 1
2582  read(3, " ", 1)                   = 1
2582  read(3, " ", 1)                   = 1
2582  read(3, " ", 1)                   = 1
2582  read(3, " ", 1)                   = 1
2582  read(3, "=", 1)                   = 1
2582  read(3, " ", 1)                   = 1
2582  read(3, "0", 1)                   = 1
2582  read(3, "\n", 1)                  = 1
2582  write(6, "44\n", 3)               = 3
2582  write(6, "372474 close(3)                 "..., 44) = 44
2582  read(3, "3", 1)                   = 1
2582  read(3, "7", 1)                   = 1
2582  read(3, "2", 1)                   = 1
2582  read(3, "4", 1)                   = 1
2582  read(3, "7", 1)                   = 1
2582  read(3, "4", 1)                   = 1
2582  read(3, " ", 1)                   = 1
2582  read(3, "o", 1)                   = 1
2582  read(3, "p", 1)                   = 1
2582  read(3, "e", 1)                   = 1
2582  read(3, "n", 1)                   = 1
2582  read(3, "a", 1)                   = 1
2582  read(3, "t", 1)                   = 1
2582  read(3, "(", 1)                   = 1
2582  read(3, "A", 1)                   = 1
2582  read(3, "T", 1)                   = 1
2582  read(3, "_", 1)                   = 1
2582  read(3, "F", 1)                   = 1
2582  read(3, "D", 1)                   = 1
2582  read(3, "C", 1)                   = 1
2582  read(3, "W", 1)                   = 1
2582  read(3, "D", 1)                   = 1
2582  read(3, ",", 1)                   = 1
2582  read(3, " ", 1)                   = 1
2582  read(3, "\"", 1)                  = 1
2582  read(3, "/", 1)                   = 1
2582  read(3, "l", 1)                   = 1
2582  read(3, "i", 1)                   = 1
2582  read(3, "b", 1)                   = 1
2582  read(3, "/", 1)                   = 1
2582  read(3, "x", 1)                   = 1
2582  read(3, "8", 1)                   = 1
2582  read(3, "6", 1)                   = 1
2582  read(3, "_", 1)                   = 1
2582  read(3, "6", 1)                   = 1
2582  read(3, "4", 1)                   = 1
2582  read(3, "-", 1)                   = 1
2582  read(3, "l", 1)                   = 1
2582  read(3, "i", 1)                   = 1
2582  read(3, "n", 1)                   = 1
2582  read(3, "u", 1)                   = 1
2582  read(3, "x", 1)                   = 1
2582  read(3, "-", 1)                   = 1
2582  read(3, "g", 1)                   = 1
2582  read(3, "n", 1)                   = 1
2582  read(3, "u", 1)                   = 1
2582  read(3, "/", 1)                   = 1
2582  read(3, "l", 1)                   = 1
2582  read(3, "i", 1)                   = 1
2582  read(3, "b", 1)                   = 1
2582  read(3, "c", 1)                   = 1
2582  read(3, ".", 1)                   = 1
2582  read(3, "s", 1)                   = 1
2582  read(3, "o", 1)                   = 1
2582  read(3, ".", 1)                   = 1
2582  read(3, "6", 1)                   = 1
2582  read(3, "\"", 1)                  = 1
2582  read(3, ",", 1)                   = 1
2582  read(3, " ", 1)                   = 1
2582  read(3, "O", 1)                   = 1
2582  read(3, "_", 1)                   = 1
2582  read(3, "R", 1)                   = 1
2582  read(3, "D", 1)                   = 1
2582  read(3, "O", 1)                   = 1
2582  read(3, "N", 1)                   = 1
2582  read(3, "L", 1)                   = 1
2582  read(3, "Y", 1)                   = 1
2582  read(3, "|", 1)                   = 1
2582  read(3, "O", 1)                   = 1
2582  read(3, "_", 1)                   = 1
2582  read(3, "C", 1)                   = 1
2582  read(3, "L", 1)                   = 1
2582  read(3, "O", 1)                   = 1
2582  read(3, "E", 1)                   = 1
2582  read(3, "X", 1)                   = 1
2582  read(3, "E", 1)                   = 1
2582  read(3, "C", 1)                   = 1
2582  read(3, ")", 1)                   = 1
2582  read(3, " ", 1)                   = 1
2582  read(3, "=", 1)                   = 1
2582  read(3, " ", 1)                   = 1
2582  read(3, "3", 1)                   = 1
2582  read(3, "\n", 1)                  = 1
2582  write(6, "83\n", 3)               = 3
2582  write(6, "372474 openat(AT_FDCWD, \"/lib/x8"..., 83) = 83
2582  read(3, "3", 1)                   = 1
2582  read(3, "7", 1)                   = 1
2582  read(3, "2", 1)                   = 1
2582  read(3, "4", 1)                   = 1
2582  read(3, "7", 1)                   = 1
2582  read(3, "4", 1)                   = 1
2582  read(3, " ", 1)                   = 1
2582  read(3, "r", 1)                   = 1
2582  read(3, "e", 1)                   = 1
2582  read(3, "a", 1)                   = 1
2582  read(3, "d", 1)                   = 1
2582  read(3, "(", 1)                   = 1
2582  read(3, "3", 1)                   = 1
2582  read(3, ",", 1)                   = 1
2582  read(3, " ", 1)                   = 1
2582  read(3, "\"", 1)                  = 1
2582  read(3, "\\", 1)                  = 1
2582  read(3, "1", 1)                   = 1
2582  read(3, "7", 1)                   = 1
2582  read(3, "7", 1)                   = 1
2582  read(3, "E", 1)                   = 1
2582  read(3, "L", 1)                   = 1
2582  read(3, "F", 1)                   = 1
2582  read(3, "\\", 1)                  = 1
2582  read(3, "2", 1)                   = 1
2582  read(3, "\\", 1)                  = 1
2582  read(3, "1", 1)                   = 1
2582  read(3, "\\", 1)                  = 1
2582  read(3, "1", 1)                   = 1
2582  read(3, "\\", 1)                  = 1
2582  read(3, "3", 1)                   = 1
2582  read(3, "\\", 1)                  = 1
2582  read(3, "0", 1)                   = 1
2582  read(3, "\\", 1)                  = 1
2582  read(3, "0", 1)                   = 1
2582  read(3, "\\", 1)                  = 1
2582  read(3, "0", 1)                   = 1
2582  read(3, "\\", 1)                  = 1
2582  read(3, "0", 1)                   = 1
2582  read(3, "\\", 1)                  = 1
2582  read(3, "0", 1)                   = 1
2582  read(3, "\\", 1)                  = 1
2582  read(3, "0", 1)                   = 1
2582  read(3, "\\", 1)                  = 1
2582  read(3, "0", 1)                   = 1
2582  read(3, "\\", 1)                  = 1
2582  read(3, "0", 1)                   = 1
2582  read(3, "\\", 1)                  = 1
2582  read(3, "3", 1)                   = 1
2582  read(3, "\\", 1)                  = 1
2582  read(3, "0", 1)                   = 1
2582  read(3, ">", 1)                   = 1
2582  read(3, "\\", 1)                  = 1
2582  read(3, "0", 1)                   = 1
2582  read(3, "\\", 1)                  = 1
2582  read(3, "1", 1)                   = 1
2582  read(3, "\\", 1)                  = 1
2582  read(3, "0", 1)                   = 1
2582  read(3, "\\", 1)                  = 1
2582  read(3, "0", 1)                   = 1
2582  read(3, "\\", 1)                  = 1
2582  read(3, "0", 1)                   = 1
2582  read(3, "\\", 1)                  = 1
2582  read(3, "3", 1)                   = 1
2582  read(3, "0", 1)                   = 1
2582  read(3, "0", 1)                   = 1
2582  read(3, "A", 1)                   = 1
2582  read(3, "\\", 1)                  = 1
2582  read(3, "2", 1)                   = 1
2582  read(3, "\\", 1)                  = 1
2582  read(3, "0", 1)                   = 1
2582  read(3, "\\", 1)                  = 1
2582  read(3, "0", 1)                   = 1
2582  read(3, "\\", 1)                  = 1
2582  read(3, "0", 1)                   = 1
2582  read(3, "\\", 1)                  = 1
2582  read(3, "0", 1)                   = 1
2582  read(3, "\\", 1)                  = 1
2582  read(3, "0", 1)                   = 1
2582  read(3, "\"", 1)                  = 1
2582  read(3, ".", 1)                   = 1
2582  read(3, ".", 1)                   = 1
2582  read(3, ".", 1)                   = 1
2582  read(3, ",", 1)                   = 1
2582  read(3, " ", 1)                   = 1
2582  read(3, "8", 1)                   = 1
2582  read(3, "3", 1)                   = 1
2582  read(3, "2", 1)                   = 1
2582  read(3, ")", 1)                   = 1
2582  read(3, " ", 1)                   = 1
2582  read(3, "=", 1)                   = 1
2582  read(3, " ", 1)                   = 1
2582  read(3, "8", 1)                   = 1
2582  read(3, "3", 1)                   = 1
2582  read(3, "2", 1)                   = 1
2582  read(3, "\n", 1)                  = 1
2582  write(6, "96\n", 3)               = 3
2582  write(6, "372474 read(3, \"\\177ELF\\2\\1\\1\\3\\"..., 96) = 96
2582  read(3, "3", 1)                   = 1
2582  read(3, "7", 1)                   = 1
2582  read(3, "2", 1)                   = 1
2582  read(3, "4", 1)                   = 1
2582  read(3, "7", 1)                   = 1
2582  read(3, "4", 1)                   = 1
2582  read(3, " ", 1)                   = 1
2582  read(3, "p", 1)                   = 1
2582  read(3, "r", 1)                   = 1
2582  read(3, "e", 1)                   = 1
2582  read(3, "a", 1)                   = 1
2582  read(3, "d", 1)                   = 1
2582  read(3, "6", 1)                   = 1
2582  read(3, "4", 1)                   = 1
2582  read(3, "(", 1)                   = 1
2582  read(3, "3", 1)                   = 1
2582  read(3, ",", 1)                   = 1
2582  read(3, " ", 1)                   = 1
2582  read(3, "\"", 1)                  = 1
2582  read(3, "\\", 1)                  = 1
2582  read(3, "6", 1)                   = 1
2582  read(3, "\\", 1)                  = 1
2582  read(3, "0", 1)                   = 1
2582  read(3, "\\", 1)                  = 1
2582  read(3, "0", 1)                   = 1
2582  read(3, "\\", 1)                  = 1
2582  read(3, "0", 1)                   = 1
2582  read(3, "\\", 1)                  = 1
2582  read(3, "4", 1)                   = 1
2582  read(3, "\\", 1)                  = 1
2582  read(3, "0", 1)                   = 1
2582  read(3, "\\", 1)                  = 1
2582  read(3, "0", 1)                   = 1
2582  read(3, "\\", 1)                  = 1
2582  read(3, "0", 1)                   = 1
2582  read(3, "@", 1)                   = 1
2582  read(3, "\\", 1)                  = 1
2582  read(3, "0", 1)                   = 1
2582  read(3, "\\", 1)                  = 1
2582  read(3, "0", 1)                   = 1
2582  read(3, "\\", 1)                  = 1
2582  read(3, "0", 1)                   = 1
2582  read(3, "\\", 1)                  = 1
2582  read(3, "0", 1)                   = 1
2582  read(3, "\\", 1)                  = 1
2582  read(3, "0", 1)                   = 1
2582  read(3, "\\", 1)                  = 1
2582  read(3, "0", 1)                   = 1
2582  read(3, "\\", 1)                  = 1
2582  read(3, "0", 1)                   = 1
2582  read(3, "@", 1)                   = 1
2582  read(3, "\\", 1)                  = 1
2582  read(3, "0", 1)                   = 1
2582  read(3, "\\", 1)                  = 1
2582  read(3, "0", 1)                   = 1
2582  read(3, "\\", 1)                  = 1
2582  read(3, "0", 1)                   = 1
2582  read(3, "\\", 1)                  = 1
2582  read(3, "0", 1)                   = 1
2582  read(3, "\\", 1)                  = 1
2582  read(3, "0", 1)                   = 1
2582  read(3, "\\", 1)                  = 1
2582  read(3, "0", 1)                   = 1
2582  read(3, "\\", 1)                  = 1
2582  read(3, "0", 1)                   = 1
2582  read(3, "@", 1)                   = 1
2582  read(3, "\\", 1)                  = 1
2582  read(3, "0", 1)                   = 1
2582  read(3, "\\", 1)                  = 1
2582  read(3, "0", 1)                   = 1
2582  read(3, "\\", 1)                  = 1
2582  read(3, "0", 1)                   = 1
2582  read(3, "\\", 1)                  = 1
2582  read(3, "0", 1)                   = 1
2582  read(3, "\\", 1)                  = 1
2582  read(3, "0", 1)                   = 1
2582  read(3, "\\", 1)                  = 1
2582  read(3, "0", 1)                   = 1
2582  read(3, "\\", 1)                  = 1
2582  read(3, "0", 1)                   = 1
2582  read(3, "\"", 1)                  = 1
2582  read(3, ".", 1)                   = 1
2582  read(3, ".", 1)                   = 1
2582  read(3, ".", 1)                   = 1
2582  read(3, ",", 1)                   = 1
2582  read(3, " ", 1)                   = 1
2582  read(3, "7", 1)                   = 1
2582  read(3, "8", 1)                   = 1
2582  read(3, "4", 1)                   = 1
2582  read(3, ",", 1)                   = 1
2582  read(3, " ", 1)                   = 1
2582  read(3, "6", 1)                   = 1
2582  read(3, "4", 1)                   = 1
2582  read(3, ")", 1)                   = 1
2582  read(3, " ", 1)                   = 1
2582  read(3, "=", 1)                   = 1
2582  read(3, " ", 1)                   = 1
2582  read(3, "7", 1)                   = 1
2582  read(3, "8", 1)                   = 1
2582  read(3, "4", 1)                   = 1
2582  read(3, "\n", 1)                  = 1
2582  write(6, "101\n", 4)              = 4
2582  write(6, "372474 pread64(3, \"\\6\\0\\0\\0\\4\\0\\"..., 101) = 101
2582  read(3, "3", 1)                   = 1
2582  read(3, "7", 1)                   = 1
2582  read(3, "2", 1)                   = 1
2582  read(3, "4", 1)                   = 1
2582  read(3, "7", 1)                   = 1
2582  read(3, "4", 1)                   = 1
2582  read(3, " ", 1)                   = 1
2582  read(3, "p", 1)                   = 1
2582  read(3, "r", 1)                   = 1
2582  read(3, "e", 1)                   = 1
2582  read(3, "a", 1)                   = 1
2582  read(3, "d", 1)                   = 1
2582  read(3, "6", 1)                   = 1
2582  read(3, "4", 1)                   = 1
2582  read(3, "(", 1)                   = 1
2582  read(3, "3", 1)                   = 1
2582  read(3, ",", 1)                   = 1
2582  read(3, " ", 1)                   = 1
2582  read(3, "\"", 1)                  = 1
2582  read(3, "\\", 1)                  = 1
2582  read(3, "4", 1)                   = 1
2582  read(3, "\\", 1)                  = 1
2582  read(3, "0", 1)                   = 1
2582  read(3, "\\", 1)                  = 1
2582  read(3, "0", 1)                   = 1
2582  read(3, "\\", 1)                  = 1
2582  read(3, "0", 1)                   = 1
2582  read(3, "\\", 1)                  = 1
2582  read(3, "2", 1)                   = 1
2582  read(3, "0", 1)                   = 1
2582  read(3, "\\", 1)                  = 1
2582  read(3, "0", 1)                   = 1
2582  read(3, "\\", 1)                  = 1
2582  read(3, "0", 1)                   = 1
2582  read(3, "\\", 1)                  = 1
2582  read(3, "0", 1)                   = 1
2582  read(3, "\\", 1)                  = 1
2582  read(3, "5", 1)                   = 1
2582  read(3, "\\", 1)                  = 1
2582  read(3, "0", 1)                   = 1
2582  read(3, "\\", 1)                  = 1
2582  read(3, "0", 1)                   = 1
2582  read(3, "\\", 1)                  = 1
2582  read(3, "0", 1)                   = 1
2582  read(3, "G", 1)                   = 1
2582  read(3, "N", 1)                   = 1
2582  read(3, "U", 1)                   = 1
2582  read(3, "\\", 1)                  = 1
2582  read(3, "0", 1)                   = 1
2582  read(3, "\\", 1)                  = 1
2582  read(3, "2", 1)                   = 1
2582  read(3, "\\", 1)                  = 1
2582  read(3, "0", 1)                   = 1
2582  read(3, "\\", 1)                  = 1
2582  read(3, "0", 1)                   = 1
2582  read(3, "\\", 1)                  = 1
2582  read(3, "3", 1)                   = 1
2582  read(3, "0", 1)                   = 1
2582  read(3, "0", 1)                   = 1
2582  read(3, "\\", 1)                  = 1
2582  read(3, "4", 1)                   = 1
2582  read(3, "\\", 1)                  = 1
2582  read(3, "0", 1)                   = 1
2582  read(3, "\\", 1)                  = 1
2582  read(3, "0", 1)                   = 1
2582  read(3, "\\", 1)                  = 1
2582  read(3, "0", 1)                   = 1
2582  read(3, "\\", 1)                  = 1
2582  read(3, "3", 1)                   = 1
2582  read(3, "\\", 1)                  = 1
2582  read(3, "0", 1)                   = 1
2582  read(3, "\\", 1)                  = 1
2582  read(3, "0", 1)                   = 1
2582  read(3, "\\", 1)                  = 1
2582  read(3, "0", 1)                   = 1
2582  read(3, "\\", 1)                  = 1
2582  read(3, "0", 1)                   = 1
2582  read(3, "\\", 1)                  = 1
2582  read(3, "0", 1)                   = 1
2582  read(3, "\\", 1)                  = 1
2582  read(3, "0", 1)                   = 1
2582  read(3, "\\", 1)                  = 1
2582  read(3, "0", 1)                   = 1
2582  read(3, "\"", 1)                  = 1
2582  read(3, ",", 1)                   = 1
2582  read(3, " ", 1)                   = 1
2582  read(3, "3", 1)                   = 1
2582  read(3, "2", 1)                   = 1
2582  read(3, ",", 1)                   = 1
2582  read(3, " ", 1)                   = 1
2582  read(3, "8", 1)                   = 1
2582  read(3, "4", 1)                   = 1
2582  read(3, "8", 1)                   = 1
2582  read(3, ")", 1)                   = 1
2582  read(3, " ", 1)                   = 1
2582  read(3, "=", 1)                   = 1
2582  read(3, " ", 1)                   = 1
2582  read(3, "3", 1)                   = 1
2582  read(3, "2", 1)                   = 1
2582  read(3, "\n", 1)                  = 1
2582  write(6, "100\n", 4)              = 4
2582  write(6, "372474 pread64(3, \"\\4\\0\\0\\0\\20\\0"..., 100) = 100
2582  read(3, "3", 1)                   = 1
2582  read(3, "7", 1)                   = 1
2582  read(3, "2", 1)                   = 1
2582  read(3, "4", 1)                   = 1
2582  read(3, "7", 1)                   = 1
2582  read(3, "4", 1)                   = 1
2582  read(3, " ", 1)                   = 1
2582  read(3, "p", 1)                   = 1
2582  read(3, "r", 1)                   = 1
2582  read(3, "e", 1)                   = 1
2582  read(3, "a", 1)                   = 1
2582  read(3, "d", 1)                   = 1
2582  read(3, "6", 1)                   = 1
2582  read(3, "4", 1)                   = 1
2582  read(3, "(", 1)                   = 1
2582  read(3, "3", 1)                   = 1
2582  read(3, ",", 1)                   = 1
2582  read(3, " ", 1)                   = 1
2582  read(3, "\"", 1)                  = 1
2582  read(3, "\\", 1)                  = 1
2582  read(3, "4", 1)                   = 1
2582  read(3, "\\", 1)                  = 1
2582  read(3, "0", 1)                   = 1
2582  read(3, "\\", 1)                  = 1
2582  read(3, "0", 1)                   = 1
2582  read(3, "\\", 1)                  = 1
2582  read(3, "0", 1)                   = 1
2582  read(3, "\\", 1)                  = 1
2582  read(3, "2", 1)                   = 1
2582  read(3, "4", 1)                   = 1
2582  read(3, "\\", 1)                  = 1
2582  read(3, "0", 1)                   = 1
2582  read(3, "\\", 1)                  = 1
2582  read(3, "0", 1)                   = 1
2582  read(3, "\\", 1)                  = 1
2582  read(3, "0", 1)                   = 1
2582  read(3, "\\", 1)                  = 1
2582  read(3, "3", 1)                   = 1
2582  read(3, "\\", 1)                  = 1
2582  read(3, "0", 1)                   = 1
2582  read(3, "\\", 1)                  = 1
2582  read(3, "0", 1)                   = 1
2582  read(3, "\\", 1)                  = 1
2582  read(3, "0", 1)                   = 1
2582  read(3, "G", 1)                   = 1
2582  read(3, "N", 1)                   = 1
2582  read(3, "U", 1)                   = 1
2582  read(3, "\\", 1)                  = 1
2582  read(3, "0", 1)                   = 1
2582  read(3, "\\", 1)                  = 1
2582  read(3, "3", 1)                   = 1
2582  read(3, "0", 1)                   = 1
2582  read(3, "x", 1)                   = 1
2582  read(3, "\\", 1)                  = 1
2582  read(3, "3", 1)                   = 1
2582  read(3, "4", 1)                   = 1
2582  read(3, "6", 1)                   = 1
2582  read(3, "\\", 1)                  = 1
2582  read(3, "2", 1)                   = 1
2582  read(3, "6", 1)                   = 1
2582  read(3, "4", 1)                   = 1
2582  read(3, "u", 1)                   = 1
2582  read(3, "r", 1)                   = 1
2582  read(3, "\\", 1)                  = 1
2582  read(3, "f", 1)                   = 1
2582  read(3, "|", 1)                   = 1
2582  read(3, "Q", 1)                   = 1
2582  read(3, "\\", 1)                  = 1
2582  read(3, "2", 1)                   = 1
2582  read(3, "2", 1)                   = 1
2582  read(3, "6", 1)                   = 1
2582  read(3, "\\", 1)                  = 1
2582  read(3, "2", 1)                   = 1
2582  read(3, "3", 1)                   = 1
2582  read(3, "6", 1)                   = 1
2582  read(3, "i", 1)                   = 1
2582  read(3, "\\", 1)                  = 1
2582  read(3, "2", 1)                   = 1
2582  read(3, "5", 1)                   = 1
2582  read(3, "3", 1)                   = 1
2582  read(3, "-", 1)                   = 1
2582  read(3, "'", 1)                   = 1
2582  read(3, "o", 1)                   = 1
2582  read(3, "\"", 1)                  = 1
2582  read(3, ".", 1)                   = 1
2582  read(3, ".", 1)                   = 1
2582  read(3, ".", 1)                   = 1
2582  read(3, ",", 1)                   = 1
2582  read(3, " ", 1)                   = 1
2582  read(3, "6", 1)                   = 1
2582  read(3, "8", 1)                   = 1
2582  read(3, ",", 1)                   = 1
2582  read(3, " ", 1)                   = 1
2582  read(3, "8", 1)                   = 1
2582  read(3, "8", 1)                   = 1
2582  read(3, "0", 1)                   = 1
2582  read(3, ")", 1)                   = 1
2582  read(3, " ", 1)                   = 1
2582  read(3, "=", 1)                   = 1
2582  read(3, " ", 1)                   = 1
2582  read(3, "6", 1)                   = 1
2582  read(3, "8", 1)                   = 1
2582  read(3, "\n", 1)                  = 1
2582  write(6, "103\n", 4)              = 4
2582  write(6, "372474 pread64(3, \"\\4\\0\\0\\0\\24\\0"..., 103) = 103
2582  read(3, "3", 1)                   = 1
2582  read(3, "7", 1)                   = 1
2582  read(3, "2", 1)                   = 1
2582  read(3, "4", 1)                   = 1
2582  read(3, "7", 1)                   = 1
2582  read(3, "4", 1)                   = 1
2582  read(3, " ", 1)                   = 1
2582  read(3, "f", 1)                   = 1
2582  read(3, "s", 1)                   = 1
2582  read(3, "t", 1)                   = 1
2582  read(3, "a", 1)                   = 1
2582  read(3, "t", 1)                   = 1
2582  read(3, "(", 1)                   = 1
2582  read(3, "3", 1)                   = 1
2582  read(3, ",", 1)                   = 1
2582  read(3, " ", 1)                   = 1
2582  read(3, "{", 1)                   = 1
2582  read(3, "s", 1)                   = 1
2582  read(3, "t", 1)                   = 1
2582  read(3, "_", 1)                   = 1
2582  read(3, "m", 1)                   = 1
2582  read(3, "o", 1)                   = 1
2582  read(3, "d", 1)                   = 1
2582  read(3, "e", 1)                   = 1
2582  read(3, "=", 1)                   = 1
2582  read(3, "S", 1)                   = 1
2582  read(3, "_", 1)                   = 1
2582  read(3, "I", 1)                   = 1
2582  read(3, "F", 1)                   = 1
2582  read(3, "R", 1)                   = 1
2582  read(3, "E", 1)                   = 1
2582  read(3, "G", 1)                   = 1
2582  read(3, "|", 1)                   = 1
2582  read(3, "0", 1)                   = 1
2582  read(3, "7", 1)                   = 1
2582  read(3, "5", 1)                   = 1
2582  read(3, "5", 1)                   = 1
2582  read(3, ",", 1)                   = 1
2582  read(3, " ", 1)                   = 1
2582  read(3, "s", 1)                   = 1
2582  read(3, "t", 1)                   = 1
2582  read(3, "_", 1)                   = 1
2582  read(3, "s", 1)                   = 1
2582  read(3, "i", 1)                   = 1
2582  read(3, "z", 1)                   = 1
2582  read(3, "e", 1)                   = 1
2582  read(3, "=", 1)                   = 1
2582  read(3, "2", 1)                   = 1
2582  read(3, "0", 1)                   = 1
2582  read(3, "2", 1)                   = 1
2582  read(3, "9", 1)                   = 1
2582  read(3, "5", 1)                   = 1
2582  read(3, "9", 1)                   = 1
2582  read(3, "2", 1)                   = 1
2582  read(3, ",", 1)                   = 1
2582  read(3, " ", 1)                   = 1
2582  read(3, ".", 1)                   = 1
2582  read(3, ".", 1)                   = 1
2582  read(3, ".", 1)                   = 1
2582  read(3, "}", 1)                   = 1
2582  read(3, ")", 1)                   = 1
2582  read(3, " ", 1)                   = 1
2582  read(3, "=", 1)                   = 1
2582  read(3, " ", 1)                   = 1
2582  read(3, "0", 1)                   = 1
2582  read(3, "\n", 1)                  = 1
2582  write(6, "66\n", 3)               = 3
2582  write(6, "372474 fstat(3, {st_mode=S_IFREG"..., 66) = 66
2582  read(3, "3", 1)                   = 1
2582  read(3, "7", 1)                   = 1
2582  read(3, "2", 1)                   = 1
2582  read(3, "4", 1)                   = 1
2582  read(3, "7", 1)                   = 1
2582  read(3, "4", 1)                   = 1
2582  read(3, " ", 1)                   = 1
2582  read(3, "m", 1)                   = 1
2582  read(3, "m", 1)                   = 1
2582  read(3, "a", 1)                   = 1
2582  read(3, "p", 1)                   = 1
2582  read(3, "(", 1)                   = 1
2582  read(3, "N", 1)                   = 1
2582  read(3, "U", 1)                   = 1
2582  read(3, "L", 1)                   = 1
2582  read(3, "L", 1)                   = 1
2582  read(3, ",", 1)                   = 1
2582  read(3, " ", 1)                   = 1
2582  read(3, "8", 1)                   = 1
2582  read(3, "1", 1)                   = 1
2582  read(3, "9", 1)                   = 1
2582  read(3, "2", 1)                   = 1
2582  read(3, ",", 1)                   = 1
2582  read(3, " ", 1)                   = 1
2582  read(3, "P", 1)                   = 1
2582  read(3, "R", 1)                   = 1
2582  read(3, "O", 1)                   = 1
2582  read(3, "T", 1)                   = 1
2582  read(3, "_", 1)                   = 1
2582  read(3, "R", 1)                   = 1
2582  read(3, "E", 1)                   = 1
2582  read(3, "A", 1)                   = 1
2582  read(3, "D", 1)                   = 1
2582  read(3, "|", 1)                   = 1
2582  read(3, "P", 1)                   = 1
2582  read(3, "R", 1)                   = 1
2582  read(3, "O", 1)                   = 1
2582  read(3, "T", 1)                   = 1
2582  read(3, "_", 1)                   = 1
2582  read(3, "W", 1)                   = 1
2582  read(3, "R", 1)                   = 1
2582  read(3, "I", 1)                   = 1
2582  read(3, "T", 1)                   = 1
2582  read(3, "E", 1)                   = 1
2582  read(3, ",", 1)                   = 1
2582  read(3, " ", 1)                   = 1
2582  read(3, "M", 1)                   = 1
2582  read(3, "A", 1)                   = 1
2582  read(3, "P", 1)                   = 1
2582  read(3, "_", 1)                   = 1
2582  read(3, "P", 1)                   = 1
2582  read(3, "R", 1)                   = 1
2582  read(3, "I", 1)                   = 1
2582  read(3, "V", 1)                   = 1
2582  read(3, "A", 1)                   = 1
2582  read(3, "T", 1)                   = 1
2582  read(3, "E", 1)                   = 1
2582  read(3, "|", 1)                   = 1
2582  read(3, "M", 1)                   = 1
2582  read(3, "A", 1)                   = 1
2582  read(3, "P", 1)                   = 1
2582  read(3, "_", 1)                   = 1
2582  read(3, "A", 1)                   = 1
2582  read(3, "N", 1)                   = 1
2582  read(3, "O", 1)                   = 1
2582  read(3, "N", 1)                   = 1
2582  read(3, "Y", 1)                   = 1
2582  read(3, "M", 1)                   = 1
2582  read(3, "O", 1)                   = 1
2582  read(3, "U", 1)                   = 1
2582  read(3, "S", 1)                   = 1
2582  read(3, ",", 1)                   = 1
2582  read(3, " ", 1)                   = 1
2582  read(3, "-", 1)                   = 1
2582  read(3, "1", 1)                   = 1
2582  read(3, ",", 1)                   = 1
2582  read(3, " ", 1)                   = 1
2582  read(3, "0", 1)                   = 1
2582  read(3, ")", 1)                   = 1
2582  read(3, " ", 1)                   = 1
2582  read(3, "=", 1)                   = 1
2582  read(3, " ", 1)                   = 1
2582  read(3, "0", 1)                   = 1
2582  read(3, "x", 1)                   = 1
2582  read(3, "7", 1)                   = 1
2582  read(3, "f", 1)                   = 1
2582  read(3, "e", 1)                   = 1
2582  read(3, "7", 1)                   = 1
2582  read(3, "5", 1)                   = 1
2582  read(3, "d", 1)                   = 1
2582  read(3, "5", 1)                   = 1
2582  read(3, "6", 1)                   = 1
2582  read(3, "a", 1)                   = 1
2582  read(3, "0", 1)                   = 1
2582  read(3, "0", 1)                   = 1
2582  read(3, "0", 1)                   = 1
2582  read(3, "\n", 1)                  = 1
2582  write(6, "97\n", 3)               = 3
2582  write(6, "372474 mmap(NULL, 8192, PROT_REA"..., 97) = 97
2582  read(3, "3", 1)                   = 1
2582  read(3, "7", 1)                   = 1
2582  read(3, "2", 1)                   = 1
2582  read(3, "4", 1)                   = 1
2582  read(3, "7", 1)                   = 1
2582  read(3, "4", 1)                   = 1
2582  read(3, " ", 1)                   = 1
2582  read(3, "p", 1)                   = 1
2582  read(3, "r", 1)                   = 1
2582  read(3, "e", 1)                   = 1
2582  read(3, "a", 1)                   = 1
2582  read(3, "d", 1)                   = 1
2582  read(3, "6", 1)                   = 1
2582  read(3, "4", 1)                   = 1
2582  read(3, "(", 1)                   = 1
2582  read(3, "3", 1)                   = 1
2582  read(3, ",", 1)                   = 1
2582  read(3, " ", 1)                   = 1
2582  read(3, "\"", 1)                  = 1
2582  read(3, "\\", 1)                  = 1
2582  read(3, "6", 1)                   = 1
2582  read(3, "\\", 1)                  = 1
2582  read(3, "0", 1)                   = 1
2582  read(3, "\\", 1)                  = 1
2582  read(3, "0", 1)                   = 1
2582  read(3, "\\", 1)                  = 1
2582  read(3, "0", 1)                   = 1
2582  read(3, "\\", 1)                  = 1
2582  read(3, "4", 1)                   = 1
2582  read(3, "\\", 1)                  = 1
2582  read(3, "0", 1)                   = 1
2582  read(3, "\\", 1)                  = 1
2582  read(3, "0", 1)                   = 1
2582  read(3, "\\", 1)                  = 1
2582  read(3, "0", 1)                   = 1
2582  read(3, "@", 1)                   = 1
2582  read(3, "\\", 1)                  = 1
2582  read(3, "0", 1)                   = 1
2582  read(3, "\\", 1)                  = 1
2582  read(3, "0", 1)                   = 1
2582  read(3, "\\", 1)                  = 1
2582  read(3, "0", 1)                   = 1
2582  read(3, "\\", 1)                  = 1
2582  read(3, "0", 1)                   = 1
2582  read(3, "\\", 1)                  = 1
2582  read(3, "0", 1)                   = 1
2582  read(3, "\\", 1)                  = 1
2582  read(3, "0", 1)                   = 1
2582  read(3, "\\", 1)                  = 1
2582  read(3, "0", 1)                   = 1
2582  read(3, "@", 1)                   = 1
2582  read(3, "\\", 1)                  = 1
2582  read(3, "0", 1)                   = 1
2582  read(3, "\\", 1)                  = 1
2582  read(3, "0", 1)                   = 1
2582  read(3, "\\", 1)                  = 1
2582  read(3, "0", 1)                   = 1
2582  read(3, "\\", 1)                  = 1
2582  read(3, "0", 1)                   = 1
2582  read(3, "\\", 1)                  = 1
2582  read(3, "0", 1)                   = 1
2582  read(3, "\\", 1)                  = 1
2582  read(3, "0", 1)                   = 1
2582  read(3, "\\", 1)                  = 1
2582  read(3, "0", 1)                   = 1
2582  read(3, "@", 1)                   = 1
2582  read(3, "\\", 1)                  = 1
2582  read(3, "0", 1)                   = 1
2582  read(3, "\\", 1)                  = 1
2582  read(3, "0", 1)                   = 1
2582  read(3, "\\", 1)                  = 1
2582  read(3, "0", 1)                   = 1
2582  read(3, "\\", 1)                  = 1
2582  read(3, "0", 1)                   = 1
2582  read(3, "\\", 1)                  = 1
2582  read(3, "0", 1)                   = 1
2582  read(3, "\\", 1)                  = 1
2582  read(3, "0", 1)                   = 1
2582  read(3, "\\", 1)                  = 1
2582  read(3, "0", 1)                   = 1
2582  read(3, "\"", 1)                  = 1
2582  read(3, ".", 1)                   = 1
2582  read(3, ".", 1)                   = 1
2582  read(3, ".", 1)                   = 1
2582  read(3, ",", 1)                   = 1
2582  read(3, " ", 1)                   = 1
2582  read(3, "7", 1)                   = 1
2582  read(3, "8", 1)                   = 1
2582  read(3, "4", 1)                   = 1
2582  read(3, ",", 1)                   = 1
2582  read(3, " ", 1)                   = 1
2582  read(3, "6", 1)                   = 1
2582  read(3, "4", 1)                   = 1
2582  read(3, ")", 1)                   = 1
2582  read(3, " ", 1)                   = 1
2582  read(3, "=", 1)                   = 1
2582  read(3, " ", 1)                   = 1
2582  read(3, "7", 1)                   = 1
2582  read(3, "8", 1)                   = 1
2582  read(3, "4", 1)                   = 1
2582  read(3, "\n", 1)                  = 1
2582  write(6, "101\n", 4)              = 4
2582  write(6, "372474 pread64(3, \"\\6\\0\\0\\0\\4\\0\\"..., 101) = 101
2582  read(3, "3", 1)                   = 1
2582  read(3, "7", 1)                   = 1
2582  read(3, "2", 1)                   = 1
2582  read(3, "4", 1)                   = 1
2582  read(3, "7", 1)                   = 1
2582  read(3, "4", 1)                   = 1
2582  read(3, " ", 1)                   = 1
2582  read(3, "p", 1)                   = 1
2582  read(3, "r", 1)                   = 1
2582  read(3, "e", 1)                   = 1
2582  read(3, "a", 1)                   = 1
2582  read(3, "d", 1)                   = 1
2582  read(3, "6", 1)                   = 1
2582  read(3, "4", 1)                   = 1
2582  read(3, "(", 1)                   = 1
2582  read(3, "3", 1)                   = 1
2582  read(3, ",", 1)                   = 1
2582  read(3, " ", 1)                   = 1
2582  read(3, "\"", 1)                  = 1
2582  read(3, "\\", 1)                  = 1
2582  read(3, "4", 1)                   = 1
2582  read(3, "\\", 1)                  = 1
2582  read(3, "0", 1)                   = 1
2582  read(3, "\\", 1)                  = 1
2582  read(3, "0", 1)                   = 1
2582  read(3, "\\", 1)                  = 1
2582  read(3, "0", 1)                   = 1
2582  read(3, "\\", 1)                  = 1
2582  read(3, "2", 1)                   = 1
2582  read(3, "0", 1)                   = 1
2582  read(3, "\\", 1)                  = 1
2582  read(3, "0", 1)                   = 1
2582  read(3, "\\", 1)                  = 1
2582  read(3, "0", 1)                   = 1
2582  read(3, "\\", 1)                  = 1
2582  read(3, "0", 1)                   = 1
2582  read(3, "\\", 1)                  = 1
2582  read(3, "5", 1)                   = 1
2582  read(3, "\\", 1)                  = 1
2582  read(3, "0", 1)                   = 1
2582  read(3, "\\", 1)                  = 1
2582  read(3, "0", 1)                   = 1
2582  read(3, "\\", 1)                  = 1
2582  read(3, "0", 1)                   = 1
2582  read(3, "G", 1)                   = 1
2582  read(3, "N", 1)                   = 1
2582  read(3, "U", 1)                   = 1
2582  read(3, "\\", 1)                  = 1
2582  read(3, "0", 1)                   = 1
2582  read(3, "\\", 1)                  = 1
2582  read(3, "2", 1)                   = 1
2582  read(3, "\\", 1)                  = 1
2582  read(3, "0", 1)                   = 1
2582  read(3, "\\", 1)                  = 1
2582  read(3, "0", 1)                   = 1
2582  read(3, "\\", 1)                  = 1
2582  read(3, "3", 1)                   = 1
2582  read(3, "0", 1)                   = 1
2582  read(3, "0", 1)                   = 1
2582  read(3, "\\", 1)                  = 1
2582  read(3, "4", 1)                   = 1
2582  read(3, "\\", 1)                  = 1
2582  read(3, "0", 1)                   = 1
2582  read(3, "\\", 1)                  = 1
2582  read(3, "0", 1)                   = 1
2582  read(3, "\\", 1)                  = 1
2582  read(3, "0", 1)                   = 1
2582  read(3, "\\", 1)                  = 1
2582  read(3, "3", 1)                   = 1
2582  read(3, "\\", 1)                  = 1
2582  read(3, "0", 1)                   = 1
2582  read(3, "\\", 1)                  = 1
2582  read(3, "0", 1)                   = 1
2582  read(3, "\\", 1)                  = 1
2582  read(3, "0", 1)                   = 1
2582  read(3, "\\", 1)                  = 1
2582  read(3, "0", 1)                   = 1
2582  read(3, "\\", 1)                  = 1
2582  read(3, "0", 1)                   = 1
2582  read(3, "\\", 1)                  = 1
2582  read(3, "0", 1)                   = 1
2582  read(3, "\\", 1)                  = 1
2582  read(3, "0", 1)                   = 1
2582  read(3, "\"", 1)                  = 1
2582  read(3, ",", 1)                   = 1
2582  read(3, " ", 1)                   = 1
2582  read(3, "3", 1)                   = 1
2582  read(3, "2", 1)                   = 1
2582  read(3, ",", 1)                   = 1
2582  read(3, " ", 1)                   = 1
2582  read(3, "8", 1)                   = 1
2582  read(3, "4", 1)                   = 1
2582  read(3, "8", 1)                   = 1
2582  read(3, ")", 1)                   = 1
2582  read(3, " ", 1)                   = 1
2582  read(3, "=", 1)                   = 1
2582  read(3, " ", 1)                   = 1
2582  read(3, "3", 1)                   = 1
2582  read(3, "2", 1)                   = 1
2582  read(3, "\n", 1)                  = 1
2582  write(6, "100\n", 4)              = 4
2582  write(6, "372474 pread64(3, \"\\4\\0\\0\\0\\20\\0"..., 100) = 100
2582  read(3, "3", 1)                   = 1
2582  read(3, "7", 1)                   = 1
2582  read(3, "2", 1)                   = 1
2582  read(3, "4", 1)                   = 1
2582  read(3, "7", 1)                   = 1
2582  read(3, "4", 1)                   = 1
2582  read(3, " ", 1)                   = 1
2582  read(3, "p", 1)                   = 1
2582  read(3, "r", 1)                   = 1
2582  read(3, "e", 1)                   = 1
2582  read(3, "a", 1)                   = 1
2582  read(3, "d", 1)                   = 1
2582  read(3, "6", 1)                   = 1
2582  read(3, "4", 1)                   = 1
2582  read(3, "(", 1)                   = 1
2582  read(3, "3", 1)                   = 1
2582  read(3, ",", 1)                   = 1
2582  read(3, " ", 1)                   = 1
2582  read(3, "\"", 1)                  = 1
2582  read(3, "\\", 1)                  = 1
2582  read(3, "4", 1)                   = 1
2582  read(3, "\\", 1)                  = 1
2582  read(3, "0", 1)                   = 1
2582  read(3, "\\", 1)                  = 1
2582  read(3, "0", 1)                   = 1
2582  read(3, "\\", 1)                  = 1
2582  read(3, "0", 1)                   = 1
2582  read(3, "\\", 1)                  = 1
2582  read(3, "2", 1)                   = 1
2582  read(3, "4", 1)                   = 1
2582  read(3, "\\", 1)                  = 1
2582  read(3, "0", 1)                   = 1
2582  read(3, "\\", 1)                  = 1
2582  read(3, "0", 1)                   = 1
2582  read(3, "\\", 1)                  = 1
2582  read(3, "0", 1)                   = 1
2582  read(3, "\\", 1)                  = 1
2582  read(3, "3", 1)                   = 1
2582  read(3, "\\", 1)                  = 1
2582  read(3, "0", 1)                   = 1
2582  read(3, "\\", 1)                  = 1
2582  read(3, "0", 1)                   = 1
2582  read(3, "\\", 1)                  = 1
2582  read(3, "0", 1)                   = 1
2582  read(3, "G", 1)                   = 1
2582  read(3, "N", 1)                   = 1
2582  read(3, "U", 1)                   = 1
2582  read(3, "\\", 1)                  = 1
2582  read(3, "0", 1)                   = 1
2582  read(3, "\\", 1)                  = 1
2582  read(3, "3", 1)                   = 1
2582  read(3, "0", 1)                   = 1
2582  read(3, "x", 1)                   = 1
2582  read(3, "\\", 1)                  = 1
2582  read(3, "3", 1)                   = 1
2582  read(3, "4", 1)                   = 1
2582  read(3, "6", 1)                   = 1
2582  read(3, "\\", 1)                  = 1
2582  read(3, "2", 1)                   = 1
2582  read(3, "6", 1)                   = 1
2582  read(3, "4", 1)                   = 1
2582  read(3, "u", 1)                   = 1
2582  read(3, "r", 1)                   = 1
2582  read(3, "\\", 1)                  = 1
2582  read(3, "f", 1)                   = 1
2582  read(3, "|", 1)                   = 1
2582  read(3, "Q", 1)                   = 1
2582  read(3, "\\", 1)                  = 1
2582  read(3, "2", 1)                   = 1
2582  read(3, "2", 1)                   = 1
2582  read(3, "6", 1)                   = 1
2582  read(3, "\\", 1)                  = 1
2582  read(3, "2", 1)                   = 1
2582  read(3, "3", 1)                   = 1
2582  read(3, "6", 1)                   = 1
2582  read(3, "i", 1)                   = 1
2582  read(3, "\\", 1)                  = 1
2582  read(3, "2", 1)                   = 1
2582  read(3, "5", 1)                   = 1
2582  read(3, "3", 1)                   = 1
2582  read(3, "-", 1)                   = 1
2582  read(3, "'", 1)                   = 1
2582  read(3, "o", 1)                   = 1
2582  read(3, "\"", 1)                  = 1
2582  read(3, ".", 1)                   = 1
2582  read(3, ".", 1)                   = 1
2582  read(3, ".", 1)                   = 1
2582  read(3, ",", 1)                   = 1
2582  read(3, " ", 1)                   = 1
2582  read(3, "6", 1)                   = 1
2582  read(3, "8", 1)                   = 1
2582  read(3, ",", 1)                   = 1
2582  read(3, " ", 1)                   = 1
2582  read(3, "8", 1)                   = 1
2582  read(3, "8", 1)                   = 1
2582  read(3, "0", 1)                   = 1
2582  read(3, ")", 1)                   = 1
2582  read(3, " ", 1)                   = 1
2582  read(3, "=", 1)                   = 1
2582  read(3, " ", 1)                   = 1
2582  read(3, "6", 1)                   = 1
2582  read(3, "8", 1)                   = 1
2582  read(3, "\n", 1)                  = 1
2582  write(6, "103\n", 4)              = 4
2582  write(6, "372474 pread64(3, \"\\4\\0\\0\\0\\24\\0"..., 103) = 103
2582  read(3, "3", 1)                   = 1
2582  read(3, "7", 1)                   = 1
2582  read(3, "2", 1)                   = 1
2582  read(3, "4", 1)                   = 1
2582  read(3, "7", 1)                   = 1
2582  read(3, "4", 1)                   = 1
2582  read(3, " ", 1)                   = 1
2582  read(3, "m", 1)                   = 1
2582  read(3, "m", 1)                   = 1
2582  read(3, "a", 1)                   = 1
2582  read(3, "p", 1)                   = 1
2582  read(3, "(", 1)                   = 1
2582  read(3, "N", 1)                   = 1
2582  read(3, "U", 1)                   = 1
2582  read(3, "L", 1)                   = 1
2582  read(3, "L", 1)                   = 1
2582  read(3, ",", 1)                   = 1
2582  read(3, " ", 1)                   = 1
2582  read(3, "2", 1)                   = 1
2582  read(3, "0", 1)                   = 1
2582  read(3, "3", 1)                   = 1
2582  read(3, "7", 1)                   = 1
2582  read(3, "3", 1)                   = 1
2582  read(3, "4", 1)                   = 1
2582  read(3, "4", 1)                   = 1
2582  read(3, ",", 1)                   = 1
2582  read(3, " ", 1)                   = 1
2582  read(3, "P", 1)                   = 1
2582  read(3, "R", 1)                   = 1
2582  read(3, "O", 1)                   = 1
2582  read(3, "T", 1)                   = 1
2582  read(3, "_", 1)                   = 1
2582  read(3, "R", 1)                   = 1
2582  read(3, "E", 1)                   = 1
2582  read(3, "A", 1)                   = 1
2582  read(3, "D", 1)                   = 1
2582  read(3, ",", 1)                   = 1
2582  read(3, " ", 1)                   = 1
2582  read(3, "M", 1)                   = 1
2582  read(3, "A", 1)                   = 1
2582  read(3, "P", 1)                   = 1
2582  read(3, "_", 1)                   = 1
2582  read(3, "P", 1)                   = 1
2582  read(3, "R", 1)                   = 1
2582  read(3, "I", 1)                   = 1
2582  read(3, "V", 1)                   = 1
2582  read(3, "A", 1)                   = 1
2582  read(3, "T", 1)                   = 1
2582  read(3, "E", 1)                   = 1
2582  read(3, "|", 1)                   = 1
2582  read(3, "M", 1)                   = 1
2582  read(3, "A", 1)                   = 1
2582  read(3, "P", 1)                   = 1
2582  read(3, "_", 1)                   = 1
2582  read(3, "D", 1)                   = 1
2582  read(3, "E", 1)                   = 1
2582  read(3, "N", 1)                   = 1
2582  read(3, "Y", 1)                   = 1
2582  read(3, "W", 1)                   = 1
2582  read(3, "R", 1)                   = 1
2582  read(3, "I", 1)                   = 1
2582  read(3, "T", 1)                   = 1
2582  read(3, "E", 1)                   = 1
2582  read(3, ",", 1)                   = 1
2582  read(3, " ", 1)                   = 1
2582  read(3, "3", 1)                   = 1
2582  read(3, ",", 1)                   = 1
2582  read(3, " ", 1)                   = 1
2582  read(3, "0", 1)                   = 1
2582  read(3, ")", 1)                   = 1
2582  read(3, " ", 1)                   = 1
2582  read(3, "=", 1)                   = 1
2582  read(3, " ", 1)                   = 1
2582  read(3, "0", 1)                   = 1
2582  read(3, "x", 1)                   = 1
2582  read(3, "7", 1)                   = 1
2582  read(3, "f", 1)                   = 1
2582  read(3, "e", 1)                   = 1
2582  read(3, "7", 1)                   = 1
2582  read(3, "5", 1)                   = 1
2582  read(3, "d", 1)                   = 1
2582  read(3, "3", 1)                   = 1
2582  read(3, "7", 1)                   = 1
2582  read(3, "8", 1)                   = 1
2582  read(3, "0", 1)                   = 1
2582  read(3, "0", 1)                   = 1
2582  read(3, "0", 1)                   = 1
2582  read(3, "\n", 1)                  = 1
2582  write(6, "88\n", 3)               = 3
2582  write(6, "372474 mmap(NULL, 2037344, PROT_"..., 88) = 88
2582  read(3, "3", 1)                   = 1
2582  read(3, "7", 1)                   = 1
2582  read(3, "2", 1)                   = 1
2582  read(3, "4", 1)                   = 1
2582  read(3, "7", 1)                   = 1
2582  read(3, "4", 1)                   = 1
2582  read(3, " ", 1)                   = 1
2582  read(3, "m", 1)                   = 1
2582  read(3, "m", 1)                   = 1
2582  read(3, "a", 1)                   = 1
2582  read(3, "p", 1)                   = 1
2582  read(3, "(", 1)                   = 1
2582  read(3, "0", 1)                   = 1
2582  read(3, "x", 1)                   = 1
2582  read(3, "7", 1)                   = 1
2582  read(3, "f", 1)                   = 1
2582  read(3, "e", 1)                   = 1
2582  read(3, "7", 1)                   = 1
2582  read(3, "5", 1)                   = 1
2582  read(3, "d", 1)                   = 1
2582  read(3, "3", 1)                   = 1
2582  read(3, "9", 1)                   = 1
2582  read(3, "a", 1)                   = 1
2582  read(3, "0", 1)                   = 1
2582  read(3, "0", 1)                   = 1
2582  read(3, "0", 1)                   = 1
2582  read(3, ",", 1)                   = 1
2582  read(3, " ", 1)                   = 1
2582  read(3, "1", 1)                   = 1
2582  read(3, "5", 1)                   = 1
2582  read(3, "4", 1)                   = 1
2582  read(3, "0", 1)                   = 1
2582  read(3, "0", 1)                   = 1
2582  read(3, "9", 1)                   = 1
2582  read(3, "6", 1)                   = 1
2582  read(3, ",", 1)                   = 1
2582  read(3, " ", 1)                   = 1
2582  read(3, "P", 1)                   = 1
2582  read(3, "R", 1)                   = 1
2582  read(3, "O", 1)                   = 1
2582  read(3, "T", 1)                   = 1
2582  read(3, "_", 1)                   = 1
2582  read(3, "R", 1)                   = 1
2582  read(3, "E", 1)                   = 1
2582  read(3, "A", 1)                   = 1
2582  read(3, "D", 1)                   = 1
2582  read(3, "|", 1)                   = 1
2582  read(3, "P", 1)                   = 1
2582  read(3, "R", 1)                   = 1
2582  read(3, "O", 1)                   = 1
2582  read(3, "T", 1)                   = 1
2582  read(3, "_", 1)                   = 1
2582  read(3, "E", 1)                   = 1
2582  read(3, "X", 1)                   = 1
2582  read(3, "E", 1)                   = 1
2582  read(3, "C", 1)                   = 1
2582  read(3, ",", 1)                   = 1
2582  read(3, " ", 1)                   = 1
2582  read(3, "M", 1)                   = 1
2582  read(3, "A", 1)                   = 1
2582  read(3, "P", 1)                   = 1
2582  read(3, "_", 1)                   = 1
2582  read(3, "P", 1)                   = 1
2582  read(3, "R", 1)                   = 1
2582  read(3, "I", 1)                   = 1
2582  read(3, "V", 1)                   = 1
2582  read(3, "A", 1)                   = 1
2582  read(3, "T", 1)                   = 1
2582  read(3, "E", 1)                   = 1
2582  read(3, "|", 1)                   = 1
2582  read(3, "M", 1)                   = 1
2582  read(3, "A", 1)                   = 1
2582  read(3, "P", 1)                   = 1
2582  read(3, "_", 1)                   = 1
2582  read(3, "F", 1)                   = 1
2582  read(3, "I", 1)                   = 1
2582  read(3, "X", 1)                   = 1
2582  read(3, "E", 1)                   = 1
2582  read(3, "D", 1)                   = 1
2582  read(3, "|", 1)                   = 1
2582  read(3, "M", 1)                   = 1
2582  read(3, "A", 1)                   = 1
2582  read(3, "P", 1)                   = 1
2582  read(3, "_", 1)                   = 1
2582  read(3, "D", 1)                   = 1
2582  read(3, "E", 1)                   = 1
2582  read(3, "N", 1)                   = 1
2582  read(3, "Y", 1)                   = 1
2582  read(3, "W", 1)                   = 1
2582  read(3, "R", 1)                   = 1
2582  read(3, "I", 1)                   = 1
2582  read(3, "T", 1)                   = 1
2582  read(3, "E", 1)                   = 1
2582  read(3, ",", 1)                   = 1
2582  read(3, " ", 1)                   = 1
2582  read(3, "3", 1)                   = 1
2582  read(3, ",", 1)                   = 1
2582  read(3, " ", 1)                   = 1
2582  read(3, "0", 1)                   = 1
2582  read(3, "x", 1)                   = 1
2582  read(3, "2", 1)                   = 1
2582  read(3, "2", 1)                   = 1
2582  read(3, "0", 1)                   = 1
2582  read(3, "0", 1)                   = 1
2582  read(3, "0", 1)                   = 1
2582  read(3, ")", 1)                   = 1
2582  read(3, " ", 1)                   = 1
2582  read(3, "=", 1)                   = 1
2582  read(3, " ", 1)                   = 1
2582  read(3, "0", 1)                   = 1
2582  read(3, "x", 1)                   = 1
2582  read(3, "7", 1)                   = 1
2582  read(3, "f", 1)                   = 1
2582  read(3, "e", 1)                   = 1
2582  read(3, "7", 1)                   = 1
2582  read(3, "5", 1)                   = 1
2582  read(3, "d", 1)                   = 1
2582  read(3, "3", 1)                   = 1
2582  read(3, "9", 1)                   = 1
2582  read(3, "a", 1)                   = 1
2582  read(3, "0", 1)                   = 1
2582  read(3, "0", 1)                   = 1
2582  read(3, "0", 1)                   = 1
2582  read(3, "\n", 1)                  = 1
2582  write(6, "124\n", 4)              = 4
2582  write(6, "372474 mmap(0x7fe75d39a000, 1540"..., 124) = 124
2582  read(3, "3", 1)                   = 1
2582  read(3, "7", 1)                   = 1
2582  read(3, "2", 1)                   = 1
2582  read(3, "4", 1)                   = 1
2582  read(3, "7", 1)                   = 1
2582  read(3, "4", 1)                   = 1
2582  read(3, " ", 1)                   = 1
2582  read(3, "m", 1)                   = 1
2582  read(3, "m", 1)                   = 1
2582  read(3, "a", 1)                   = 1
2582  read(3, "p", 1)                   = 1
2582  read(3, "(", 1)                   = 1
2582  read(3, "0", 1)                   = 1
2582  read(3, "x", 1)                   = 1
2582  read(3, "7", 1)                   = 1
2582  read(3, "f", 1)                   = 1
2582  read(3, "e", 1)                   = 1
2582  read(3, "7", 1)                   = 1
2582  read(3, "5", 1)                   = 1
2582  read(3, "d", 1)                   = 1
2582  read(3, "5", 1)                   = 1
2582  read(3, "1", 1)                   = 1
2582  read(3, "2", 1)                   = 1
2582  read(3, "0", 1)                   = 1
2582  read(3, "0", 1)                   = 1
2582  read(3, "0", 1)                   = 1
2582  read(3, ",", 1)                   = 1
2582  read(3, " ", 1)                   = 1
2582  read(3, "3", 1)                   = 1
2582  read(3, "1", 1)                   = 1
2582  read(3, "9", 1)                   = 1
2582  read(3, "4", 1)                   = 1
2582  read(3, "8", 1)                   = 1
2582  read(3, "8", 1)                   = 1
2582  read(3, ",", 1)                   = 1
2582  read(3, " ", 1)                   = 1
2582  read(3, "P", 1)                   = 1
2582  read(3, "R", 1)                   = 1
2582  read(3, "O", 1)                   = 1
2582  read(3, "T", 1)                   = 1
2582  read(3, "_", 1)                   = 1
2582  read(3, "R", 1)                   = 1
2582  read(3, "E", 1)                   = 1
2582  read(3, "A", 1)                   = 1
2582  read(3, "D", 1)                   = 1
2582  read(3, ",", 1)                   = 1
2582  read(3, " ", 1)                   = 1
2582  read(3, "M", 1)                   = 1
2582  read(3, "A", 1)                   = 1
2582  read(3, "P", 1)                   = 1
2582  read(3, "_", 1)                   = 1
2582  read(3, "P", 1)                   = 1
2582  read(3, "R", 1)                   = 1
2582  read(3, "I", 1)                   = 1
2582  read(3, "V", 1)                   = 1
2582  read(3, "A", 1)                   = 1
2582  read(3, "T", 1)                   = 1
2582  read(3, "E", 1)                   = 1
2582  read(3, "|", 1)                   = 1
2582  read(3, "M", 1)                   = 1
2582  read(3, "A", 1)                   = 1
2582  read(3, "P", 1)                   = 1
2582  read(3, "_", 1)                   = 1
2582  read(3, "F", 1)                   = 1
2582  read(3, "I", 1)                   = 1
2582  read(3, "X", 1)                   = 1
2582  read(3, "E", 1)                   = 1
2582  read(3, "D", 1)                   = 1
2582  read(3, "|", 1)                   = 1
2582  read(3, "M", 1)                   = 1
2582  read(3, "A", 1)                   = 1
2582  read(3, "P", 1)                   = 1
2582  read(3, "_", 1)                   = 1
2582  read(3, "D", 1)                   = 1
2582  read(3, "E", 1)                   = 1
2582  read(3, "N", 1)                   = 1
2582  read(3, "Y", 1)                   = 1
2582  read(3, "W", 1)                   = 1
2582  read(3, "R", 1)                   = 1
2582  read(3, "I", 1)                   = 1
2582  read(3, "T", 1)                   = 1
2582  read(3, "E", 1)                   = 1
2582  read(3, ",", 1)                   = 1
2582  read(3, " ", 1)                   = 1
2582  read(3, "3", 1)                   = 1
2582  read(3, ",", 1)                   = 1
2582  read(3, " ", 1)                   = 1
2582  read(3, "0", 1)                   = 1
2582  read(3, "x", 1)                   = 1
2582  read(3, "1", 1)                   = 1
2582  read(3, "9", 1)                   = 1
2582  read(3, "a", 1)                   = 1
2582  read(3, "0", 1)                   = 1
2582  read(3, "0", 1)                   = 1
2582  read(3, "0", 1)                   = 1
2582  read(3, ")", 1)                   = 1
2582  read(3, " ", 1)                   = 1
2582  read(3, "=", 1)                   = 1
2582  read(3, " ", 1)                   = 1
2582  read(3, "0", 1)                   = 1
2582  read(3, "x", 1)                   = 1
2582  read(3, "7", 1)                   = 1
2582  read(3, "f", 1)                   = 1
2582  read(3, "e", 1)                   = 1
2582  read(3, "7", 1)                   = 1
2582  read(3, "5", 1)                   = 1
2582  read(3, "d", 1)                   = 1
2582  read(3, "5", 1)                   = 1
2582  read(3, "1", 1)                   = 1
2582  read(3, "2", 1)                   = 1
2582  read(3, "0", 1)                   = 1
2582  read(3, "0", 1)                   = 1
2582  read(3, "0", 1)                   = 1
2582  read(3, "\n", 1)                  = 1
2582  write(6, "114\n", 4)              = 4
2582  write(6, "372474 mmap(0x7fe75d512000, 3194"..., 114) = 114
2582  read(3, "3", 1)                   = 1
2582  read(3, "7", 1)                   = 1
2582  read(3, "2", 1)                   = 1
2582  read(3, "4", 1)                   = 1
2582  read(3, "7", 1)                   = 1
2582  read(3, "4", 1)                   = 1
2582  read(3, " ", 1)                   = 1
2582  read(3, "m", 1)                   = 1
2582  read(3, "m", 1)                   = 1
2582  read(3, "a", 1)                   = 1
2582  read(3, "p", 1)                   = 1
2582  read(3, "(", 1)                   = 1
2582  read(3, "0", 1)                   = 1
2582  read(3, "x", 1)                   = 1
2582  read(3, "7", 1)                   = 1
2582  read(3, "f", 1)                   = 1
2582  read(3, "e", 1)                   = 1
2582  read(3, "7", 1)                   = 1
2582  read(3, "5", 1)                   = 1
2582  read(3, "d", 1)                   = 1
2582  read(3, "5", 1)                   = 1
2582  read(3, "6", 1)                   = 1
2582  read(3, "0", 1)                   = 1
2582  read(3, "0", 1)                   = 1
2582  read(3, "0", 1)                   = 1
2582  read(3, "0", 1)                   = 1
2582  read(3, ",", 1)                   = 1
2582  read(3, " ", 1)                   = 1
2582  read(3, "2", 1)                   = 1
2582  read(3, "4", 1)                   = 1
2582  read(3, "5", 1)                   = 1
2582  read(3, "7", 1)                   = 1
2582  read(3, "6", 1)                   = 1
2582  read(3, ",", 1)                   = 1
2582  read(3, " ", 1)                   = 1
2582  read(3, "P", 1)                   = 1
2582  read(3, "R", 1)                   = 1
2582  read(3, "O", 1)                   = 1
2582  read(3, "T", 1)                   = 1
2582  read(3, "_", 1)                   = 1
2582  read(3, "R", 1)                   = 1
2582  read(3, "E", 1)                   = 1
2582  read(3, "A", 1)                   = 1
2582  read(3, "D", 1)                   = 1
2582  read(3, "|", 1)                   = 1
2582  read(3, "P", 1)                   = 1
2582  read(3, "R", 1)                   = 1
2582  read(3, "O", 1)                   = 1
2582  read(3, "T", 1)                   = 1
2582  read(3, "_", 1)                   = 1
2582  read(3, "W", 1)                   = 1
2582  read(3, "R", 1)                   = 1
2582  read(3, "I", 1)                   = 1
2582  read(3, "T", 1)                   = 1
2582  read(3, "E", 1)                   = 1
2582  read(3, ",", 1)                   = 1
2582  read(3, " ", 1)                   = 1
2582  read(3, "M", 1)                   = 1
2582  read(3, "A", 1)                   = 1
2582  read(3, "P", 1)                   = 1
2582  read(3, "_", 1)                   = 1
2582  read(3, "P", 1)                   = 1
2582  read(3, "R", 1)                   = 1
2582  read(3, "I", 1)                   = 1
2582  read(3, "V", 1)                   = 1
2582  read(3, "A", 1)                   = 1
2582  read(3, "T", 1)                   = 1
2582  read(3, "E", 1)                   = 1
2582  read(3, "|", 1)                   = 1
2582  read(3, "M", 1)                   = 1
2582  read(3, "A", 1)                   = 1
2582  read(3, "P", 1)                   = 1
2582  read(3, "_", 1)                   = 1
2582  read(3, "F", 1)                   = 1
2582  read(3, "I", 1)                   = 1
2582  read(3, "X", 1)                   = 1
2582  read(3, "E", 1)                   = 1
2582  read(3, "D", 1)                   = 1
2582  read(3, "|", 1)                   = 1
2582  read(3, "M", 1)                   = 1
2582  read(3, "A", 1)                   = 1
2582  read(3, "P", 1)                   = 1
2582  read(3, "_", 1)                   = 1
2582  read(3, "D", 1)                   = 1
2582  read(3, "E", 1)                   = 1
2582  read(3, "N", 1)                   = 1
2582  read(3, "Y", 1)                   = 1
2582  read(3, "W", 1)                   = 1
2582  read(3, "R", 1)                   = 1
2582  read(3, "I", 1)                   = 1
2582  read(3, "T", 1)                   = 1
2582  read(3, "E", 1)                   = 1
2582  read(3, ",", 1)                   = 1
2582  read(3, " ", 1)                   = 1
2582  read(3, "3", 1)                   = 1
2582  read(3, ",", 1)                   = 1
2582  read(3, " ", 1)                   = 1
2582  read(3, "0", 1)                   = 1
2582  read(3, "x", 1)                   = 1
2582  read(3, "1", 1)                   = 1
2582  read(3, "e", 1)                   = 1
2582  read(3, "7", 1)                   = 1
2582  read(3, "0", 1)                   = 1
2582  read(3, "0", 1)                   = 1
2582  read(3, "0", 1)                   = 1
2582  read(3, ")", 1)                   = 1
2582  read(3, " ", 1)                   = 1
2582  read(3, "=", 1)                   = 1
2582  read(3, " ", 1)                   = 1
2582  read(3, "0", 1)                   = 1
2582  read(3, "x", 1)                   = 1
2582  read(3, "7", 1)                   = 1
2582  read(3, "f", 1)                   = 1
2582  read(3, "e", 1)                   = 1
2582  read(3, "7", 1)                   = 1
2582  read(3, "5", 1)                   = 1
2582  read(3, "d", 1)                   = 1
2582  read(3, "5", 1)                   = 1
2582  read(3, "6", 1)                   = 1
2582  read(3, "0", 1)                   = 1
2582  read(3, "0", 1)                   = 1
2582  read(3, "0", 1)                   = 1
2582  read(3, "0", 1)                   = 1
2582  read(3, "\n", 1)                  = 1
2582  write(6, "124\n", 4)              = 4
2582  write(6, "372474 mmap(0x7fe75d560000, 2457"..., 124) = 124
2582  read(3, "3", 1)                   = 1
2582  read(3, "7", 1)                   = 1
2582  read(3, "2", 1)                   = 1
2582  read(3, "4", 1)                   = 1
2582  read(3, "7", 1)                   = 1
2582  read(3, "4", 1)                   = 1
2582  read(3, " ", 1)                   = 1
2582  read(3, "m", 1)                   = 1
2582  read(3, "m", 1)                   = 1
2582  read(3, "a", 1)                   = 1
2582  read(3, "p", 1)                   = 1
2582  read(3, "(", 1)                   = 1
2582  read(3, "0", 1)                   = 1
2582  read(3, "x", 1)                   = 1
2582  read(3, "7", 1)                   = 1
2582  read(3, "f", 1)                   = 1
2582  read(3, "e", 1)                   = 1
2582  read(3, "7", 1)                   = 1
2582  read(3, "5", 1)                   = 1
2582  read(3, "d", 1)                   = 1
2582  read(3, "5", 1)                   = 1
2582  read(3, "6", 1)                   = 1
2582  read(3, "6", 1)                   = 1
2582  read(3, "0", 1)                   = 1
2582  read(3, "0", 1)                   = 1
2582  read(3, "0", 1)                   = 1
2582  read(3, ",", 1)                   = 1
2582  read(3, " ", 1)                   = 1
2582  read(3, "1", 1)                   = 1
2582  read(3, "3", 1)                   = 1
2582  read(3, "9", 1)                   = 1
2582  read(3, "2", 1)                   = 1
2582  read(3, "0", 1)                   = 1
2582  read(3, ",", 1)                   = 1
2582  read(3, " ", 1)                   = 1
2582  read(3, "P", 1)                   = 1
2582  read(3, "R", 1)                   = 1
2582  read(3, "O", 1)                   = 1
2582  read(3, "T", 1)                   = 1
2582  read(3, "_", 1)                   = 1
2582  read(3, "R", 1)                   = 1
2582  read(3, "E", 1)                   = 1
2582  read(3, "A", 1)                   = 1
2582  read(3, "D", 1)                   = 1
2582  read(3, "|", 1)                   = 1
2582  read(3, "P", 1)                   = 1
2582  read(3, "R", 1)                   = 1
2582  read(3, "O", 1)                   = 1
2582  read(3, "T", 1)                   = 1
2582  read(3, "_", 1)                   = 1
2582  read(3, "W", 1)                   = 1
2582  read(3, "R", 1)                   = 1
2582  read(3, "I", 1)                   = 1
2582  read(3, "T", 1)                   = 1
2582  read(3, "E", 1)                   = 1
2582  read(3, ",", 1)                   = 1
2582  read(3, " ", 1)                   = 1
2582  read(3, "M", 1)                   = 1
2582  read(3, "A", 1)                   = 1
2582  read(3, "P", 1)                   = 1
2582  read(3, "_", 1)                   = 1
2582  read(3, "P", 1)                   = 1
2582  read(3, "R", 1)                   = 1
2582  read(3, "I", 1)                   = 1
2582  read(3, "V", 1)                   = 1
2582  read(3, "A", 1)                   = 1
2582  read(3, "T", 1)                   = 1
2582  read(3, "E", 1)                   = 1
2582  read(3, "|", 1)                   = 1
2582  read(3, "M", 1)                   = 1
2582  read(3, "A", 1)                   = 1
2582  read(3, "P", 1)                   = 1
2582  read(3, "_", 1)                   = 1
2582  read(3, "F", 1)                   = 1
2582  read(3, "I", 1)                   = 1
2582  read(3, "X", 1)                   = 1
2582  read(3, "E", 1)                   = 1
2582  read(3, "D", 1)                   = 1
2582  read(3, "|", 1)                   = 1
2582  read(3, "M", 1)                   = 1
2582  read(3, "A", 1)                   = 1
2582  read(3, "P", 1)                   = 1
2582  read(3, "_", 1)                   = 1
2582  read(3, "A", 1)                   = 1
2582  read(3, "N", 1)                   = 1
2582  read(3, "O", 1)                   = 1
2582  read(3, "N", 1)                   = 1
2582  read(3, "Y", 1)                   = 1
2582  read(3, "M", 1)                   = 1
2582  read(3, "O", 1)                   = 1
2582  read(3, "U", 1)                   = 1
2582  read(3, "S", 1)                   = 1
2582  read(3, ",", 1)                   = 1
2582  read(3, " ", 1)                   = 1
2582  read(3, "-", 1)                   = 1
2582  read(3, "1", 1)                   = 1
2582  read(3, ",", 1)                   = 1
2582  read(3, " ", 1)                   = 1
2582  read(3, "0", 1)                   = 1
2582  read(3, ")", 1)                   = 1
2582  read(3, " ", 1)                   = 1
2582  read(3, "=", 1)                   = 1
2582  read(3, " ", 1)                   = 1
2582  read(3, "0", 1)                   = 1
2582  read(3, "x", 1)                   = 1
2582  read(3, "7", 1)                   = 1
2582  read(3, "f", 1)                   = 1
2582  read(3, "e", 1)                   = 1
2582  read(3, "7", 1)                   = 1
2582  read(3, "5", 1)                   = 1
2582  read(3, "d", 1)                   = 1
2582  read(3, "5", 1)                   = 1
2582  read(3, "6", 1)                   = 1
2582  read(3, "6", 1)                   = 1
2582  read(3, "0", 1)                   = 1
2582  read(3, "0", 1)                   = 1
2582  read(3, "0", 1)                   = 1
2582  read(3, "\n", 1)                  = 1
2582  write(6, "118\n", 4)              = 4
2582  write(6, "372474 mmap(0x7fe75d566000, 1392"..., 118) = 118
2582  read(3, "3", 1)                   = 1
2582  read(3, "7", 1)                   = 1
2582  read(3, "2", 1)                   = 1
2582  read(3, "4", 1)                   = 1
2582  read(3, "7", 1)                   = 1
2582  read(3, "4", 1)                   = 1
2582  read(3, " ", 1)                   = 1
2582  read(3, "c", 1)                   = 1
2582  read(3, "l", 1)                   = 1
2582  read(3, "o", 1)                   = 1
2582  read(3, "s", 1)                   = 1
2582  read(3, "e", 1)                   = 1
2582  read(3, "(", 1)                   = 1
2582  read(3, "3", 1)                   = 1
2582  read(3, ")", 1)                   = 1
2582  read(3, " ", 1)                   = 1
2582  read(3, " ", 1)                   = 1
2582  read(3, " ", 1)                   = 1
2582  read(3, " ", 1)                   = 1
2582  read(3, " ", 1)                   = 1
2582  read(3, " ", 1)                   = 1
2582  read(3, " ", 1)                   = 1
2582  read(3, " ", 1)                   = 1
2582  read(3, " ", 1)                   = 1
2582  read(3, " ", 1)                   = 1
2582  read(3, " ", 1)                   = 1
2582  read(3, " ", 1)                   = 1
2582  read(3, " ", 1)                   = 1
2582  read(3, " ", 1)                   = 1
2582  read(3, " ", 1)                   = 1
2582  read(3, " ", 1)                   = 1
2582  read(3, " ", 1)                   = 1
2582  read(3, " ", 1)                   = 1
2582  read(3, " ", 1)                   = 1
2582  read(3, " ", 1)                   = 1
2582  read(3, " ", 1)                   = 1
2582  read(3, " ", 1)                   = 1
2582  read(3, " ", 1)                   = 1
2582  read(3, " ", 1)                   = 1
2582  read(3, " ", 1)                   = 1
2582  read(3, "=", 1)                   = 1
2582  read(3, " ", 1)                   = 1
2582  read(3, "0", 1)                   = 1
2582  read(3, "\n", 1)                  = 1
2582  write(6, "44\n", 3)               = 3
2582  write(6, "372474 close(3)                 "..., 44) = 44
2582  read(3, "3", 1)                   = 1
2582  read(3, "7", 1)                   = 1
2582  read(3, "2", 1)                   = 1
2582  read(3, "4", 1)                   = 1
2582  read(3, "7", 1)                   = 1
2582  read(3, "4", 1)                   = 1
2582  read(3, " ", 1)                   = 1
2582  read(3, "a", 1)                   = 1
2582  read(3, "r", 1)                   = 1
2582  read(3, "c", 1)                   = 1
2582  read(3, "h", 1)                   = 1
2582  read(3, "_", 1)                   = 1
2582  read(3, "p", 1)                   = 1
2582  read(3, "r", 1)                   = 1
2582  read(3, "c", 1)                   = 1
2582  read(3, "t", 1)                   = 1
2582  read(3, "l", 1)                   = 1
2582  read(3, "(", 1)                   = 1
2582  read(3, "A", 1)                   = 1
2582  read(3, "R", 1)                   = 1
2582  read(3, "C", 1)                   = 1
2582  read(3, "H", 1)                   = 1
2582  read(3, "_", 1)                   = 1
2582  read(3, "S", 1)                   = 1
2582  read(3, "E", 1)                   = 1
2582  read(3, "T", 1)                   = 1
2582  read(3, "_", 1)                   = 1
2582  read(3, "F", 1)                   = 1
2582  read(3, "S", 1)                   = 1
2582  read(3, ",", 1)                   = 1
2582  read(3, " ", 1)                   = 1
2582  read(3, "0", 1)                   = 1
2582  read(3, "x", 1)                   = 1
2582  read(3, "7", 1)                   = 1
2582  read(3, "f", 1)                   = 1
2582  read(3, "e", 1)                   = 1
2582  read(3, "7", 1)                   = 1
2582  read(3, "5", 1)                   = 1
2582  read(3, "d", 1)                   = 1
2582  read(3, "5", 1)                   = 1
2582  read(3, "6", 1)                   = 1
2582  read(3, "b", 1)                   = 1
2582  read(3, "5", 1)                   = 1
2582  read(3, "4", 1)                   = 1
2582  read(3, "0", 1)                   = 1
2582  read(3, ")", 1)                   = 1
2582  read(3, " ", 1)                   = 1
2582  read(3, "=", 1)                   = 1
2582  read(3, " ", 1)                   = 1
2582  read(3, "0", 1)                   = 1
2582  read(3, "\n", 1)                  = 1
2582  write(6, "51\n", 3)               = 3
2582  write(6, "372474 arch_prctl(ARCH_SET_FS, 0"..., 51) = 51
2582  read(3, "3", 1)                   = 1
2582  read(3, "7", 1)                   = 1
2582  read(3, "2", 1)                   = 1
2582  read(3, "4", 1)                   = 1
2582  read(3, "7", 1)                   = 1
2582  read(3, "4", 1)                   = 1
2582  read(3, " ", 1)                   = 1
2582  read(3, "m", 1)                   = 1
2582  read(3, "p", 1)                   = 1
2582  read(3, "r", 1)                   = 1
2582  read(3, "o", 1)                   = 1
2582  read(3, "t", 1)                   = 1
2582  read(3, "e", 1)                   = 1
2582  read(3, "c", 1)                   = 1
2582  read(3, "t", 1)                   = 1
2582  read(3, "(", 1)                   = 1
2582  read(3, "0", 1)                   = 1
2582  read(3, "x", 1)                   = 1
2582  read(3, "7", 1)                   = 1
2582  read(3, "f", 1)                   = 1
2582  read(3, "e", 1)                   = 1
2582  read(3, "7", 1)                   = 1
2582  read(3, "5", 1)                   = 1
2582  read(3, "d", 1)                   = 1
2582  read(3, "5", 1)                   = 1
2582  read(3, "6", 1)                   = 1
2582  read(3, "0", 1)                   = 1
2582  read(3, "0", 1)                   = 1
2582  read(3, "0", 1)                   = 1
2582  read(3, "0", 1)                   = 1
2582  read(3, ",", 1)                   = 1
2582  read(3, " ", 1)                   = 1
2582  read(3, "1", 1)                   = 1
2582  read(3, "6", 1)                   = 1
2582  read(3, "3", 1)                   = 1
2582  read(3, "8", 1)                   = 1
2582  read(3, "4", 1)                   = 1
2582  read(3, ",", 1)                   = 1
2582  read(3, " ", 1)                   = 1
2582  read(3, "P", 1)                   = 1
2582  read(3, "R", 1)                   = 1
2582  read(3, "O", 1)                   = 1
2582  read(3, "T", 1)                   = 1
2582  read(3, "_", 1)                   = 1
2582  read(3, "R", 1)                   = 1
2582  read(3, "E", 1)                   = 1
2582  read(3, "A", 1)                   = 1
2582  read(3, "D", 1)                   = 1
2582  read(3, ")", 1)                   = 1
2582  read(3, " ", 1)                   = 1
2582  read(3, "=", 1)                   = 1
2582  read(3, " ", 1)                   = 1
2582  read(3, "0", 1)                   = 1
2582  read(3, "\n", 1)                  = 1
2582  write(6, "54\n", 3)               = 3
2582  write(6, "372474 mprotect(0x7fe75d560000, "..., 54) = 54
2582  read(3, "3", 1)                   = 1
2582  read(3, "7", 1)                   = 1
2582  read(3, "2", 1)                   = 1
2582  read(3, "4", 1)                   = 1
2582  read(3, "7", 1)                   = 1
2582  read(3, "4", 1)                   = 1
2582  read(3, " ", 1)                   = 1
2582  read(3, "m", 1)                   = 1
2582  read(3, "p", 1)                   = 1
2582  read(3, "r", 1)                   = 1
2582  read(3, "o", 1)                   = 1
2582  read(3, "t", 1)                   = 1
2582  read(3, "e", 1)                   = 1
2582  read(3, "c", 1)                   = 1
2582  read(3, "t", 1)                   = 1
2582  read(3, "(", 1)                   = 1
2582  read(3, "0", 1)                   = 1
2582  read(3, "x", 1)                   = 1
2582  read(3, "5", 1)                   = 1
2582  read(3, "5", 1)                   = 1
2582  read(3, "e", 1)                   = 1
2582  read(3, "9", 1)                   = 1
2582  read(3, "7", 1)                   = 1
2582  read(3, "8", 1)                   = 1
2582  read(3, "1", 1)                   = 1
2582  read(3, "1", 1)                   = 1
2582  read(3, "c", 1)                   = 1
2582  read(3, "0", 1)                   = 1
2582  read(3, "0", 1)                   = 1
2582  read(3, "0", 1)                   = 1
2582  read(3, ",", 1)                   = 1
2582  read(3, " ", 1)                   = 1
2582  read(3, "4", 1)                   = 1
2582  read(3, "0", 1)                   = 1
2582  read(3, "9", 1)                   = 1
2582  read(3, "6", 1)                   = 1
2582  read(3, ",", 1)                   = 1
2582  read(3, " ", 1)                   = 1
2582  read(3, "P", 1)                   = 1
2582  read(3, "R", 1)                   = 1
2582  read(3, "O", 1)                   = 1
2582  read(3, "T", 1)                   = 1
2582  read(3, "_", 1)                   = 1
2582  read(3, "R", 1)                   = 1
2582  read(3, "E", 1)                   = 1
2582  read(3, "A", 1)                   = 1
2582  read(3, "D", 1)                   = 1
2582  read(3, ")", 1)                   = 1
2582  read(3, " ", 1)                   = 1
2582  read(3, "=", 1)                   = 1
2582  read(3, " ", 1)                   = 1
2582  read(3, "0", 1)                   = 1
2582  read(3, "\n", 1)                  = 1
2582  write(6, "53\n", 3)               = 3
2582  write(6, "372474 mprotect(0x55e97811c000, "..., 53) = 53
2582  read(3, "3", 1)                   = 1
2582  read(3, "7", 1)                   = 1
2582  read(3, "2", 1)                   = 1
2582  read(3, "4", 1)                   = 1
2582  read(3, "7", 1)                   = 1
2582  read(3, "4", 1)                   = 1
2582  read(3, " ", 1)                   = 1
2582  read(3, "m", 1)                   = 1
2582  read(3, "p", 1)                   = 1
2582  read(3, "r", 1)                   = 1
2582  read(3, "o", 1)                   = 1
2582  read(3, "t", 1)                   = 1
2582  read(3, "e", 1)                   = 1
2582  read(3, "c", 1)                   = 1
2582  read(3, "t", 1)                   = 1
2582  read(3, "(", 1)                   = 1
2582  read(3, "0", 1)                   = 1
2582  read(3, "x", 1)                   = 1
2582  read(3, "7", 1)                   = 1
2582  read(3, "f", 1)                   = 1
2582  read(3, "e", 1)                   = 1
2582  read(3, "7", 1)                   = 1
2582  read(3, "5", 1)                   = 1
2582  read(3, "d", 1)                   = 1
2582  read(3, "5", 1)                   = 1
2582  read(3, "b", 1)                   = 1
2582  read(3, "9", 1)                   = 1
2582  read(3, "0", 1)                   = 1
2582  read(3, "0", 1)                   = 1
2582  read(3, "0", 1)                   = 1
2582  read(3, ",", 1)                   = 1
2582  read(3, " ", 1)                   = 1
2582  read(3, "4", 1)                   = 1
2582  read(3, "0", 1)                   = 1
2582  read(3, "9", 1)                   = 1
2582  read(3, "6", 1)                   = 1
2582  read(3, ",", 1)                   = 1
2582  read(3, " ", 1)                   = 1
2582  read(3, "P", 1)                   = 1
2582  read(3, "R", 1)                   = 1
2582  read(3, "O", 1)                   = 1
2582  read(3, "T", 1)                   = 1
2582  read(3, "_", 1)                   = 1
2582  read(3, "R", 1)                   = 1
2582  read(3, "E", 1)                   = 1
2582  read(3, "A", 1)                   = 1
2582  read(3, "D", 1)                   = 1
2582  read(3, ")", 1)                   = 1
2582  read(3, " ", 1)                   = 1
2582  read(3, "=", 1)                   = 1
2582  read(3, " ", 1)                   = 1
2582  read(3, "0", 1)                   = 1
2582  read(3, "\n", 1)                  = 1
2582  write(6, "53\n", 3)               = 3
2582  write(6, "372474 mprotect(0x7fe75d5b9000, "..., 53) = 53
2582  read(3, "3", 1)                   = 1
2582  read(3, "7", 1)                   = 1
2582  read(3, "2", 1)                   = 1
2582  read(3, "4", 1)                   = 1
2582  read(3, "7", 1)                   = 1
2582  read(3, "4", 1)                   = 1
2582  read(3, " ", 1)                   = 1
2582  read(3, "m", 1)                   = 1
2582  read(3, "u", 1)                   = 1
2582  read(3, "n", 1)                   = 1
2582  read(3, "m", 1)                   = 1
2582  read(3, "a", 1)                   = 1
2582  read(3, "p", 1)                   = 1
2582  read(3, "(", 1)                   = 1
2582  read(3, "0", 1)                   = 1
2582  read(3, "x", 1)                   = 1
2582  read(3, "7", 1)                   = 1
2582  read(3, "f", 1)                   = 1
2582  read(3, "e", 1)                   = 1
2582  read(3, "7", 1)                   = 1
2582  read(3, "5", 1)                   = 1
2582  read(3, "d", 1)                   = 1
2582  read(3, "5", 1)                   = 1
2582  read(3, "6", 1)                   = 1
2582  read(3, "c", 1)                   = 1
2582  read(3, "0", 1)                   = 1
2582  read(3, "0", 1)                   = 1
2582  read(3, "0", 1)                   = 1
2582  read(3, ",", 1)                   = 1
2582  read(3, " ", 1)                   = 1
2582  read(3, "1", 1)                   = 1
2582  read(3, "2", 1)                   = 1
2582  read(3, "9", 1)                   = 1
2582  read(3, "5", 1)                   = 1
2582  read(3, "6", 1)                   = 1
2582  read(3, "6", 1)                   = 1
2582  read(3, ")", 1)                   = 1
2582  read(3, " ", 1)                   = 1
2582  read(3, " ", 1)                   = 1
2582  read(3, " ", 1)                   = 1
2582  read(3, "=", 1)                   = 1
2582  read(3, " ", 1)                   = 1
2582  read(3, "0", 1)                   = 1
2582  read(3, "\n", 1)                  = 1
2582  write(6, "44\n", 3)               = 3
2582  write(6, "372474 munmap(0x7fe75d56c000, 12"..., 44) = 44
2582  read(3, "3", 1)                   = 1
2582  read(3, "7", 1)                   = 1
2582  read(3, "2", 1)                   = 1
2582  read(3, "4", 1)                   = 1
2582  read(3, "7", 1)                   = 1
2582  read(3, "4", 1)                   = 1
2582  read(3, " ", 1)                   = 1
2582  read(3, "o", 1)                   = 1
2582  read(3, "p", 1)                   = 1
2582  read(3, "e", 1)                   = 1
2582  read(3, "n", 1)                   = 1
2582  read(3, "a", 1)                   = 1
2582  read(3, "t", 1)                   = 1
2582  read(3, "(", 1)                   = 1
2582  read(3, "A", 1)                   = 1
2582  read(3, "T", 1)                   = 1
2582  read(3, "_", 1)                   = 1
2582  read(3, "F", 1)                   = 1
2582  read(3, "D", 1)                   = 1
2582  read(3, "C", 1)                   = 1
2582  read(3, "W", 1)                   = 1
2582  read(3, "D", 1)                   = 1
2582  read(3, ",", 1)                   = 1
2582  read(3, " ", 1)                   = 1
2582  read(3, "\"", 1)                  = 1
2582  read(3, "M", 1)                   = 1
2582  read(3, "a", 1)                   = 1
2582  read(3, "k", 1)                   = 1
2582  read(3, "e", 1)                   = 1
2582  read(3, "f", 1)                   = 1
2582  read(3, "i", 1)                   = 1
2582  read(3, "l", 1)                   = 1
2582  read(3, "e", 1)                   = 1
2582  read(3, "\"", 1)                  = 1
2582  read(3, ",", 1)                   = 1
2582  read(3, " ", 1)                   = 1
2582  read(3, "O", 1)                   = 1
2582  read(3, "_", 1)                   = 1
2582  read(3, "R", 1)                   = 1
2582  read(3, "D", 1)                   = 1
2582  read(3, "O", 1)                   = 1
2582  read(3, "N", 1)                   = 1
2582  read(3, "L", 1)                   = 1
2582  read(3, "Y", 1)                   = 1
2582  read(3, ")", 1)                   = 1
2582  read(3, " ", 1)                   = 1
2582  read(3, "=", 1)                   = 1
2582  read(3, " ", 1)                   = 1
2582  read(3, "3", 1)                   = 1
2582  read(3, "\n", 1)                  = 1
2582  write(6, "50\n", 3)               = 3
2582  write(6, "372474 openat(AT_FDCWD, \"Makefil"..., 50) = 50
2582  read(3, "3", 1)                   = 1
2582  read(3, "7", 1)                   = 1
2582  read(3, "2", 1)                   = 1
2582  read(3, "4", 1)                   = 1
2582  read(3, "7", 1)                   = 1
2582  read(3, "4", 1)                   = 1
2582  read(3, " ", 1)                   = 1
2582  read(3, "l", 1)                   = 1
2582  read(3, "s", 1)                   = 1
2582  read(3, "e", 1)                   = 1
2582  read(3, "e", 1)                   = 1
2582  read(3, "k", 1)                   = 1
2582  read(3, "(", 1)                   = 1
2582  read(3, "3", 1)                   = 1
2582  read(3, ",", 1)                   = 1
2582  read(3, " ", 1)                   = 1
2582  read(3, "0", 1)                   = 1
2582  read(3, ",", 1)                   = 1
2582  read(3, " ", 1)                   = 1
2582  read(3, "S", 1)                   = 1
2582  read(3, "E", 1)                   = 1
2582  read(3, "E", 1)                   = 1
2582  read(3, "K", 1)                   = 1
2582  read(3, "_", 1)                   = 1
2582  read(3, "E", 1)                   = 1
2582  read(3, "N", 1)                   = 1
2582  read(3, "D", 1)                   = 1
2582  read(3, ")", 1)                   = 1
2582  read(3, " ", 1)                   = 1
2582  read(3, " ", 1)                   = 1
2582  read(3, " ", 1)                   = 1
2582  read(3, " ", 1)                   = 1
2582  read(3, " ", 1)                   = 1
2582  read(3, " ", 1)                   = 1
2582  read(3, " ", 1)                   = 1
2582  read(3, " ", 1)                   = 1
2582  read(3, " ", 1)                   = 1
2582  read(3, " ", 1)                   = 1
2582  read(3, " ", 1)                   = 1
2582  read(3, " ", 1)                   = 1
2582  read(3, "=", 1)                   = 1
2582  read(3, " ", 1)                   = 1
2582  read(3, "1", 1)                   = 1
2582  read(3, "9", 1)                   = 1
2582  read(3, "6", 1)                   = 1
2582  read(3, "\n", 1)                  = 1
2582  write(6, "46\n", 3)               = 3
2582  write(6, "372474 lseek(3, 0, SEEK_END)    "..., 46) = 46
2582  read(3, "3", 1)                   = 1
2582  read(3, "7", 1)                   = 1
2582  read(3, "2", 1)                   = 1
2582  read(3, "4", 1)                   = 1
2582  read(3, "7", 1)                   = 1
2582  read(3, "4", 1)                   = 1
2582  read(3, " ", 1)                   = 1
2582  read(3, "l", 1)                   = 1
2582  read(3, "s", 1)                   = 1
2582  read(3, "e", 1)                   = 1
2582  read(3, "e", 1)                   = 1
2582  read(3, "k", 1)                   = 1
2582  read(3, "(", 1)                   = 1
2582  read(3, "3", 1)                   = 1
2582  read(3, ",", 1)                   = 1
2582  read(3, " ", 1)                   = 1
2582  read(3, "0", 1)                   = 1
2582  read(3, ",", 1)                   = 1
2582  read(3, " ", 1)                   = 1
2582  read(3, "S", 1)                   = 1
2582  read(3, "E", 1)                   = 1
2582  read(3, "E", 1)                   = 1
2582  read(3, "K", 1)                   = 1
2582  read(3, "_", 1)                   = 1
2582  read(3, "S", 1)                   = 1
2582  read(3, "E", 1)                   = 1
2582  read(3, "T", 1)                   = 1
2582  read(3, ")", 1)                   = 1
2582  read(3, " ", 1)                   = 1
2582  read(3, " ", 1)                   = 1
2582  read(3, " ", 1)                   = 1
2582  read(3, " ", 1)                   = 1
2582  read(3, " ", 1)                   = 1
2582  read(3, " ", 1)                   = 1
2582  read(3, " ", 1)                   = 1
2582  read(3, " ", 1)                   = 1
2582  read(3, " ", 1)                   = 1
2582  read(3, " ", 1)                   = 1
2582  read(3, " ", 1)                   = 1
2582  read(3, " ", 1)                   = 1
2582  read(3, "=", 1)                   = 1
2582  read(3, " ", 1)                   = 1
2582  read(3, "0", 1)                   = 1
2582  read(3, "\n", 1)                  = 1
2582  write(6, "44\n", 3)               = 3
2582  write(6, "372474 lseek(3, 0, SEEK_SET)    "..., 44) = 44
2582  read(3, "3", 1)                   = 1
2582  read(3, "7", 1)                   = 1
2582  read(3, "2", 1)                   = 1
2582  read(3, "4", 1)                   = 1
2582  read(3, "7", 1)                   = 1
2582  read(3, "4", 1)                   = 1
2582  read(3, " ", 1)                   = 1
2582  read(3, "o", 1)                   = 1
2582  read(3, "p", 1)                   = 1
2582  read(3, "e", 1)                   = 1
2582  read(3, "n", 1)                   = 1
2582  read(3, "a", 1)                   = 1
2582  read(3, "t", 1)                   = 1
2582  read(3, "(", 1)                   = 1
2582  read(3, "A", 1)                   = 1
2582  read(3, "T", 1)                   = 1
2582  read(3, "_", 1)                   = 1
2582  read(3, "F", 1)                   = 1
2582  read(3, "D", 1)                   = 1
2582  read(3, "C", 1)                   = 1
2582  read(3, "W", 1)                   = 1
2582  read(3, "D", 1)                   = 1
2582  read(3, ",", 1)                   = 1
2582  read(3, " ", 1)                   = 1
2582  read(3, "\"", 1)                  = 1
2582  read(3, "s", 1)                   = 1
2582  read(3, "a", 1)                   = 1
2582  read(3, "m", 1)                   = 1
2582  read(3, "p", 1)                   = 1
2582  read(3, "l", 1)                   = 1
2582  read(3, "e", 1)                   = 1
2582  read(3, "1", 1)                   = 1
2582  read(3, ".", 1)                   = 1
2582  read(3, "t", 1)                   = 1
2582  read(3, "x", 1)                   = 1
2582  read(3, "t", 1)                   = 1
2582  read(3, "\"", 1)                  = 1
2582  read(3, ",", 1)                   = 1
2582  read(3, " ", 1)                   = 1
2582  read(3, "O", 1)                   = 1
2582  read(3, "_", 1)                   = 1
2582  read(3, "R", 1)                   = 1
2582  read(3, "D", 1)                   = 1
2582  read(3, "W", 1)                   = 1
2582  read(3, "R", 1)                   = 1
2582  read(3, "|", 1)                   = 1
2582  read(3, "O", 1)                   = 1
2582  read(3, "_", 1)                   = 1
2582  read(3, "C", 1)                   = 1
2582  read(3, "R", 1)                   = 1
2582  read(3, "E", 1)                   = 1
2582  read(3, "A", 1)                   = 1
2582  read(3, "T", 1)                   = 1
2582  read(3, "|", 1)                   = 1
2582  read(3, "O", 1)                   = 1
2582  read(3, "_", 1)                   = 1
2582  read(3, "E", 1)                   = 1
2582  read(3, "X", 1)                   = 1
2582  read(3, "C", 1)                   = 1
2582  read(3, "L", 1)                   = 1
2582  read(3, ",", 1)                   = 1
2582  read(3, " ", 1)                   = 1
2582  read(3, "0", 1)                   = 1
2582  read(3, "6", 1)                   = 1
2582  read(3, "6", 1)                   = 1
2582  read(3, "4", 1)                   = 1
2582  read(3, ")", 1)                   = 1
2582  read(3, " ", 1)                   = 1
2582  read(3, "=", 1)                   = 1
2582  read(3, " ", 1)                   = 1
2582  read(3, "4", 1)                   = 1
2582  read(3, "\n", 1)                  = 1
2582  write(6, "72\n", 3)               = 3
2582  write(6, "372474 openat(AT_FDCWD, \"sample1"..., 72) = 72
2582  read(3, "3", 1)                   = 1
2582  read(3, "7", 1)                   = 1
2582  read(3, "2", 1)                   = 1
2582  read(3, "4", 1)                   = 1
2582  read(3, "7", 1)                   = 1
2582  read(3, "4", 1)                   = 1
2582  read(3, " ", 1)                   = 1
2582  read(3, "p", 1)                   = 1
2582  read(3, "i", 1)                   = 1
2582  read(3, "p", 1)                   = 1
2582  read(3, "e", 1)                   = 1
2582  read(3, "(", 1)                   = 1
2582  read(3, "[", 1)                   = 1
2582  read(3, "5", 1)                   = 1
2582  read(3, ",", 1)                   = 1
2582  read(3, " ", 1)                   = 1
2582  read(3, "6", 1)                   = 1
2582  read(3, "]", 1)                   = 1
2582  read(3, ")", 1)                   = 1
2582  read(3, " ", 1)                   = 1
2582  read(3, " ", 1)                   = 1
2582  read(3, " ", 1)                   = 1
2582  read(3, " ", 1)                   = 1
2582  read(3, " ", 1)                   = 1
2582  read(3, " ", 1)                   = 1
2582  read(3, " ", 1)                   = 1
2582  read(3, " ", 1)                   = 1
2582  read(3, " ", 1)                   = 1
2582  read(3, " ", 1)                   = 1
2582  read(3, " ", 1)                   = 1
2582  read(3, " ", 1)                   = 1
2582  read(3, " ", 1)                   = 1
2582  read(3, " ", 1)                   = 1
2582  read(3, " ", 1)                   = 1
2582  read(3, " ", 1)                   = 1
2582  read(3, " ", 1)                   = 1
2582  read(3, " ", 1)                   = 1
2582  read(3, " ", 1)                   = 1
2582  read(3, " ", 1)                   = 1
2582  read(3, " ", 1)                   = 1
2582  read(3, "=", 1)                   = 1
2582  read(3, " ", 1)                   = 1
2582  read(3, "0", 1)                   = 1
2582  read(3, "\n", 1)                  = 1
2582  write(6, "44\n", 3)               = 3
2582  write(6, "372474 pipe([5, 6])             "..., 44) = 44
2582  read(3, "3", 1)                   = 1
2582  read(3, "7", 1)                   = 1
2582  read(3, "2", 1)                   = 1
2582  read(3, "4", 1)                   = 1
2582  read(3, "7", 1)                   = 1
2582  read(3, "4", 1)                   = 1
2582  read(3, " ", 1)                   = 1
2582  read(3, "p", 1)                   = 1
2582  read(3, "i", 1)                   = 1
2582  read(3, "p", 1)                   = 1
2582  read(3, "e", 1)                   = 1
2582  read(3, "(", 1)                   = 1
2582  read(3, "[", 1)                   = 1
2582  read(3, "7", 1)                   = 1
2582  read(3, ",", 1)                   = 1
2582  read(3, " ", 1)                   = 1
2582  read(3, "8", 1)                   = 1
2582  read(3, "]", 1)                   = 1
2582  read(3, ")", 1)                   = 1
2582  read(3, " ", 1)                   = 1
2582  read(3, " ", 1)                   = 1
2582  read(3, " ", 1)                   = 1
2582  read(3, " ", 1)                   = 1
2582  read(3, " ", 1)                   = 1
2582  read(3, " ", 1)                   = 1
2582  read(3, " ", 1)                   = 1
2582  read(3, " ", 1)                   = 1
2582  read(3, " ", 1)                   = 1
2582  read(3, " ", 1)                   = 1
2582  read(3, " ", 1)                   = 1
2582  read(3, " ", 1)                   = 1
2582  read(3, " ", 1)                   = 1
2582  read(3, " ", 1)                   = 1
2582  read(3, " ", 1)                   = 1
2582  read(3, " ", 1)                   = 1
2582  read(3, " ", 1)                   = 1
2582  read(3, " ", 1)                   = 1
2582  read(3, " ", 1)                   = 1
2582  read(3, " ", 1)                   = 1
2582  read(3, " ", 1)                   = 1
2582  read(3, "=", 1)                   = 1
2582  read(3, " ", 1)                   = 1
2582  read(3, "0", 1)                   = 1
2582  read(3, "\n", 1)                  = 1
2582  write(6, "44\n", 3)               = 3
2582  write(6, "372474 pipe([7, 8])             "..., 44) = 44
2582  read(3, "3", 1)                   = 1
2582  read(3, "7", 1)                   = 1
2582  read(3, "2", 1)                   = 1
2582  read(3, "4", 1)                   = 1
2582  read(3, "7", 1)                   = 1
2582  read(3, "4", 1)                   = 1
2582  read(3, " ", 1)                   = 1
2582  read(3, "c", 1)                   = 1
2582  read(3, "l", 1)                   = 1
2582  read(3, "o", 1)                   = 1
2582  read(3, "n", 1)                   = 1
2582  read(3, "e", 1)                   = 1
2582  read(3, "(", 1)                   = 1
2582  read(3, "c", 1)                   = 1
2582  read(3, "h", 1)                   = 1
2582  read(3, "i", 1)                   = 1
2582  read(3, "l", 1)                   = 1
2582  read(3, "d", 1)                   = 1
2582  read(3, "_", 1)                   = 1
2582  read(3, "s", 1)                   = 1
2582  read(3, "t", 1)                   = 1
2582  read(3, "a", 1)                   = 1
2582  read(3, "c", 1)                   = 1
2582  read(3, "k", 1)                   = 1
2582  read(3, "=", 1)                   = 1
2582  read(3, "N", 1)                   = 1
2582  read(3, "U", 1)                   = 1
2582  read(3, "L", 1)                   = 1
2582  read(3, "L", 1)                   = 1
2582  read(3, ",", 1)                   = 1
2582  read(3, " ", 1)                   = 1
2582  read(3, "f", 1)                   = 1
2582  read(3, "l", 1)                   = 1
2582  read(3, "a", 1)                   = 1
2582  read(3, "g", 1)                   = 1
2582  read(3, "s", 1)                   = 1
2582  read(3, "=", 1)                   = 1
2582  read(3, "C", 1)                   = 1
2582  read(3, "L", 1)                   = 1
2582  read(3, "O", 1)                   = 1
2582  read(3, "N", 1)                   = 1
2582  read(3, "E", 1)                   = 1
2582  read(3, "_", 1)                   = 1
2582  read(3, "C", 1)                   = 1
2582  read(3, "H", 1)                   = 1
2582  read(3, "I", 1)                   = 1
2582  read(3, "L", 1)                   = 1
2582  read(3, "D", 1)                   = 1
2582  read(3, "_", 1)                   = 1
2582  read(3, "C", 1)                   = 1
2582  read(3, "L", 1)                   = 1
2582  read(3, "E", 1)                   = 1
2582  read(3, "A", 1)                   = 1
2582  read(3, "R", 1)                   = 1
2582  read(3, "T", 1)                   = 1
2582  read(3, "I", 1)                   = 1
2582  read(3, "D", 1)                   = 1
2582  read(3, "|", 1)                   = 1
2582  read(3, "C", 1)                   = 1
2582  read(3, "L", 1)                   = 1
2582  read(3, "O", 1)                   = 1
2582  read(3, "N", 1)                   = 1
2582  read(3, "E", 1)                   = 1
2582  read(3, "_", 1)                   = 1
2582  read(3, "C", 1)                   = 1
2582  read(3, "H", 1)                   = 1
2582  read(3, "I", 1)                   = 1
2582  read(3, "L", 1)                   = 1
2582  read(3, "D", 1)                   = 1
2582  read(3, "_", 1)                   = 1
2582  read(3, "S", 1)                   = 1
2582  read(3, "E", 1)                   = 1
2582  read(3, "T", 1)                   = 1
2582  read(3, "T", 1)                   = 1
2582  read(3, "I", 1)                   = 1
2582  read(3, "D", 1)                   = 1
2582  read(3, "|", 1)                   = 1
2582  read(3, "S", 1)                   = 1
2582  read(3, "I", 1)                   = 1
2582  read(3, "G", 1)                   = 1
2582  read(3, "C", 1)                   = 1
2582  read(3, "H", 1)                   = 1
2582  read(3, "L", 1)                   = 1
2582  read(3, "D", 1)                   = 1
2582  read(3, ",", 1)                   = 1
2582  read(3, " ", 1)                   = 1
2582  read(3, "c", 1)                   = 1
2582  read(3, "h", 1)                   = 1
2582  read(3, "i", 1)                   = 1
2582  read(3, "l", 1)                   = 1
2582  read(3, "d", 1)                   = 1
2582  read(3, "_", 1)                   = 1
2582  read(3, "t", 1)                   = 1
2582  read(3, "i", 1)                   = 1
2582  read(3, "d", 1)                   = 1
2582  read(3, "p", 1)                   = 1
2582  read(3, "t", 1)                   = 1
2582  read(3, "r", 1)                   = 1
2582  read(3, "=", 1)                   = 1
2582  read(3, "0", 1)                   = 1
2582  read(3, "x", 1)                   = 1
2582  read(3, "7", 1)                   = 1
2582  read(3, "f", 1)                   = 1
2582  read(3, "e", 1)                   = 1
2582  read(3, "7", 1)                   = 1
2582  read(3, "5", 1)                   = 1
2582  read(3, "d", 1)                   = 1
2582  read(3, "5", 1)                   = 1
2582  read(3, "6", 1)                   = 1
2582  read(3, "b", 1)                   = 1
2582  read(3, "8", 1)                   = 1
2582  read(3, "1", 1)                   = 1
2582  read(3, "0", 1)                   = 1
2582  read(3, ")", 1)                   = 1
2582  read(3, " ", 1)                   = 1
2582  read(3, "=", 1)                   = 1
2582  read(3, " ", 1)                   = 1
2582  read(3, "3", 1)                   = 1
2582  read(3, "7", 1)                   = 1
2582  read(3, "2", 1)                   = 1
2582  read(3, "4", 1)                   = 1
2582  read(3, "7", 1)                   = 1
2582  read(3, "5", 1)                   = 1
2582  read(3, "\n", 1)                  = 1
2582  write(6, "124\n", 4)              = 4
2582  write(6, "372474 clone(child_stack=NULL, f"..., 124) = 124
2582  read(3, "3", 1)                   = 1
2582  read(3, "7", 1)                   = 1
2582  read(3, "2", 1)                   = 1
2582  read(3, "4", 1)                   = 1
2582  read(3, "7", 1)                   = 1
2582  read(3, "4", 1)                   = 1
2582  read(3, " ", 1)                   = 1
2582  read(3, "c", 1)                   = 1
2582  read(3, "l", 1)                   = 1
2582  read(3, "o", 1)                   = 1
2582  read(3, "s", 1)                   = 1
2582  read(3, "e", 1)                   = 1
2582  read(3, "(", 1)                   = 1
2582  read(3, "5", 1)                   = 1
2582  read(3, ")", 1)                   = 1
2582  read(3, " ", 1)                   = 1
2582  read(3, " ", 1)                   = 1
2582  read(3, " ", 1)                   = 1
2582  read(3, " ", 1)                   = 1
2582  read(3, " ", 1)                   = 1
2582  read(3, " ", 1)                   = 1
2582  read(3, " ", 1)                   = 1
2582  read(3, " ", 1)                   = 1
2582  read(3, " ", 1)                   = 1
2582  read(3, " ", 1)                   = 1
2582  read(3, " ", 1)                   = 1
2582  read(3, " ", 1)                   = 1
2582  read(3, " ", 1)                   = 1
2582  read(3, " ", 1)                   = 1
2582  read(3, " ", 1)                   = 1
2582  read(3, " ", 1)                   = 1
2582  read(3, " ", 1)                   = 1
2582  read(3, " ", 1)                   = 1
2582  read(3, " ", 1)                   = 1
2582  read(3, " ", 1)                   = 1
2582  read(3, " ", 1)                   = 1
2582  read(3, " ", 1)                   = 1
2582  read(3, " ", 1)                   = 1
2582  read(3, " ", 1)                   = 1
2582  read(3, " ", 1)                   = 1
2582  read(3, "=", 1)                   = 1
2582  read(3, " ", 1)                   = 1
2582  read(3, "0", 1)                   = 1
2582  read(3, "\n", 1)                  = 1
2582  write(6, "44\n", 3)               = 3
2582  write(6, "372474 close(5)                 "..., 44) = 44
2582  read(3, "3", 1)                   = 1
2582  read(3, "7", 1)                   = 1
2582  read(3, "2", 1)                   = 1
2582  read(3, "4", 1)                   = 1
2582  read(3, "7", 1)                   = 1
2582  read(3, "4", 1)                   = 1
2582  read(3, " ", 1)                   = 1
2582  read(3, "c", 1)                   = 1
2582  read(3, "l", 1)                   = 1
2582  read(3, "o", 1)                   = 1
2582  read(3, "s", 1)                   = 1
2582  read(3, "e", 1)                   = 1
2582  read(3, "(", 1)                   = 1
2582  read(3, "8", 1)                   = 1
2582  read(3, ")", 1)                   = 1
2582  read(3, " ", 1)                   = 1
2582  read(3, " ", 1)                   = 1
2582  read(3, " ", 1)                   = 1
2582  read(3, " ", 1)                   = 1
2582  read(3, " ", 1)                   = 1
2582  read(3, " ", 1)                   = 1
2582  read(3, " ", 1)                   = 1
2582  read(3, " ", 1)                   = 1
2582  read(3, " ", 1)                   = 1
2582  read(3, " ", 1)                   = 1
2582  read(3, " ", 1)                   = 1
2582  read(3, " ", 1)                   = 1
2582  read(3, " ", 1)                   = 1
2582  read(3, " ", 1)                   = 1
2582  read(3, " ", 1)                   = 1
2582  read(3, " ", 1)                   = 1
2582  read(3, " ", 1)                   = 1
2582  read(3, " ", 1)                   = 1
2582  read(3, " ", 1)                   = 1
2582  read(3, " ", 1)                   = 1
2582  read(3, " ", 1)                   = 1
2582  read(3, " ", 1)                   = 1
2582  read(3, " ", 1)                   = 1
2582  read(3, " ", 1)                   = 1
2582  read(3, " ", 1)                   = 1
2582  read(3, "=", 1)                   = 1
2582  read(3, " ", 1)                   = 1
2582  read(3, "0", 1)                   = 1
2582  read(3, "\n", 1)                  = 1
2582  write(6, "44\n", 3)               = 3
2582  write(6, "372474 close(8)                 "..., 44) = 44
2582  read(3, "3", 1)                   = 1
2582  read(3, "7", 1)                   = 1
2582  read(3, "2", 1)                   = 1
2582  read(3, "4", 1)                   = 1
2582  read(3, "7", 1)                   = 1
2582  read(3, "4", 1)                   = 1
2582  read(3, " ", 1)                   = 1
2582  read(3, "r", 1)                   = 1
2582  read(3, "e", 1)                   = 1
2582  read(3, "a", 1)                   = 1
2582  read(3, "d", 1)                   = 1
2582  read(3, "(", 1)                   = 1
2582  read(3, "3", 1)                   = 1
2582  read(3, ",", 1)                   = 1
2582  read(3, " ", 1)                   = 1
2582  read(3, " ", 1)                   = 1
2582  read(3, "<", 1)                   = 1
2582  read(3, "u", 1)                   = 1
2582  read(3, "n", 1)                   = 1
2582  read(3, "f", 1)                   = 1
2582  read(3, "i", 1)                   = 1
2582  read(3, "n", 1)                   = 1
2582  read(3, "i", 1)                   = 1
2582  read(3, "s", 1)                   = 1
2582  read(3, "h", 1)                   = 1
2582  read(3, "e", 1)                   = 1
2582  read(3, "d", 1)                   = 1
2582  read(3, " ", 1)                   = 1
2582  read(3, ".", 1)                   = 1
2582  read(3, ".", 1)                   = 1
2582  read(3, ".", 1)                   = 1
2582  read(3, ">", 1)                   = 1
2582  read(3, "\n", 1)                  = 1
2582  write(6, "33\n", 3)               = 3
2582  write(6, "372474 read(3,  <unfinished ...>"..., 33) = 33
2582  read(3, "3", 1)                   = 1
2582  read(3, "7", 1)                   = 1
2582  read(3, "2", 1)                   = 1
2582  read(3, "4", 1)                   = 1
2582  read(3, "7", 1)                   = 1
2582  read(3, "5", 1)                   = 1
2582  read(3, " ", 1)                   = 1
2582  read(3, "c", 1)                   = 1
2582  read(3, "l", 1)                   = 1
2582  read(3, "o", 1)                   = 1
2582  read(3, "s", 1)                   = 1
2582  read(3, "e", 1)                   = 1
2582  read(3, "(", 1)                   = 1
2582  read(3, "6", 1)                   = 1
2582  read(3, " ", 1)                   = 1
2582  read(3, "<", 1)                   = 1
2582  read(3, "u", 1)                   = 1
2582  read(3, "n", 1)                   = 1
2582  read(3, "f", 1)                   = 1
2582  read(3, "i", 1)                   = 1
2582  read(3, "n", 1)                   = 1
2582  read(3, "i", 1)                   = 1
2582  read(3, "s", 1)                   = 1
2582  read(3, "h", 1)                   = 1
2582  read(3, "e", 1)                   = 1
2582  read(3, "d", 1)                   = 1
2582  read(3, " ", 1)                   = 1
2582  read(3, ".", 1)                   = 1
2582  read(3, ".", 1)                   = 1
2582  read(3, ".", 1)                   = 1
2582  read(3, ">", 1)                   = 1
2582  read(3, "\n", 1)                  = 1
2582  write(6, "32\n", 3)               = 3
2582  write(6, "372475 close(6 <unfinished ...>\n", 32) = 32
2582  read(3, "3", 1)                   = 1
2582  read(3, "7", 1)                   = 1
2582  read(3, "2", 1)                   = 1
2582  read(3, "4", 1)                   = 1
2582  read(3, "7", 1)                   = 1
2582  read(3, "4", 1)                   = 1
2582  read(3, " ", 1)                   = 1
2582  read(3, "<", 1)                   = 1
2582  read(3, ".", 1)                   = 1
2582  read(3, ".", 1)                   = 1
2582  read(3, ".", 1)                   = 1
2582  read(3, " ", 1)                   = 1
2582  read(3, "r", 1)                   = 1
2582  read(3, "e", 1)                   = 1
2582  read(3, "a", 1)                   = 1
2582  read(3, "d", 1)                   = 1
2582  read(3, " ", 1)                   = 1
2582  read(3, "r", 1)                   = 1
2582  read(3, "e", 1)                   = 1
2582  read(3, "s", 1)                   = 1
2582  read(3, "u", 1)                   = 1
2582  read(3, "m", 1)                   = 1
2582  read(3, "e", 1)                   = 1
2582  read(3, "d", 1)                   = 1
2582  read(3, ">", 1)                   = 1
2582  read(3, "\"", 1)                  = 1
2582  read(3, "a", 1)                   = 1
2582  read(3, "l", 1)                   = 1
2582  read(3, "l", 1)                   = 1
2582  read(3, ":", 1)                   = 1
2582  read(3, " ", 1)                   = 1
2582  read(3, "e", 1)                   = 1
2582  read(3, "n", 1)                   = 1
2582  read(3, "c", 1)                   = 1
2582  read(3, "d", 1)                   = 1
2582  read(3, "r", 1)                   = 1
2582  read(3, "v", 1)                   = 1
2582  read(3, " ", 1)                   = 1
2582  read(3, "e", 1)                   = 1
2582  read(3, "n", 1)                   = 1
2582  read(3, "c", 1)                   = 1
2582  read(3, "r", 1)                   = 1
2582  read(3, "y", 1)                   = 1
2582  read(3, "p", 1)                   = 1
2582  read(3, "t", 1)                   = 1
2582  read(3, " ", 1)                   = 1
2582  read(3, "d", 1)                   = 1
2582  read(3, "e", 1)                   = 1
2582  read(3, "c", 1)                   = 1
2582  read(3, "r", 1)                   = 1
2582  read(3, "y", 1)                   = 1
2582  read(3, "p", 1)                   = 1
2582  read(3, "t", 1)                   = 1
2582  read(3, "\\", 1)                  = 1
2582  read(3, "n", 1)                   = 1
2582  read(3, "\\", 1)                  = 1
2582  read(3, "n", 1)                   = 1
2582  read(3, "e", 1)                   = 1
2582  read(3, "n", 1)                   = 1
2582  read(3, "c", 1)                   = 1
2582  read(3, "\"", 1)                  = 1
2582  read(3, ".", 1)                   = 1
2582  read(3, ".", 1)                   = 1
2582  read(3, ".", 1)                   = 1
2582  read(3, ",", 1)                   = 1
2582  read(3, " ", 1)                   = 1
2582  read(3, "1", 1)                   = 1
2582  read(3, "2", 1)                   = 1
2582  read(3, "8", 1)                   = 1
2582  read(3, ")", 1)                   = 1
2582  read(3, " ", 1)                   = 1
2582  read(3, "=", 1)                   = 1
2582  read(3, " ", 1)                   = 1
2582  read(3, "1", 1)                   = 1
2582  read(3, "2", 1)                   = 1
2582  read(3, "8", 1)                   = 1
2582  read(3, "\n", 1)                  = 1
2582  write(6, "77\n", 3)               = 3
2582  write(6, "372474 <... read resumed>\"all: e"..., 77) = 77
2582  read(3, "3", 1)                   = 1
2582  read(3, "7", 1)                   = 1
2582  read(3, "2", 1)                   = 1
2582  read(3, "4", 1)                   = 1
2582  read(3, "7", 1)                   = 1
2582  read(3, "5", 1)                   = 1
2582  read(3, " ", 1)                   = 1
2582  read(3, "<", 1)                   = 1
2582  read(3, ".", 1)                   = 1
2582  read(3, ".", 1)                   = 1
2582  read(3, ".", 1)                   = 1
2582  read(3, " ", 1)                   = 1
2582  read(3, "c", 1)                   = 1
2582  read(3, "l", 1)                   = 1
2582  read(3, "o", 1)                   = 1
2582  read(3, "s", 1)                   = 1
2582  read(3, "e", 1)                   = 1
2582  read(3, " ", 1)                   = 1
2582  read(3, "r", 1)                   = 1
2582  read(3, "e", 1)                   = 1
2582  read(3, "s", 1)                   = 1
2582  read(3, "u", 1)                   = 1
2582  read(3, "m", 1)                   = 1
2582  read(3, "e", 1)                   = 1
2582  read(3, "d", 1)                   = 1
2582  read(3, ">", 1)                   = 1
2582  read(3, ")", 1)                   = 1
2582  read(3, " ", 1)                   = 1
2582  read(3, " ", 1)                   = 1
2582  read(3, " ", 1)                   = 1
2582  read(3, " ", 1)                   = 1
2582  read(3, " ", 1)                   = 1
2582  read(3, " ", 1)                   = 1
2582  read(3, " ", 1)                   = 1
2582  read(3, " ", 1)                   = 1
2582  read(3, " ", 1)                   = 1
2582  read(3, " ", 1)                   = 1
2582  read(3, " ", 1)                   = 1
2582  read(3, " ", 1)                   = 1
2582  read(3, " ", 1)                   = 1
2582  read(3, "=", 1)                   = 1
2582  read(3, " ", 1)                   = 1
2582  read(3, "0", 1)                   = 1
2582  read(3, "\n", 1)                  = 1
2582  write(6, "44\n", 3)               = 3
2582  write(6, "372475 <... close resumed>)     "..., 44) = 44
2582  read(3, "3", 1)                   = 1
2582  read(3, "7", 1)                   = 1
2582  read(3, "2", 1)                   = 1
2582  read(3, "4", 1)                   = 1
2582  read(3, "7", 1)                   = 1
2582  read(3, "4", 1)                   = 1
2582  read(3, " ", 1)                   = 1
2582  read(3, "w", 1)                   = 1
2582  read(3, "r", 1)                   = 1
2582  read(3, "i", 1)                   = 1
2582  read(3, "t", 1)                   = 1
2582  read(3, "e", 1)                   = 1
2582  read(3, "(", 1)                   = 1
2582  read(3, "6", 1)                   = 1
2582  read(3, ",", 1)                   = 1
2582  read(3, " ", 1)                   = 1
2582  read(3, "\"", 1)                  = 1
2582  read(3, "2", 1)                   = 1
2582  read(3, "8", 1)                   = 1
2582  read(3, "\\", 1)                  = 1
2582  read(3, "n", 1)                   = 1
2582  read(3, "\"", 1)                  = 1
2582  read(3, ",", 1)                   = 1
2582  read(3, " ", 1)                   = 1
2582  read(3, "3", 1)                   = 1
2582  read(3, ")", 1)                   = 1
2582  read(3, " ", 1)                   = 1
2582  read(3, " ", 1)                   = 1
2582  read(3, " ", 1)                   = 1
2582  read(3, " ", 1)                   = 1
2582  read(3, " ", 1)                   = 1
2582  read(3, " ", 1)                   = 1
2582  read(3, " ", 1)                   = 1
2582  read(3, " ", 1)                   = 1
2582  read(3, " ", 1)                   = 1
2582  read(3, " ", 1)                   = 1
2582  read(3, " ", 1)                   = 1
2582  read(3, " ", 1)                   = 1
2582  read(3, " ", 1)                   = 1
2582  read(3, " ", 1)                   = 1
2582  read(3, "=", 1)                   = 1
2582  read(3, " ", 1)                   = 1
2582  read(3, "3", 1)                   = 1
2582  read(3, "\n", 1)                  = 1
2582  write(6, "44\n", 3)               = 3
2582  write(6, "372474 write(6, \"28\\n\", 3)      "..., 44) = 44
2582  read(3, "3", 1)                   = 1
2582  read(3, "7", 1)                   = 1
2582  read(3, "2", 1)                   = 1
2582  read(3, "4", 1)                   = 1
2582  read(3, "7", 1)                   = 1
2582  read(3, "4", 1)                   = 1
2582  read(3, " ", 1)                   = 1
2582  read(3, "w", 1)                   = 1
2582  read(3, "r", 1)                   = 1
2582  read(3, "i", 1)                   = 1
2582  read(3, "t", 1)                   = 1
2582  read(3, "e", 1)                   = 1
2582  read(3, "(", 1)                   = 1
2582  read(3, "6", 1)                   = 1
2582  read(3, ",", 1)                   = 1
2582  read(3, " ", 1)                   = 1
2582  read(3, "\"", 1)                  = 1
2582  read(3, "a", 1)                   = 1
2582  read(3, "l", 1)                   = 1
2582  read(3, "l", 1)                   = 1
2582  read(3, ":", 1)                   = 1
2582  read(3, " ", 1)                   = 1
2582  read(3, "e", 1)                   = 1
2582  read(3, "n", 1)                   = 1
2582  read(3, "c", 1)                   = 1
2582  read(3, "d", 1)                   = 1
2582  read(3, "r", 1)                   = 1
2582  read(3, "v", 1)                   = 1
2582  read(3, " ", 1)                   = 1
2582  read(3, "e", 1)                   = 1
2582  read(3, "n", 1)                   = 1
2582  read(3, "c", 1)                   = 1
2582  read(3, "r", 1)                   = 1
2582  read(3, "y", 1)                   = 1
2582  read(3, "p", 1)                   = 1
2582  read(3, "t", 1)                   = 1
2582  read(3, " ", 1)                   = 1
2582  read(3, "d", 1)                   = 1
2582  read(3, "e", 1)                   = 1
2582  read(3, "c", 1)                   = 1
2582  read(3, "r", 1)                   = 1
2582  read(3, "y", 1)                   = 1
2582  read(3, "p", 1)                   = 1
2582  read(3, "t", 1)                   = 1
2582  read(3, "\\", 1)                  = 1
2582  read(3, "n", 1)                   = 1
2582  read(3, "\"", 1)                  = 1
2582  read(3, ",", 1)                   = 1
2582  read(3, " ", 1)                   = 1
2582  read(3, "2", 1)                   = 1
2582  read(3, "8", 1)                   = 1
2582  read(3, " ", 1)                   = 1
2582  read(3, "<", 1)                   = 1
2582  read(3, "u", 1)                   = 1
2582  read(3, "n", 1)                   = 1
2582  read(3, "f", 1)                   = 1
2582  read(3, "i", 1)                   = 1
2582  read(3, "n", 1)                   = 1
2582  read(3, "i", 1)                   = 1
2582  read(3, "s", 1)                   = 1
2582  read(3, "h", 1)                   = 1
2582  read(3, "e", 1)                   = 1
2582  read(3, "d", 1)                   = 1
2582  read(3, " ", 1)                   = 1
2582  read(3, ".", 1)                   = 1
2582  read(3, ".", 1)                   = 1
2582  read(3, ".", 1)                   = 1
2582  read(3, ">", 1)                   = 1
2582  read(3, "\n", 1)                  = 1
2582  write(6, "69\n", 3)               = 3
2582  write(6, "372474 write(6, \"all: encdrv enc"..., 69) = 69
2582  read(3, "3", 1)                   = 1
2582  read(3, "7", 1)                   = 1
2582  read(3, "2", 1)                   = 1
2582  read(3, "4", 1)                   = 1
2582  read(3, "7", 1)                   = 1
2582  read(3, "5", 1)                   = 1
2582  read(3, " ", 1)                   = 1
2582  read(3, "c", 1)                   = 1
2582  read(3, "l", 1)                   = 1
2582  read(3, "o", 1)                   = 1
2582  read(3, "s", 1)                   = 1
2582  read(3, "e", 1)                   = 1
2582  read(3, "(", 1)                   = 1
2582  read(3, "7", 1)                   = 1
2582  read(3, " ", 1)                   = 1
2582  read(3, "<", 1)                   = 1
2582  read(3, "u", 1)                   = 1
2582  read(3, "n", 1)                   = 1
2582  read(3, "f", 1)                   = 1
2582  read(3, "i", 1)                   = 1
2582  read(3, "n", 1)                   = 1
2582  read(3, "i", 1)                   = 1
2582  read(3, "s", 1)                   = 1
2582  read(3, "h", 1)                   = 1
2582  read(3, "e", 1)                   = 1
2582  read(3, "d", 1)                   = 1
2582  read(3, " ", 1)                   = 1
2582  read(3, ".", 1)                   = 1
2582  read(3, ".", 1)                   = 1
2582  read(3, ".", 1)                   = 1
2582  read(3, ">", 1)                   = 1
2582  read(3, "\n", 1)                  = 1
2582  write(6, "32\n", 3)               = 3
2582  write(6, "372475 close(7 <unfinished ...>\n", 32) = 32
2582  read(3, "3", 1)                   = 1
2582  read(3, "7", 1)                   = 1
2582  read(3, "2", 1)                   = 1
2582  read(3, "4", 1)                   = 1
2582  read(3, "7", 1)                   = 1
2582  read(3, "4", 1)                   = 1
2582  read(3, " ", 1)                   = 1
2582  read(3, "<", 1)                   = 1
2582  read(3, ".", 1)                   = 1
2582  read(3, ".", 1)                   = 1
2582  read(3, ".", 1)                   = 1
2582  read(3, " ", 1)                   = 1
2582  read(3, "w", 1)                   = 1
2582  read(3, "r", 1)                   = 1
2582  read(3, "i", 1)                   = 1
2582  read(3, "t", 1)                   = 1
2582  read(3, "e", 1)                   = 1
2582  read(3, " ", 1)                   = 1
2582  read(3, "r", 1)                   = 1
2582  read(3, "e", 1)                   = 1
2582  read(3, "s", 1)                   = 1
2582  read(3, "u", 1)                   = 1
2582  read(3, "m", 1)                   = 1
2582  read(3, "e", 1)                   = 1
2582  read(3, "d", 1)                   = 1
2582  read(3, ">", 1)                   = 1
2582  read(3, ")", 1)                   = 1
2582  read(3, " ", 1)                   = 1
2582  read(3, " ", 1)                   = 1
2582  read(3, " ", 1)                   = 1
2582  read(3, " ", 1)                   = 1
2582  read(3, " ", 1)                   = 1
2582  read(3, " ", 1)                   = 1
2582  read(3, " ", 1)                   = 1
2582  read(3, " ", 1)                   = 1
2582  read(3, " ", 1)                   = 1
2582  read(3, " ", 1)                   = 1
2582  read(3, " ", 1)                   = 1
2582  read(3, " ", 1)                   = 1
2582  read(3, " ", 1)                   = 1
2582  read(3, "=", 1)                   = 1
2582  read(3, " ", 1)                   = 1
2582  read(3, "2", 1)                   = 1
2582  read(3, "8", 1)                   = 1
2582  read(3, "\n", 1)                  = 1
2582  write(6, "45\n", 3)               = 3
2582  write(6, "372474 <... write resumed>)     "..., 45) = 45
2582  read(3, "3", 1)                   = 1
2582  read(3, "7", 1)                   = 1
2582  read(3, "2", 1)                   = 1
2582  read(3, "4", 1)                   = 1
2582  read(3, "7", 1)                   = 1
2582  read(3, "5", 1)                   = 1
2582  read(3, " ", 1)                   = 1
2582  read(3, "<", 1)                   = 1
2582  read(3, ".", 1)                   = 1
2582  read(3, ".", 1)                   = 1
2582  read(3, ".", 1)                   = 1
2582  read(3, " ", 1)                   = 1
2582  read(3, "c", 1)                   = 1
2582  read(3, "l", 1)                   = 1
2582  read(3, "o", 1)                   = 1
2582  read(3, "s", 1)                   = 1
2582  read(3, "e", 1)                   = 1
2582  read(3, " ", 1)                   = 1
2582  read(3, "r", 1)                   = 1
2582  read(3, "e", 1)                   = 1
2582  read(3, "s", 1)                   = 1
2582  read(3, "u", 1)                   = 1
2582  read(3, "m", 1)                   = 1
2582  read(3, "e", 1)                   = 1
2582  read(3, "d", 1)                   = 1
2582  read(3, ">", 1)                   = 1
2582  read(3, ")", 1)                   = 1
2582  read(3, " ", 1)                   = 1
2582  read(3, " ", 1)                   = 1
2582  read(3, " ", 1)                   = 1
2582  read(3, " ", 1)                   = 1
2582  read(3, " ", 1)                   = 1
2582  read(3, " ", 1)                   = 1
2582  read(3, " ", 1)                   = 1
2582  read(3, " ", 1)                   = 1
2582  read(3, " ", 1)                   = 1
2582  read(3, " ", 1)                   = 1
2582  read(3, " ", 1)                   = 1
2582  read(3, " ", 1)                   = 1
2582  read(3, " ", 1)                   = 1
2582  read(3, "=", 1)                   = 1
2582  read(3, " ", 1)                   = 1
2582  read(3, "0", 1)                   = 1
2582  read(3, "\n", 1)                  = 1
2582  write(6, "44\n", 3)               = 3
2582  write(6, "372475 <... close resumed>)     "..., 44) = 44
2582  read(3, "3", 1)                   = 1
2582  read(3, "7", 1)                   = 1
2582  read(3, "2", 1)                   = 1
2582  read(3, "4", 1)                   = 1
2582  read(3, "7", 1)                   = 1
2582  read(3, "4", 1)                   = 1
2582  read(3, " ", 1)                   = 1
2582  read(3, "r", 1)                   = 1
2582  read(3, "e", 1)                   = 1
2582  read(3, "a", 1)                   = 1
2582  read(3, "d", 1)                   = 1
2582  read(3, "(", 1)                   = 1
2582  read(3, "7", 1)                   = 1
2582  read(3, ",", 1)                   = 1
2582  read(3, " ", 1)                   = 1
2582  read(3, " ", 1)                   = 1
2582  read(3, "<", 1)                   = 1
2582  read(3, "u", 1)                   = 1
2582  read(3, "n", 1)                   = 1
2582  read(3, "f", 1)                   = 1
2582  read(3, "i", 1)                   = 1
2582  read(3, "n", 1)                   = 1
2582  read(3, "i", 1)                   = 1
2582  read(3, "s", 1)                   = 1
2582  read(3, "h", 1)                   = 1
2582  read(3, "e", 1)                   = 1
2582  read(3, "d", 1)                   = 1
2582  read(3, " ", 1)                   = 1
2582  read(3, ".", 1)                   = 1
2582  read(3, ".", 1)                   = 1
2582  read(3, ".", 1)                   = 1
2582  read(3, ">", 1)                   = 1
2582  read(3, "\n", 1)                  = 1
2582  write(6, "33\n", 3)               = 3
2582  write(6, "372474 read(7,  <unfinished ...>"..., 33) = 33
2582  read(3, "3", 1)                   = 1
2582  read(3, "7", 1)                   = 1
2582  read(3, "2", 1)                   = 1
2582  read(3, "4", 1)                   = 1
2582  read(3, "7", 1)                   = 1
2582  read(3, "5", 1)                   = 1
2582  read(3, " ", 1)                   = 1
2582  read(3, "c", 1)                   = 1
2582  read(3, "l", 1)                   = 1
2582  read(3, "o", 1)                   = 1
2582  read(3, "s", 1)                   = 1
2582  read(3, "e", 1)                   = 1
2582  read(3, "(", 1)                   = 1
2582  read(3, "0", 1)                   = 1
2582  read(3, ")", 1)                   = 1
2582  read(3, " ", 1)                   = 1
2582  read(3, " ", 1)                   = 1
2582  read(3, " ", 1)                   = 1
2582  read(3, " ", 1)                   = 1
2582  read(3, " ", 1)                   = 1
2582  read(3, " ", 1)                   = 1
2582  read(3, " ", 1)                   = 1
2582  read(3, " ", 1)                   = 1
2582  read(3, " ", 1)                   = 1
2582  read(3, " ", 1)                   = 1
2582  read(3, " ", 1)                   = 1
2582  read(3, " ", 1)                   = 1
2582  read(3, " ", 1)                   = 1
2582  read(3, " ", 1)                   = 1
2582  read(3, " ", 1)                   = 1
2582  read(3, " ", 1)                   = 1
2582  read(3, " ", 1)                   = 1
2582  read(3, " ", 1)                   = 1
2582  read(3, " ", 1)                   = 1
2582  read(3, " ", 1)                   = 1
2582  read(3, " ", 1)                   = 1
2582  read(3, " ", 1)                   = 1
2582  read(3, " ", 1)                   = 1
2582  read(3, " ", 1)                   = 1
2582  read(3, " ", 1)                   = 1
2582  read(3, "=", 1)                   = 1
2582  read(3, " ", 1)                   = 1
2582  read(3, "0", 1)                   = 1
2582  read(3, "\n", 1)                  = 1
2582  write(6, "44\n", 3)               = 3
2582  write(6, "372475 close(0)                 "..., 44) = 44
2582  read(3, "3", 1)                   = 1
2582  read(3, "7", 1)                   = 1
2582  read(3, "2", 1)                   = 1
2582  read(3, "4", 1)                   = 1
2582  read(3, "7", 1)                   = 1
2582  read(3, "5", 1)                   = 1
2582  read(3, " ", 1)                   = 1
2582  read(3, "d", 1)                   = 1
2582  read(3, "u", 1)                   = 1
2582  read(3, "p", 1)                   = 1
2582  read(3, "(", 1)                   = 1
2582  read(3, "5", 1)                   = 1
2582  read(3, ")", 1)                   = 1
2582  read(3, " ", 1)                   = 1
2582  read(3, " ", 1)                   = 1
2582  read(3, " ", 1)                   = 1
2582  read(3, " ", 1)                   = 1
2582  read(3, " ", 1)                   = 1
2582  read(3, " ", 1)                   = 1
2582  read(3, " ", 1)                   = 1
2582  read(3, " ", 1)                   = 1
2582  read(3, " ", 1)                   = 1
2582  read(3, " ", 1)                   = 1
2582  read(3, " ", 1)                   = 1
2582  read(3, " ", 1)                   = 1
2582  read(3, " ", 1)                   = 1
2582  read(3, " ", 1)                   = 1
2582  read(3, " ", 1)                   = 1
2582  read(3, " ", 1)                   = 1
2582  read(3, " ", 1)                   = 1
2582  read(3, " ", 1)                   = 1
2582  read(3, " ", 1)                   = 1
2582  read(3, " ", 1)                   = 1
2582  read(3, " ", 1)                   = 1
2582  read(3, " ", 1)                   = 1
2582  read(3, " ", 1)                   = 1
2582  read(3, " ", 1)                   = 1
2582  read(3, " ", 1)                   = 1
2582  read(3, " ", 1)                   = 1
2582  read(3, " ", 1)                   = 1
2582  read(3, "=", 1)                   = 1
2582  read(3, " ", 1)                   = 1
2582  read(3, "0", 1)                   = 1
2582  read(3, "\n", 1)                  = 1
2582  write(6, "44\n", 3)               = 3
2582  write(6, "372475 dup(5)                   "..., 44) = 44
2582  read(3, "3", 1)                   = 1
2582  read(3, "7", 1)                   = 1
2582  read(3, "2", 1)                   = 1
2582  read(3, "4", 1)                   = 1
2582  read(3, "7", 1)                   = 1
2582  read(3, "5", 1)                   = 1
2582  read(3, " ", 1)                   = 1
2582  read(3, "c", 1)                   = 1
2582  read(3, "l", 1)                   = 1
2582  read(3, "o", 1)                   = 1
2582  read(3, "s", 1)                   = 1
2582  read(3, "e", 1)                   = 1
2582  read(3, "(", 1)                   = 1
2582  read(3, "1", 1)                   = 1
2582  read(3, ")", 1)                   = 1
2582  read(3, " ", 1)                   = 1
2582  read(3, " ", 1)                   = 1
2582  read(3, " ", 1)                   = 1
2582  read(3, " ", 1)                   = 1
2582  read(3, " ", 1)                   = 1
2582  read(3, " ", 1)                   = 1
2582  read(3, " ", 1)                   = 1
2582  read(3, " ", 1)                   = 1
2582  read(3, " ", 1)                   = 1
2582  read(3, " ", 1)                   = 1
2582  read(3, " ", 1)                   = 1
2582  read(3, " ", 1)                   = 1
2582  read(3, " ", 1)                   = 1
2582  read(3, " ", 1)                   = 1
2582  read(3, " ", 1)                   = 1
2582  read(3, " ", 1)                   = 1
2582  read(3, " ", 1)                   = 1
2582  read(3, " ", 1)                   = 1
2582  read(3, " ", 1)                   = 1
2582  read(3, " ", 1)                   = 1
2582  read(3, " ", 1)                   = 1
2582  read(3, " ", 1)                   = 1
2582  read(3, " ", 1)                   = 1
2582  read(3, " ", 1)                   = 1
2582  read(3, " ", 1)                   = 1
2582  read(3, "=", 1)                   = 1
2582  read(3, " ", 1)                   = 1
2582  read(3, "0", 1)                   = 1
2582  read(3, "\n", 1)                  = 1
2582  write(6, "44\n", 3)               = 3
2582  write(6, "372475 close(1)                 "..., 44) = 44
2582  read(3, "3", 1)                   = 1
2582  read(3, "7", 1)                   = 1
2582  read(3, "2", 1)                   = 1
2582  read(3, "4", 1)                   = 1
2582  read(3, "7", 1)                   = 1
2582  read(3, "5", 1)                   = 1
2582  read(3, " ", 1)                   = 1
2582  read(3, "d", 1)                   = 1
2582  read(3, "u", 1)                   = 1
2582  read(3, "p", 1)                   = 1
2582  read(3, "(", 1)                   = 1
2582  read(3, "8", 1)                   = 1
2582  read(3, ")", 1)                   = 1
2582  read(3, " ", 1)                   = 1
2582  read(3, " ", 1)                   = 1
2582  read(3, " ", 1)                   = 1
2582  read(3, " ", 1)                   = 1
2582  read(3, " ", 1)                   = 1
2582  read(3, " ", 1)                   = 1
2582  read(3, " ", 1)                   = 1
2582  read(3, " ", 1)                   = 1
2582  read(3, " ", 1)                   = 1
2582  read(3, " ", 1)                   = 1
2582  read(3, " ", 1)                   = 1
2582  read(3, " ", 1)                   = 1
2582  read(3, " ", 1)                   = 1
2582  read(3, " ", 1)                   = 1
2582  read(3, " ", 1)                   = 1
2582  read(3, " ", 1)                   = 1
2582  read(3, " ", 1)                   = 1
2582  read(3, " ", 1)                   = 1
2582  read(3, " ", 1)                   = 1
2582  read(3, " ", 1)                   = 1
2582  read(3, " ", 1)                   = 1
2582  read(3, " ", 1)                   = 1
2582  read(3, " ", 1)                   = 1
2582  read(3, " ", 1)                   = 1
2582  read(3, " ", 1)                   = 1
2582  read(3, " ", 1)                   = 1
2582  read(3, " ", 1)                   = 1
2582  read(3, "=", 1)                   = 1
2582  read(3, " ", 1)                   = 1
2582  read(3, "1", 1)                   = 1
2582  read(3, "\n", 1)                  = 1
2582  write(6, "44\n", 3)               = 3
2582  write(6, "372475 dup(8)                   "..., 44) = 44
2582  read(3, "3", 1)                   = 1
2582  read(3, "7", 1)                   = 1
2582  read(3, "2", 1)                   = 1
2582  read(3, "4", 1)                   = 1
2582  read(3, "7", 1)                   = 1
2582  read(3, "5", 1)                   = 1
2582  read(3, " ", 1)                   = 1
2582  read(3, "e", 1)                   = 1
2582  read(3, "x", 1)                   = 1
2582  read(3, "e", 1)                   = 1
2582  read(3, "c", 1)                   = 1
2582  read(3, "v", 1)                   = 1
2582  read(3, "e", 1)                   = 1
2582  read(3, "(", 1)                   = 1
2582  read(3, "\"", 1)                  = 1
2582  read(3, ".", 1)                   = 1
2582  read(3, "/", 1)                   = 1
2582  read(3, "e", 1)                   = 1
2582  read(3, "n", 1)                   = 1
2582  read(3, "c", 1)                   = 1
2582  read(3, "r", 1)                   = 1
2582  read(3, "y", 1)                   = 1
2582  read(3, "p", 1)                   = 1
2582  read(3, "t", 1)                   = 1
2582  read(3, "\"", 1)                  = 1
2582  read(3, ",", 1)                   = 1
2582  read(3, " ", 1)                   = 1
2582  read(3, "[", 1)                   = 1
2582  read(3, "\"", 1)                  = 1
2582  read(3, "e", 1)                   = 1
2582  read(3, "n", 1)                   = 1
2582  read(3, "c", 1)                   = 1
2582  read(3, "r", 1)                   = 1
2582  read(3, "y", 1)                   = 1
2582  read(3, "p", 1)                   = 1
2582  read(3, "t", 1)                   = 1
2582  read(3, "\"", 1)                  = 1
2582  read(3, "]", 1)                   = 1
2582  read(3, ",", 1)                   = 1
2582  read(3, " ", 1)                   = 1
2582  read(3, "0", 1)                   = 1
2582  read(3, "x", 1)                   = 1
2582  read(3, "7", 1)                   = 1
2582  read(3, "f", 1)                   = 1
2582  read(3, "f", 1)                   = 1
2582  read(3, "d", 1)                   = 1
2582  read(3, "d", 1)                   = 1
2582  read(3, "d", 1)                   = 1
2582  read(3, "9", 1)                   = 1
2582  read(3, "3", 1)                   = 1
2582  read(3, "7", 1)                   = 1
2582  read(3, "8", 1)                   = 1
2582  read(3, "6", 1)                   = 1
2582  read(3, "8", 1)                   = 1
2582  read(3, " ", 1)                   = 1
2582  read(3, "/", 1)                   = 1
2582  read(3, "*", 1)                   = 1
2582  read(3, " ", 1)                   = 1
2582  read(3, "5", 1)                   = 1
2582  read(3, "1", 1)                   = 1
2582  read(3, " ", 1)                   = 1
2582  read(3, "v", 1)                   = 1
2582  read(3, "a", 1)                   = 1
2582  read(3, "r", 1)                   = 1
2582  read(3, "s", 1)                   = 1
2582  read(3, " ", 1)                   = 1
2582  read(3, "*", 1)                   = 1
2582  read(3, "/", 1)                   = 1
2582  read(3, ")", 1)                   = 1
2582  read(3, " ", 1)                   = 1
2582  read(3, "=", 1)                   = 1
2582  read(3, " ", 1)                   = 1
2582  read(3, "0", 1)                   = 1
2582  read(3, "\n", 1)                  = 1
2582  write(6, "74\n", 3)               = 3
2582  write(6, "372475 execve(\"./encrypt\", [\"enc"..., 74) = 74
2582  read(3, "3", 1)                   = 1
2582  read(3, "7", 1)                   = 1
2582  read(3, "2", 1)                   = 1
2582  read(3, "4", 1)                   = 1
2582  read(3, "7", 1)                   = 1
2582  read(3, "5", 1)                   = 1
2582  read(3, " ", 1)                   = 1
2582  read(3, "b", 1)                   = 1
2582  read(3, "r", 1)                   = 1
2582  read(3, "k", 1)                   = 1
2582  read(3, "(", 1)                   = 1
2582  read(3, "N", 1)                   = 1
2582  read(3, "U", 1)                   = 1
2582  read(3, "L", 1)                   = 1
2582  read(3, "L", 1)                   = 1
2582  read(3, ")", 1)                   = 1
2582  read(3, " ", 1)                   = 1
2582  read(3, " ", 1)                   = 1
2582  read(3, " ", 1)                   = 1
2582  read(3, " ", 1)                   = 1
2582  read(3, " ", 1)                   = 1
2582  read(3, " ", 1)                   = 1
2582  read(3, " ", 1)                   = 1
2582  read(3, " ", 1)                   = 1
2582  read(3, " ", 1)                   = 1
2582  read(3, " ", 1)                   = 1
2582  read(3, " ", 1)                   = 1
2582  read(3, " ", 1)                   = 1
2582  read(3, " ", 1)                   = 1
2582  read(3, " ", 1)                   = 1
2582  read(3, " ", 1)                   = 1
2582  read(3, " ", 1)                   = 1
2582  read(3, " ", 1)                   = 1
2582  read(3, " ", 1)                   = 1
2582  read(3, " ", 1)                   = 1
2582  read(3, " ", 1)                   = 1
2582  read(3, " ", 1)                   = 1
2582  read(3, " ", 1)                   = 1
2582  read(3, " ", 1)                   = 1
2582  read(3, " ", 1)                   = 1
2582  read(3, "=", 1)                   = 1
2582  read(3, " ", 1)                   = 1
2582  read(3, "0", 1)                   = 1
2582  read(3, "x", 1)                   = 1
2582  read(3, "5", 1)                   = 1
2582  read(3, "5", 1)                   = 1
2582  read(3, "8", 1)                   = 1
2582  read(3, "0", 1)                   = 1
2582  read(3, "d", 1)                   = 1
2582  read(3, "b", 1)                   = 1
2582  read(3, "f", 1)                   = 1
2582  read(3, "1", 1)                   = 1
2582  read(3, "a", 1)                   = 1
2582  read(3, "0", 1)                   = 1
2582  read(3, "0", 1)                   = 1
2582  read(3, "0", 1)                   = 1
2582  read(3, "\n", 1)                  = 1
2582  write(6, "57\n", 3)               = 3
2582  write(6, "372475 brk(NULL)                "..., 57) = 57
2582  read(3, "3", 1)                   = 1
2582  read(3, "7", 1)                   = 1
2582  read(3, "2", 1)                   = 1
2582  read(3, "4", 1)                   = 1
2582  read(3, "7", 1)                   = 1
2582  read(3, "5", 1)                   = 1
2582  read(3, " ", 1)                   = 1
2582  read(3, "a", 1)                   = 1
2582  read(3, "r", 1)                   = 1
2582  read(3, "c", 1)                   = 1
2582  read(3, "h", 1)                   = 1
2582  read(3, "_", 1)                   = 1
2582  read(3, "p", 1)                   = 1
2582  read(3, "r", 1)                   = 1
2582  read(3, "c", 1)                   = 1
2582  read(3, "t", 1)                   = 1
2582  read(3, "l", 1)                   = 1
2582  read(3, "(", 1)                   = 1
2582  read(3, "0", 1)                   = 1
2582  read(3, "x", 1)                   = 1
2582  read(3, "3", 1)                   = 1
2582  read(3, "0", 1)                   = 1
2582  read(3, "0", 1)                   = 1
2582  read(3, "1", 1)                   = 1
2582  read(3, " ", 1)                   = 1
2582  read(3, "/", 1)                   = 1
2582  read(3, "*", 1)                   = 1
2582  read(3, " ", 1)                   = 1
2582  read(3, "A", 1)                   = 1
2582  read(3, "R", 1)                   = 1
2582  read(3, "C", 1)                   = 1
2582  read(3, "H", 1)                   = 1
2582  read(3, "_", 1)                   = 1
2582  read(3, "?", 1)                   = 1
2582  read(3, "?", 1)                   = 1
2582  read(3, "?", 1)                   = 1
2582  read(3, " ", 1)                   = 1
2582  read(3, "*", 1)                   = 1
2582  read(3, "/", 1)                   = 1
2582  read(3, ",", 1)                   = 1
2582  read(3, " ", 1)                   = 1
2582  read(3, "0", 1)                   = 1
2582  read(3, "x", 1)                   = 1
2582  read(3, "7", 1)                   = 1
2582  read(3, "f", 1)                   = 1
2582  read(3, "f", 1)                   = 1
2582  read(3, "c", 1)                   = 1
2582  read(3, "f", 1)                   = 1
2582  read(3, "2", 1)                   = 1
2582  read(3, "a", 1)                   = 1
2582  read(3, "a", 1)                   = 1
2582  read(3, "3", 1)                   = 1
2582  read(3, "2", 1)                   = 1
2582  read(3, "5", 1)                   = 1
2582  read(3, "0", 1)                   = 1
2582  read(3, ")", 1)                   = 1
2582  read(3, " ", 1)                   = 1
2582  read(3, "=", 1)                   = 1
2582  read(3, " ", 1)                   = 1
2582  read(3, "-", 1)                   = 1
2582  read(3, "1", 1)                   = 1
2582  read(3, " ", 1)                   = 1
2582  read(3, "E", 1)                   = 1
2582  read(3, "I", 1)                   = 1
2582  read(3, "N", 1)                   = 1
2582  read(3, "V", 1)                   = 1
2582  read(3, "A", 1)                   = 1
2582  read(3, "L", 1)                   = 1
2582  read(3, " ", 1)                   = 1
2582  read(3, "(", 1)                   = 1
2582  read(3, "I", 1)                   = 1
2582  read(3, "n", 1)                   = 1
2582  read(3, "v", 1)                   = 1
2582  read(3, "a", 1)                   = 1
2582  read(3, "l", 1)                   = 1
2582  read(3, "i", 1)                   = 1
2582  read(3, "d", 1)                   = 1
2582  read(3, " ", 1)                   = 1
2582  read(3, "a", 1)                   = 1
2582  read(3, "r", 1)                   = 1
2582  read(3, "g", 1)                   = 1
2582  read(3, "u", 1)                   = 1
2582  read(3, "m", 1)                   = 1
2582  read(3, "e", 1)                   = 1
2582  read(3, "n", 1)                   = 1
2582  read(3, "t", 1)                   = 1
2582  read(3, ")", 1)                   = 1
2582  read(3, "\n", 1)                  = 1
2582  write(6, "88\n", 3)               = 3
2582  write(6, "372475 arch_prctl(0x3001 /* ARCH"..., 88) = 88
2582  read(3, "3", 1)                   = 1
2582  read(3, "7", 1)                   = 1
2582  read(3, "2", 1)                   = 1
2582  read(3, "4", 1)                   = 1
2582  read(3, "7", 1)                   = 1
2582  read(3, "5", 1)                   = 1
2582  read(3, " ", 1)                   = 1
2582  read(3, "a", 1)                   = 1
2582  read(3, "c", 1)                   = 1
2582  read(3, "c", 1)                   = 1
2582  read(3, "e", 1)                   = 1
2582  read(3, "s", 1)                   = 1
2582  read(3, "s", 1)                   = 1
2582  read(3, "(", 1)                   = 1
2582  read(3, "\"", 1)                  = 1
2582  read(3, "/", 1)                   = 1
2582  read(3, "e", 1)                   = 1
2582  read(3, "t", 1)                   = 1
2582  read(3, "c", 1)                   = 1
2582  read(3, "/", 1)                   = 1
2582  read(3, "l", 1)                   = 1
2582  read(3, "d", 1)                   = 1
2582  read(3, ".", 1)                   = 1
2582  read(3, "s", 1)                   = 1
2582  read(3, "o", 1)                   = 1
2582  read(3, ".", 1)                   = 1
2582  read(3, "p", 1)                   = 1
2582  read(3, "r", 1)                   = 1
2582  read(3, "e", 1)                   = 1
2582  read(3, "l", 1)                   = 1
2582  read(3, "o", 1)                   = 1
2582  read(3, "a", 1)                   = 1
2582  read(3, "d", 1)                   = 1
2582  read(3, "\"", 1)                  = 1
2582  read(3, ",", 1)                   = 1
2582  read(3, " ", 1)                   = 1
2582  read(3, "R", 1)                   = 1
2582  read(3, "_", 1)                   = 1
2582  read(3, "O", 1)                   = 1
2582  read(3, "K", 1)                   = 1
2582  read(3, ")", 1)                   = 1
2582  read(3, " ", 1)                   = 1
2582  read(3, "=", 1)                   = 1
2582  read(3, " ", 1)                   = 1
2582  read(3, "-", 1)                   = 1
2582  read(3, "1", 1)                   = 1
2582  read(3, " ", 1)                   = 1
2582  read(3, "E", 1)                   = 1
2582  read(3, "N", 1)                   = 1
2582  read(3, "O", 1)                   = 1
2582  read(3, "E", 1)                   = 1
2582  read(3, "N", 1)                   = 1
2582  read(3, "T", 1)                   = 1
2582  read(3, " ", 1)                   = 1
2582  read(3, "(", 1)                   = 1
2582  read(3, "N", 1)                   = 1
2582  read(3, "o", 1)                   = 1
2582  read(3, " ", 1)                   = 1
2582  read(3, "s", 1)                   = 1
2582  read(3, "u", 1)                   = 1
2582  read(3, "c", 1)                   = 1
2582  read(3, "h", 1)                   = 1
2582  read(3, " ", 1)                   = 1
2582  read(3, "f", 1)                   = 1
2582  read(3, "i", 1)                   = 1
2582  read(3, "l", 1)                   = 1
2582  read(3, "e", 1)                   = 1
2582  read(3, " ", 1)                   = 1
2582  read(3, "o", 1)                   = 1
2582  read(3, "r", 1)                   = 1
2582  read(3, " ", 1)                   = 1
2582  read(3, "d", 1)                   = 1
2582  read(3, "i", 1)                   = 1
2582  read(3, "r", 1)                   = 1
2582  read(3, "e", 1)                   = 1
2582  read(3, "c", 1)                   = 1
2582  read(3, "t", 1)                   = 1
2582  read(3, "o", 1)                   = 1
2582  read(3, "r", 1)                   = 1
2582  read(3, "y", 1)                   = 1
2582  read(3, ")", 1)                   = 1
2582  read(3, "\n", 1)                  = 1
2582  write(6, "82\n", 3)               = 3
2582  write(6, "372475 access(\"/etc/ld.so.preloa"..., 82) = 82
2582  read(3, "3", 1)                   = 1
2582  read(3, "7", 1)                   = 1
2582  read(3, "2", 1)                   = 1
2582  read(3, "4", 1)                   = 1
2582  read(3, "7", 1)                   = 1
2582  read(3, "5", 1)                   = 1
2582  read(3, " ", 1)                   = 1
2582  read(3, "o", 1)                   = 1
2582  read(3, "p", 1)                   = 1
2582  read(3, "e", 1)                   = 1
2582  read(3, "n", 1)                   = 1
2582  read(3, "a", 1)                   = 1
2582  read(3, "t", 1)                   = 1
2582  read(3, "(", 1)                   = 1
2582  read(3, "A", 1)                   = 1
2582  read(3, "T", 1)                   = 1
2582  read(3, "_", 1)                   = 1
2582  read(3, "F", 1)                   = 1
2582  read(3, "D", 1)                   = 1
2582  read(3, "C", 1)                   = 1
2582  read(3, "W", 1)                   = 1
2582  read(3, "D", 1)                   = 1
2582  read(3, ",", 1)                   = 1
2582  read(3, " ", 1)                   = 1
2582  read(3, "\"", 1)                  = 1
2582  read(3, "/", 1)                   = 1
2582  read(3, "e", 1)                   = 1
2582  read(3, "t", 1)                   = 1
2582  read(3, "c", 1)                   = 1
2582  read(3, "/", 1)                   = 1
2582  read(3, "l", 1)                   = 1
2582  read(3, "d", 1)                   = 1
2582  read(3, ".", 1)                   = 1
2582  read(3, "s", 1)                   = 1
2582  read(3, "o", 1)                   = 1
2582  read(3, ".", 1)                   = 1
2582  read(3, "c", 1)                   = 1
2582  read(3, "a", 1)                   = 1
2582  read(3, "c", 1)                   = 1
2582  read(3, "h", 1)                   = 1
2582  read(3, "e", 1)                   = 1
2582  read(3, "\"", 1)                  = 1
2582  read(3, ",", 1)                   = 1
2582  read(3, " ", 1)                   = 1
2582  read(3, "O", 1)                   = 1
2582  read(3, "_", 1)                   = 1
2582  read(3, "R", 1)                   = 1
2582  read(3, "D", 1)                   = 1
2582  read(3, "O", 1)                   = 1
2582  read(3, "N", 1)                   = 1
2582  read(3, "L", 1)                   = 1
2582  read(3, "Y", 1)                   = 1
2582  read(3, "|", 1)                   = 1
2582  read(3, "O", 1)                   = 1
2582  read(3, "_", 1)                   = 1
2582  read(3, "C", 1)                   = 1
2582  read(3, "L", 1)                   = 1
2582  read(3, "O", 1)                   = 1
2582  read(3, "E", 1)                   = 1
2582  read(3, "X", 1)                   = 1
2582  read(3, "E", 1)                   = 1
2582  read(3, "C", 1)                   = 1
2582  read(3, ")", 1)                   = 1
2582  read(3, " ", 1)                   = 1
2582  read(3, "=", 1)                   = 1
2582  read(3, " ", 1)                   = 1
2582  read(3, "6", 1)                   = 1
2582  read(3, "\n", 1)                  = 1
2582  write(6, "68\n", 3)               = 3
2582  write(6, "372475 openat(AT_FDCWD, \"/etc/ld"..., 68) = 68
2582  read(3, "3", 1)                   = 1
2582  read(3, "7", 1)                   = 1
2582  read(3, "2", 1)                   = 1
2582  read(3, "4", 1)                   = 1
2582  read(3, "7", 1)                   = 1
2582  read(3, "5", 1)                   = 1
2582  read(3, " ", 1)                   = 1
2582  read(3, "f", 1)                   = 1
2582  read(3, "s", 1)                   = 1
2582  read(3, "t", 1)                   = 1
2582  read(3, "a", 1)                   = 1
2582  read(3, "t", 1)                   = 1
2582  read(3, "(", 1)                   = 1
2582  read(3, "6", 1)                   = 1
2582  read(3, ",", 1)                   = 1
2582  read(3, " ", 1)                   = 1
2582  read(3, "{", 1)                   = 1
2582  read(3, "s", 1)                   = 1
2582  read(3, "t", 1)                   = 1
2582  read(3, "_", 1)                   = 1
2582  read(3, "m", 1)                   = 1
2582  read(3, "o", 1)                   = 1
2582  read(3, "d", 1)                   = 1
2582  read(3, "e", 1)                   = 1
2582  read(3, "=", 1)                   = 1
2582  read(3, "S", 1)                   = 1
2582  read(3, "_", 1)                   = 1
2582  read(3, "I", 1)                   = 1
2582  read(3, "F", 1)                   = 1
2582  read(3, "R", 1)                   = 1
2582  read(3, "E", 1)                   = 1
2582  read(3, "G", 1)                   = 1
2582  read(3, "|", 1)                   = 1
2582  read(3, "0", 1)                   = 1
2582  read(3, "6", 1)                   = 1
2582  read(3, "4", 1)                   = 1
2582  read(3, "4", 1)                   = 1
2582  read(3, ",", 1)                   = 1
2582  read(3, " ", 1)                   = 1
2582  read(3, "s", 1)                   = 1
2582  read(3, "t", 1)                   = 1
2582  read(3, "_", 1)                   = 1
2582  read(3, "s", 1)                   = 1
2582  read(3, "i", 1)                   = 1
2582  read(3, "z", 1)                   = 1
2582  read(3, "e", 1)                   = 1
2582  read(3, "=", 1)                   = 1
2582  read(3, "1", 1)                   = 1
2582  read(3, "2", 1)                   = 1
2582  read(3, "9", 1)                   = 1
2582  read(3, "5", 1)                   = 1
2582  read(3, "6", 1)                   = 1
2582  read(3, "6", 1)                   = 1
2582  read(3, ",", 1)                   = 1
2582  read(3, " ", 1)                   = 1
2582  read(3, ".", 1)                   = 1
2582  read(3, ".", 1)                   = 1
2582  read(3, ".", 1)                   = 1
2582  read(3, "}", 1)                   = 1
2582  read(3, ")", 1)                   = 1
2582  read(3, " ", 1)                   = 1
2582  read(3, "=", 1)                   = 1
2582  read(3, " ", 1)                   = 1
2582  read(3, "0", 1)                   = 1
2582  read(3, "\n", 1)                  = 1
2582  write(6, "65\n", 3)               = 3
2582  write(6, "372475 fstat(6, {st_mode=S_IFREG"..., 65) = 65
2582  read(3, "3", 1)                   = 1
2582  read(3, "7", 1)                   = 1
2582  read(3, "2", 1)                   = 1
2582  read(3, "4", 1)                   = 1
2582  read(3, "7", 1)                   = 1
2582  read(3, "5", 1)                   = 1
2582  read(3, " ", 1)                   = 1
2582  read(3, "m", 1)                   = 1
2582  read(3, "m", 1)                   = 1
2582  read(3, "a", 1)                   = 1
2582  read(3, "p", 1)                   = 1
2582  read(3, "(", 1)                   = 1
2582  read(3, "N", 1)                   = 1
2582  read(3, "U", 1)                   = 1
2582  read(3, "L", 1)                   = 1
2582  read(3, "L", 1)                   = 1
2582  read(3, ",", 1)                   = 1
2582  read(3, " ", 1)                   = 1
2582  read(3, "1", 1)                   = 1
2582  read(3, "2", 1)                   = 1
2582  read(3, "9", 1)                   = 1
2582  read(3, "5", 1)                   = 1
2582  read(3, "6", 1)                   = 1
2582  read(3, "6", 1)                   = 1
2582  read(3, ",", 1)                   = 1
2582  read(3, " ", 1)                   = 1
2582  read(3, "P", 1)                   = 1
2582  read(3, "R", 1)                   = 1
2582  read(3, "O", 1)                   = 1
2582  read(3, "T", 1)                   = 1
2582  read(3, "_", 1)                   = 1
2582  read(3, "R", 1)                   = 1
2582  read(3, "E", 1)                   = 1
2582  read(3, "A", 1)                   = 1
2582  read(3, "D", 1)                   = 1
2582  read(3, ",", 1)                   = 1
2582  read(3, " ", 1)                   = 1
2582  read(3, "M", 1)                   = 1
2582  read(3, "A", 1)                   = 1
2582  read(3, "P", 1)                   = 1
2582  read(3, "_", 1)                   = 1
2582  read(3, "P", 1)                   = 1
2582  read(3, "R", 1)                   = 1
2582  read(3, "I", 1)                   = 1
2582  read(3, "V", 1)                   = 1
2582  read(3, "A", 1)                   = 1
2582  read(3, "T", 1)                   = 1
2582  read(3, "E", 1)                   = 1
2582  read(3, ",", 1)                   = 1
2582  read(3, " ", 1)                   = 1
2582  read(3, "6", 1)                   = 1
2582  read(3, ",", 1)                   = 1
2582  read(3, " ", 1)                   = 1
2582  read(3, "0", 1)                   = 1
2582  read(3, ")", 1)                   = 1
2582  read(3, " ", 1)                   = 1
2582  read(3, "=", 1)                   = 1
2582  read(3, " ", 1)                   = 1
2582  read(3, "0", 1)                   = 1
2582  read(3, "x", 1)                   = 1
2582  read(3, "7", 1)                   = 1
2582  read(3, "f", 1)                   = 1
2582  read(3, "a", 1)                   = 1
2582  read(3, "6", 1)                   = 1
2582  read(3, "6", 1)                   = 1
2582  read(3, "f", 1)                   = 1
2582  read(3, "7", 1)                   = 1
2582  read(3, "4", 1)                   = 1
2582  read(3, "5", 1)                   = 1
2582  read(3, "0", 1)                   = 1
2582  read(3, "0", 1)                   = 1
2582  read(3, "0", 1)                   = 1
2582  read(3, "\n", 1)                  = 1
2582  write(6, "73\n", 3)               = 3
2582  write(6, "372475 mmap(NULL, 129566, PROT_R"..., 73) = 73
2582  read(3, "3", 1)                   = 1
2582  read(3, "7", 1)                   = 1
2582  read(3, "2", 1)                   = 1
2582  read(3, "4", 1)                   = 1
2582  read(3, "7", 1)                   = 1
2582  read(3, "5", 1)                   = 1
2582  read(3, " ", 1)                   = 1
2582  read(3, "c", 1)                   = 1
2582  read(3, "l", 1)                   = 1
2582  read(3, "o", 1)                   = 1
2582  read(3, "s", 1)                   = 1
2582  read(3, "e", 1)                   = 1
2582  read(3, "(", 1)                   = 1
2582  read(3, "6", 1)                   = 1
2582  read(3, ")", 1)                   = 1
2582  read(3, " ", 1)                   = 1
2582  read(3, " ", 1)                   = 1
2582  read(3, " ", 1)                   = 1
2582  read(3, " ", 1)                   = 1
2582  read(3, " ", 1)                   = 1
2582  read(3, " ", 1)                   = 1
2582  read(3, " ", 1)                   = 1
2582  read(3, " ", 1)                   = 1
2582  read(3, " ", 1)                   = 1
2582  read(3, " ", 1)                   = 1
2582  read(3, " ", 1)                   = 1
2582  read(3, " ", 1)                   = 1
2582  read(3, " ", 1)                   = 1
2582  read(3, " ", 1)                   = 1
2582  read(3, " ", 1)                   = 1
2582  read(3, " ", 1)                   = 1
2582  read(3, " ", 1)                   = 1
2582  read(3, " ", 1)                   = 1
2582  read(3, " ", 1)                   = 1
2582  read(3, " ", 1)                   = 1
2582  read(3, " ", 1)                   = 1
2582  read(3, " ", 1)                   = 1
2582  read(3, " ", 1)                   = 1
2582  read(3, " ", 1)                   = 1
2582  read(3, " ", 1)                   = 1
2582  read(3, "=", 1)                   = 1
2582  read(3, " ", 1)                   = 1
2582  read(3, "0", 1)                   = 1
2582  read(3, "\n", 1)                  = 1
2582  write(6, "44\n", 3)               = 3
2582  write(6, "372475 close(6)                 "..., 44) = 44
2582  read(3, "3", 1)                   = 1
2582  read(3, "7", 1)                   = 1
2582  read(3, "2", 1)                   = 1
2582  read(3, "4", 1)                   = 1
2582  read(3, "7", 1)                   = 1
2582  read(3, "5", 1)                   = 1
2582  read(3, " ", 1)                   = 1
2582  read(3, "o", 1)                   = 1
2582  read(3, "p", 1)                   = 1
2582  read(3, "e", 1)                   = 1
2582  read(3, "n", 1)                   = 1
2582  read(3, "a", 1)                   = 1
2582  read(3, "t", 1)                   = 1
2582  read(3, "(", 1)                   = 1
2582  read(3, "A", 1)                   = 1
2582  read(3, "T", 1)                   = 1
2582  read(3, "_", 1)                   = 1
2582  read(3, "F", 1)                   = 1
2582  read(3, "D", 1)                   = 1
2582  read(3, "C", 1)                   = 1
2582  read(3, "W", 1)                   = 1
2582  read(3, "D", 1)                   = 1
2582  read(3, ",", 1)                   = 1
2582  read(3, " ", 1)                   = 1
2582  read(3, "\"", 1)                  = 1
2582  read(3, "/", 1)                   = 1
2582  read(3, "l", 1)                   = 1
2582  read(3, "i", 1)                   = 1
2582  read(3, "b", 1)                   = 1
2582  read(3, "/", 1)                   = 1
2582  read(3, "x", 1)                   = 1
2582  read(3, "8", 1)                   = 1
2582  read(3, "6", 1)                   = 1
2582  read(3, "_", 1)                   = 1
2582  read(3, "6", 1)                   = 1
2582  read(3, "4", 1)                   = 1
2582  read(3, "-", 1)                   = 1
2582  read(3, "l", 1)                   = 1
2582  read(3, "i", 1)                   = 1
2582  read(3, "n", 1)                   = 1
2582  read(3, "u", 1)                   = 1
2582  read(3, "x", 1)                   = 1
2582  read(3, "-", 1)                   = 1
2582  read(3, "g", 1)                   = 1
2582  read(3, "n", 1)                   = 1
2582  read(3, "u", 1)                   = 1
2582  read(3, "/", 1)                   = 1
2582  read(3, "l", 1)                   = 1
2582  read(3, "i", 1)                   = 1
2582  read(3, "b", 1)                   = 1
2582  read(3, "c", 1)                   = 1
2582  read(3, ".", 1)                   = 1
2582  read(3, "s", 1)                   = 1
2582  read(3, "o", 1)                   = 1
2582  read(3, ".", 1)                   = 1
2582  read(3, "6", 1)                   = 1
2582  read(3, "\"", 1)                  = 1
2582  read(3, ",", 1)                   = 1
2582  read(3, " ", 1)                   = 1
2582  read(3, "O", 1)                   = 1
2582  read(3, "_", 1)                   = 1
2582  read(3, "R", 1)                   = 1
2582  read(3, "D", 1)                   = 1
2582  read(3, "O", 1)                   = 1
2582  read(3, "N", 1)                   = 1
2582  read(3, "L", 1)                   = 1
2582  read(3, "Y", 1)                   = 1
2582  read(3, "|", 1)                   = 1
2582  read(3, "O", 1)                   = 1
2582  read(3, "_", 1)                   = 1
2582  read(3, "C", 1)                   = 1
2582  read(3, "L", 1)                   = 1
2582  read(3, "O", 1)                   = 1
2582  read(3, "E", 1)                   = 1
2582  read(3, "X", 1)                   = 1
2582  read(3, "E", 1)                   = 1
2582  read(3, "C", 1)                   = 1
2582  read(3, ")", 1)                   = 1
2582  read(3, " ", 1)                   = 1
2582  read(3, "=", 1)                   = 1
2582  read(3, " ", 1)                   = 1
2582  read(3, "6", 1)                   = 1
2582  read(3, "\n", 1)                  = 1
2582  write(6, "83\n", 3)               = 3
2582  write(6, "372475 openat(AT_FDCWD, \"/lib/x8"..., 83) = 83
2582  read(3, "3", 1)                   = 1
2582  read(3, "7", 1)                   = 1
2582  read(3, "2", 1)                   = 1
2582  read(3, "4", 1)                   = 1
2582  read(3, "7", 1)                   = 1
2582  read(3, "5", 1)                   = 1
2582  read(3, " ", 1)                   = 1
2582  read(3, "r", 1)                   = 1
2582  read(3, "e", 1)                   = 1
2582  read(3, "a", 1)                   = 1
2582  read(3, "d", 1)                   = 1
2582  read(3, "(", 1)                   = 1
2582  read(3, "6", 1)                   = 1
2582  read(3, ",", 1)                   = 1
2582  read(3, " ", 1)                   = 1
2582  read(3, "\"", 1)                  = 1
2582  read(3, "\\", 1)                  = 1
2582  read(3, "1", 1)                   = 1
2582  read(3, "7", 1)                   = 1
2582  read(3, "7", 1)                   = 1
2582  read(3, "E", 1)                   = 1
2582  read(3, "L", 1)                   = 1
2582  read(3, "F", 1)                   = 1
2582  read(3, "\\", 1)                  = 1
2582  read(3, "2", 1)                   = 1
2582  read(3, "\\", 1)                  = 1
2582  read(3, "1", 1)                   = 1
2582  read(3, "\\", 1)                  = 1
2582  read(3, "1", 1)                   = 1
2582  read(3, "\\", 1)                  = 1
2582  read(3, "3", 1)                   = 1
2582  read(3, "\\", 1)                  = 1
2582  read(3, "0", 1)                   = 1
2582  read(3, "\\", 1)                  = 1
2582  read(3, "0", 1)                   = 1
2582  read(3, "\\", 1)                  = 1
2582  read(3, "0", 1)                   = 1
2582  read(3, "\\", 1)                  = 1
2582  read(3, "0", 1)                   = 1
2582  read(3, "\\", 1)                  = 1
2582  read(3, "0", 1)                   = 1
2582  read(3, "\\", 1)                  = 1
2582  read(3, "0", 1)                   = 1
2582  read(3, "\\", 1)                  = 1
2582  read(3, "0", 1)                   = 1
2582  read(3, "\\", 1)                  = 1
2582  read(3, "0", 1)                   = 1
2582  read(3, "\\", 1)                  = 1
2582  read(3, "3", 1)                   = 1
2582  read(3, "\\", 1)                  = 1
2582  read(3, "0", 1)                   = 1
2582  read(3, ">", 1)                   = 1
2582  read(3, "\\", 1)                  = 1
2582  read(3, "0", 1)                   = 1
2582  read(3, "\\", 1)                  = 1
2582  read(3, "1", 1)                   = 1
2582  read(3, "\\", 1)                  = 1
2582  read(3, "0", 1)                   = 1
2582  read(3, "\\", 1)                  = 1
2582  read(3, "0", 1)                   = 1
2582  read(3, "\\", 1)                  = 1
2582  read(3, "0", 1)                   = 1
2582  read(3, "\\", 1)                  = 1
2582  read(3, "3", 1)                   = 1
2582  read(3, "0", 1)                   = 1
2582  read(3, "0", 1)                   = 1
2582  read(3, "A", 1)                   = 1
2582  read(3, "\\", 1)                  = 1
2582  read(3, "2", 1)                   = 1
2582  read(3, "\\", 1)                  = 1
2582  read(3, "0", 1)                   = 1
2582  read(3, "\\", 1)                  = 1
2582  read(3, "0", 1)                   = 1
2582  read(3, "\\", 1)                  = 1
2582  read(3, "0", 1)                   = 1
2582  read(3, "\\", 1)                  = 1
2582  read(3, "0", 1)                   = 1
2582  read(3, "\\", 1)                  = 1
2582  read(3, "0", 1)                   = 1
2582  read(3, "\"", 1)                  = 1
2582  read(3, ".", 1)                   = 1
2582  read(3, ".", 1)                   = 1
2582  read(3, ".", 1)                   = 1
2582  read(3, ",", 1)                   = 1
2582  read(3, " ", 1)                   = 1
2582  read(3, "8", 1)                   = 1
2582  read(3, "3", 1)                   = 1
2582  read(3, "2", 1)                   = 1
2582  read(3, ")", 1)                   = 1
2582  read(3, " ", 1)                   = 1
2582  read(3, "=", 1)                   = 1
2582  read(3, " ", 1)                   = 1
2582  read(3, "8", 1)                   = 1
2582  read(3, "3", 1)                   = 1
2582  read(3, "2", 1)                   = 1
2582  read(3, "\n", 1)                  = 1
2582  write(6, "96\n", 3)               = 3
2582  write(6, "372475 read(6, \"\\177ELF\\2\\1\\1\\3\\"..., 96) = 96
2582  read(3, "3", 1)                   = 1
2582  read(3, "7", 1)                   = 1
2582  read(3, "2", 1)                   = 1
2582  read(3, "4", 1)                   = 1
2582  read(3, "7", 1)                   = 1
2582  read(3, "5", 1)                   = 1
2582  read(3, " ", 1)                   = 1
2582  read(3, "p", 1)                   = 1
2582  read(3, "r", 1)                   = 1
2582  read(3, "e", 1)                   = 1
2582  read(3, "a", 1)                   = 1
2582  read(3, "d", 1)                   = 1
2582  read(3, "6", 1)                   = 1
2582  read(3, "4", 1)                   = 1
2582  read(3, "(", 1)                   = 1
2582  read(3, "6", 1)                   = 1
2582  read(3, ",", 1)                   = 1
2582  read(3, " ", 1)                   = 1
2582  read(3, "\"", 1)                  = 1
2582  read(3, "\\", 1)                  = 1
2582  read(3, "6", 1)                   = 1
2582  read(3, "\\", 1)                  = 1
2582  read(3, "0", 1)                   = 1
2582  read(3, "\\", 1)                  = 1
2582  read(3, "0", 1)                   = 1
2582  read(3, "\\", 1)                  = 1
2582  read(3, "0", 1)                   = 1
2582  read(3, "\\", 1)                  = 1
2582  read(3, "4", 1)                   = 1
2582  read(3, "\\", 1)                  = 1
2582  read(3, "0", 1)                   = 1
2582  read(3, "\\", 1)                  = 1
2582  read(3, "0", 1)                   = 1
2582  read(3, "\\", 1)                  = 1
2582  read(3, "0", 1)                   = 1
2582  read(3, "@", 1)                   = 1
2582  read(3, "\\", 1)                  = 1
2582  read(3, "0", 1)                   = 1
2582  read(3, "\\", 1)                  = 1
2582  read(3, "0", 1)                   = 1
2582  read(3, "\\", 1)                  = 1
2582  read(3, "0", 1)                   = 1
2582  read(3, "\\", 1)                  = 1
2582  read(3, "0", 1)                   = 1
2582  read(3, "\\", 1)                  = 1
2582  read(3, "0", 1)                   = 1
2582  read(3, "\\", 1)                  = 1
2582  read(3, "0", 1)                   = 1
2582  read(3, "\\", 1)                  = 1
2582  read(3, "0", 1)                   = 1
2582  read(3, "@", 1)                   = 1
2582  read(3, "\\", 1)                  = 1
2582  read(3, "0", 1)                   = 1
2582  read(3, "\\", 1)                  = 1
2582  read(3, "0", 1)                   = 1
2582  read(3, "\\", 1)                  = 1
2582  read(3, "0", 1)                   = 1
2582  read(3, "\\", 1)                  = 1
2582  read(3, "0", 1)                   = 1
2582  read(3, "\\", 1)                  = 1
2582  read(3, "0", 1)                   = 1
2582  read(3, "\\", 1)                  = 1
2582  read(3, "0", 1)                   = 1
2582  read(3, "\\", 1)                  = 1
2582  read(3, "0", 1)                   = 1
2582  read(3, "@", 1)                   = 1
2582  read(3, "\\", 1)                  = 1
2582  read(3, "0", 1)                   = 1
2582  read(3, "\\", 1)                  = 1
2582  read(3, "0", 1)                   = 1
2582  read(3, "\\", 1)                  = 1
2582  read(3, "0", 1)                   = 1
2582  read(3, "\\", 1)                  = 1
2582  read(3, "0", 1)                   = 1
2582  read(3, "\\", 1)                  = 1
2582  read(3, "0", 1)                   = 1
2582  read(3, "\\", 1)                  = 1
2582  read(3, "0", 1)                   = 1
2582  read(3, "\\", 1)                  = 1
2582  read(3, "0", 1)                   = 1
2582  read(3, "\"", 1)                  = 1
2582  read(3, ".", 1)                   = 1
2582  read(3, ".", 1)                   = 1
2582  read(3, ".", 1)                   = 1
2582  read(3, ",", 1)                   = 1
2582  read(3, " ", 1)                   = 1
2582  read(3, "7", 1)                   = 1
2582  read(3, "8", 1)                   = 1
2582  read(3, "4", 1)                   = 1
2582  read(3, ",", 1)                   = 1
2582  read(3, " ", 1)                   = 1
2582  read(3, "6", 1)                   = 1
2582  read(3, "4", 1)                   = 1
2582  read(3, ")", 1)                   = 1
2582  read(3, " ", 1)                   = 1
2582  read(3, "=", 1)                   = 1
2582  read(3, " ", 1)                   = 1
2582  read(3, "7", 1)                   = 1
2582  read(3, "8", 1)                   = 1
2582  read(3, "4", 1)                   = 1
2582  read(3, "\n", 1)                  = 1
2582  write(6, "101\n", 4)              = 4
2582  write(6, "372475 pread64(6, \"\\6\\0\\0\\0\\4\\0\\"..., 101) = 101
2582  read(3, "3", 1)                   = 1
2582  read(3, "7", 1)                   = 1
2582  read(3, "2", 1)                   = 1
2582  read(3, "4", 1)                   = 1
2582  read(3, "7", 1)                   = 1
2582  read(3, "5", 1)                   = 1
2582  read(3, " ", 1)                   = 1
2582  read(3, "p", 1)                   = 1
2582  read(3, "r", 1)                   = 1
2582  read(3, "e", 1)                   = 1
2582  read(3, "a", 1)                   = 1
2582  read(3, "d", 1)                   = 1
2582  read(3, "6", 1)                   = 1
2582  read(3, "4", 1)                   = 1
2582  read(3, "(", 1)                   = 1
2582  read(3, "6", 1)                   = 1
2582  read(3, ",", 1)                   = 1
2582  read(3, " ", 1)                   = 1
2582  read(3, "\"", 1)                  = 1
2582  read(3, "\\", 1)                  = 1
2582  read(3, "4", 1)                   = 1
2582  read(3, "\\", 1)                  = 1
2582  read(3, "0", 1)                   = 1
2582  read(3, "\\", 1)                  = 1
2582  read(3, "0", 1)                   = 1
2582  read(3, "\\", 1)                  = 1
2582  read(3, "0", 1)                   = 1
2582  read(3, "\\", 1)                  = 1
2582  read(3, "2", 1)                   = 1
2582  read(3, "0", 1)                   = 1
2582  read(3, "\\", 1)                  = 1
2582  read(3, "0", 1)                   = 1
2582  read(3, "\\", 1)                  = 1
2582  read(3, "0", 1)                   = 1
2582  read(3, "\\", 1)                  = 1
2582  read(3, "0", 1)                   = 1
2582  read(3, "\\", 1)                  = 1
2582  read(3, "5", 1)                   = 1
2582  read(3, "\\", 1)                  = 1
2582  read(3, "0", 1)                   = 1
2582  read(3, "\\", 1)                  = 1
2582  read(3, "0", 1)                   = 1
2582  read(3, "\\", 1)                  = 1
2582  read(3, "0", 1)                   = 1
2582  read(3, "G", 1)                   = 1
2582  read(3, "N", 1)                   = 1
2582  read(3, "U", 1)                   = 1
2582  read(3, "\\", 1)                  = 1
2582  read(3, "0", 1)                   = 1
2582  read(3, "\\", 1)                  = 1
2582  read(3, "2", 1)                   = 1
2582  read(3, "\\", 1)                  = 1
2582  read(3, "0", 1)                   = 1
2582  read(3, "\\", 1)                  = 1
2582  read(3, "0", 1)                   = 1
2582  read(3, "\\", 1)                  = 1
2582  read(3, "3", 1)                   = 1
2582  read(3, "0", 1)                   = 1
2582  read(3, "0", 1)                   = 1
2582  read(3, "\\", 1)                  = 1
2582  read(3, "4", 1)                   = 1
2582  read(3, "\\", 1)                  = 1
2582  read(3, "0", 1)                   = 1
2582  read(3, "\\", 1)                  = 1
2582  read(3, "0", 1)                   = 1
2582  read(3, "\\", 1)                  = 1
2582  read(3, "0", 1)                   = 1
2582  read(3, "\\", 1)                  = 1
2582  read(3, "3", 1)                   = 1
2582  read(3, "\\", 1)                  = 1
2582  read(3, "0", 1)                   = 1
2582  read(3, "\\", 1)                  = 1
2582  read(3, "0", 1)                   = 1
2582  read(3, "\\", 1)                  = 1
2582  read(3, "0", 1)                   = 1
2582  read(3, "\\", 1)                  = 1
2582  read(3, "0", 1)                   = 1
2582  read(3, "\\", 1)                  = 1
2582  read(3, "0", 1)                   = 1
2582  read(3, "\\", 1)                  = 1
2582  read(3, "0", 1)                   = 1
2582  read(3, "\\", 1)                  = 1
2582  read(3, "0", 1)                   = 1
2582  read(3, "\"", 1)                  = 1
2582  read(3, ",", 1)                   = 1
2582  read(3, " ", 1)                   = 1
2582  read(3, "3", 1)                   = 1
2582  read(3, "2", 1)                   = 1
2582  read(3, ",", 1)                   = 1
2582  read(3, " ", 1)                   = 1
2582  read(3, "8", 1)                   = 1
2582  read(3, "4", 1)                   = 1
2582  read(3, "8", 1)                   = 1
2582  read(3, ")", 1)                   = 1
2582  read(3, " ", 1)                   = 1
2582  read(3, "=", 1)                   = 1
2582  read(3, " ", 1)                   = 1
2582  read(3, "3", 1)                   = 1
2582  read(3, "2", 1)                   = 1
2582  read(3, "\n", 1)                  = 1
2582  write(6, "100\n", 4)              = 4
2582  write(6, "372475 pread64(6, \"\\4\\0\\0\\0\\20\\0"..., 100) = 100
2582  read(3, "3", 1)                   = 1
2582  read(3, "7", 1)                   = 1
2582  read(3, "2", 1)                   = 1
2582  read(3, "4", 1)                   = 1
2582  read(3, "7", 1)                   = 1
2582  read(3, "5", 1)                   = 1
2582  read(3, " ", 1)                   = 1
2582  read(3, "p", 1)                   = 1
2582  read(3, "r", 1)                   = 1
2582  read(3, "e", 1)                   = 1
2582  read(3, "a", 1)                   = 1
2582  read(3, "d", 1)                   = 1
2582  read(3, "6", 1)                   = 1
2582  read(3, "4", 1)                   = 1
2582  read(3, "(", 1)                   = 1
2582  read(3, "6", 1)                   = 1
2582  read(3, ",", 1)                   = 1
2582  read(3, " ", 1)                   = 1
2582  read(3, "\"", 1)                  = 1
2582  read(3, "\\", 1)                  = 1
2582  read(3, "4", 1)                   = 1
2582  read(3, "\\", 1)                  = 1
2582  read(3, "0", 1)                   = 1
2582  read(3, "\\", 1)                  = 1
2582  read(3, "0", 1)                   = 1
2582  read(3, "\\", 1)                  = 1
2582  read(3, "0", 1)                   = 1
2582  read(3, "\\", 1)                  = 1
2582  read(3, "2", 1)                   = 1
2582  read(3, "4", 1)                   = 1
2582  read(3, "\\", 1)                  = 1
2582  read(3, "0", 1)                   = 1
2582  read(3, "\\", 1)                  = 1
2582  read(3, "0", 1)                   = 1
2582  read(3, "\\", 1)                  = 1
2582  read(3, "0", 1)                   = 1
2582  read(3, "\\", 1)                  = 1
2582  read(3, "3", 1)                   = 1
2582  read(3, "\\", 1)                  = 1
2582  read(3, "0", 1)                   = 1
2582  read(3, "\\", 1)                  = 1
2582  read(3, "0", 1)                   = 1
2582  read(3, "\\", 1)                  = 1
2582  read(3, "0", 1)                   = 1
2582  read(3, "G", 1)                   = 1
2582  read(3, "N", 1)                   = 1
2582  read(3, "U", 1)                   = 1
2582  read(3, "\\", 1)                  = 1
2582  read(3, "0", 1)                   = 1
2582  read(3, "\\", 1)                  = 1
2582  read(3, "3", 1)                   = 1
2582  read(3, "0", 1)                   = 1
2582  read(3, "x", 1)                   = 1
2582  read(3, "\\", 1)                  = 1
2582  read(3, "3", 1)                   = 1
2582  read(3, "4", 1)                   = 1
2582  read(3, "6", 1)                   = 1
2582  read(3, "\\", 1)                  = 1
2582  read(3, "2", 1)                   = 1
2582  read(3, "6", 1)                   = 1
2582  read(3, "4", 1)                   = 1
2582  read(3, "u", 1)                   = 1
2582  read(3, "r", 1)                   = 1
2582  read(3, "\\", 1)                  = 1
2582  read(3, "f", 1)                   = 1
2582  read(3, "|", 1)                   = 1
2582  read(3, "Q", 1)                   = 1
2582  read(3, "\\", 1)                  = 1
2582  read(3, "2", 1)                   = 1
2582  read(3, "2", 1)                   = 1
2582  read(3, "6", 1)                   = 1
2582  read(3, "\\", 1)                  = 1
2582  read(3, "2", 1)                   = 1
2582  read(3, "3", 1)                   = 1
2582  read(3, "6", 1)                   = 1
2582  read(3, "i", 1)                   = 1
2582  read(3, "\\", 1)                  = 1
2582  read(3, "2", 1)                   = 1
2582  read(3, "5", 1)                   = 1
2582  read(3, "3", 1)                   = 1
2582  read(3, "-", 1)                   = 1
2582  read(3, "'", 1)                   = 1
2582  read(3, "o", 1)                   = 1
2582  read(3, "\"", 1)                  = 1
2582  read(3, ".", 1)                   = 1
2582  read(3, ".", 1)                   = 1
2582  read(3, ".", 1)                   = 1
2582  read(3, ",", 1)                   = 1
2582  read(3, " ", 1)                   = 1
2582  read(3, "6", 1)                   = 1
2582  read(3, "8", 1)                   = 1
2582  read(3, ",", 1)                   = 1
2582  read(3, " ", 1)                   = 1
2582  read(3, "8", 1)                   = 1
2582  read(3, "8", 1)                   = 1
2582  read(3, "0", 1)                   = 1
2582  read(3, ")", 1)                   = 1
2582  read(3, " ", 1)                   = 1
2582  read(3, "=", 1)                   = 1
2582  read(3, " ", 1)                   = 1
2582  read(3, "6", 1)                   = 1
2582  read(3, "8", 1)                   = 1
2582  read(3, "\n", 1)                  = 1
2582  write(6, "103\n", 4)              = 4
2582  write(6, "372475 pread64(6, \"\\4\\0\\0\\0\\24\\0"..., 103) = 103
2582  read(3, "3", 1)                   = 1
2582  read(3, "7", 1)                   = 1
2582  read(3, "2", 1)                   = 1
2582  read(3, "4", 1)                   = 1
2582  read(3, "7", 1)                   = 1
2582  read(3, "5", 1)                   = 1
2582  read(3, " ", 1)                   = 1
2582  read(3, "f", 1)                   = 1
2582  read(3, "s", 1)                   = 1
2582  read(3, "t", 1)                   = 1
2582  read(3, "a", 1)                   = 1
2582  read(3, "t", 1)                   = 1
2582  read(3, "(", 1)                   = 1
2582  read(3, "6", 1)                   = 1
2582  read(3, ",", 1)                   = 1
2582  read(3, " ", 1)                   = 1
2582  read(3, "{", 1)                   = 1
2582  read(3, "s", 1)                   = 1
2582  read(3, "t", 1)                   = 1
2582  read(3, "_", 1)                   = 1
2582  read(3, "m", 1)                   = 1
2582  read(3, "o", 1)                   = 1
2582  read(3, "d", 1)                   = 1
2582  read(3, "e", 1)                   = 1
2582  read(3, "=", 1)                   = 1
2582  read(3, "S", 1)                   = 1
2582  read(3, "_", 1)                   = 1
2582  read(3, "I", 1)                   = 1
2582  read(3, "F", 1)                   = 1
2582  read(3, "R", 1)                   = 1
2582  read(3, "E", 1)                   = 1
2582  read(3, "G", 1)                   = 1
2582  read(3, "|", 1)                   = 1
2582  read(3, "0", 1)                   = 1
2582  read(3, "7", 1)                   = 1
2582  read(3, "5", 1)                   = 1
2582  read(3, "5", 1)                   = 1
2582  read(3, ",", 1)                   = 1
2582  read(3, " ", 1)                   = 1
2582  read(3, "s", 1)                   = 1
2582  read(3, "t", 1)                   = 1
2582  read(3, "_", 1)                   = 1
2582  read(3, "s", 1)                   = 1
2582  read(3, "i", 1)                   = 1
2582  read(3, "z", 1)                   = 1
2582  read(3, "e", 1)                   = 1
2582  read(3, "=", 1)                   = 1
2582  read(3, "2", 1)                   = 1
2582  read(3, "0", 1)                   = 1
2582  read(3, "2", 1)                   = 1
2582  read(3, "9", 1)                   = 1
2582  read(3, "5", 1)                   = 1
2582  read(3, "9", 1)                   = 1
2582  read(3, "2", 1)                   = 1
2582  read(3, ",", 1)                   = 1
2582  read(3, " ", 1)                   = 1
2582  read(3, ".", 1)                   = 1
2582  read(3, ".", 1)                   = 1
2582  read(3, ".", 1)                   = 1
2582  read(3, "}", 1)                   = 1
2582  read(3, ")", 1)                   = 1
2582  read(3, " ", 1)                   = 1
2582  read(3, "=", 1)                   = 1
2582  read(3, " ", 1)                   = 1
2582  read(3, "0", 1)                   = 1
2582  read(3, "\n", 1)                  = 1
2582  write(6, "66\n", 3)               = 3
2582  write(6, "372475 fstat(6, {st_mode=S_IFREG"..., 66) = 66
2582  read(3, "3", 1)                   = 1
2582  read(3, "7", 1)                   = 1
2582  read(3, "2", 1)                   = 1
2582  read(3, "4", 1)                   = 1
2582  read(3, "7", 1)                   = 1
2582  read(3, "5", 1)                   = 1
2582  read(3, " ", 1)                   = 1
2582  read(3, "m", 1)                   = 1
2582  read(3, "m", 1)                   = 1
2582  read(3, "a", 1)                   = 1
2582  read(3, "p", 1)                   = 1
2582  read(3, "(", 1)                   = 1
2582  read(3, "N", 1)                   = 1
2582  read(3, "U", 1)                   = 1
2582  read(3, "L", 1)                   = 1
2582  read(3, "L", 1)                   = 1
2582  read(3, ",", 1)                   = 1
2582  read(3, " ", 1)                   = 1
2582  read(3, "8", 1)                   = 1
2582  read(3, "1", 1)                   = 1
2582  read(3, "9", 1)                   = 1
2582  read(3, "2", 1)                   = 1
2582  read(3, ",", 1)                   = 1
2582  read(3, " ", 1)                   = 1
2582  read(3, "P", 1)                   = 1
2582  read(3, "R", 1)                   = 1
2582  read(3, "O", 1)                   = 1
2582  read(3, "T", 1)                   = 1
2582  read(3, "_", 1)                   = 1
2582  read(3, "R", 1)                   = 1
2582  read(3, "E", 1)                   = 1
2582  read(3, "A", 1)                   = 1
2582  read(3, "D", 1)                   = 1
2582  read(3, "|", 1)                   = 1
2582  read(3, "P", 1)                   = 1
2582  read(3, "R", 1)                   = 1
2582  read(3, "O", 1)                   = 1
2582  read(3, "T", 1)                   = 1
2582  read(3, "_", 1)                   = 1
2582  read(3, "W", 1)                   = 1
2582  read(3, "R", 1)                   = 1
2582  read(3, "I", 1)                   = 1
2582  read(3, "T", 1)                   = 1
2582  read(3, "E", 1)                   = 1
2582  read(3, ",", 1)                   = 1
2582  read(3, " ", 1)                   = 1
2582  read(3, "M", 1)                   = 1
2582  read(3, "A", 1)                   = 1
2582  read(3, "P", 1)                   = 1
2582  read(3, "_", 1)                   = 1
2582  read(3, "P", 1)                   = 1
2582  read(3, "R", 1)                   = 1
2582  read(3, "I", 1)                   = 1
2582  read(3, "V", 1)                   = 1
2582  read(3, "A", 1)                   = 1
2582  read(3, "T", 1)                   = 1
2582  read(3, "E", 1)                   = 1
2582  read(3, "|", 1)                   = 1
2582  read(3, "M", 1)                   = 1
2582  read(3, "A", 1)                   = 1
2582  read(3, "P", 1)                   = 1
2582  read(3, "_", 1)                   = 1
2582  read(3, "A", 1)                   = 1
2582  read(3, "N", 1)                   = 1
2582  read(3, "O", 1)                   = 1
2582  read(3, "N", 1)                   = 1
2582  read(3, "Y", 1)                   = 1
2582  read(3, "M", 1)                   = 1
2582  read(3, "O", 1)                   = 1
2582  read(3, "U", 1)                   = 1
2582  read(3, "S", 1)                   = 1
2582  read(3, ",", 1)                   = 1
2582  read(3, " ", 1)                   = 1
2582  read(3, "-", 1)                   = 1
2582  read(3, "1", 1)                   = 1
2582  read(3, ",", 1)                   = 1
2582  read(3, " ", 1)                   = 1
2582  read(3, "0", 1)                   = 1
2582  read(3, ")", 1)                   = 1
2582  read(3, " ", 1)                   = 1
2582  read(3, "=", 1)                   = 1
2582  read(3, " ", 1)                   = 1
2582  read(3, "0", 1)                   = 1
2582  read(3, "x", 1)                   = 1
2582  read(3, "7", 1)                   = 1
2582  read(3, "f", 1)                   = 1
2582  read(3, "a", 1)                   = 1
2582  read(3, "6", 1)                   = 1
2582  read(3, "6", 1)                   = 1
2582  read(3, "f", 1)                   = 1
2582  read(3, "7", 1)                   = 1
2582  read(3, "4", 1)                   = 1
2582  read(3, "3", 1)                   = 1
2582  read(3, "0", 1)                   = 1
2582  read(3, "0", 1)                   = 1
2582  read(3, "0", 1)                   = 1
2582  read(3, "\n", 1)                  = 1
2582  write(6, "97\n", 3)               = 3
2582  write(6, "372475 mmap(NULL, 8192, PROT_REA"..., 97) = 97
2582  read(3, "3", 1)                   = 1
2582  read(3, "7", 1)                   = 1
2582  read(3, "2", 1)                   = 1
2582  read(3, "4", 1)                   = 1
2582  read(3, "7", 1)                   = 1
2582  read(3, "5", 1)                   = 1
2582  read(3, " ", 1)                   = 1
2582  read(3, "p", 1)                   = 1
2582  read(3, "r", 1)                   = 1
2582  read(3, "e", 1)                   = 1
2582  read(3, "a", 1)                   = 1
2582  read(3, "d", 1)                   = 1
2582  read(3, "6", 1)                   = 1
2582  read(3, "4", 1)                   = 1
2582  read(3, "(", 1)                   = 1
2582  read(3, "6", 1)                   = 1
2582  read(3, ",", 1)                   = 1
2582  read(3, " ", 1)                   = 1
2582  read(3, "\"", 1)                  = 1
2582  read(3, "\\", 1)                  = 1
2582  read(3, "6", 1)                   = 1
2582  read(3, "\\", 1)                  = 1
2582  read(3, "0", 1)                   = 1
2582  read(3, "\\", 1)                  = 1
2582  read(3, "0", 1)                   = 1
2582  read(3, "\\", 1)                  = 1
2582  read(3, "0", 1)                   = 1
2582  read(3, "\\", 1)                  = 1
2582  read(3, "4", 1)                   = 1
2582  read(3, "\\", 1)                  = 1
2582  read(3, "0", 1)                   = 1
2582  read(3, "\\", 1)                  = 1
2582  read(3, "0", 1)                   = 1
2582  read(3, "\\", 1)                  = 1
2582  read(3, "0", 1)                   = 1
2582  read(3, "@", 1)                   = 1
2582  read(3, "\\", 1)                  = 1
2582  read(3, "0", 1)                   = 1
2582  read(3, "\\", 1)                  = 1
2582  read(3, "0", 1)                   = 1
2582  read(3, "\\", 1)                  = 1
2582  read(3, "0", 1)                   = 1
2582  read(3, "\\", 1)                  = 1
2582  read(3, "0", 1)                   = 1
2582  read(3, "\\", 1)                  = 1
2582  read(3, "0", 1)                   = 1
2582  read(3, "\\", 1)                  = 1
2582  read(3, "0", 1)                   = 1
2582  read(3, "\\", 1)                  = 1
2582  read(3, "0", 1)                   = 1
2582  read(3, "@", 1)                   = 1
2582  read(3, "\\", 1)                  = 1
2582  read(3, "0", 1)                   = 1
2582  read(3, "\\", 1)                  = 1
2582  read(3, "0", 1)                   = 1
2582  read(3, "\\", 1)                  = 1
2582  read(3, "0", 1)                   = 1
2582  read(3, "\\", 1)                  = 1
2582  read(3, "0", 1)                   = 1
2582  read(3, "\\", 1)                  = 1
2582  read(3, "0", 1)                   = 1
2582  read(3, "\\", 1)                  = 1
2582  read(3, "0", 1)                   = 1
2582  read(3, "\\", 1)                  = 1
2582  read(3, "0", 1)                   = 1
2582  read(3, "@", 1)                   = 1
2582  read(3, "\\", 1)                  = 1
2582  read(3, "0", 1)                   = 1
2582  read(3, "\\", 1)                  = 1
2582  read(3, "0", 1)                   = 1
2582  read(3, "\\", 1)                  = 1
2582  read(3, "0", 1)                   = 1
2582  read(3, "\\", 1)                  = 1
2582  read(3, "0", 1)                   = 1
2582  read(3, "\\", 1)                  = 1
2582  read(3, "0", 1)                   = 1
2582  read(3, "\\", 1)                  = 1
2582  read(3, "0", 1)                   = 1
2582  read(3, "\\", 1)                  = 1
2582  read(3, "0", 1)                   = 1
2582  read(3, "\"", 1)                  = 1
2582  read(3, ".", 1)                   = 1
2582  read(3, ".", 1)                   = 1
2582  read(3, ".", 1)                   = 1
2582  read(3, ",", 1)                   = 1
2582  read(3, " ", 1)                   = 1
2582  read(3, "7", 1)                   = 1
2582  read(3, "8", 1)                   = 1
2582  read(3, "4", 1)                   = 1
2582  read(3, ",", 1)                   = 1
2582  read(3, " ", 1)                   = 1
2582  read(3, "6", 1)                   = 1
2582  read(3, "4", 1)                   = 1
2582  read(3, ")", 1)                   = 1
2582  read(3, " ", 1)                   = 1
2582  read(3, "=", 1)                   = 1
2582  read(3, " ", 1)                   = 1
2582  read(3, "7", 1)                   = 1
2582  read(3, "8", 1)                   = 1
2582  read(3, "4", 1)                   = 1
2582  read(3, "\n", 1)                  = 1
2582  write(6, "101\n", 4)              = 4
2582  write(6, "372475 pread64(6, \"\\6\\0\\0\\0\\4\\0\\"..., 101) = 101
2582  read(3, "3", 1)                   = 1
2582  read(3, "7", 1)                   = 1
2582  read(3, "2", 1)                   = 1
2582  read(3, "4", 1)                   = 1
2582  read(3, "7", 1)                   = 1
2582  read(3, "5", 1)                   = 1
2582  read(3, " ", 1)                   = 1
2582  read(3, "p", 1)                   = 1
2582  read(3, "r", 1)                   = 1
2582  read(3, "e", 1)                   = 1
2582  read(3, "a", 1)                   = 1
2582  read(3, "d", 1)                   = 1
2582  read(3, "6", 1)                   = 1
2582  read(3, "4", 1)                   = 1
2582  read(3, "(", 1)                   = 1
2582  read(3, "6", 1)                   = 1
2582  read(3, ",", 1)                   = 1
2582  read(3, " ", 1)                   = 1
2582  read(3, "\"", 1)                  = 1
2582  read(3, "\\", 1)                  = 1
2582  read(3, "4", 1)                   = 1
2582  read(3, "\\", 1)                  = 1
2582  read(3, "0", 1)                   = 1
2582  read(3, "\\", 1)                  = 1
2582  read(3, "0", 1)                   = 1
2582  read(3, "\\", 1)                  = 1
2582  read(3, "0", 1)                   = 1
2582  read(3, "\\", 1)                  = 1
2582  read(3, "2", 1)                   = 1
2582  read(3, "0", 1)                   = 1
2582  read(3, "\\", 1)                  = 1
2582  read(3, "0", 1)                   = 1
2582  read(3, "\\", 1)                  = 1
2582  read(3, "0", 1)                   = 1
2582  read(3, "\\", 1)                  = 1
2582  read(3, "0", 1)                   = 1
2582  read(3, "\\", 1)                  = 1
2582  read(3, "5", 1)                   = 1
2582  read(3, "\\", 1)                  = 1
2582  read(3, "0", 1)                   = 1
2582  read(3, "\\", 1)                  = 1
2582  read(3, "0", 1)                   = 1
2582  read(3, "\\", 1)                  = 1
2582  read(3, "0", 1)                   = 1
2582  read(3, "G", 1)                   = 1
2582  read(3, "N", 1)                   = 1
2582  read(3, "U", 1)                   = 1
2582  read(3, "\\", 1)                  = 1
2582  read(3, "0", 1)                   = 1
2582  read(3, "\\", 1)                  = 1
2582  read(3, "2", 1)                   = 1
2582  read(3, "\\", 1)                  = 1
2582  read(3, "0", 1)                   = 1
2582  read(3, "\\", 1)                  = 1
2582  read(3, "0", 1)                   = 1
2582  read(3, "\\", 1)                  = 1
2582  read(3, "3", 1)                   = 1
2582  read(3, "0", 1)                   = 1
2582  read(3, "0", 1)                   = 1
2582  read(3, "\\", 1)                  = 1
2582  read(3, "4", 1)                   = 1
2582  read(3, "\\", 1)                  = 1
2582  read(3, "0", 1)                   = 1
2582  read(3, "\\", 1)                  = 1
2582  read(3, "0", 1)                   = 1
2582  read(3, "\\", 1)                  = 1
2582  read(3, "0", 1)                   = 1
2582  read(3, "\\", 1)                  = 1
2582  read(3, "3", 1)                   = 1
2582  read(3, "\\", 1)                  = 1
2582  read(3, "0", 1)                   = 1
2582  read(3, "\\", 1)                  = 1
2582  read(3, "0", 1)                   = 1
2582  read(3, "\\", 1)                  = 1
2582  read(3, "0", 1)                   = 1
2582  read(3, "\\", 1)                  = 1
2582  read(3, "0", 1)                   = 1
2582  read(3, "\\", 1)                  = 1
2582  read(3, "0", 1)                   = 1
2582  read(3, "\\", 1)                  = 1
2582  read(3, "0", 1)                   = 1
2582  read(3, "\\", 1)                  = 1
2582  read(3, "0", 1)                   = 1
2582  read(3, "\"", 1)                  = 1
2582  read(3, ",", 1)                   = 1
2582  read(3, " ", 1)                   = 1
2582  read(3, "3", 1)                   = 1
2582  read(3, "2", 1)                   = 1
2582  read(3, ",", 1)                   = 1
2582  read(3, " ", 1)                   = 1
2582  read(3, "8", 1)                   = 1
2582  read(3, "4", 1)                   = 1
2582  read(3, "8", 1)                   = 1
2582  read(3, ")", 1)                   = 1
2582  read(3, " ", 1)                   = 1
2582  read(3, "=", 1)                   = 1
2582  read(3, " ", 1)                   = 1
2582  read(3, "3", 1)                   = 1
2582  read(3, "2", 1)                   = 1
2582  read(3, "\n", 1)                  = 1
2582  write(6, "100\n", 4)              = 4
2582  write(6, "372475 pread64(6, \"\\4\\0\\0\\0\\20\\0"..., 100) = 100
2582  read(3, "3", 1)                   = 1
2582  read(3, "7", 1)                   = 1
2582  read(3, "2", 1)                   = 1
2582  read(3, "4", 1)                   = 1
2582  read(3, "7", 1)                   = 1
2582  read(3, "5", 1)                   = 1
2582  read(3, " ", 1)                   = 1
2582  read(3, "p", 1)                   = 1
2582  read(3, "r", 1)                   = 1
2582  read(3, "e", 1)                   = 1
2582  read(3, "a", 1)                   = 1
2582  read(3, "d", 1)                   = 1
2582  read(3, "6", 1)                   = 1
2582  read(3, "4", 1)                   = 1
2582  read(3, "(", 1)                   = 1
2582  read(3, "6", 1)                   = 1
2582  read(3, ",", 1)                   = 1
2582  read(3, " ", 1)                   = 1
2582  read(3, "\"", 1)                  = 1
2582  read(3, "\\", 1)                  = 1
2582  read(3, "4", 1)                   = 1
2582  read(3, "\\", 1)                  = 1
2582  read(3, "0", 1)                   = 1
2582  read(3, "\\", 1)                  = 1
2582  read(3, "0", 1)                   = 1
2582  read(3, "\\", 1)                  = 1
2582  read(3, "0", 1)                   = 1
2582  read(3, "\\", 1)                  = 1
2582  read(3, "2", 1)                   = 1
2582  read(3, "4", 1)                   = 1
2582  read(3, "\\", 1)                  = 1
2582  read(3, "0", 1)                   = 1
2582  read(3, "\\", 1)                  = 1
2582  read(3, "0", 1)                   = 1
2582  read(3, "\\", 1)                  = 1
2582  read(3, "0", 1)                   = 1
2582  read(3, "\\", 1)                  = 1
2582  read(3, "3", 1)                   = 1
2582  read(3, "\\", 1)                  = 1
2582  read(3, "0", 1)                   = 1
2582  read(3, "\\", 1)                  = 1
2582  read(3, "0", 1)                   = 1
2582  read(3, "\\", 1)                  = 1
2582  read(3, "0", 1)                   = 1
2582  read(3, "G", 1)                   = 1
2582  read(3, "N", 1)                   = 1
2582  read(3, "U", 1)                   = 1
2582  read(3, "\\", 1)                  = 1
2582  read(3, "0", 1)                   = 1
2582  read(3, "\\", 1)                  = 1
2582  read(3, "3", 1)                   = 1
2582  read(3, "0", 1)                   = 1
2582  read(3, "x", 1)                   = 1
2582  read(3, "\\", 1)                  = 1
2582  read(3, "3", 1)                   = 1
2582  read(3, "4", 1)                   = 1
2582  read(3, "6", 1)                   = 1
2582  read(3, "\\", 1)                  = 1
2582  read(3, "2", 1)                   = 1
2582  read(3, "6", 1)                   = 1
2582  read(3, "4", 1)                   = 1
2582  read(3, "u", 1)                   = 1
2582  read(3, "r", 1)                   = 1
2582  read(3, "\\", 1)                  = 1
2582  read(3, "f", 1)                   = 1
2582  read(3, "|", 1)                   = 1
2582  read(3, "Q", 1)                   = 1
2582  read(3, "\\", 1)                  = 1
2582  read(3, "2", 1)                   = 1
2582  read(3, "2", 1)                   = 1
2582  read(3, "6", 1)                   = 1
2582  read(3, "\\", 1)                  = 1
2582  read(3, "2", 1)                   = 1
2582  read(3, "3", 1)                   = 1
2582  read(3, "6", 1)                   = 1
2582  read(3, "i", 1)                   = 1
2582  read(3, "\\", 1)                  = 1
2582  read(3, "2", 1)                   = 1
2582  read(3, "5", 1)                   = 1
2582  read(3, "3", 1)                   = 1
2582  read(3, "-", 1)                   = 1
2582  read(3, "'", 1)                   = 1
2582  read(3, "o", 1)                   = 1
2582  read(3, "\"", 1)                  = 1
2582  read(3, ".", 1)                   = 1
2582  read(3, ".", 1)                   = 1
2582  read(3, ".", 1)                   = 1
2582  read(3, ",", 1)                   = 1
2582  read(3, " ", 1)                   = 1
2582  read(3, "6", 1)                   = 1
2582  read(3, "8", 1)                   = 1
2582  read(3, ",", 1)                   = 1
2582  read(3, " ", 1)                   = 1
2582  read(3, "8", 1)                   = 1
2582  read(3, "8", 1)                   = 1
2582  read(3, "0", 1)                   = 1
2582  read(3, ")", 1)                   = 1
2582  read(3, " ", 1)                   = 1
2582  read(3, "=", 1)                   = 1
2582  read(3, " ", 1)                   = 1
2582  read(3, "6", 1)                   = 1
2582  read(3, "8", 1)                   = 1
2582  read(3, "\n", 1)                  = 1
2582  write(6, "103\n", 4)              = 4
2582  write(6, "372475 pread64(6, \"\\4\\0\\0\\0\\24\\0"..., 103) = 103
2582  read(3, "3", 1)                   = 1
2582  read(3, "7", 1)                   = 1
2582  read(3, "2", 1)                   = 1
2582  read(3, "4", 1)                   = 1
2582  read(3, "7", 1)                   = 1
2582  read(3, "5", 1)                   = 1
2582  read(3, " ", 1)                   = 1
2582  read(3, "m", 1)                   = 1
2582  read(3, "m", 1)                   = 1
2582  read(3, "a", 1)                   = 1
2582  read(3, "p", 1)                   = 1
2582  read(3, "(", 1)                   = 1
2582  read(3, "N", 1)                   = 1
2582  read(3, "U", 1)                   = 1
2582  read(3, "L", 1)                   = 1
2582  read(3, "L", 1)                   = 1
2582  read(3, ",", 1)                   = 1
2582  read(3, " ", 1)                   = 1
2582  read(3, "2", 1)                   = 1
2582  read(3, "0", 1)                   = 1
2582  read(3, "3", 1)                   = 1
2582  read(3, "7", 1)                   = 1
2582  read(3, "3", 1)                   = 1
2582  read(3, "4", 1)                   = 1
2582  read(3, "4", 1)                   = 1
2582  read(3, ",", 1)                   = 1
2582  read(3, " ", 1)                   = 1
2582  read(3, "P", 1)                   = 1
2582  read(3, "R", 1)                   = 1
2582  read(3, "O", 1)                   = 1
2582  read(3, "T", 1)                   = 1
2582  read(3, "_", 1)                   = 1
2582  read(3, "R", 1)                   = 1
2582  read(3, "E", 1)                   = 1
2582  read(3, "A", 1)                   = 1
2582  read(3, "D", 1)                   = 1
2582  read(3, ",", 1)                   = 1
2582  read(3, " ", 1)                   = 1
2582  read(3, "M", 1)                   = 1
2582  read(3, "A", 1)                   = 1
2582  read(3, "P", 1)                   = 1
2582  read(3, "_", 1)                   = 1
2582  read(3, "P", 1)                   = 1
2582  read(3, "R", 1)                   = 1
2582  read(3, "I", 1)                   = 1
2582  read(3, "V", 1)                   = 1
2582  read(3, "A", 1)                   = 1
2582  read(3, "T", 1)                   = 1
2582  read(3, "E", 1)                   = 1
2582  read(3, "|", 1)                   = 1
2582  read(3, "M", 1)                   = 1
2582  read(3, "A", 1)                   = 1
2582  read(3, "P", 1)                   = 1
2582  read(3, "_", 1)                   = 1
2582  read(3, "D", 1)                   = 1
2582  read(3, "E", 1)                   = 1
2582  read(3, "N", 1)                   = 1
2582  read(3, "Y", 1)                   = 1
2582  read(3, "W", 1)                   = 1
2582  read(3, "R", 1)                   = 1
2582  read(3, "I", 1)                   = 1
2582  read(3, "T", 1)                   = 1
2582  read(3, "E", 1)                   = 1
2582  read(3, ",", 1)                   = 1
2582  read(3, " ", 1)                   = 1
2582  read(3, "6", 1)                   = 1
2582  read(3, ",", 1)                   = 1
2582  read(3, " ", 1)                   = 1
2582  read(3, "0", 1)                   = 1
2582  read(3, ")", 1)                   = 1
2582  read(3, " ", 1)                   = 1
2582  read(3, "=", 1)                   = 1
2582  read(3, " ", 1)                   = 1
2582  read(3, "0", 1)                   = 1
2582  read(3, "x", 1)                   = 1
2582  read(3, "7", 1)                   = 1
2582  read(3, "f", 1)                   = 1
2582  read(3, "a", 1)                   = 1
2582  read(3, "6", 1)                   = 1
2582  read(3, "6", 1)                   = 1
2582  read(3, "f", 1)                   = 1
2582  read(3, "5", 1)                   = 1
2582  read(3, "5", 1)                   = 1
2582  read(3, "1", 1)                   = 1
2582  read(3, "0", 1)                   = 1
2582  read(3, "0", 1)                   = 1
2582  read(3, "0", 1)                   = 1
2582  read(3, "\n", 1)                  = 1
2582  write(6, "88\n", 3)               = 3
2582  write(6, "372475 mmap(NULL, 2037344, PROT_"..., 88) = 88
2582  read(3, "3", 1)                   = 1
2582  read(3, "7", 1)                   = 1
2582  read(3, "2", 1)                   = 1
2582  read(3, "4", 1)                   = 1
2582  read(3, "7", 1)                   = 1
2582  read(3, "5", 1)                   = 1
2582  read(3, " ", 1)                   = 1
2582  read(3, "m", 1)                   = 1
2582  read(3, "m", 1)                   = 1
2582  read(3, "a", 1)                   = 1
2582  read(3, "p", 1)                   = 1
2582  read(3, "(", 1)                   = 1
2582  read(3, "0", 1)                   = 1
2582  read(3, "x", 1)                   = 1
2582  read(3, "7", 1)                   = 1
2582  read(3, "f", 1)                   = 1
2582  read(3, "a", 1)                   = 1
2582  read(3, "6", 1)                   = 1
2582  read(3, "6", 1)                   = 1
2582  read(3, "f", 1)                   = 1
2582  read(3, "5", 1)                   = 1
2582  read(3, "7", 1)                   = 1
2582  read(3, "3", 1)                   = 1
2582  read(3, "0", 1)                   = 1
2582  read(3, "0", 1)                   = 1
2582  read(3, "0", 1)                   = 1
2582  read(3, ",", 1)                   = 1
2582  read(3, " ", 1)                   = 1
2582  read(3, "1", 1)                   = 1
2582  read(3, "5", 1)                   = 1
2582  read(3, "4", 1)                   = 1
2582  read(3, "0", 1)                   = 1
2582  read(3, "0", 1)                   = 1
2582  read(3, "9", 1)                   = 1
2582  read(3, "6", 1)                   = 1
2582  read(3, ",", 1)                   = 1
2582  read(3, " ", 1)                   = 1
2582  read(3, "P", 1)                   = 1
2582  read(3, "R", 1)                   = 1
2582  read(3, "O", 1)                   = 1
2582  read(3, "T", 1)                   = 1
2582  read(3, "_", 1)                   = 1
2582  read(3, "R", 1)                   = 1
2582  read(3, "E", 1)                   = 1
2582  read(3, "A", 1)                   = 1
2582  read(3, "D", 1)                   = 1
2582  read(3, "|", 1)                   = 1
2582  read(3, "P", 1)                   = 1
2582  read(3, "R", 1)                   = 1
2582  read(3, "O", 1)                   = 1
2582  read(3, "T", 1)                   = 1
2582  read(3, "_", 1)                   = 1
2582  read(3, "E", 1)                   = 1
2582  read(3, "X", 1)                   = 1
2582  read(3, "E", 1)                   = 1
2582  read(3, "C", 1)                   = 1
2582  read(3, ",", 1)                   = 1
2582  read(3, " ", 1)                   = 1
2582  read(3, "M", 1)                   = 1
2582  read(3, "A", 1)                   = 1
2582  read(3, "P", 1)                   = 1
2582  read(3, "_", 1)                   = 1
2582  read(3, "P", 1)                   = 1
2582  read(3, "R", 1)                   = 1
2582  read(3, "I", 1)                   = 1
2582  read(3, "V", 1)                   = 1
2582  read(3, "A", 1)                   = 1
2582  read(3, "T", 1)                   = 1
2582  read(3, "E", 1)                   = 1
2582  read(3, "|", 1)                   = 1
2582  read(3, "M", 1)                   = 1
2582  read(3, "A", 1)                   = 1
2582  read(3, "P", 1)                   = 1
2582  read(3, "_", 1)                   = 1
2582  read(3, "F", 1)                   = 1
2582  read(3, "I", 1)                   = 1
2582  read(3, "X", 1)                   = 1
2582  read(3, "E", 1)                   = 1
2582  read(3, "D", 1)                   = 1
2582  read(3, "|", 1)                   = 1
2582  read(3, "M", 1)                   = 1
2582  read(3, "A", 1)                   = 1
2582  read(3, "P", 1)                   = 1
2582  read(3, "_", 1)                   = 1
2582  read(3, "D", 1)                   = 1
2582  read(3, "E", 1)                   = 1
2582  read(3, "N", 1)                   = 1
2582  read(3, "Y", 1)                   = 1
2582  read(3, "W", 1)                   = 1
2582  read(3, "R", 1)                   = 1
2582  read(3, "I", 1)                   = 1
2582  read(3, "T", 1)                   = 1
2582  read(3, "E", 1)                   = 1
2582  read(3, ",", 1)                   = 1
2582  read(3, " ", 1)                   = 1
2582  read(3, "6", 1)                   = 1
2582  read(3, ",", 1)                   = 1
2582  read(3, " ", 1)                   = 1
2582  read(3, "0", 1)                   = 1
2582  read(3, "x", 1)                   = 1
2582  read(3, "2", 1)                   = 1
2582  read(3, "2", 1)                   = 1
2582  read(3, "0", 1)                   = 1
2582  read(3, "0", 1)                   = 1
2582  read(3, "0", 1)                   = 1
2582  read(3, ")", 1)                   = 1
2582  read(3, " ", 1)                   = 1
2582  read(3, "=", 1)                   = 1
2582  read(3, " ", 1)                   = 1
2582  read(3, "0", 1)                   = 1
2582  read(3, "x", 1)                   = 1
2582  read(3, "7", 1)                   = 1
2582  read(3, "f", 1)                   = 1
2582  read(3, "a", 1)                   = 1
2582  read(3, "6", 1)                   = 1
2582  read(3, "6", 1)                   = 1
2582  read(3, "f", 1)                   = 1
2582  read(3, "5", 1)                   = 1
2582  read(3, "7", 1)                   = 1
2582  read(3, "3", 1)                   = 1
2582  read(3, "0", 1)                   = 1
2582  read(3, "0", 1)                   = 1
2582  read(3, "0", 1)                   = 1
2582  read(3, "\n", 1)                  = 1
2582  write(6, "124\n", 4)              = 4
2582  write(6, "372475 mmap(0x7fa66f573000, 1540"..., 124) = 124
2582  read(3, "3", 1)                   = 1
2582  read(3, "7", 1)                   = 1
2582  read(3, "2", 1)                   = 1
2582  read(3, "4", 1)                   = 1
2582  read(3, "7", 1)                   = 1
2582  read(3, "5", 1)                   = 1
2582  read(3, " ", 1)                   = 1
2582  read(3, "m", 1)                   = 1
2582  read(3, "m", 1)                   = 1
2582  read(3, "a", 1)                   = 1
2582  read(3, "p", 1)                   = 1
2582  read(3, "(", 1)                   = 1
2582  read(3, "0", 1)                   = 1
2582  read(3, "x", 1)                   = 1
2582  read(3, "7", 1)                   = 1
2582  read(3, "f", 1)                   = 1
2582  read(3, "a", 1)                   = 1
2582  read(3, "6", 1)                   = 1
2582  read(3, "6", 1)                   = 1
2582  read(3, "f", 1)                   = 1
2582  read(3, "6", 1)                   = 1
2582  read(3, "e", 1)                   = 1
2582  read(3, "b", 1)                   = 1
2582  read(3, "0", 1)                   = 1
2582  read(3, "0", 1)                   = 1
2582  read(3, "0", 1)                   = 1
2582  read(3, ",", 1)                   = 1
2582  read(3, " ", 1)                   = 1
2582  read(3, "3", 1)                   = 1
2582  read(3, "1", 1)                   = 1
2582  read(3, "9", 1)                   = 1
2582  read(3, "4", 1)                   = 1
2582  read(3, "8", 1)                   = 1
2582  read(3, "8", 1)                   = 1
2582  read(3, ",", 1)                   = 1
2582  read(3, " ", 1)                   = 1
2582  read(3, "P", 1)                   = 1
2582  read(3, "R", 1)                   = 1
2582  read(3, "O", 1)                   = 1
2582  read(3, "T", 1)                   = 1
2582  read(3, "_", 1)                   = 1
2582  read(3, "R", 1)                   = 1
2582  read(3, "E", 1)                   = 1
2582  read(3, "A", 1)                   = 1
2582  read(3, "D", 1)                   = 1
2582  read(3, ",", 1)                   = 1
2582  read(3, " ", 1)                   = 1
2582  read(3, "M", 1)                   = 1
2582  read(3, "A", 1)                   = 1
2582  read(3, "P", 1)                   = 1
2582  read(3, "_", 1)                   = 1
2582  read(3, "P", 1)                   = 1
2582  read(3, "R", 1)                   = 1
2582  read(3, "I", 1)                   = 1
2582  read(3, "V", 1)                   = 1
2582  read(3, "A", 1)                   = 1
2582  read(3, "T", 1)                   = 1
2582  read(3, "E", 1)                   = 1
2582  read(3, "|", 1)                   = 1
2582  read(3, "M", 1)                   = 1
2582  read(3, "A", 1)                   = 1
2582  read(3, "P", 1)                   = 1
2582  read(3, "_", 1)                   = 1
2582  read(3, "F", 1)                   = 1
2582  read(3, "I", 1)                   = 1
2582  read(3, "X", 1)                   = 1
2582  read(3, "E", 1)                   = 1
2582  read(3, "D", 1)                   = 1
2582  read(3, "|", 1)                   = 1
2582  read(3, "M", 1)                   = 1
2582  read(3, "A", 1)                   = 1
2582  read(3, "P", 1)                   = 1
2582  read(3, "_", 1)                   = 1
2582  read(3, "D", 1)                   = 1
2582  read(3, "E", 1)                   = 1
2582  read(3, "N", 1)                   = 1
2582  read(3, "Y", 1)                   = 1
2582  read(3, "W", 1)                   = 1
2582  read(3, "R", 1)                   = 1
2582  read(3, "I", 1)                   = 1
2582  read(3, "T", 1)                   = 1
2582  read(3, "E", 1)                   = 1
2582  read(3, ",", 1)                   = 1
2582  read(3, " ", 1)                   = 1
2582  read(3, "6", 1)                   = 1
2582  read(3, ",", 1)                   = 1
2582  read(3, " ", 1)                   = 1
2582  read(3, "0", 1)                   = 1
2582  read(3, "x", 1)                   = 1
2582  read(3, "1", 1)                   = 1
2582  read(3, "9", 1)                   = 1
2582  read(3, "a", 1)                   = 1
2582  read(3, "0", 1)                   = 1
2582  read(3, "0", 1)                   = 1
2582  read(3, "0", 1)                   = 1
2582  read(3, ")", 1)                   = 1
2582  read(3, " ", 1)                   = 1
2582  read(3, "=", 1)                   = 1
2582  read(3, " ", 1)                   = 1
2582  read(3, "0", 1)                   = 1
2582  read(3, "x", 1)                   = 1
2582  read(3, "7", 1)                   = 1
2582  read(3, "f", 1)                   = 1
2582  read(3, "a", 1)                   = 1
2582  read(3, "6", 1)                   = 1
2582  read(3, "6", 1)                   = 1
2582  read(3, "f", 1)                   = 1
2582  read(3, "6", 1)                   = 1
2582  read(3, "e", 1)                   = 1
2582  read(3, "b", 1)                   = 1
2582  read(3, "0", 1)                   = 1
2582  read(3, "0", 1)                   = 1
2582  read(3, "0", 1)                   = 1
2582  read(3, "\n", 1)                  = 1
2582  write(6, "114\n", 4)              = 4
2582  write(6, "372475 mmap(0x7fa66f6eb000, 3194"..., 114) = 114
2582  read(3, "3", 1)                   = 1
2582  read(3, "7", 1)                   = 1
2582  read(3, "2", 1)                   = 1
2582  read(3, "4", 1)                   = 1
2582  read(3, "7", 1)                   = 1
2582  read(3, "5", 1)                   = 1
2582  read(3, " ", 1)                   = 1
2582  read(3, "m", 1)                   = 1
2582  read(3, "m", 1)                   = 1
2582  read(3, "a", 1)                   = 1
2582  read(3, "p", 1)                   = 1
2582  read(3, "(", 1)                   = 1
2582  read(3, "0", 1)                   = 1
2582  read(3, "x", 1)                   = 1
2582  read(3, "7", 1)                   = 1
2582  read(3, "f", 1)                   = 1
2582  read(3, "a", 1)                   = 1
2582  read(3, "6", 1)                   = 1
2582  read(3, "6", 1)                   = 1
2582  read(3, "f", 1)                   = 1
2582  read(3, "7", 1)                   = 1
2582  read(3, "3", 1)                   = 1
2582  read(3, "9", 1)                   = 1
2582  read(3, "0", 1)                   = 1
2582  read(3, "0", 1)                   = 1
2582  read(3, "0", 1)                   = 1
2582  read(3, ",", 1)                   = 1
2582  read(3, " ", 1)                   = 1
2582  read(3, "2", 1)                   = 1
2582  read(3, "4", 1)                   = 1
2582  read(3, "5", 1)                   = 1
2582  read(3, "7", 1)                   = 1
2582  read(3, "6", 1)                   = 1
2582  read(3, ",", 1)                   = 1
2582  read(3, " ", 1)                   = 1
2582  read(3, "P", 1)                   = 1
2582  read(3, "R", 1)                   = 1
2582  read(3, "O", 1)                   = 1
2582  read(3, "T", 1)                   = 1
2582  read(3, "_", 1)                   = 1
2582  read(3, "R", 1)                   = 1
2582  read(3, "E", 1)                   = 1
2582  read(3, "A", 1)                   = 1
2582  read(3, "D", 1)                   = 1
2582  read(3, "|", 1)                   = 1
2582  read(3, "P", 1)                   = 1
2582  read(3, "R", 1)                   = 1
2582  read(3, "O", 1)                   = 1
2582  read(3, "T", 1)                   = 1
2582  read(3, "_", 1)                   = 1
2582  read(3, "W", 1)                   = 1
2582  read(3, "R", 1)                   = 1
2582  read(3, "I", 1)                   = 1
2582  read(3, "T", 1)                   = 1
2582  read(3, "E", 1)                   = 1
2582  read(3, ",", 1)                   = 1
2582  read(3, " ", 1)                   = 1
2582  read(3, "M", 1)                   = 1
2582  read(3, "A", 1)                   = 1
2582  read(3, "P", 1)                   = 1
2582  read(3, "_", 1)                   = 1
2582  read(3, "P", 1)                   = 1
2582  read(3, "R", 1)                   = 1
2582  read(3, "I", 1)                   = 1
2582  read(3, "V", 1)                   = 1
2582  read(3, "A", 1)                   = 1
2582  read(3, "T", 1)                   = 1
2582  read(3, "E", 1)                   = 1
2582  read(3, "|", 1)                   = 1
2582  read(3, "M", 1)                   = 1
2582  read(3, "A", 1)                   = 1
2582  read(3, "P", 1)                   = 1
2582  read(3, "_", 1)                   = 1
2582  read(3, "F", 1)                   = 1
2582  read(3, "I", 1)                   = 1
2582  read(3, "X", 1)                   = 1
2582  read(3, "E", 1)                   = 1
2582  read(3, "D", 1)                   = 1
2582  read(3, "|", 1)                   = 1
2582  read(3, "M", 1)                   = 1
2582  read(3, "A", 1)                   = 1
2582  read(3, "P", 1)                   = 1
2582  read(3, "_", 1)                   = 1
2582  read(3, "D", 1)                   = 1
2582  read(3, "E", 1)                   = 1
2582  read(3, "N", 1)                   = 1
2582  read(3, "Y", 1)                   = 1
2582  read(3, "W", 1)                   = 1
2582  read(3, "R", 1)                   = 1
2582  read(3, "I", 1)                   = 1
2582  read(3, "T", 1)                   = 1
2582  read(3, "E", 1)                   = 1
2582  read(3, ",", 1)                   = 1
2582  read(3, " ", 1)                   = 1
2582  read(3, "6", 1)                   = 1
2582  read(3, ",", 1)                   = 1
2582  read(3, " ", 1)                   = 1
2582  read(3, "0", 1)                   = 1
2582  read(3, "x", 1)                   = 1
2582  read(3, "1", 1)                   = 1
2582  read(3, "e", 1)                   = 1
2582  read(3, "7", 1)                   = 1
2582  read(3, "0", 1)                   = 1
2582  read(3, "0", 1)                   = 1
2582  read(3, "0", 1)                   = 1
2582  read(3, ")", 1)                   = 1
2582  read(3, " ", 1)                   = 1
2582  read(3, "=", 1)                   = 1
2582  read(3, " ", 1)                   = 1
2582  read(3, "0", 1)                   = 1
2582  read(3, "x", 1)                   = 1
2582  read(3, "7", 1)                   = 1
2582  read(3, "f", 1)                   = 1
2582  read(3, "a", 1)                   = 1
2582  read(3, "6", 1)                   = 1
2582  read(3, "6", 1)                   = 1
2582  read(3, "f", 1)                   = 1
2582  read(3, "7", 1)                   = 1
2582  read(3, "3", 1)                   = 1
2582  read(3, "9", 1)                   = 1
2582  read(3, "0", 1)                   = 1
2582  read(3, "0", 1)                   = 1
2582  read(3, "0", 1)                   = 1
2582  read(3, "\n", 1)                  = 1
2582  write(6, "124\n", 4)              = 4
2582  write(6, "372475 mmap(0x7fa66f739000, 2457"..., 124) = 124
2582  read(3, "3", 1)                   = 1
2582  read(3, "7", 1)                   = 1
2582  read(3, "2", 1)                   = 1
2582  read(3, "4", 1)                   = 1
2582  read(3, "7", 1)                   = 1
2582  read(3, "5", 1)                   = 1
2582  read(3, " ", 1)                   = 1
2582  read(3, "m", 1)                   = 1
2582  read(3, "m", 1)                   = 1
2582  read(3, "a", 1)                   = 1
2582  read(3, "p", 1)                   = 1
2582  read(3, "(", 1)                   = 1
2582  read(3, "0", 1)                   = 1
2582  read(3, "x", 1)                   = 1
2582  read(3, "7", 1)                   = 1
2582  read(3, "f", 1)                   = 1
2582  read(3, "a", 1)                   = 1
2582  read(3, "6", 1)                   = 1
2582  read(3, "6", 1)                   = 1
2582  read(3, "f", 1)                   = 1
2582  read(3, "7", 1)                   = 1
2582  read(3, "3", 1)                   = 1
2582  read(3, "f", 1)                   = 1
2582  read(3, "0", 1)                   = 1
2582  read(3, "0", 1)                   = 1
2582  read(3, "0", 1)                   = 1
2582  read(3, ",", 1)                   = 1
2582  read(3, " ", 1)                   = 1
2582  read(3, "1", 1)                   = 1
2582  read(3, "3", 1)                   = 1
2582  read(3, "9", 1)                   = 1
2582  read(3, "2", 1)                   = 1
2582  read(3, "0", 1)                   = 1
2582  read(3, ",", 1)                   = 1
2582  read(3, " ", 1)                   = 1
2582  read(3, "P", 1)                   = 1
2582  read(3, "R", 1)                   = 1
2582  read(3, "O", 1)                   = 1
2582  read(3, "T", 1)                   = 1
2582  read(3, "_", 1)                   = 1
2582  read(3, "R", 1)                   = 1
2582  read(3, "E", 1)                   = 1
2582  read(3, "A", 1)                   = 1
2582  read(3, "D", 1)                   = 1
2582  read(3, "|", 1)                   = 1
2582  read(3, "P", 1)                   = 1
2582  read(3, "R", 1)                   = 1
2582  read(3, "O", 1)                   = 1
2582  read(3, "T", 1)                   = 1
2582  read(3, "_", 1)                   = 1
2582  read(3, "W", 1)                   = 1
2582  read(3, "R", 1)                   = 1
2582  read(3, "I", 1)                   = 1
2582  read(3, "T", 1)                   = 1
2582  read(3, "E", 1)                   = 1
2582  read(3, ",", 1)                   = 1
2582  read(3, " ", 1)                   = 1
2582  read(3, "M", 1)                   = 1
2582  read(3, "A", 1)                   = 1
2582  read(3, "P", 1)                   = 1
2582  read(3, "_", 1)                   = 1
2582  read(3, "P", 1)                   = 1
2582  read(3, "R", 1)                   = 1
2582  read(3, "I", 1)                   = 1
2582  read(3, "V", 1)                   = 1
2582  read(3, "A", 1)                   = 1
2582  read(3, "T", 1)                   = 1
2582  read(3, "E", 1)                   = 1
2582  read(3, "|", 1)                   = 1
2582  read(3, "M", 1)                   = 1
2582  read(3, "A", 1)                   = 1
2582  read(3, "P", 1)                   = 1
2582  read(3, "_", 1)                   = 1
2582  read(3, "F", 1)                   = 1
2582  read(3, "I", 1)                   = 1
2582  read(3, "X", 1)                   = 1
2582  read(3, "E", 1)                   = 1
2582  read(3, "D", 1)                   = 1
2582  read(3, "|", 1)                   = 1
2582  read(3, "M", 1)                   = 1
2582  read(3, "A", 1)                   = 1
2582  read(3, "P", 1)                   = 1
2582  read(3, "_", 1)                   = 1
2582  read(3, "A", 1)                   = 1
2582  read(3, "N", 1)                   = 1
2582  read(3, "O", 1)                   = 1
2582  read(3, "N", 1)                   = 1
2582  read(3, "Y", 1)                   = 1
2582  read(3, "M", 1)                   = 1
2582  read(3, "O", 1)                   = 1
2582  read(3, "U", 1)                   = 1
2582  read(3, "S", 1)                   = 1
2582  read(3, ",", 1)                   = 1
2582  read(3, " ", 1)                   = 1
2582  read(3, "-", 1)                   = 1
2582  read(3, "1", 1)                   = 1
2582  read(3, ",", 1)                   = 1
2582  read(3, " ", 1)                   = 1
2582  read(3, "0", 1)                   = 1
2582  read(3, ")", 1)                   = 1
2582  read(3, " ", 1)                   = 1
2582  read(3, "=", 1)                   = 1
2582  read(3, " ", 1)                   = 1
2582  read(3, "0", 1)                   = 1
2582  read(3, "x", 1)                   = 1
2582  read(3, "7", 1)                   = 1
2582  read(3, "f", 1)                   = 1
2582  read(3, "a", 1)                   = 1
2582  read(3, "6", 1)                   = 1
2582  read(3, "6", 1)                   = 1
2582  read(3, "f", 1)                   = 1
2582  read(3, "7", 1)                   = 1
2582  read(3, "3", 1)                   = 1
2582  read(3, "f", 1)                   = 1
2582  read(3, "0", 1)                   = 1
2582  read(3, "0", 1)                   = 1
2582  read(3, "0", 1)                   = 1
2582  read(3, "\n", 1)                  = 1
2582  write(6, "118\n", 4)              = 4
2582  write(6, "372475 mmap(0x7fa66f73f000, 1392"..., 118) = 118
2582  read(3, "3", 1)                   = 1
2582  read(3, "7", 1)                   = 1
2582  read(3, "2", 1)                   = 1
2582  read(3, "4", 1)                   = 1
2582  read(3, "7", 1)                   = 1
2582  read(3, "5", 1)                   = 1
2582  read(3, " ", 1)                   = 1
2582  read(3, "c", 1)                   = 1
2582  read(3, "l", 1)                   = 1
2582  read(3, "o", 1)                   = 1
2582  read(3, "s", 1)                   = 1
2582  read(3, "e", 1)                   = 1
2582  read(3, "(", 1)                   = 1
2582  read(3, "6", 1)                   = 1
2582  read(3, ")", 1)                   = 1
2582  read(3, " ", 1)                   = 1
2582  read(3, " ", 1)                   = 1
2582  read(3, " ", 1)                   = 1
2582  read(3, " ", 1)                   = 1
2582  read(3, " ", 1)                   = 1
2582  read(3, " ", 1)                   = 1
2582  read(3, " ", 1)                   = 1
2582  read(3, " ", 1)                   = 1
2582  read(3, " ", 1)                   = 1
2582  read(3, " ", 1)                   = 1
2582  read(3, " ", 1)                   = 1
2582  read(3, " ", 1)                   = 1
2582  read(3, " ", 1)                   = 1
2582  read(3, " ", 1)                   = 1
2582  read(3, " ", 1)                   = 1
2582  read(3, " ", 1)                   = 1
2582  read(3, " ", 1)                   = 1
2582  read(3, " ", 1)                   = 1
2582  read(3, " ", 1)                   = 1
2582  read(3, " ", 1)                   = 1
2582  read(3, " ", 1)                   = 1
2582  read(3, " ", 1)                   = 1
2582  read(3, " ", 1)                   = 1
2582  read(3, " ", 1)                   = 1
2582  read(3, " ", 1)                   = 1
2582  read(3, "=", 1)                   = 1
2582  read(3, " ", 1)                   = 1
2582  read(3, "0", 1)                   = 1
2582  read(3, "\n", 1)                  = 1
2582  write(6, "44\n", 3)               = 3
2582  write(6, "372475 close(6)                 "..., 44) = 44
2582  read(3, "3", 1)                   = 1
2582  read(3, "7", 1)                   = 1
2582  read(3, "2", 1)                   = 1
2582  read(3, "4", 1)                   = 1
2582  read(3, "7", 1)                   = 1
2582  read(3, "5", 1)                   = 1
2582  read(3, " ", 1)                   = 1
2582  read(3, "a", 1)                   = 1
2582  read(3, "r", 1)                   = 1
2582  read(3, "c", 1)                   = 1
2582  read(3, "h", 1)                   = 1
2582  read(3, "_", 1)                   = 1
2582  read(3, "p", 1)                   = 1
2582  read(3, "r", 1)                   = 1
2582  read(3, "c", 1)                   = 1
2582  read(3, "t", 1)                   = 1
2582  read(3, "l", 1)                   = 1
2582  read(3, "(", 1)                   = 1
2582  read(3, "A", 1)                   = 1
2582  read(3, "R", 1)                   = 1
2582  read(3, "C", 1)                   = 1
2582  read(3, "H", 1)                   = 1
2582  read(3, "_", 1)                   = 1
2582  read(3, "S", 1)                   = 1
2582  read(3, "E", 1)                   = 1
2582  read(3, "T", 1)                   = 1
2582  read(3, "_", 1)                   = 1
2582  read(3, "F", 1)                   = 1
2582  read(3, "S", 1)                   = 1
2582  read(3, ",", 1)                   = 1
2582  read(3, " ", 1)                   = 1
2582  read(3, "0", 1)                   = 1
2582  read(3, "x", 1)                   = 1
2582  read(3, "7", 1)                   = 1
2582  read(3, "f", 1)                   = 1
2582  read(3, "a", 1)                   = 1
2582  read(3, "6", 1)                   = 1
2582  read(3, "6", 1)                   = 1
2582  read(3, "f", 1)                   = 1
2582  read(3, "7", 1)                   = 1
2582  read(3, "4", 1)                   = 1
2582  read(3, "4", 1)                   = 1
2582  read(3, "5", 1)                   = 1
2582  read(3, "4", 1)                   = 1
2582  read(3, "0", 1)                   = 1
2582  read(3, ")", 1)                   = 1
2582  read(3, " ", 1)                   = 1
2582  read(3, "=", 1)                   = 1
2582  read(3, " ", 1)                   = 1
2582  read(3, "0", 1)                   = 1
2582  read(3, "\n", 1)                  = 1
2582  write(6, "51\n", 3)               = 3
2582  write(6, "372475 arch_prctl(ARCH_SET_FS, 0"..., 51) = 51
2582  read(3, "3", 1)                   = 1
2582  read(3, "7", 1)                   = 1
2582  read(3, "2", 1)                   = 1
2582  read(3, "4", 1)                   = 1
2582  read(3, "7", 1)                   = 1
2582  read(3, "5", 1)                   = 1
2582  read(3, " ", 1)                   = 1
2582  read(3, "m", 1)                   = 1
2582  read(3, "p", 1)                   = 1
2582  read(3, "r", 1)                   = 1
2582  read(3, "o", 1)                   = 1
2582  read(3, "t", 1)                   = 1
2582  read(3, "e", 1)                   = 1
2582  read(3, "c", 1)                   = 1
2582  read(3, "t", 1)                   = 1
2582  read(3, "(", 1)                   = 1
2582  read(3, "0", 1)                   = 1
2582  read(3, "x", 1)                   = 1
2582  read(3, "7", 1)                   = 1
2582  read(3, "f", 1)                   = 1
2582  read(3, "a", 1)                   = 1
2582  read(3, "6", 1)                   = 1
2582  read(3, "6", 1)                   = 1
2582  read(3, "f", 1)                   = 1
2582  read(3, "7", 1)                   = 1
2582  read(3, "3", 1)                   = 1
2582  read(3, "9", 1)                   = 1
2582  read(3, "0", 1)                   = 1
2582  read(3, "0", 1)                   = 1
2582  read(3, "0", 1)                   = 1
2582  read(3, ",", 1)                   = 1
2582  read(3, " ", 1)                   = 1
2582  read(3, "1", 1)                   = 1
2582  read(3, "6", 1)                   = 1
2582  read(3, "3", 1)                   = 1
2582  read(3, "8", 1)                   = 1
2582  read(3, "4", 1)                   = 1
2582  read(3, ",", 1)                   = 1
2582  read(3, " ", 1)                   = 1
2582  read(3, "P", 1)                   = 1
2582  read(3, "R", 1)                   = 1
2582  read(3, "O", 1)                   = 1
2582  read(3, "T", 1)                   = 1
2582  read(3, "_", 1)                   = 1
2582  read(3, "R", 1)                   = 1
2582  read(3, "E", 1)                   = 1
2582  read(3, "A", 1)                   = 1
2582  read(3, "D", 1)                   = 1
2582  read(3, ")", 1)                   = 1
2582  read(3, " ", 1)                   = 1
2582  read(3, "=", 1)                   = 1
2582  read(3, " ", 1)                   = 1
2582  read(3, "0", 1)                   = 1
2582  read(3, "\n", 1)                  = 1
2582  write(6, "54\n", 3)               = 3
2582  write(6, "372475 mprotect(0x7fa66f739000, "..., 54) = 54
2582  read(3, "3", 1)                   = 1
2582  read(3, "7", 1)                   = 1
2582  read(3, "2", 1)                   = 1
2582  read(3, "4", 1)                   = 1
2582  read(3, "7", 1)                   = 1
2582  read(3, "5", 1)                   = 1
2582  read(3, " ", 1)                   = 1
2582  read(3, "m", 1)                   = 1
2582  read(3, "p", 1)                   = 1
2582  read(3, "r", 1)                   = 1
2582  read(3, "o", 1)                   = 1
2582  read(3, "t", 1)                   = 1
2582  read(3, "e", 1)                   = 1
2582  read(3, "c", 1)                   = 1
2582  read(3, "t", 1)                   = 1
2582  read(3, "(", 1)                   = 1
2582  read(3, "0", 1)                   = 1
2582  read(3, "x", 1)                   = 1
2582  read(3, "5", 1)                   = 1
2582  read(3, "5", 1)                   = 1
2582  read(3, "8", 1)                   = 1
2582  read(3, "0", 1)                   = 1
2582  read(3, "d", 1)                   = 1
2582  read(3, "b", 1)                   = 1
2582  read(3, "e", 1)                   = 1
2582  read(3, "0", 1)                   = 1
2582  read(3, "a", 1)                   = 1
2582  read(3, "0", 1)                   = 1
2582  read(3, "0", 1)                   = 1
2582  read(3, "0", 1)                   = 1
2582  read(3, ",", 1)                   = 1
2582  read(3, " ", 1)                   = 1
2582  read(3, "4", 1)                   = 1
2582  read(3, "0", 1)                   = 1
2582  read(3, "9", 1)                   = 1
2582  read(3, "6", 1)                   = 1
2582  read(3, ",", 1)                   = 1
2582  read(3, " ", 1)                   = 1
2582  read(3, "P", 1)                   = 1
2582  read(3, "R", 1)                   = 1
2582  read(3, "O", 1)                   = 1
2582  read(3, "T", 1)                   = 1
2582  read(3, "_", 1)                   = 1
2582  read(3, "R", 1)                   = 1
2582  read(3, "E", 1)                   = 1
2582  read(3, "A", 1)                   = 1
2582  read(3, "D", 1)                   = 1
2582  read(3, ")", 1)                   = 1
2582  read(3, " ", 1)                   = 1
2582  read(3, "=", 1)                   = 1
2582  read(3, " ", 1)                   = 1
2582  read(3, "0", 1)                   = 1
2582  read(3, "\n", 1)                  = 1
2582  write(6, "53\n", 3)               = 3
2582  write(6, "372475 mprotect(0x5580dbe0a000, "..., 53) = 53
2582  read(3, "3", 1)                   = 1
2582  read(3, "7", 1)                   = 1
2582  read(3, "2", 1)                   = 1
2582  read(3, "4", 1)                   = 1
2582  read(3, "7", 1)                   = 1
2582  read(3, "5", 1)                   = 1
2582  read(3, " ", 1)                   = 1
2582  read(3, "m", 1)                   = 1
2582  read(3, "p", 1)                   = 1
2582  read(3, "r", 1)                   = 1
2582  read(3, "o", 1)                   = 1
2582  read(3, "t", 1)                   = 1
2582  read(3, "e", 1)                   = 1
2582  read(3, "c", 1)                   = 1
2582  read(3, "t", 1)                   = 1
2582  read(3, "(", 1)                   = 1
2582  read(3, "0", 1)                   = 1
2582  read(3, "x", 1)                   = 1
2582  read(3, "7", 1)                   = 1
2582  read(3, "f", 1)                   = 1
2582  read(3, "a", 1)                   = 1
2582  read(3, "6", 1)                   = 1
2582  read(3, "6", 1)                   = 1
2582  read(3, "f", 1)                   = 1
2582  read(3, "7", 1)                   = 1
2582  read(3, "9", 1)                   = 1
2582  read(3, "2", 1)                   = 1
2582  read(3, "0", 1)                   = 1
2582  read(3, "0", 1)                   = 1
2582  read(3, "0", 1)                   = 1
2582  read(3, ",", 1)                   = 1
2582  read(3, " ", 1)                   = 1
2582  read(3, "4", 1)                   = 1
2582  read(3, "0", 1)                   = 1
2582  read(3, "9", 1)                   = 1
2582  read(3, "6", 1)                   = 1
2582  read(3, ",", 1)                   = 1
2582  read(3, " ", 1)                   = 1
2582  read(3, "P", 1)                   = 1
2582  read(3, "R", 1)                   = 1
2582  read(3, "O", 1)                   = 1
2582  read(3, "T", 1)                   = 1
2582  read(3, "_", 1)                   = 1
2582  read(3, "R", 1)                   = 1
2582  read(3, "E", 1)                   = 1
2582  read(3, "A", 1)                   = 1
2582  read(3, "D", 1)                   = 1
2582  read(3, ")", 1)                   = 1
2582  read(3, " ", 1)                   = 1
2582  read(3, "=", 1)                   = 1
2582  read(3, " ", 1)                   = 1
2582  read(3, "0", 1)                   = 1
2582  read(3, "\n", 1)                  = 1
2582  write(6, "53\n", 3)               = 3
2582  write(6, "372475 mprotect(0x7fa66f792000, "..., 53) = 53
2582  read(3, "3", 1)                   = 1
2582  read(3, "7", 1)                   = 1
2582  read(3, "2", 1)                   = 1
2582  read(3, "4", 1)                   = 1
2582  read(3, "7", 1)                   = 1
2582  read(3, "5", 1)                   = 1
2582  read(3, " ", 1)                   = 1
2582  read(3, "m", 1)                   = 1
2582  read(3, "u", 1)                   = 1
2582  read(3, "n", 1)                   = 1
2582  read(3, "m", 1)                   = 1
2582  read(3, "a", 1)                   = 1
2582  read(3, "p", 1)                   = 1
2582  read(3, "(", 1)                   = 1
2582  read(3, "0", 1)                   = 1
2582  read(3, "x", 1)                   = 1
2582  read(3, "7", 1)                   = 1
2582  read(3, "f", 1)                   = 1
2582  read(3, "a", 1)                   = 1
2582  read(3, "6", 1)                   = 1
2582  read(3, "6", 1)                   = 1
2582  read(3, "f", 1)                   = 1
2582  read(3, "7", 1)                   = 1
2582  read(3, "4", 1)                   = 1
2582  read(3, "5", 1)                   = 1
2582  read(3, "0", 1)                   = 1
2582  read(3, "0", 1)                   = 1
2582  read(3, "0", 1)                   = 1
2582  read(3, ",", 1)                   = 1
2582  read(3, " ", 1)                   = 1
2582  read(3, "1", 1)                   = 1
2582  read(3, "2", 1)                   = 1
2582  read(3, "9", 1)                   = 1
2582  read(3, "5", 1)                   = 1
2582  read(3, "6", 1)                   = 1
2582  read(3, "6", 1)                   = 1
2582  read(3, ")", 1)                   = 1
2582  read(3, " ", 1)                   = 1
2582  read(3, " ", 1)                   = 1
2582  read(3, " ", 1)                   = 1
2582  read(3, "=", 1)                   = 1
2582  read(3, " ", 1)                   = 1
2582  read(3, "0", 1)                   = 1
2582  read(3, "\n", 1)                  = 1
2582  write(6, "44\n", 3)               = 3
2582  write(6, "372475 munmap(0x7fa66f745000, 12"..., 44) = 44
2582  read(3, "3", 1)                   = 1
2582  read(3, "7", 1)                   = 1
2582  read(3, "2", 1)                   = 1
2582  read(3, "4", 1)                   = 1
2582  read(3, "7", 1)                   = 1
2582  read(3, "5", 1)                   = 1
2582  read(3, " ", 1)                   = 1
2582  read(3, "f", 1)                   = 1
2582  read(3, "s", 1)                   = 1
2582  read(3, "t", 1)                   = 1
2582  read(3, "a", 1)                   = 1
2582  read(3, "t", 1)                   = 1
2582  read(3, "(", 1)                   = 1
2582  read(3, "0", 1)                   = 1
2582  read(3, ",", 1)                   = 1
2582  read(3, " ", 1)                   = 1
2582  read(3, "{", 1)                   = 1
2582  read(3, "s", 1)                   = 1
2582  read(3, "t", 1)                   = 1
2582  read(3, "_", 1)                   = 1
2582  read(3, "m", 1)                   = 1
2582  read(3, "o", 1)                   = 1
2582  read(3, "d", 1)                   = 1
2582  read(3, "e", 1)                   = 1
2582  read(3, "=", 1)                   = 1
2582  read(3, "S", 1)                   = 1
2582  read(3, "_", 1)                   = 1
2582  read(3, "I", 1)                   = 1
2582  read(3, "F", 1)                   = 1
2582  read(3, "I", 1)                   = 1
2582  read(3, "F", 1)                   = 1
2582  read(3, "O", 1)                   = 1
2582  read(3, "|", 1)                   = 1
2582  read(3, "0", 1)                   = 1
2582  read(3, "6", 1)                   = 1
2582  read(3, "0", 1)                   = 1
2582  read(3, "0", 1)                   = 1
2582  read(3, ",", 1)                   = 1
2582  read(3, " ", 1)                   = 1
2582  read(3, "s", 1)                   = 1
2582  read(3, "t", 1)                   = 1
2582  read(3, "_", 1)                   = 1
2582  read(3, "s", 1)                   = 1
2582  read(3, "i", 1)                   = 1
2582  read(3, "z", 1)                   = 1
2582  read(3, "e", 1)                   = 1
2582  read(3, "=", 1)                   = 1
2582  read(3, "0", 1)                   = 1
2582  read(3, ",", 1)                   = 1
2582  read(3, " ", 1)                   = 1
2582  read(3, ".", 1)                   = 1
2582  read(3, ".", 1)                   = 1
2582  read(3, ".", 1)                   = 1
2582  read(3, "}", 1)                   = 1
2582  read(3, ")", 1)                   = 1
2582  read(3, " ", 1)                   = 1
2582  read(3, "=", 1)                   = 1
2582  read(3, " ", 1)                   = 1
2582  read(3, "0", 1)                   = 1
2582  read(3, "\n", 1)                  = 1
2582  write(6, "60\n", 3)               = 3
2582  write(6, "372475 fstat(0, {st_mode=S_IFIFO"..., 60) = 60
2582  read(3, "3", 1)                   = 1
2582  read(3, "7", 1)                   = 1
2582  read(3, "2", 1)                   = 1
2582  read(3, "4", 1)                   = 1
2582  read(3, "7", 1)                   = 1
2582  read(3, "5", 1)                   = 1
2582  read(3, " ", 1)                   = 1
2582  read(3, "b", 1)                   = 1
2582  read(3, "r", 1)                   = 1
2582  read(3, "k", 1)                   = 1
2582  read(3, "(", 1)                   = 1
2582  read(3, "N", 1)                   = 1
2582  read(3, "U", 1)                   = 1
2582  read(3, "L", 1)                   = 1
2582  read(3, "L", 1)                   = 1
2582  read(3, ")", 1)                   = 1
2582  read(3, " ", 1)                   = 1
2582  read(3, " ", 1)                   = 1
2582  read(3, " ", 1)                   = 1
2582  read(3, " ", 1)                   = 1
2582  read(3, " ", 1)                   = 1
2582  read(3, " ", 1)                   = 1
2582  read(3, " ", 1)                   = 1
2582  read(3, " ", 1)                   = 1
2582  read(3, " ", 1)                   = 1
2582  read(3, " ", 1)                   = 1
2582  read(3, " ", 1)                   = 1
2582  read(3, " ", 1)                   = 1
2582  read(3, " ", 1)                   = 1
2582  read(3, " ", 1)                   = 1
2582  read(3, " ", 1)                   = 1
2582  read(3, " ", 1)                   = 1
2582  read(3, " ", 1)                   = 1
2582  read(3, " ", 1)                   = 1
2582  read(3, " ", 1)                   = 1
2582  read(3, " ", 1)                   = 1
2582  read(3, " ", 1)                   = 1
2582  read(3, " ", 1)                   = 1
2582  read(3, " ", 1)                   = 1
2582  read(3, " ", 1)                   = 1
2582  read(3, "=", 1)                   = 1
2582  read(3, " ", 1)                   = 1
2582  read(3, "0", 1)                   = 1
2582  read(3, "x", 1)                   = 1
2582  read(3, "5", 1)                   = 1
2582  read(3, "5", 1)                   = 1
2582  read(3, "8", 1)                   = 1
2582  read(3, "0", 1)                   = 1
2582  read(3, "d", 1)                   = 1
2582  read(3, "b", 1)                   = 1
2582  read(3, "f", 1)                   = 1
2582  read(3, "1", 1)                   = 1
2582  read(3, "a", 1)                   = 1
2582  read(3, "0", 1)                   = 1
2582  read(3, "0", 1)                   = 1
2582  read(3, "0", 1)                   = 1
2582  read(3, "\n", 1)                  = 1
2582  write(6, "57\n", 3)               = 3
2582  write(6, "372475 brk(NULL)                "..., 57) = 57
2582  read(3, "3", 1)                   = 1
2582  read(3, "7", 1)                   = 1
2582  read(3, "2", 1)                   = 1
2582  read(3, "4", 1)                   = 1
2582  read(3, "7", 1)                   = 1
2582  read(3, "5", 1)                   = 1
2582  read(3, " ", 1)                   = 1
2582  read(3, "b", 1)                   = 1
2582  read(3, "r", 1)                   = 1
2582  read(3, "k", 1)                   = 1
2582  read(3, "(", 1)                   = 1
2582  read(3, "0", 1)                   = 1
2582  read(3, "x", 1)                   = 1
2582  read(3, "5", 1)                   = 1
2582  read(3, "5", 1)                   = 1
2582  read(3, "8", 1)                   = 1
2582  read(3, "0", 1)                   = 1
2582  read(3, "d", 1)                   = 1
2582  read(3, "b", 1)                   = 1
2582  read(3, "f", 1)                   = 1
2582  read(3, "3", 1)                   = 1
2582  read(3, "b", 1)                   = 1
2582  read(3, "0", 1)                   = 1
2582  read(3, "0", 1)                   = 1
2582  read(3, "0", 1)                   = 1
2582  read(3, ")", 1)                   = 1
2582  read(3, " ", 1)                   = 1
2582  read(3, " ", 1)                   = 1
2582  read(3, " ", 1)                   = 1
2582  read(3, " ", 1)                   = 1
2582  read(3, " ", 1)                   = 1
2582  read(3, " ", 1)                   = 1
2582  read(3, " ", 1)                   = 1
2582  read(3, " ", 1)                   = 1
2582  read(3, " ", 1)                   = 1
2582  read(3, " ", 1)                   = 1
2582  read(3, " ", 1)                   = 1
2582  read(3, " ", 1)                   = 1
2582  read(3, " ", 1)                   = 1
2582  read(3, " ", 1)                   = 1
2582  read(3, "=", 1)                   = 1
2582  read(3, " ", 1)                   = 1
2582  read(3, "0", 1)                   = 1
2582  read(3, "x", 1)                   = 1
2582  read(3, "5", 1)                   = 1
2582  read(3, "5", 1)                   = 1
2582  read(3, "8", 1)                   = 1
2582  read(3, "0", 1)                   = 1
2582  read(3, "d", 1)                   = 1
2582  read(3, "b", 1)                   = 1
2582  read(3, "f", 1)                   = 1
2582  read(3, "3", 1)                   = 1
2582  read(3, "b", 1)                   = 1
2582  read(3, "0", 1)                   = 1
2582  read(3, "0", 1)                   = 1
2582  read(3, "0", 1)                   = 1
2582  read(3, "\n", 1)                  = 1
2582  write(6, "57\n", 3)               = 3
2582  write(6, "372475 brk(0x5580dbf3b000)      "..., 57) = 57
2582  read(3, "3", 1)                   = 1
2582  read(3, "7", 1)                   = 1
2582  read(3, "2", 1)                   = 1
2582  read(3, "4", 1)                   = 1
2582  read(3, "7", 1)                   = 1
2582  read(3, "5", 1)                   = 1
2582  read(3, " ", 1)                   = 1
2582  read(3, "r", 1)                   = 1
2582  read(3, "e", 1)                   = 1
2582  read(3, "a", 1)                   = 1
2582  read(3, "d", 1)                   = 1
2582  read(3, "(", 1)                   = 1
2582  read(3, "0", 1)                   = 1
2582  read(3, ",", 1)                   = 1
2582  read(3, " ", 1)                   = 1
2582  read(3, "\"", 1)                  = 1
2582  read(3, "2", 1)                   = 1
2582  read(3, "8", 1)                   = 1
2582  read(3, "\\", 1)                  = 1
2582  read(3, "n", 1)                   = 1
2582  read(3, "a", 1)                   = 1
2582  read(3, "l", 1)                   = 1
2582  read(3, "l", 1)                   = 1
2582  read(3, ":", 1)                   = 1
2582  read(3, " ", 1)                   = 1
2582  read(3, "e", 1)                   = 1
2582  read(3, "n", 1)                   = 1
2582  read(3, "c", 1)                   = 1
2582  read(3, "d", 1)                   = 1
2582  read(3, "r", 1)                   = 1
2582  read(3, "v", 1)                   = 1
2582  read(3, " ", 1)                   = 1
2582  read(3, "e", 1)                   = 1
2582  read(3, "n", 1)                   = 1
2582  read(3, "c", 1)                   = 1
2582  read(3, "r", 1)                   = 1
2582  read(3, "y", 1)                   = 1
2582  read(3, "p", 1)                   = 1
2582  read(3, "t", 1)                   = 1
2582  read(3, " ", 1)                   = 1
2582  read(3, "d", 1)                   = 1
2582  read(3, "e", 1)                   = 1
2582  read(3, "c", 1)                   = 1
2582  read(3, "r", 1)                   = 1
2582  read(3, "y", 1)                   = 1
2582  read(3, "p", 1)                   = 1
2582  read(3, "t", 1)                   = 1
2582  read(3, "\\", 1)                  = 1
2582  read(3, "n", 1)                   = 1
2582  read(3, "\"", 1)                  = 1
2582  read(3, ",", 1)                   = 1
2582  read(3, " ", 1)                   = 1
2582  read(3, "4", 1)                   = 1
2582  read(3, "0", 1)                   = 1
2582  read(3, "9", 1)                   = 1
2582  read(3, "6", 1)                   = 1
2582  read(3, ")", 1)                   = 1
2582  read(3, " ", 1)                   = 1
2582  read(3, "=", 1)                   = 1
2582  read(3, " ", 1)                   = 1
2582  read(3, "3", 1)                   = 1
2582  read(3, "1", 1)                   = 1
2582  read(3, "\n", 1)                  = 1
2582  write(6, "63\n", 3)               = 3
2582  write(6, "372475 read(0, \"28\\nall: encdrv "..., 63) = 63
2582  read(3, "3", 1)                   = 1
2582  read(3, "7", 1)                   = 1
2582  read(3, "2", 1)                   = 1
2582  read(3, "4", 1)                   = 1
2582  read(3, "7", 1)                   = 1
2582  read(3, "5", 1)                   = 1
2582  read(3, " ", 1)                   = 1
2582  read(3, "f", 1)                   = 1
2582  read(3, "s", 1)                   = 1
2582  read(3, "t", 1)                   = 1
2582  read(3, "a", 1)                   = 1
2582  read(3, "t", 1)                   = 1
2582  read(3, "(", 1)                   = 1
2582  read(3, "1", 1)                   = 1
2582  read(3, ",", 1)                   = 1
2582  read(3, " ", 1)                   = 1
2582  read(3, "{", 1)                   = 1
2582  read(3, "s", 1)                   = 1
2582  read(3, "t", 1)                   = 1
2582  read(3, "_", 1)                   = 1
2582  read(3, "m", 1)                   = 1
2582  read(3, "o", 1)                   = 1
2582  read(3, "d", 1)                   = 1
2582  read(3, "e", 1)                   = 1
2582  read(3, "=", 1)                   = 1
2582  read(3, "S", 1)                   = 1
2582  read(3, "_", 1)                   = 1
2582  read(3, "I", 1)                   = 1
2582  read(3, "F", 1)                   = 1
2582  read(3, "I", 1)                   = 1
2582  read(3, "F", 1)                   = 1
2582  read(3, "O", 1)                   = 1
2582  read(3, "|", 1)                   = 1
2582  read(3, "0", 1)                   = 1
2582  read(3, "6", 1)                   = 1
2582  read(3, "0", 1)                   = 1
2582  read(3, "0", 1)                   = 1
2582  read(3, ",", 1)                   = 1
2582  read(3, " ", 1)                   = 1
2582  read(3, "s", 1)                   = 1
2582  read(3, "t", 1)                   = 1
2582  read(3, "_", 1)                   = 1
2582  read(3, "s", 1)                   = 1
2582  read(3, "i", 1)                   = 1
2582  read(3, "z", 1)                   = 1
2582  read(3, "e", 1)                   = 1
2582  read(3, "=", 1)                   = 1
2582  read(3, "0", 1)                   = 1
2582  read(3, ",", 1)                   = 1
2582  read(3, " ", 1)                   = 1
2582  read(3, ".", 1)                   = 1
2582  read(3, ".", 1)                   = 1
2582  read(3, ".", 1)                   = 1
2582  read(3, "}", 1)                   = 1
2582  read(3, ")", 1)                   = 1
2582  read(3, " ", 1)                   = 1
2582  read(3, "=", 1)                   = 1
2582  read(3, " ", 1)                   = 1
2582  read(3, "0", 1)                   = 1
2582  read(3, "\n", 1)                  = 1
2582  write(6, "60\n", 3)               = 3
2582  write(6, "372475 fstat(1, {st_mode=S_IFIFO"..., 60) = 60
2582  read(3, "3", 1)                   = 1
2582  read(3, "7", 1)                   = 1
2582  read(3, "2", 1)                   = 1
2582  read(3, "4", 1)                   = 1
2582  read(3, "7", 1)                   = 1
2582  read(3, "5", 1)                   = 1
2582  read(3, " ", 1)                   = 1
2582  read(3, "w", 1)                   = 1
2582  read(3, "r", 1)                   = 1
2582  read(3, "i", 1)                   = 1
2582  read(3, "t", 1)                   = 1
2582  read(3, "e", 1)                   = 1
2582  read(3, "(", 1)                   = 1
2582  read(3, "1", 1)                   = 1
2582  read(3, ",", 1)                   = 1
2582  read(3, " ", 1)                   = 1
2582  read(3, "\"", 1)                  = 1
2582  read(3, "2", 1)                   = 1
2582  read(3, "8", 1)                   = 1
2582  read(3, "\\", 1)                  = 1
2582  read(3, "n", 1)                   = 1
2582  read(3, "}", 1)                   = 1
2582  read(3, "p", 1)                   = 1
2582  read(3, "p", 1)                   = 1
2582  read(3, "&", 1)                   = 1
2582  read(3, "<", 1)                   = 1
2582  read(3, "y", 1)                   = 1
2582  read(3, "r", 1)                   = 1
2582  read(3, "\\", 1)                  = 1
2582  read(3, "1", 1)                   = 1
2582  read(3, "7", 1)                   = 1
2582  read(3, "7", 1)                   = 1
2582  read(3, "x", 1)                   = 1
2582  read(3, "n", 1)                   = 1
2582  read(3, "j", 1)                   = 1
2582  read(3, "<", 1)                   = 1
2582  read(3, "y", 1)                   = 1
2582  read(3, "r", 1)                   = 1
2582  read(3, "\\", 1)                  = 1
2582  read(3, "1", 1)                   = 1
2582  read(3, "7", 1)                   = 1
2582  read(3, "7", 1)                   = 1
2582  read(3, "n", 1)                   = 1
2582  read(3, "e", 1)                   = 1
2582  read(3, "l", 1)                   = 1
2582  read(3, "h", 1)                   = 1
2582  read(3, "<", 1)                   = 1
2582  read(3, "x", 1)                   = 1
2582  read(3, "y", 1)                   = 1
2582  read(3, "\\", 1)                  = 1
2582  read(3, "1", 1)                   = 1
2582  read(3, "7", 1)                   = 1
2582  read(3, "7", 1)                   = 1
2582  read(3, "n", 1)                   = 1
2582  read(3, "e", 1)                   = 1
2582  read(3, "l", 1)                   = 1
2582  read(3, "h", 1)                   = 1
2582  read(3, "\\", 1)                  = 1
2582  read(3, "2", 1)                   = 1
2582  read(3, "6", 1)                   = 1
2582  read(3, "\"", 1)                  = 1
2582  read(3, ",", 1)                   = 1
2582  read(3, " ", 1)                   = 1
2582  read(3, "3", 1)                   = 1
2582  read(3, "1", 1)                   = 1
2582  read(3, " ", 1)                   = 1
2582  read(3, "<", 1)                   = 1
2582  read(3, "u", 1)                   = 1
2582  read(3, "n", 1)                   = 1
2582  read(3, "f", 1)                   = 1
2582  read(3, "i", 1)                   = 1
2582  read(3, "n", 1)                   = 1
2582  read(3, "i", 1)                   = 1
2582  read(3, "s", 1)                   = 1
2582  read(3, "h", 1)                   = 1
2582  read(3, "e", 1)                   = 1
2582  read(3, "d", 1)                   = 1
2582  read(3, " ", 1)                   = 1
2582  read(3, ".", 1)                   = 1
2582  read(3, ".", 1)                   = 1
2582  read(3, ".", 1)                   = 1
2582  read(3, ">", 1)                   = 1
2582  read(3, "\n", 1)                  = 1
2582  write(6, "83\n", 3)               = 3
2582  write(6, "372475 write(1, \"28\\n}pp&<yr\\177"..., 83) = 83
2582  read(3, "3", 1)                   = 1
2582  read(3, "7", 1)                   = 1
2582  read(3, "2", 1)                   = 1
2582  read(3, "4", 1)                   = 1
2582  read(3, "7", 1)                   = 1
2582  read(3, "4", 1)                   = 1
2582  read(3, " ", 1)                   = 1
2582  read(3, "<", 1)                   = 1
2582  read(3, ".", 1)                   = 1
2582  read(3, ".", 1)                   = 1
2582  read(3, ".", 1)                   = 1
2582  read(3, " ", 1)                   = 1
2582  read(3, "r", 1)                   = 1
2582  read(3, "e", 1)                   = 1
2582  read(3, "a", 1)                   = 1
2582  read(3, "d", 1)                   = 1
2582  read(3, " ", 1)                   = 1
2582  read(3, "r", 1)                   = 1
2582  read(3, "e", 1)                   = 1
2582  read(3, "s", 1)                   = 1
2582  read(3, "u", 1)                   = 1
2582  read(3, "m", 1)                   = 1
2582  read(3, "e", 1)                   = 1
2582  read(3, "d", 1)                   = 1
2582  read(3, ">", 1)                   = 1
2582  read(3, "\"", 1)                  = 1
2582  read(3, "2", 1)                   = 1
2582  read(3, "8", 1)                   = 1
2582  read(3, "\\", 1)                  = 1
2582  read(3, "n", 1)                   = 1
2582  read(3, "}", 1)                   = 1
2582  read(3, "p", 1)                   = 1
2582  read(3, "p", 1)                   = 1
2582  read(3, "&", 1)                   = 1
2582  read(3, "<", 1)                   = 1
2582  read(3, "y", 1)                   = 1
2582  read(3, "r", 1)                   = 1
2582  read(3, "\\", 1)                  = 1
2582  read(3, "1", 1)                   = 1
2582  read(3, "7", 1)                   = 1
2582  read(3, "7", 1)                   = 1
2582  read(3, "x", 1)                   = 1
2582  read(3, "n", 1)                   = 1
2582  read(3, "j", 1)                   = 1
2582  read(3, "<", 1)                   = 1
2582  read(3, "y", 1)                   = 1
2582  read(3, "r", 1)                   = 1
2582  read(3, "\\", 1)                  = 1
2582  read(3, "1", 1)                   = 1
2582  read(3, "7", 1)                   = 1
2582  read(3, "7", 1)                   = 1
2582  read(3, "n", 1)                   = 1
2582  read(3, "e", 1)                   = 1
2582  read(3, "l", 1)                   = 1
2582  read(3, "h", 1)                   = 1
2582  read(3, "<", 1)                   = 1
2582  read(3, "x", 1)                   = 1
2582  read(3, "y", 1)                   = 1
2582  read(3, "\\", 1)                  = 1
2582  read(3, "1", 1)                   = 1
2582  read(3, "7", 1)                   = 1
2582  read(3, "7", 1)                   = 1
2582  read(3, "n", 1)                   = 1
2582  read(3, "e", 1)                   = 1
2582  read(3, "l", 1)                   = 1
2582  read(3, "h", 1)                   = 1
2582  read(3, "\\", 1)                  = 1
2582  read(3, "2", 1)                   = 1
2582  read(3, "6", 1)                   = 1
2582  read(3, "\"", 1)                  = 1
2582  read(3, ",", 1)                   = 1
2582  read(3, " ", 1)                   = 1
2582  read(3, "3", 1)                   = 1
2582  read(3, "1", 1)                   = 1
2582  read(3, ")", 1)                   = 1
2582  read(3, " ", 1)                   = 1
2582  read(3, "=", 1)                   = 1
2582  read(3, " ", 1)                   = 1
2582  read(3, "3", 1)                   = 1
2582  read(3, "1", 1)                   = 1
2582  read(3, "\n", 1)                  = 1
2582  write(6, "81\n", 3)               = 3
2582  write(6, "372474 <... read resumed>\"28\\n}p"..., 81) = 81
2582  read(3, "3", 1)                   = 1
2582  read(3, "7", 1)                   = 1
2582  read(3, "2", 1)                   = 1
2582  read(3, "4", 1)                   = 1
2582  read(3, "7", 1)                   = 1
2582  read(3, "5", 1)                   = 1
2582  read(3, " ", 1)                   = 1
2582  read(3, "<", 1)                   = 1
2582  read(3, ".", 1)                   = 1
2582  read(3, ".", 1)                   = 1
2582  read(3, ".", 1)                   = 1
2582  read(3, " ", 1)                   = 1
2582  read(3, "w", 1)                   = 1
2582  read(3, "r", 1)                   = 1
2582  read(3, "i", 1)                   = 1
2582  read(3, "t", 1)                   = 1
2582  read(3, "e", 1)                   = 1
2582  read(3, " ", 1)                   = 1
2582  read(3, "r", 1)                   = 1
2582  read(3, "e", 1)                   = 1
2582  read(3, "s", 1)                   = 1
2582  read(3, "u", 1)                   = 1
2582  read(3, "m", 1)                   = 1
2582  read(3, "e", 1)                   = 1
2582  read(3, "d", 1)                   = 1
2582  read(3, ">", 1)                   = 1
2582  read(3, ")", 1)                   = 1
2582  read(3, " ", 1)                   = 1
2582  read(3, " ", 1)                   = 1
2582  read(3, " ", 1)                   = 1
2582  read(3, " ", 1)                   = 1
2582  read(3, " ", 1)                   = 1
2582  read(3, " ", 1)                   = 1
2582  read(3, " ", 1)                   = 1
2582  read(3, " ", 1)                   = 1
2582  read(3, " ", 1)                   = 1
2582  read(3, " ", 1)                   = 1
2582  read(3, " ", 1)                   = 1
2582  read(3, " ", 1)                   = 1
2582  read(3, " ", 1)                   = 1
2582  read(3, "=", 1)                   = 1
2582  read(3, " ", 1)                   = 1
2582  read(3, "3", 1)                   = 1
2582  read(3, "1", 1)                   = 1
2582  read(3, "\n", 1)                  = 1
2582  write(6, "45\n", 3)               = 3
2582  write(6, "372475 <... write resumed>)     "..., 45) = 45
2582  read(3, "3", 1)                   = 1
2582  read(3, "7", 1)                   = 1
2582  read(3, "2", 1)                   = 1
2582  read(3, "4", 1)                   = 1
2582  read(3, "7", 1)                   = 1
2582  read(3, "4", 1)                   = 1
2582  read(3, " ", 1)                   = 1
2582  read(3, "w", 1)                   = 1
2582  read(3, "r", 1)                   = 1
2582  read(3, "i", 1)                   = 1
2582  read(3, "t", 1)                   = 1
2582  read(3, "e", 1)                   = 1
2582  read(3, "(", 1)                   = 1
2582  read(3, "4", 1)                   = 1
2582  read(3, ",", 1)                   = 1
2582  read(3, " ", 1)                   = 1
2582  read(3, "\"", 1)                  = 1
2582  read(3, "2", 1)                   = 1
2582  read(3, "8", 1)                   = 1
2582  read(3, "\\", 1)                  = 1
2582  read(3, "n", 1)                   = 1
2582  read(3, "}", 1)                   = 1
2582  read(3, "p", 1)                   = 1
2582  read(3, "p", 1)                   = 1
2582  read(3, "&", 1)                   = 1
2582  read(3, "<", 1)                   = 1
2582  read(3, "y", 1)                   = 1
2582  read(3, "r", 1)                   = 1
2582  read(3, "\\", 1)                  = 1
2582  read(3, "1", 1)                   = 1
2582  read(3, "7", 1)                   = 1
2582  read(3, "7", 1)                   = 1
2582  read(3, "x", 1)                   = 1
2582  read(3, "n", 1)                   = 1
2582  read(3, "j", 1)                   = 1
2582  read(3, "<", 1)                   = 1
2582  read(3, "y", 1)                   = 1
2582  read(3, "r", 1)                   = 1
2582  read(3, "\\", 1)                  = 1
2582  read(3, "1", 1)                   = 1
2582  read(3, "7", 1)                   = 1
2582  read(3, "7", 1)                   = 1
2582  read(3, "n", 1)                   = 1
2582  read(3, "e", 1)                   = 1
2582  read(3, "l", 1)                   = 1
2582  read(3, "h", 1)                   = 1
2582  read(3, "<", 1)                   = 1
2582  read(3, "x", 1)                   = 1
2582  read(3, "y", 1)                   = 1
2582  read(3, "\\", 1)                  = 1
2582  read(3, "1", 1)                   = 1
2582  read(3, "7", 1)                   = 1
2582  read(3, "7", 1)                   = 1
2582  read(3, "n", 1)                   = 1
2582  read(3, "e", 1)                   = 1
2582  read(3, "l", 1)                   = 1
2582  read(3, "h", 1)                   = 1
2582  read(3, "\\", 1)                  = 1
2582  read(3, "2", 1)                   = 1
2582  read(3, "6", 1)                   = 1
2582  read(3, "\"", 1)                  = 1
2582  read(3, ",", 1)                   = 1
2582  read(3, " ", 1)                   = 1
2582  read(3, "3", 1)                   = 1
2582  read(3, "1", 1)                   = 1
2582  read(3, " ", 1)                   = 1
2582  read(3, "<", 1)                   = 1
2582  read(3, "u", 1)                   = 1
2582  read(3, "n", 1)                   = 1
2582  read(3, "f", 1)                   = 1
2582  read(3, "i", 1)                   = 1
2582  read(3, "n", 1)                   = 1
2582  read(3, "i", 1)                   = 1
2582  read(3, "s", 1)                   = 1
2582  read(3, "h", 1)                   = 1
2582  read(3, "e", 1)                   = 1
2582  read(3, "d", 1)                   = 1
2582  read(3, " ", 1)                   = 1
2582  read(3, ".", 1)                   = 1
2582  read(3, ".", 1)                   = 1
2582  read(3, ".", 1)                   = 1
2582  read(3, ">", 1)                   = 1
2582  read(3, "\n", 1)                  = 1
2582  write(6, "83\n", 3)               = 3
2582  write(6, "372474 write(4, \"28\\n}pp&<yr\\177"..., 83) = 83
2582  read(3, "3", 1)                   = 1
2582  read(3, "7", 1)                   = 1
2582  read(3, "2", 1)                   = 1
2582  read(3, "4", 1)                   = 1
2582  read(3, "7", 1)                   = 1
2582  read(3, "5", 1)                   = 1
2582  read(3, " ", 1)                   = 1
2582  read(3, "r", 1)                   = 1
2582  read(3, "e", 1)                   = 1
2582  read(3, "a", 1)                   = 1
2582  read(3, "d", 1)                   = 1
2582  read(3, "(", 1)                   = 1
2582  read(3, "0", 1)                   = 1
2582  read(3, ",", 1)                   = 1
2582  read(3, " ", 1)                   = 1
2582  read(3, " ", 1)                   = 1
2582  read(3, "<", 1)                   = 1
2582  read(3, "u", 1)                   = 1
2582  read(3, "n", 1)                   = 1
2582  read(3, "f", 1)                   = 1
2582  read(3, "i", 1)                   = 1
2582  read(3, "n", 1)                   = 1
2582  read(3, "i", 1)                   = 1
2582  read(3, "s", 1)                   = 1
2582  read(3, "h", 1)                   = 1
2582  read(3, "e", 1)                   = 1
2582  read(3, "d", 1)                   = 1
2582  read(3, " ", 1)                   = 1
2582  read(3, ".", 1)                   = 1
2582  read(3, ".", 1)                   = 1
2582  read(3, ".", 1)                   = 1
2582  read(3, ">", 1)                   = 1
2582  read(3, "\n", 1)                  = 1
2582  write(6, "33\n", 3)               = 3
2582  write(6, "372475 read(0,  <unfinished ...>"..., 33) = 33
2582  read(3, "3", 1)                   = 1
2582  read(3, "7", 1)                   = 1
2582  read(3, "2", 1)                   = 1
2582  read(3, "4", 1)                   = 1
2582  read(3, "7", 1)                   = 1
2582  read(3, "4", 1)                   = 1
2582  read(3, " ", 1)                   = 1
2582  read(3, "<", 1)                   = 1
2582  read(3, ".", 1)                   = 1
2582  read(3, ".", 1)                   = 1
2582  read(3, ".", 1)                   = 1
2582  read(3, " ", 1)                   = 1
2582  read(3, "w", 1)                   = 1
2582  read(3, "r", 1)                   = 1
2582  read(3, "i", 1)                   = 1
2582  read(3, "t", 1)                   = 1
2582  read(3, "e", 1)                   = 1
2582  read(3, " ", 1)                   = 1
2582  read(3, "r", 1)                   = 1
2582  read(3, "e", 1)                   = 1
2582  read(3, "s", 1)                   = 1
2582  read(3, "u", 1)                   = 1
2582  read(3, "m", 1)                   = 1
2582  read(3, "e", 1)                   = 1
2582  read(3, "d", 1)                   = 1
2582  read(3, ">", 1)                   = 1
2582  read(3, ")", 1)                   = 1
2582  read(3, " ", 1)                   = 1
2582  read(3, " ", 1)                   = 1
2582  read(3, " ", 1)                   = 1
2582  read(3, " ", 1)                   = 1
2582  read(3, " ", 1)                   = 1
2582  read(3, " ", 1)                   = 1
2582  read(3, " ", 1)                   = 1
2582  read(3, " ", 1)                   = 1
2582  read(3, " ", 1)                   = 1
2582  read(3, " ", 1)                   = 1
2582  read(3, " ", 1)                   = 1
2582  read(3, " ", 1)                   = 1
2582  read(3, " ", 1)                   = 1
2582  read(3, "=", 1)                   = 1
2582  read(3, " ", 1)                   = 1
2582  read(3, "3", 1)                   = 1
2582  read(3, "1", 1)                   = 1
2582  read(3, "\n", 1)                  = 1
2582  write(6, "45\n", 3)               = 3
2582  write(6, "372474 <... write resumed>)     "..., 45) = 45
2582  read(3, "3", 1)                   = 1
2582  read(3, "7", 1)                   = 1
2582  read(3, "2", 1)                   = 1
2582  read(3, "4", 1)                   = 1
2582  read(3, "7", 1)                   = 1
2582  read(3, "4", 1)                   = 1
2582  read(3, " ", 1)                   = 1
2582  read(3, "w", 1)                   = 1
2582  read(3, "r", 1)                   = 1
2582  read(3, "i", 1)                   = 1
2582  read(3, "t", 1)                   = 1
2582  read(3, "e", 1)                   = 1
2582  read(3, "(", 1)                   = 1
2582  read(3, "6", 1)                   = 1
2582  read(3, ",", 1)                   = 1
2582  read(3, " ", 1)                   = 1
2582  read(3, "\"", 1)                  = 1
2582  read(3, "1", 1)                   = 1
2582  read(3, "\\", 1)                  = 1
2582  read(3, "n", 1)                   = 1
2582  read(3, "\"", 1)                  = 1
2582  read(3, ",", 1)                   = 1
2582  read(3, " ", 1)                   = 1
2582  read(3, "2", 1)                   = 1
2582  read(3, ")", 1)                   = 1
2582  read(3, " ", 1)                   = 1
2582  read(3, " ", 1)                   = 1
2582  read(3, " ", 1)                   = 1
2582  read(3, " ", 1)                   = 1
2582  read(3, " ", 1)                   = 1
2582  read(3, " ", 1)                   = 1
2582  read(3, " ", 1)                   = 1
2582  read(3, " ", 1)                   = 1
2582  read(3, " ", 1)                   = 1
2582  read(3, " ", 1)                   = 1
2582  read(3, " ", 1)                   = 1
2582  read(3, " ", 1)                   = 1
2582  read(3, " ", 1)                   = 1
2582  read(3, " ", 1)                   = 1
2582  read(3, " ", 1)                   = 1
2582  read(3, "=", 1)                   = 1
2582  read(3, " ", 1)                   = 1
2582  read(3, "2", 1)                   = 1
2582  read(3, "\n", 1)                  = 1
2582  write(6, "44\n", 3)               = 3
2582  write(6, "372474 write(6, \"1\\n\", 2)       "..., 44) = 44
2582  read(3, "3", 1)                   = 1
2582  read(3, "7", 1)                   = 1
2582  read(3, "2", 1)                   = 1
2582  read(3, "4", 1)                   = 1
2582  read(3, "7", 1)                   = 1
2582  read(3, "5", 1)                   = 1
2582  read(3, " ", 1)                   = 1
2582  read(3, "<", 1)                   = 1
2582  read(3, ".", 1)                   = 1
2582  read(3, ".", 1)                   = 1
2582  read(3, ".", 1)                   = 1
2582  read(3, " ", 1)                   = 1
2582  read(3, "r", 1)                   = 1
2582  read(3, "e", 1)                   = 1
2582  read(3, "a", 1)                   = 1
2582  read(3, "d", 1)                   = 1
2582  read(3, " ", 1)                   = 1
2582  read(3, "r", 1)                   = 1
2582  read(3, "e", 1)                   = 1
2582  read(3, "s", 1)                   = 1
2582  read(3, "u", 1)                   = 1
2582  read(3, "m", 1)                   = 1
2582  read(3, "e", 1)                   = 1
2582  read(3, "d", 1)                   = 1
2582  read(3, ">", 1)                   = 1
2582  read(3, "\"", 1)                  = 1
2582  read(3, "1", 1)                   = 1
2582  read(3, "\\", 1)                  = 1
2582  read(3, "n", 1)                   = 1
2582  read(3, "\"", 1)                  = 1
2582  read(3, ",", 1)                   = 1
2582  read(3, " ", 1)                   = 1
2582  read(3, "4", 1)                   = 1
2582  read(3, "0", 1)                   = 1
2582  read(3, "9", 1)                   = 1
2582  read(3, "6", 1)                   = 1
2582  read(3, ")", 1)                   = 1
2582  read(3, " ", 1)                   = 1
2582  read(3, " ", 1)                   = 1
2582  read(3, " ", 1)                   = 1
2582  read(3, "=", 1)                   = 1
2582  read(3, " ", 1)                   = 1
2582  read(3, "2", 1)                   = 1
2582  read(3, "\n", 1)                  = 1
2582  write(6, "44\n", 3)               = 3
2582  write(6, "372475 <... read resumed>\"1\\n\", "..., 44) = 44
2582  read(3, "3", 1)                   = 1
2582  read(3, "7", 1)                   = 1
2582  read(3, "2", 1)                   = 1
2582  read(3, "4", 1)                   = 1
2582  read(3, "7", 1)                   = 1
2582  read(3, "4", 1)                   = 1
2582  read(3, " ", 1)                   = 1
2582  read(3, "w", 1)                   = 1
2582  read(3, "r", 1)                   = 1
2582  read(3, "i", 1)                   = 1
2582  read(3, "t", 1)                   = 1
2582  read(3, "e", 1)                   = 1
2582  read(3, "(", 1)                   = 1
2582  read(3, "6", 1)                   = 1
2582  read(3, ",", 1)                   = 1
2582  read(3, " ", 1)                   = 1
2582  read(3, "\"", 1)                  = 1
2582  read(3, "\\", 1)                  = 1
2582  read(3, "n", 1)                   = 1
2582  read(3, "\"", 1)                  = 1
2582  read(3, ",", 1)                   = 1
2582  read(3, " ", 1)                   = 1
2582  read(3, "1", 1)                   = 1
2582  read(3, " ", 1)                   = 1
2582  read(3, "<", 1)                   = 1
2582  read(3, "u", 1)                   = 1
2582  read(3, "n", 1)                   = 1
2582  read(3, "f", 1)                   = 1
2582  read(3, "i", 1)                   = 1
2582  read(3, "n", 1)                   = 1
2582  read(3, "i", 1)                   = 1
2582  read(3, "s", 1)                   = 1
2582  read(3, "h", 1)                   = 1
2582  read(3, "e", 1)                   = 1
2582  read(3, "d", 1)                   = 1
2582  read(3, " ", 1)                   = 1
2582  read(3, ".", 1)                   = 1
2582  read(3, ".", 1)                   = 1
2582  read(3, ".", 1)                   = 1
2582  read(3, ">", 1)                   = 1
2582  read(3, "\n", 1)                  = 1
2582  write(6, "41\n", 3)               = 3
2582  write(6, "372474 write(6, \"\\n\", 1 <unfinis"..., 41) = 41
2582  read(3, "3", 1)                   = 1
2582  read(3, "7", 1)                   = 1
2582  read(3, "2", 1)                   = 1
2582  read(3, "4", 1)                   = 1
2582  read(3, "7", 1)                   = 1
2582  read(3, "5", 1)                   = 1
2582  read(3, " ", 1)                   = 1
2582  read(3, "r", 1)                   = 1
2582  read(3, "e", 1)                   = 1
2582  read(3, "a", 1)                   = 1
2582  read(3, "d", 1)                   = 1
2582  read(3, "(", 1)                   = 1
2582  read(3, "0", 1)                   = 1
2582  read(3, ",", 1)                   = 1
2582  read(3, " ", 1)                   = 1
2582  read(3, " ", 1)                   = 1
2582  read(3, "<", 1)                   = 1
2582  read(3, "u", 1)                   = 1
2582  read(3, "n", 1)                   = 1
2582  read(3, "f", 1)                   = 1
2582  read(3, "i", 1)                   = 1
2582  read(3, "n", 1)                   = 1
2582  read(3, "i", 1)                   = 1
2582  read(3, "s", 1)                   = 1
2582  read(3, "h", 1)                   = 1
2582  read(3, "e", 1)                   = 1
2582  read(3, "d", 1)                   = 1
2582  read(3, " ", 1)                   = 1
2582  read(3, ".", 1)                   = 1
2582  read(3, ".", 1)                   = 1
2582  read(3, ".", 1)                   = 1
2582  read(3, ">", 1)                   = 1
2582  read(3, "\n", 1)                  = 1
2582  write(6, "33\n", 3)               = 3
2582  write(6, "372475 read(0,  <unfinished ...>"..., 33) = 33
2582  read(3, "3", 1)                   = 1
2582  read(3, "7", 1)                   = 1
2582  read(3, "2", 1)                   = 1
2582  read(3, "4", 1)                   = 1
2582  read(3, "7", 1)                   = 1
2582  read(3, "4", 1)                   = 1
2582  read(3, " ", 1)                   = 1
2582  read(3, "<", 1)                   = 1
2582  read(3, ".", 1)                   = 1
2582  read(3, ".", 1)                   = 1
2582  read(3, ".", 1)                   = 1
2582  read(3, " ", 1)                   = 1
2582  read(3, "w", 1)                   = 1
2582  read(3, "r", 1)                   = 1
2582  read(3, "i", 1)                   = 1
2582  read(3, "t", 1)                   = 1
2582  read(3, "e", 1)                   = 1
2582  read(3, " ", 1)                   = 1
2582  read(3, "r", 1)                   = 1
2582  read(3, "e", 1)                   = 1
2582  read(3, "s", 1)                   = 1
2582  read(3, "u", 1)                   = 1
2582  read(3, "m", 1)                   = 1
2582  read(3, "e", 1)                   = 1
2582  read(3, "d", 1)                   = 1
2582  read(3, ">", 1)                   = 1
2582  read(3, ")", 1)                   = 1
2582  read(3, " ", 1)                   = 1
2582  read(3, " ", 1)                   = 1
2582  read(3, " ", 1)                   = 1
2582  read(3, " ", 1)                   = 1
2582  read(3, " ", 1)                   = 1
2582  read(3, " ", 1)                   = 1
2582  read(3, " ", 1)                   = 1
2582  read(3, " ", 1)                   = 1
2582  read(3, " ", 1)                   = 1
2582  read(3, " ", 1)                   = 1
2582  read(3, " ", 1)                   = 1
2582  read(3, " ", 1)                   = 1
2582  read(3, " ", 1)                   = 1
2582  read(3, "=", 1)                   = 1
2582  read(3, " ", 1)                   = 1
2582  read(3, "1", 1)                   = 1
2582  read(3, "\n", 1)                  = 1
2582  write(6, "44\n", 3)               = 3
2582  write(6, "372474 <... write resumed>)     "..., 44) = 44
2582  read(3, "3", 1)                   = 1
2582  read(3, "7", 1)                   = 1
2582  read(3, "2", 1)                   = 1
2582  read(3, "4", 1)                   = 1
2582  read(3, "7", 1)                   = 1
2582  read(3, "4", 1)                   = 1
2582  read(3, " ", 1)                   = 1
2582  read(3, "r", 1)                   = 1
2582  read(3, "e", 1)                   = 1
2582  read(3, "a", 1)                   = 1
2582  read(3, "d", 1)                   = 1
2582  read(3, "(", 1)                   = 1
2582  read(3, "7", 1)                   = 1
2582  read(3, ",", 1)                   = 1
2582  read(3, " ", 1)                   = 1
2582  read(3, " ", 1)                   = 1
2582  read(3, "<", 1)                   = 1
2582  read(3, "u", 1)                   = 1
2582  read(3, "n", 1)                   = 1
2582  read(3, "f", 1)                   = 1
2582  read(3, "i", 1)                   = 1
2582  read(3, "n", 1)                   = 1
2582  read(3, "i", 1)                   = 1
2582  read(3, "s", 1)                   = 1
2582  read(3, "h", 1)                   = 1
2582  read(3, "e", 1)                   = 1
2582  read(3, "d", 1)                   = 1
2582  read(3, " ", 1)                   = 1
2582  read(3, ".", 1)                   = 1
2582  read(3, ".", 1)                   = 1
2582  read(3, ".", 1)                   = 1
2582  read(3, ">", 1)                   = 1
2582  read(3, "\n", 1)                  = 1
2582  write(6, "33\n", 3)               = 3
2582  write(6, "372474 read(7,  <unfinished ...>"..., 33) = 33
2582  read(3, "3", 1)                   = 1
2582  read(3, "7", 1)                   = 1
2582  read(3, "2", 1)                   = 1
2582  read(3, "4", 1)                   = 1
2582  read(3, "7", 1)                   = 1
2582  read(3, "5", 1)                   = 1
2582  read(3, " ", 1)                   = 1
2582  read(3, "<", 1)                   = 1
2582  read(3, ".", 1)                   = 1
2582  read(3, ".", 1)                   = 1
2582  read(3, ".", 1)                   = 1
2582  read(3, " ", 1)                   = 1
2582  read(3, "r", 1)                   = 1
2582  read(3, "e", 1)                   = 1
2582  read(3, "a", 1)                   = 1
2582  read(3, "d", 1)                   = 1
2582  read(3, " ", 1)                   = 1
2582  read(3, "r", 1)                   = 1
2582  read(3, "e", 1)                   = 1
2582  read(3, "s", 1)                   = 1
2582  read(3, "u", 1)                   = 1
2582  read(3, "m", 1)                   = 1
2582  read(3, "e", 1)                   = 1
2582  read(3, "d", 1)                   = 1
2582  read(3, ">", 1)                   = 1
2582  read(3, "\"", 1)                  = 1
2582  read(3, "\\", 1)                  = 1
2582  read(3, "n", 1)                   = 1
2582  read(3, "\"", 1)                  = 1
2582  read(3, ",", 1)                   = 1
2582  read(3, " ", 1)                   = 1
2582  read(3, "4", 1)                   = 1
2582  read(3, "0", 1)                   = 1
2582  read(3, "9", 1)                   = 1
2582  read(3, "6", 1)                   = 1
2582  read(3, ")", 1)                   = 1
2582  read(3, " ", 1)                   = 1
2582  read(3, " ", 1)                   = 1
2582  read(3, " ", 1)                   = 1
2582  read(3, " ", 1)                   = 1
2582  read(3, "=", 1)                   = 1
2582  read(3, " ", 1)                   = 1
2582  read(3, "1", 1)                   = 1
2582  read(3, "\n", 1)                  = 1
2582  write(6, "44\n", 3)               = 3
2582  write(6, "372475 <... read resumed>\"\\n\", 4"..., 44) = 44
2582  read(3, "3", 1)                   = 1
2582  read(3, "7", 1)                   = 1
2582  read(3, "2", 1)                   = 1
2582  read(3, "4", 1)                   = 1
2582  read(3, "7", 1)                   = 1
2582  read(3, "5", 1)                   = 1
2582  read(3, " ", 1)                   = 1
2582  read(3, "w", 1)                   = 1
2582  read(3, "r", 1)                   = 1
2582  read(3, "i", 1)                   = 1
2582  read(3, "t", 1)                   = 1
2582  read(3, "e", 1)                   = 1
2582  read(3, "(", 1)                   = 1
2582  read(3, "1", 1)                   = 1
2582  read(3, ",", 1)                   = 1
2582  read(3, " ", 1)                   = 1
2582  read(3, "\"", 1)                  = 1
2582  read(3, "1", 1)                   = 1
2582  read(3, "\\", 1)                  = 1
2582  read(3, "n", 1)                   = 1
2582  read(3, "\\", 1)                  = 1
2582  read(3, "v", 1)                   = 1
2582  read(3, "\"", 1)                  = 1
2582  read(3, ",", 1)                   = 1
2582  read(3, " ", 1)                   = 1
2582  read(3, "3", 1)                   = 1
2582  read(3, " ", 1)                   = 1
2582  read(3, "<", 1)                   = 1
2582  read(3, "u", 1)                   = 1
2582  read(3, "n", 1)                   = 1
2582  read(3, "f", 1)                   = 1
2582  read(3, "i", 1)                   = 1
2582  read(3, "n", 1)                   = 1
2582  read(3, "i", 1)                   = 1
2582  read(3, "s", 1)                   = 1
2582  read(3, "h", 1)                   = 1
2582  read(3, "e", 1)                   = 1
2582  read(3, "d", 1)                   = 1
2582  read(3, " ", 1)                   = 1
2582  read(3, ".", 1)                   = 1
2582  read(3, ".", 1)                   = 1
2582  read(3, ".", 1)                   = 1
2582  read(3, ">", 1)                   = 1
2582  read(3, "\n", 1)                  = 1
2582  write(6, "44\n", 3)               = 3
2582  write(6, "372475 write(1, \"1\\n\\v\", 3 <unfi"..., 44) = 44
2582  read(3, "3", 1)                   = 1
2582  read(3, "7", 1)                   = 1
2582  read(3, "2", 1)                   = 1
2582  read(3, "4", 1)                   = 1
2582  read(3, "7", 1)                   = 1
2582  read(3, "4", 1)                   = 1
2582  read(3, " ", 1)                   = 1
2582  read(3, "<", 1)                   = 1
2582  read(3, ".", 1)                   = 1
2582  read(3, ".", 1)                   = 1
2582  read(3, ".", 1)                   = 1
2582  read(3, " ", 1)                   = 1
2582  read(3, "r", 1)                   = 1
2582  read(3, "e", 1)                   = 1
2582  read(3, "a", 1)                   = 1
2582  read(3, "d", 1)                   = 1
2582  read(3, " ", 1)                   = 1
2582  read(3, "r", 1)                   = 1
2582  read(3, "e", 1)                   = 1
2582  read(3, "s", 1)                   = 1
2582  read(3, "u", 1)                   = 1
2582  read(3, "m", 1)                   = 1
2582  read(3, "e", 1)                   = 1
2582  read(3, "d", 1)                   = 1
2582  read(3, ">", 1)                   = 1
2582  read(3, "\"", 1)                  = 1
2582  read(3, "1", 1)                   = 1
2582  read(3, "\\", 1)                  = 1
2582  read(3, "n", 1)                   = 1
2582  read(3, "\\", 1)                  = 1
2582  read(3, "v", 1)                   = 1
2582  read(3, "\"", 1)                  = 1
2582  read(3, ",", 1)                   = 1
2582  read(3, " ", 1)                   = 1
2582  read(3, "3", 1)                   = 1
2582  read(3, ")", 1)                   = 1
2582  read(3, " ", 1)                   = 1
2582  read(3, " ", 1)                   = 1
2582  read(3, " ", 1)                   = 1
2582  read(3, " ", 1)                   = 1
2582  read(3, "=", 1)                   = 1
2582  read(3, " ", 1)                   = 1
2582  read(3, "3", 1)                   = 1
2582  read(3, "\n", 1)                  = 1
2582  write(6, "44\n", 3)               = 3
2582  write(6, "372474 <... read resumed>\"1\\n\\v\""..., 44) = 44
2582  read(3, "3", 1)                   = 1
2582  read(3, "7", 1)                   = 1
2582  read(3, "2", 1)                   = 1
2582  read(3, "4", 1)                   = 1
2582  read(3, "7", 1)                   = 1
2582  read(3, "5", 1)                   = 1
2582  read(3, " ", 1)                   = 1
2582  read(3, "<", 1)                   = 1
2582  read(3, ".", 1)                   = 1
2582  read(3, ".", 1)                   = 1
2582  read(3, ".", 1)                   = 1
2582  read(3, " ", 1)                   = 1
2582  read(3, "w", 1)                   = 1
2582  read(3, "r", 1)                   = 1
2582  read(3, "i", 1)                   = 1
2582  read(3, "t", 1)                   = 1
2582  read(3, "e", 1)                   = 1
2582  read(3, " ", 1)                   = 1
2582  read(3, "r", 1)                   = 1
2582  read(3, "e", 1)                   = 1
2582  read(3, "s", 1)                   = 1
2582  read(3, "u", 1)                   = 1
2582  read(3, "m", 1)                   = 1
2582  read(3, "e", 1)                   = 1
2582  read(3, "d", 1)                   = 1
2582  read(3, ">", 1)                   = 1
2582  read(3, ")", 1)                   = 1
2582  read(3, " ", 1)                   = 1
2582  read(3, " ", 1)                   = 1
2582  read(3, " ", 1)                   = 1
2582  read(3, " ", 1)                   = 1
2582  read(3, " ", 1)                   = 1
2582  read(3, " ", 1)                   = 1
2582  read(3, " ", 1)                   = 1
2582  read(3, " ", 1)                   = 1
2582  read(3, " ", 1)                   = 1
2582  read(3, " ", 1)                   = 1
2582  read(3, " ", 1)                   = 1
2582  read(3, " ", 1)                   = 1
2582  read(3, " ", 1)                   = 1
2582  read(3, "=", 1)                   = 1
2582  read(3, " ", 1)                   = 1
2582  read(3, "3", 1)                   = 1
2582  read(3, "\n", 1)                  = 1
2582  write(6, "44\n", 3)               = 3
2582  write(6, "372475 <... write resumed>)     "..., 44) = 44
2582  read(3, "3", 1)                   = 1
2582  read(3, "7", 1)                   = 1
2582  read(3, "2", 1)                   = 1
2582  read(3, "4", 1)                   = 1
2582  read(3, "7", 1)                   = 1
2582  read(3, "4", 1)                   = 1
2582  read(3, " ", 1)                   = 1
2582  read(3, "w", 1)                   = 1
2582  read(3, "r", 1)                   = 1
2582  read(3, "i", 1)                   = 1
2582  read(3, "t", 1)                   = 1
2582  read(3, "e", 1)                   = 1
2582  read(3, "(", 1)                   = 1
2582  read(3, "4", 1)                   = 1
2582  read(3, ",", 1)                   = 1
2582  read(3, " ", 1)                   = 1
2582  read(3, "\"", 1)                  = 1
2582  read(3, "1", 1)                   = 1
2582  read(3, "\\", 1)                  = 1
2582  read(3, "n", 1)                   = 1
2582  read(3, "\\", 1)                  = 1
2582  read(3, "v", 1)                   = 1
2582  read(3, "\"", 1)                  = 1
2582  read(3, ",", 1)                   = 1
2582  read(3, " ", 1)                   = 1
2582  read(3, "3", 1)                   = 1
2582  read(3, " ", 1)                   = 1
2582  read(3, "<", 1)                   = 1
2582  read(3, "u", 1)                   = 1
2582  read(3, "n", 1)                   = 1
2582  read(3, "f", 1)                   = 1
2582  read(3, "i", 1)                   = 1
2582  read(3, "n", 1)                   = 1
2582  read(3, "i", 1)                   = 1
2582  read(3, "s", 1)                   = 1
2582  read(3, "h", 1)                   = 1
2582  read(3, "e", 1)                   = 1
2582  read(3, "d", 1)                   = 1
2582  read(3, " ", 1)                   = 1
2582  read(3, ".", 1)                   = 1
2582  read(3, ".", 1)                   = 1
2582  read(3, ".", 1)                   = 1
2582  read(3, ">", 1)                   = 1
2582  read(3, "\n", 1)                  = 1
2582  write(6, "44\n", 3)               = 3
2582  write(6, "372474 write(4, \"1\\n\\v\", 3 <unfi"..., 44) = 44
2582  read(3, "3", 1)                   = 1
2582  read(3, "7", 1)                   = 1
2582  read(3, "2", 1)                   = 1
2582  read(3, "4", 1)                   = 1
2582  read(3, "7", 1)                   = 1
2582  read(3, "5", 1)                   = 1
2582  read(3, " ", 1)                   = 1
2582  read(3, "r", 1)                   = 1
2582  read(3, "e", 1)                   = 1
2582  read(3, "a", 1)                   = 1
2582  read(3, "d", 1)                   = 1
2582  read(3, "(", 1)                   = 1
2582  read(3, "0", 1)                   = 1
2582  read(3, ",", 1)                   = 1
2582  read(3, " ", 1)                   = 1
2582  read(3, " ", 1)                   = 1
2582  read(3, "<", 1)                   = 1
2582  read(3, "u", 1)                   = 1
2582  read(3, "n", 1)                   = 1
2582  read(3, "f", 1)                   = 1
2582  read(3, "i", 1)                   = 1
2582  read(3, "n", 1)                   = 1
2582  read(3, "i", 1)                   = 1
2582  read(3, "s", 1)                   = 1
2582  read(3, "h", 1)                   = 1
2582  read(3, "e", 1)                   = 1
2582  read(3, "d", 1)                   = 1
2582  read(3, " ", 1)                   = 1
2582  read(3, ".", 1)                   = 1
2582  read(3, ".", 1)                   = 1
2582  read(3, ".", 1)                   = 1
2582  read(3, ">", 1)                   = 1
2582  read(3, "\n", 1)                  = 1
2582  write(6, "33\n", 3)               = 3
2582  write(6, "372475 read(0,  <unfinished ...>"..., 33) = 33
2582  read(3, "3", 1)                   = 1
2582  read(3, "7", 1)                   = 1
2582  read(3, "2", 1)                   = 1
2582  read(3, "4", 1)                   = 1
2582  read(3, "7", 1)                   = 1
2582  read(3, "4", 1)                   = 1
2582  read(3, " ", 1)                   = 1
2582  read(3, "<", 1)                   = 1
2582  read(3, ".", 1)                   = 1
2582  read(3, ".", 1)                   = 1
2582  read(3, ".", 1)                   = 1
2582  read(3, " ", 1)                   = 1
2582  read(3, "w", 1)                   = 1
2582  read(3, "r", 1)                   = 1
2582  read(3, "i", 1)                   = 1
2582  read(3, "t", 1)                   = 1
2582  read(3, "e", 1)                   = 1
2582  read(3, " ", 1)                   = 1
2582  read(3, "r", 1)                   = 1
2582  read(3, "e", 1)                   = 1
2582  read(3, "s", 1)                   = 1
2582  read(3, "u", 1)                   = 1
2582  read(3, "m", 1)                   = 1
2582  read(3, "e", 1)                   = 1
2582  read(3, "d", 1)                   = 1
2582  read(3, ">", 1)                   = 1
2582  read(3, ")", 1)                   = 1
2582  read(3, " ", 1)                   = 1
2582  read(3, " ", 1)                   = 1
2582  read(3, " ", 1)                   = 1
2582  read(3, " ", 1)                   = 1
2582  read(3, " ", 1)                   = 1
2582  read(3, " ", 1)                   = 1
2582  read(3, " ", 1)                   = 1
2582  read(3, " ", 1)                   = 1
2582  read(3, " ", 1)                   = 1
2582  read(3, " ", 1)                   = 1
2582  read(3, " ", 1)                   = 1
2582  read(3, " ", 1)                   = 1
2582  read(3, " ", 1)                   = 1
2582  read(3, "=", 1)                   = 1
2582  read(3, " ", 1)                   = 1
2582  read(3, "3", 1)                   = 1
2582  read(3, "\n", 1)                  = 1
2582  write(6, "44\n", 3)               = 3
2582  write(6, "372474 <... write resumed>)     "..., 44) = 44
2582  read(3, "3", 1)                   = 1
2582  read(3, "7", 1)                   = 1
2582  read(3, "2", 1)                   = 1
2582  read(3, "4", 1)                   = 1
2582  read(3, "7", 1)                   = 1
2582  read(3, "4", 1)                   = 1
2582  read(3, " ", 1)                   = 1
2582  read(3, "w", 1)                   = 1
2582  read(3, "r", 1)                   = 1
2582  read(3, "i", 1)                   = 1
2582  read(3, "t", 1)                   = 1
2582  read(3, "e", 1)                   = 1
2582  read(3, "(", 1)                   = 1
2582  read(3, "6", 1)                   = 1
2582  read(3, ",", 1)                   = 1
2582  read(3, " ", 1)                   = 1
2582  read(3, "\"", 1)                  = 1
2582  read(3, "1", 1)                   = 1
2582  read(3, "8", 1)                   = 1
2582  read(3, "\\", 1)                  = 1
2582  read(3, "n", 1)                   = 1
2582  read(3, "\"", 1)                  = 1
2582  read(3, ",", 1)                   = 1
2582  read(3, " ", 1)                   = 1
2582  read(3, "3", 1)                   = 1
2582  read(3, ")", 1)                   = 1
2582  read(3, " ", 1)                   = 1
2582  read(3, " ", 1)                   = 1
2582  read(3, " ", 1)                   = 1
2582  read(3, " ", 1)                   = 1
2582  read(3, " ", 1)                   = 1
2582  read(3, " ", 1)                   = 1
2582  read(3, " ", 1)                   = 1
2582  read(3, " ", 1)                   = 1
2582  read(3, " ", 1)                   = 1
2582  read(3, " ", 1)                   = 1
2582  read(3, " ", 1)                   = 1
2582  read(3, " ", 1)                   = 1
2582  read(3, " ", 1)                   = 1
2582  read(3, " ", 1)                   = 1
2582  read(3, "=", 1)                   = 1
2582  read(3, " ", 1)                   = 1
2582  read(3, "3", 1)                   = 1
2582  read(3, "\n", 1)                  = 1
2582  write(6, "44\n", 3)               = 3
2582  write(6, "372474 write(6, \"18\\n\", 3)      "..., 44) = 44
2582  read(3, "3", 1)                   = 1
2582  read(3, "7", 1)                   = 1
2582  read(3, "2", 1)                   = 1
2582  read(3, "4", 1)                   = 1
2582  read(3, "7", 1)                   = 1
2582  read(3, "5", 1)                   = 1
2582  read(3, " ", 1)                   = 1
2582  read(3, "<", 1)                   = 1
2582  read(3, ".", 1)                   = 1
2582  read(3, ".", 1)                   = 1
2582  read(3, ".", 1)                   = 1
2582  read(3, " ", 1)                   = 1
2582  read(3, "r", 1)                   = 1
2582  read(3, "e", 1)                   = 1
2582  read(3, "a", 1)                   = 1
2582  read(3, "d", 1)                   = 1
2582  read(3, " ", 1)                   = 1
2582  read(3, "r", 1)                   = 1
2582  read(3, "e", 1)                   = 1
2582  read(3, "s", 1)                   = 1
2582  read(3, "u", 1)                   = 1
2582  read(3, "m", 1)                   = 1
2582  read(3, "e", 1)                   = 1
2582  read(3, "d", 1)                   = 1
2582  read(3, ">", 1)                   = 1
2582  read(3, "\"", 1)                  = 1
2582  read(3, "1", 1)                   = 1
2582  read(3, "8", 1)                   = 1
2582  read(3, "\\", 1)                  = 1
2582  read(3, "n", 1)                   = 1
2582  read(3, "\"", 1)                  = 1
2582  read(3, ",", 1)                   = 1
2582  read(3, " ", 1)                   = 1
2582  read(3, "4", 1)                   = 1
2582  read(3, "0", 1)                   = 1
2582  read(3, "9", 1)                   = 1
2582  read(3, "6", 1)                   = 1
2582  read(3, ")", 1)                   = 1
2582  read(3, " ", 1)                   = 1
2582  read(3, " ", 1)                   = 1
2582  read(3, "=", 1)                   = 1
2582  read(3, " ", 1)                   = 1
2582  read(3, "3", 1)                   = 1
2582  read(3, "\n", 1)                  = 1
2582  write(6, "44\n", 3)               = 3
2582  write(6, "372475 <... read resumed>\"18\\n\","..., 44) = 44
2582  read(3, "3", 1)                   = 1
2582  read(3, "7", 1)                   = 1
2582  read(3, "2", 1)                   = 1
2582  read(3, "4", 1)                   = 1
2582  read(3, "7", 1)                   = 1
2582  read(3, "4", 1)                   = 1
2582  read(3, " ", 1)                   = 1
2582  read(3, "w", 1)                   = 1
2582  read(3, "r", 1)                   = 1
2582  read(3, "i", 1)                   = 1
2582  read(3, "t", 1)                   = 1
2582  read(3, "e", 1)                   = 1
2582  read(3, "(", 1)                   = 1
2582  read(3, "6", 1)                   = 1
2582  read(3, ",", 1)                   = 1
2582  read(3, " ", 1)                   = 1
2582  read(3, "\"", 1)                  = 1
2582  read(3, "e", 1)                   = 1
2582  read(3, "n", 1)                   = 1
2582  read(3, "c", 1)                   = 1
2582  read(3, "r", 1)                   = 1
2582  read(3, "y", 1)                   = 1
2582  read(3, "p", 1)                   = 1
2582  read(3, "t", 1)                   = 1
2582  read(3, ":", 1)                   = 1
2582  read(3, "e", 1)                   = 1
2582  read(3, "n", 1)                   = 1
2582  read(3, "c", 1)                   = 1
2582  read(3, "r", 1)                   = 1
2582  read(3, "y", 1)                   = 1
2582  read(3, "p", 1)                   = 1
2582  read(3, "t", 1)                   = 1
2582  read(3, ".", 1)                   = 1
2582  read(3, "c", 1)                   = 1
2582  read(3, "\\", 1)                  = 1
2582  read(3, "n", 1)                   = 1
2582  read(3, "\"", 1)                  = 1
2582  read(3, ",", 1)                   = 1
2582  read(3, " ", 1)                   = 1
2582  read(3, "1", 1)                   = 1
2582  read(3, "8", 1)                   = 1
2582  read(3, " ", 1)                   = 1
2582  read(3, "<", 1)                   = 1
2582  read(3, "u", 1)                   = 1
2582  read(3, "n", 1)                   = 1
2582  read(3, "f", 1)                   = 1
2582  read(3, "i", 1)                   = 1
2582  read(3, "n", 1)                   = 1
2582  read(3, "i", 1)                   = 1
2582  read(3, "s", 1)                   = 1
2582  read(3, "h", 1)                   = 1
2582  read(3, "e", 1)                   = 1
2582  read(3, "d", 1)                   = 1
2582  read(3, " ", 1)                   = 1
2582  read(3, ".", 1)                   = 1
2582  read(3, ".", 1)                   = 1
2582  read(3, ".", 1)                   = 1
2582  read(3, ">", 1)                   = 1
2582  read(3, "\n", 1)                  = 1
2582  write(6, "59\n", 3)               = 3
2582  write(6, "372474 write(6, \"encrypt:encrypt"..., 59) = 59
2582  read(3, "3", 1)                   = 1
2582  read(3, "7", 1)                   = 1
2582  read(3, "2", 1)                   = 1
2582  read(3, "4", 1)                   = 1
2582  read(3, "7", 1)                   = 1
2582  read(3, "5", 1)                   = 1
2582  read(3, " ", 1)                   = 1
2582  read(3, "r", 1)                   = 1
2582  read(3, "e", 1)                   = 1
2582  read(3, "a", 1)                   = 1
2582  read(3, "d", 1)                   = 1
2582  read(3, "(", 1)                   = 1
2582  read(3, "0", 1)                   = 1
2582  read(3, ",", 1)                   = 1
2582  read(3, " ", 1)                   = 1
2582  read(3, " ", 1)                   = 1
2582  read(3, "<", 1)                   = 1
2582  read(3, "u", 1)                   = 1
2582  read(3, "n", 1)                   = 1
2582  read(3, "f", 1)                   = 1
2582  read(3, "i", 1)                   = 1
2582  read(3, "n", 1)                   = 1
2582  read(3, "i", 1)                   = 1
2582  read(3, "s", 1)                   = 1
2582  read(3, "h", 1)                   = 1
2582  read(3, "e", 1)                   = 1
2582  read(3, "d", 1)                   = 1
2582  read(3, " ", 1)                   = 1
2582  read(3, ".", 1)                   = 1
2582  read(3, ".", 1)                   = 1
2582  read(3, ".", 1)                   = 1
2582  read(3, ">", 1)                   = 1
2582  read(3, "\n", 1)                  = 1
2582  write(6, "33\n", 3)               = 3
2582  write(6, "372475 read(0,  <unfinished ...>"..., 33) = 33
2582  read(3, "3", 1)                   = 1
2582  read(3, "7", 1)                   = 1
2582  read(3, "2", 1)                   = 1
2582  read(3, "4", 1)                   = 1
2582  read(3, "7", 1)                   = 1
2582  read(3, "4", 1)                   = 1
2582  read(3, " ", 1)                   = 1
2582  read(3, "<", 1)                   = 1
2582  read(3, ".", 1)                   = 1
2582  read(3, ".", 1)                   = 1
2582  read(3, ".", 1)                   = 1
2582  read(3, " ", 1)                   = 1
2582  read(3, "w", 1)                   = 1
2582  read(3, "r", 1)                   = 1
2582  read(3, "i", 1)                   = 1
2582  read(3, "t", 1)                   = 1
2582  read(3, "e", 1)                   = 1
2582  read(3, " ", 1)                   = 1
2582  read(3, "r", 1)                   = 1
2582  read(3, "e", 1)                   = 1
2582  read(3, "s", 1)                   = 1
2582  read(3, "u", 1)                   = 1
2582  read(3, "m", 1)                   = 1
2582  read(3, "e", 1)                   = 1
2582  read(3, "d", 1)                   = 1
2582  read(3, ">", 1)                   = 1
2582  read(3, ")", 1)                   = 1
2582  read(3, " ", 1)                   = 1
2582  read(3, " ", 1)                   = 1
2582  read(3, " ", 1)                   = 1
2582  read(3, " ", 1)                   = 1
2582  read(3, " ", 1)                   = 1
2582  read(3, " ", 1)                   = 1
2582  read(3, " ", 1)                   = 1
2582  read(3, " ", 1)                   = 1
2582  read(3, " ", 1)                   = 1
2582  read(3, " ", 1)                   = 1
2582  read(3, " ", 1)                   = 1
2582  read(3, " ", 1)                   = 1
2582  read(3, " ", 1)                   = 1
2582  read(3, "=", 1)                   = 1
2582  read(3, " ", 1)                   = 1
2582  read(3, "1", 1)                   = 1
2582  read(3, "8", 1)                   = 1
2582  read(3, "\n", 1)                  = 1
2582  write(6, "45\n", 3)               = 3
2582  write(6, "372474 <... write resumed>)     "..., 45) = 45
2582  read(3, "3", 1)                   = 1
2582  read(3, "7", 1)                   = 1
2582  read(3, "2", 1)                   = 1
2582  read(3, "4", 1)                   = 1
2582  read(3, "7", 1)                   = 1
2582  read(3, "4", 1)                   = 1
2582  read(3, " ", 1)                   = 1
2582  read(3, "r", 1)                   = 1
2582  read(3, "e", 1)                   = 1
2582  read(3, "a", 1)                   = 1
2582  read(3, "d", 1)                   = 1
2582  read(3, "(", 1)                   = 1
2582  read(3, "7", 1)                   = 1
2582  read(3, ",", 1)                   = 1
2582  read(3, " ", 1)                   = 1
2582  read(3, " ", 1)                   = 1
2582  read(3, "<", 1)                   = 1
2582  read(3, "u", 1)                   = 1
2582  read(3, "n", 1)                   = 1
2582  read(3, "f", 1)                   = 1
2582  read(3, "i", 1)                   = 1
2582  read(3, "n", 1)                   = 1
2582  read(3, "i", 1)                   = 1
2582  read(3, "s", 1)                   = 1
2582  read(3, "h", 1)                   = 1
2582  read(3, "e", 1)                   = 1
2582  read(3, "d", 1)                   = 1
2582  read(3, " ", 1)                   = 1
2582  read(3, ".", 1)                   = 1
2582  read(3, ".", 1)                   = 1
2582  read(3, ".", 1)                   = 1
2582  read(3, ">", 1)                   = 1
2582  read(3, "\n", 1)                  = 1
2582  write(6, "33\n", 3)               = 3
2582  write(6, "372474 read(7,  <unfinished ...>"..., 33) = 33
2582  read(3, "3", 1)                   = 1
2582  read(3, "7", 1)                   = 1
2582  read(3, "2", 1)                   = 1
2582  read(3, "4", 1)                   = 1
2582  read(3, "7", 1)                   = 1
2582  read(3, "5", 1)                   = 1
2582  read(3, " ", 1)                   = 1
2582  read(3, "<", 1)                   = 1
2582  read(3, ".", 1)                   = 1
2582  read(3, ".", 1)                   = 1
2582  read(3, ".", 1)                   = 1
2582  read(3, " ", 1)                   = 1
2582  read(3, "r", 1)                   = 1
2582  read(3, "e", 1)                   = 1
2582  read(3, "a", 1)                   = 1
2582  read(3, "d", 1)                   = 1
2582  read(3, " ", 1)                   = 1
2582  read(3, "r", 1)                   = 1
2582  read(3, "e", 1)                   = 1
2582  read(3, "s", 1)                   = 1
2582  read(3, "u", 1)                   = 1
2582  read(3, "m", 1)                   = 1
2582  read(3, "e", 1)                   = 1
2582  read(3, "d", 1)                   = 1
2582  read(3, ">", 1)                   = 1
2582  read(3, "\"", 1)                  = 1
2582  read(3, "e", 1)                   = 1
2582  read(3, "n", 1)                   = 1
2582  read(3, "c", 1)                   = 1
2582  read(3, "r", 1)                   = 1
2582  read(3, "y", 1)                   = 1
2582  read(3, "p", 1)                   = 1
2582  read(3, "t", 1)                   = 1
2582  read(3, ":", 1)                   = 1
2582  read(3, "e", 1)                   = 1
2582  read(3, "n", 1)                   = 1
2582  read(3, "c", 1)                   = 1
2582  read(3, "r", 1)                   = 1
2582  read(3, "y", 1)                   = 1
2582  read(3, "p", 1)                   = 1
2582  read(3, "t", 1)                   = 1
2582  read(3, ".", 1)                   = 1
2582  read(3, "c", 1)                   = 1
2582  read(3, "\\", 1)                  = 1
2582  read(3, "n", 1)                   = 1
2582  read(3, "\"", 1)                  = 1
2582  read(3, ",", 1)                   = 1
2582  read(3, " ", 1)                   = 1
2582  read(3, "4", 1)                   = 1
2582  read(3, "0", 1)                   = 1
2582  read(3, "9", 1)                   = 1
2582  read(3, "6", 1)                   = 1
2582  read(3, ")", 1)                   = 1
2582  read(3, " ", 1)                   = 1
2582  read(3, "=", 1)                   = 1
2582  read(3, " ", 1)                   = 1
2582  read(3, "1", 1)                   = 1
2582  read(3, "8", 1)                   = 1
2582  read(3, "\n", 1)                  = 1
2582  write(6, "59\n", 3)               = 3
2582  write(6, "372475 <... read resumed>\"encryp"..., 59) = 59
2582  read(3, "3", 1)                   = 1
2582  read(3, "7", 1)                   = 1
2582  read(3, "2", 1)                   = 1
2582  read(3, "4", 1)                   = 1
2582  read(3, "7", 1)                   = 1
2582  read(3, "5", 1)                   = 1
2582  read(3, " ", 1)                   = 1
2582  read(3, "w", 1)                   = 1
2582  read(3, "r", 1)                   = 1
2582  read(3, "i", 1)                   = 1
2582  read(3, "t", 1)                   = 1
2582  read(3, "e", 1)                   = 1
2582  read(3, "(", 1)                   = 1
2582  read(3, "1", 1)                   = 1
2582  read(3, ",", 1)                   = 1
2582  read(3, " ", 1)                   = 1
2582  read(3, "\"", 1)                  = 1
2582  read(3, "1", 1)                   = 1
2582  read(3, "8", 1)                   = 1
2582  read(3, "\\", 1)                  = 1
2582  read(3, "n", 1)                   = 1
2582  read(3, "w", 1)                   = 1
2582  read(3, "|", 1)                   = 1
2582  read(3, "q", 1)                   = 1
2582  read(3, "`", 1)                   = 1
2582  read(3, "k", 1)                   = 1
2582  read(3, "b", 1)                   = 1
2582  read(3, "f", 1)                   = 1
2582  read(3, "(", 1)                   = 1
2582  read(3, "w", 1)                   = 1
2582  read(3, "|", 1)                   = 1
2582  read(3, "q", 1)                   = 1
2582  read(3, "`", 1)                   = 1
2582  read(3, "k", 1)                   = 1
2582  read(3, "b", 1)                   = 1
2582  read(3, "f", 1)                   = 1
2582  read(3, "<", 1)                   = 1
2582  read(3, "q", 1)                   = 1
2582  read(3, "\\", 1)                  = 1
2582  read(3, "3", 1)                   = 1
2582  read(3, "0", 1)                   = 1
2582  read(3, "\"", 1)                  = 1
2582  read(3, ",", 1)                   = 1
2582  read(3, " ", 1)                   = 1
2582  read(3, "2", 1)                   = 1
2582  read(3, "1", 1)                   = 1
2582  read(3, " ", 1)                   = 1
2582  read(3, "<", 1)                   = 1
2582  read(3, "u", 1)                   = 1
2582  read(3, "n", 1)                   = 1
2582  read(3, "f", 1)                   = 1
2582  read(3, "i", 1)                   = 1
2582  read(3, "n", 1)                   = 1
2582  read(3, "i", 1)                   = 1
2582  read(3, "s", 1)                   = 1
2582  read(3, "h", 1)                   = 1
2582  read(3, "e", 1)                   = 1
2582  read(3, "d", 1)                   = 1
2582  read(3, " ", 1)                   = 1
2582  read(3, ".", 1)                   = 1
2582  read(3, ".", 1)                   = 1
2582  read(3, ".", 1)                   = 1
2582  read(3, ">", 1)                   = 1
2582  read(3, "\n", 1)                  = 1
2582  write(6, "64\n", 3)               = 3
2582  write(6, "372475 write(1, \"18\\nw|q`kbf(w|q"..., 64) = 64
2582  read(3, "3", 1)                   = 1
2582  read(3, "7", 1)                   = 1
2582  read(3, "2", 1)                   = 1
2582  read(3, "4", 1)                   = 1
2582  read(3, "7", 1)                   = 1
2582  read(3, "4", 1)                   = 1
2582  read(3, " ", 1)                   = 1
2582  read(3, "<", 1)                   = 1
2582  read(3, ".", 1)                   = 1
2582  read(3, ".", 1)                   = 1
2582  read(3, ".", 1)                   = 1
2582  read(3, " ", 1)                   = 1
2582  read(3, "r", 1)                   = 1
2582  read(3, "e", 1)                   = 1
2582  read(3, "a", 1)                   = 1
2582  read(3, "d", 1)                   = 1
2582  read(3, " ", 1)                   = 1
2582  read(3, "r", 1)                   = 1
2582  read(3, "e", 1)                   = 1
2582  read(3, "s", 1)                   = 1
2582  read(3, "u", 1)                   = 1
2582  read(3, "m", 1)                   = 1
2582  read(3, "e", 1)                   = 1
2582  read(3, "d", 1)                   = 1
2582  read(3, ">", 1)                   = 1
2582  read(3, "\"", 1)                  = 1
2582  read(3, "1", 1)                   = 1
2582  read(3, "8", 1)                   = 1
2582  read(3, "\\", 1)                  = 1
2582  read(3, "n", 1)                   = 1
2582  read(3, "w", 1)                   = 1
2582  read(3, "|", 1)                   = 1
2582  read(3, "q", 1)                   = 1
2582  read(3, "`", 1)                   = 1
2582  read(3, "k", 1)                   = 1
2582  read(3, "b", 1)                   = 1
2582  read(3, "f", 1)                   = 1
2582  read(3, "(", 1)                   = 1
2582  read(3, "w", 1)                   = 1
2582  read(3, "|", 1)                   = 1
2582  read(3, "q", 1)                   = 1
2582  read(3, "`", 1)                   = 1
2582  read(3, "k", 1)                   = 1
2582  read(3, "b", 1)                   = 1
2582  read(3, "f", 1)                   = 1
2582  read(3, "<", 1)                   = 1
2582  read(3, "q", 1)                   = 1
2582  read(3, "\\", 1)                  = 1
2582  read(3, "3", 1)                   = 1
2582  read(3, "0", 1)                   = 1
2582  read(3, "\"", 1)                  = 1
2582  read(3, ",", 1)                   = 1
2582  read(3, " ", 1)                   = 1
2582  read(3, "2", 1)                   = 1
2582  read(3, "1", 1)                   = 1
2582  read(3, ")", 1)                   = 1
2582  read(3, " ", 1)                   = 1
2582  read(3, "=", 1)                   = 1
2582  read(3, " ", 1)                   = 1
2582  read(3, "2", 1)                   = 1
2582  read(3, "1", 1)                   = 1
2582  read(3, "\n", 1)                  = 1
2582  write(6, "62\n", 3)               = 3
2582  write(6, "372474 <... read resumed>\"18\\nw|"..., 62) = 62
2582  read(3, "3", 1)                   = 1
2582  read(3, "7", 1)                   = 1
2582  read(3, "2", 1)                   = 1
2582  read(3, "4", 1)                   = 1
2582  read(3, "7", 1)                   = 1
2582  read(3, "5", 1)                   = 1
2582  read(3, " ", 1)                   = 1
2582  read(3, "<", 1)                   = 1
2582  read(3, ".", 1)                   = 1
2582  read(3, ".", 1)                   = 1
2582  read(3, ".", 1)                   = 1
2582  read(3, " ", 1)                   = 1
2582  read(3, "w", 1)                   = 1
2582  read(3, "r", 1)                   = 1
2582  read(3, "i", 1)                   = 1
2582  read(3, "t", 1)                   = 1
2582  read(3, "e", 1)                   = 1
2582  read(3, " ", 1)                   = 1
2582  read(3, "r", 1)                   = 1
2582  read(3, "e", 1)                   = 1
2582  read(3, "s", 1)                   = 1
2582  read(3, "u", 1)                   = 1
2582  read(3, "m", 1)                   = 1
2582  read(3, "e", 1)                   = 1
2582  read(3, "d", 1)                   = 1
2582  read(3, ">", 1)                   = 1
2582  read(3, ")", 1)                   = 1
2582  read(3, " ", 1)                   = 1
2582  read(3, " ", 1)                   = 1
2582  read(3, " ", 1)                   = 1
2582  read(3, " ", 1)                   = 1
2582  read(3, " ", 1)                   = 1
2582  read(3, " ", 1)                   = 1
2582  read(3, " ", 1)                   = 1
2582  read(3, " ", 1)                   = 1
2582  read(3, " ", 1)                   = 1
2582  read(3, " ", 1)                   = 1
2582  read(3, " ", 1)                   = 1
2582  read(3, " ", 1)                   = 1
2582  read(3, " ", 1)                   = 1
2582  read(3, "=", 1)                   = 1
2582  read(3, " ", 1)                   = 1
2582  read(3, "2", 1)                   = 1
2582  read(3, "1", 1)                   = 1
2582  read(3, "\n", 1)                  = 1
2582  write(6, "45\n", 3)               = 3
2582  write(6, "372475 <... write resumed>)     "..., 45) = 45
2582  read(3, "3", 1)                   = 1
2582  read(3, "7", 1)                   = 1
2582  read(3, "2", 1)                   = 1
2582  read(3, "4", 1)                   = 1
2582  read(3, "7", 1)                   = 1
2582  read(3, "4", 1)                   = 1
2582  read(3, " ", 1)                   = 1
2582  read(3, "w", 1)                   = 1
2582  read(3, "r", 1)                   = 1
2582  read(3, "i", 1)                   = 1
2582  read(3, "t", 1)                   = 1
2582  read(3, "e", 1)                   = 1
2582  read(3, "(", 1)                   = 1
2582  read(3, "4", 1)                   = 1
2582  read(3, ",", 1)                   = 1
2582  read(3, " ", 1)                   = 1
2582  read(3, "\"", 1)                  = 1
2582  read(3, "1", 1)                   = 1
2582  read(3, "8", 1)                   = 1
2582  read(3, "\\", 1)                  = 1
2582  read(3, "n", 1)                   = 1
2582  read(3, "w", 1)                   = 1
2582  read(3, "|", 1)                   = 1
2582  read(3, "q", 1)                   = 1
2582  read(3, "`", 1)                   = 1
2582  read(3, "k", 1)                   = 1
2582  read(3, "b", 1)                   = 1
2582  read(3, "f", 1)                   = 1
2582  read(3, "(", 1)                   = 1
2582  read(3, "w", 1)                   = 1
2582  read(3, "|", 1)                   = 1
2582  read(3, "q", 1)                   = 1
2582  read(3, "`", 1)                   = 1
2582  read(3, "k", 1)                   = 1
2582  read(3, "b", 1)                   = 1
2582  read(3, "f", 1)                   = 1
2582  read(3, "<", 1)                   = 1
2582  read(3, "q", 1)                   = 1
2582  read(3, "\\", 1)                  = 1
2582  read(3, "3", 1)                   = 1
2582  read(3, "0", 1)                   = 1
2582  read(3, "\"", 1)                  = 1
2582  read(3, ",", 1)                   = 1
2582  read(3, " ", 1)                   = 1
2582  read(3, "2", 1)                   = 1
2582  read(3, "1", 1)                   = 1
2582  read(3, " ", 1)                   = 1
2582  read(3, "<", 1)                   = 1
2582  read(3, "u", 1)                   = 1
2582  read(3, "n", 1)                   = 1
2582  read(3, "f", 1)                   = 1
2582  read(3, "i", 1)                   = 1
2582  read(3, "n", 1)                   = 1
2582  read(3, "i", 1)                   = 1
2582  read(3, "s", 1)                   = 1
2582  read(3, "h", 1)                   = 1
2582  read(3, "e", 1)                   = 1
2582  read(3, "d", 1)                   = 1
2582  read(3, " ", 1)                   = 1
2582  read(3, ".", 1)                   = 1
2582  read(3, ".", 1)                   = 1
2582  read(3, ".", 1)                   = 1
2582  read(3, ">", 1)                   = 1
2582  read(3, "\n", 1)                  = 1
2582  write(6, "64\n", 3)               = 3
2582  write(6, "372474 write(4, \"18\\nw|q`kbf(w|q"..., 64) = 64
2582  read(3, "3", 1)                   = 1
2582  read(3, "7", 1)                   = 1
2582  read(3, "2", 1)                   = 1
2582  read(3, "4", 1)                   = 1
2582  read(3, "7", 1)                   = 1
2582  read(3, "5", 1)                   = 1
2582  read(3, " ", 1)                   = 1
2582  read(3, "r", 1)                   = 1
2582  read(3, "e", 1)                   = 1
2582  read(3, "a", 1)                   = 1
2582  read(3, "d", 1)                   = 1
2582  read(3, "(", 1)                   = 1
2582  read(3, "0", 1)                   = 1
2582  read(3, ",", 1)                   = 1
2582  read(3, " ", 1)                   = 1
2582  read(3, " ", 1)                   = 1
2582  read(3, "<", 1)                   = 1
2582  read(3, "u", 1)                   = 1
2582  read(3, "n", 1)                   = 1
2582  read(3, "f", 1)                   = 1
2582  read(3, "i", 1)                   = 1
2582  read(3, "n", 1)                   = 1
2582  read(3, "i", 1)                   = 1
2582  read(3, "s", 1)                   = 1
2582  read(3, "h", 1)                   = 1
2582  read(3, "e", 1)                   = 1
2582  read(3, "d", 1)                   = 1
2582  read(3, " ", 1)                   = 1
2582  read(3, ".", 1)                   = 1
2582  read(3, ".", 1)                   = 1
2582  read(3, ".", 1)                   = 1
2582  read(3, ">", 1)                   = 1
2582  read(3, "\n", 1)                  = 1
2582  write(6, "33\n", 3)               = 3
2582  write(6, "372475 read(0,  <unfinished ...>"..., 33) = 33
2582  read(3, "3", 1)                   = 1
2582  read(3, "7", 1)                   = 1
2582  read(3, "2", 1)                   = 1
2582  read(3, "4", 1)                   = 1
2582  read(3, "7", 1)                   = 1
2582  read(3, "4", 1)                   = 1
2582  read(3, " ", 1)                   = 1
2582  read(3, "<", 1)                   = 1
2582  read(3, ".", 1)                   = 1
2582  read(3, ".", 1)                   = 1
2582  read(3, ".", 1)                   = 1
2582  read(3, " ", 1)                   = 1
2582  read(3, "w", 1)                   = 1
2582  read(3, "r", 1)                   = 1
2582  read(3, "i", 1)                   = 1
2582  read(3, "t", 1)                   = 1
2582  read(3, "e", 1)                   = 1
2582  read(3, " ", 1)                   = 1
2582  read(3, "r", 1)                   = 1
2582  read(3, "e", 1)                   = 1
2582  read(3, "s", 1)                   = 1
2582  read(3, "u", 1)                   = 1
2582  read(3, "m", 1)                   = 1
2582  read(3, "e", 1)                   = 1
2582  read(3, "d", 1)                   = 1
2582  read(3, ">", 1)                   = 1
2582  read(3, ")", 1)                   = 1
2582  read(3, " ", 1)                   = 1
2582  read(3, " ", 1)                   = 1
2582  read(3, " ", 1)                   = 1
2582  read(3, " ", 1)                   = 1
2582  read(3, " ", 1)                   = 1
2582  read(3, " ", 1)                   = 1
2582  read(3, " ", 1)                   = 1
2582  read(3, " ", 1)                   = 1
2582  read(3, " ", 1)                   = 1
2582  read(3, " ", 1)                   = 1
2582  read(3, " ", 1)                   = 1
2582  read(3, " ", 1)                   = 1
2582  read(3, " ", 1)                   = 1
2582  read(3, "=", 1)                   = 1
2582  read(3, " ", 1)                   = 1
2582  read(3, "2", 1)                   = 1
2582  read(3, "1", 1)                   = 1
2582  read(3, "\n", 1)                  = 1
2582  write(6, "45\n", 3)               = 3
2582  write(6, "372474 <... write resumed>)     "..., 45) = 45
2582  read(3, "3", 1)                   = 1
2582  read(3, "7", 1)                   = 1
2582  read(3, "2", 1)                   = 1
2582  read(3, "4", 1)                   = 1
2582  read(3, "7", 1)                   = 1
2582  read(3, "4", 1)                   = 1
2582  read(3, " ", 1)                   = 1
2582  read(3, "w", 1)                   = 1
2582  read(3, "r", 1)                   = 1
2582  read(3, "i", 1)                   = 1
2582  read(3, "t", 1)                   = 1
2582  read(3, "e", 1)                   = 1
2582  read(3, "(", 1)                   = 1
2582  read(3, "6", 1)                   = 1
2582  read(3, ",", 1)                   = 1
2582  read(3, " ", 1)                   = 1
2582  read(3, "\"", 1)                  = 1
2582  read(3, "2", 1)                   = 1
2582  read(3, "6", 1)                   = 1
2582  read(3, "\\", 1)                  = 1
2582  read(3, "n", 1)                   = 1
2582  read(3, "\"", 1)                  = 1
2582  read(3, ",", 1)                   = 1
2582  read(3, " ", 1)                   = 1
2582  read(3, "3", 1)                   = 1
2582  read(3, ")", 1)                   = 1
2582  read(3, " ", 1)                   = 1
2582  read(3, " ", 1)                   = 1
2582  read(3, " ", 1)                   = 1
2582  read(3, " ", 1)                   = 1
2582  read(3, " ", 1)                   = 1
2582  read(3, " ", 1)                   = 1
2582  read(3, " ", 1)                   = 1
2582  read(3, " ", 1)                   = 1
2582  read(3, " ", 1)                   = 1
2582  read(3, " ", 1)                   = 1
2582  read(3, " ", 1)                   = 1
2582  read(3, " ", 1)                   = 1
2582  read(3, " ", 1)                   = 1
2582  read(3, " ", 1)                   = 1
2582  read(3, "=", 1)                   = 1
2582  read(3, " ", 1)                   = 1
2582  read(3, "3", 1)                   = 1
2582  read(3, "\n", 1)                  = 1
2582  write(6, "44\n", 3)               = 3
2582  write(6, "372474 write(6, \"26\\n\", 3)      "..., 44) = 44
2582  read(3, "3", 1)                   = 1
2582  read(3, "7", 1)                   = 1
2582  read(3, "2", 1)                   = 1
2582  read(3, "4", 1)                   = 1
2582  read(3, "7", 1)                   = 1
2582  read(3, "5", 1)                   = 1
2582  read(3, " ", 1)                   = 1
2582  read(3, "<", 1)                   = 1
2582  read(3, ".", 1)                   = 1
2582  read(3, ".", 1)                   = 1
2582  read(3, ".", 1)                   = 1
2582  read(3, " ", 1)                   = 1
2582  read(3, "r", 1)                   = 1
2582  read(3, "e", 1)                   = 1
2582  read(3, "a", 1)                   = 1
2582  read(3, "d", 1)                   = 1
2582  read(3, " ", 1)                   = 1
2582  read(3, "r", 1)                   = 1
2582  read(3, "e", 1)                   = 1
2582  read(3, "s", 1)                   = 1
2582  read(3, "u", 1)                   = 1
2582  read(3, "m", 1)                   = 1
2582  read(3, "e", 1)                   = 1
2582  read(3, "d", 1)                   = 1
2582  read(3, ">", 1)                   = 1
2582  read(3, "\"", 1)                  = 1
2582  read(3, "2", 1)                   = 1
2582  read(3, "6", 1)                   = 1
2582  read(3, "\\", 1)                  = 1
2582  read(3, "n", 1)                   = 1
2582  read(3, "\"", 1)                  = 1
2582  read(3, ",", 1)                   = 1
2582  read(3, " ", 1)                   = 1
2582  read(3, "4", 1)                   = 1
2582  read(3, "0", 1)                   = 1
2582  read(3, "9", 1)                   = 1
2582  read(3, "6", 1)                   = 1
2582  read(3, ")", 1)                   = 1
2582  read(3, " ", 1)                   = 1
2582  read(3, " ", 1)                   = 1
2582  read(3, "=", 1)                   = 1
2582  read(3, " ", 1)                   = 1
2582  read(3, "3", 1)                   = 1
2582  read(3, "\n", 1)                  = 1
2582  write(6, "44\n", 3)               = 3
2582  write(6, "372475 <... read resumed>\"26\\n\","..., 44) = 44
2582  read(3, "3", 1)                   = 1
2582  read(3, "7", 1)                   = 1
2582  read(3, "2", 1)                   = 1
2582  read(3, "4", 1)                   = 1
2582  read(3, "7", 1)                   = 1
2582  read(3, "4", 1)                   = 1
2582  read(3, " ", 1)                   = 1
2582  read(3, "w", 1)                   = 1
2582  read(3, "r", 1)                   = 1
2582  read(3, "i", 1)                   = 1
2582  read(3, "t", 1)                   = 1
2582  read(3, "e", 1)                   = 1
2582  read(3, "(", 1)                   = 1
2582  read(3, "6", 1)                   = 1
2582  read(3, ",", 1)                   = 1
2582  read(3, " ", 1)                   = 1
2582  read(3, "\"", 1)                  = 1
2582  read(3, "\\", 1)                  = 1
2582  read(3, "t", 1)                   = 1
2582  read(3, "g", 1)                   = 1
2582  read(3, "c", 1)                   = 1
2582  read(3, "c", 1)                   = 1
2582  read(3, " ", 1)                   = 1
2582  read(3, "e", 1)                   = 1
2582  read(3, "n", 1)                   = 1
2582  read(3, "c", 1)                   = 1
2582  read(3, "r", 1)                   = 1
2582  read(3, "y", 1)                   = 1
2582  read(3, "p", 1)                   = 1
2582  read(3, "t", 1)                   = 1
2582  read(3, ".", 1)                   = 1
2582  read(3, "c", 1)                   = 1
2582  read(3, " ", 1)                   = 1
2582  read(3, "-", 1)                   = 1
2582  read(3, "o", 1)                   = 1
2582  read(3, " ", 1)                   = 1
2582  read(3, "e", 1)                   = 1
2582  read(3, "n", 1)                   = 1
2582  read(3, "c", 1)                   = 1
2582  read(3, "r", 1)                   = 1
2582  read(3, "y", 1)                   = 1
2582  read(3, "p", 1)                   = 1
2582  read(3, "t", 1)                   = 1
2582  read(3, "\\", 1)                  = 1
2582  read(3, "n", 1)                   = 1
2582  read(3, "\"", 1)                  = 1
2582  read(3, ",", 1)                   = 1
2582  read(3, " ", 1)                   = 1
2582  read(3, "2", 1)                   = 1
2582  read(3, "6", 1)                   = 1
2582  read(3, " ", 1)                   = 1
2582  read(3, "<", 1)                   = 1
2582  read(3, "u", 1)                   = 1
2582  read(3, "n", 1)                   = 1
2582  read(3, "f", 1)                   = 1
2582  read(3, "i", 1)                   = 1
2582  read(3, "n", 1)                   = 1
2582  read(3, "i", 1)                   = 1
2582  read(3, "s", 1)                   = 1
2582  read(3, "h", 1)                   = 1
2582  read(3, "e", 1)                   = 1
2582  read(3, "d", 1)                   = 1
2582  read(3, " ", 1)                   = 1
2582  read(3, ".", 1)                   = 1
2582  read(3, ".", 1)                   = 1
2582  read(3, ".", 1)                   = 1
2582  read(3, ">", 1)                   = 1
2582  read(3, "\n", 1)                  = 1
2582  write(6, "68\n", 3)               = 3
2582  write(6, "372474 write(6, \"\\tgcc encrypt.c"..., 68) = 68
2582  read(3, "3", 1)                   = 1
2582  read(3, "7", 1)                   = 1
2582  read(3, "2", 1)                   = 1
2582  read(3, "4", 1)                   = 1
2582  read(3, "7", 1)                   = 1
2582  read(3, "5", 1)                   = 1
2582  read(3, " ", 1)                   = 1
2582  read(3, "r", 1)                   = 1
2582  read(3, "e", 1)                   = 1
2582  read(3, "a", 1)                   = 1
2582  read(3, "d", 1)                   = 1
2582  read(3, "(", 1)                   = 1
2582  read(3, "0", 1)                   = 1
2582  read(3, ",", 1)                   = 1
2582  read(3, " ", 1)                   = 1
2582  read(3, " ", 1)                   = 1
2582  read(3, "<", 1)                   = 1
2582  read(3, "u", 1)                   = 1
2582  read(3, "n", 1)                   = 1
2582  read(3, "f", 1)                   = 1
2582  read(3, "i", 1)                   = 1
2582  read(3, "n", 1)                   = 1
2582  read(3, "i", 1)                   = 1
2582  read(3, "s", 1)                   = 1
2582  read(3, "h", 1)                   = 1
2582  read(3, "e", 1)                   = 1
2582  read(3, "d", 1)                   = 1
2582  read(3, " ", 1)                   = 1
2582  read(3, ".", 1)                   = 1
2582  read(3, ".", 1)                   = 1
2582  read(3, ".", 1)                   = 1
2582  read(3, ">", 1)                   = 1
2582  read(3, "\n", 1)                  = 1
2582  write(6, "33\n", 3)               = 3
2582  write(6, "372475 read(0,  <unfinished ...>"..., 33) = 33
2582  read(3, "3", 1)                   = 1
2582  read(3, "7", 1)                   = 1
2582  read(3, "2", 1)                   = 1
2582  read(3, "4", 1)                   = 1
2582  read(3, "7", 1)                   = 1
2582  read(3, "4", 1)                   = 1
2582  read(3, " ", 1)                   = 1
2582  read(3, "<", 1)                   = 1
2582  read(3, ".", 1)                   = 1
2582  read(3, ".", 1)                   = 1
2582  read(3, ".", 1)                   = 1
2582  read(3, " ", 1)                   = 1
2582  read(3, "w", 1)                   = 1
2582  read(3, "r", 1)                   = 1
2582  read(3, "i", 1)                   = 1
2582  read(3, "t", 1)                   = 1
2582  read(3, "e", 1)                   = 1
2582  read(3, " ", 1)                   = 1
2582  read(3, "r", 1)                   = 1
2582  read(3, "e", 1)                   = 1
2582  read(3, "s", 1)                   = 1
2582  read(3, "u", 1)                   = 1
2582  read(3, "m", 1)                   = 1
2582  read(3, "e", 1)                   = 1
2582  read(3, "d", 1)                   = 1
2582  read(3, ">", 1)                   = 1
2582  read(3, ")", 1)                   = 1
2582  read(3, " ", 1)                   = 1
2582  read(3, " ", 1)                   = 1
2582  read(3, " ", 1)                   = 1
2582  read(3, " ", 1)                   = 1
2582  read(3, " ", 1)                   = 1
2582  read(3, " ", 1)                   = 1
2582  read(3, " ", 1)                   = 1
2582  read(3, " ", 1)                   = 1
2582  read(3, " ", 1)                   = 1
2582  read(3, " ", 1)                   = 1
2582  read(3, " ", 1)                   = 1
2582  read(3, " ", 1)                   = 1
2582  read(3, " ", 1)                   = 1
2582  read(3, "=", 1)                   = 1
2582  read(3, " ", 1)                   = 1
2582  read(3, "2", 1)                   = 1
2582  read(3, "6", 1)                   = 1
2582  read(3, "\n", 1)                  = 1
2582  write(6, "45\n", 3)               = 3
2582  write(6, "372474 <... write resumed>)     "..., 45) = 45
2582  read(3, "3", 1)                   = 1
2582  read(3, "7", 1)                   = 1
2582  read(3, "2", 1)                   = 1
2582  read(3, "4", 1)                   = 1
2582  read(3, "7", 1)                   = 1
2582  read(3, "5", 1)                   = 1
2582  read(3, " ", 1)                   = 1
2582  read(3, "<", 1)                   = 1
2582  read(3, ".", 1)                   = 1
2582  read(3, ".", 1)                   = 1
2582  read(3, ".", 1)                   = 1
2582  read(3, " ", 1)                   = 1
2582  read(3, "r", 1)                   = 1
2582  read(3, "e", 1)                   = 1
2582  read(3, "a", 1)                   = 1
2582  read(3, "d", 1)                   = 1
2582  read(3, " ", 1)                   = 1
2582  read(3, "r", 1)                   = 1
2582  read(3, "e", 1)                   = 1
2582  read(3, "s", 1)                   = 1
2582  read(3, "u", 1)                   = 1
2582  read(3, "m", 1)                   = 1
2582  read(3, "e", 1)                   = 1
2582  read(3, "d", 1)                   = 1
2582  read(3, ">", 1)                   = 1
2582  read(3, "\"", 1)                  = 1
2582  read(3, "\\", 1)                  = 1
2582  read(3, "t", 1)                   = 1
2582  read(3, "g", 1)                   = 1
2582  read(3, "c", 1)                   = 1
2582  read(3, "c", 1)                   = 1
2582  read(3, " ", 1)                   = 1
2582  read(3, "e", 1)                   = 1
2582  read(3, "n", 1)                   = 1
2582  read(3, "c", 1)                   = 1
2582  read(3, "r", 1)                   = 1
2582  read(3, "y", 1)                   = 1
2582  read(3, "p", 1)                   = 1
2582  read(3, "t", 1)                   = 1
2582  read(3, ".", 1)                   = 1
2582  read(3, "c", 1)                   = 1
2582  read(3, " ", 1)                   = 1
2582  read(3, "-", 1)                   = 1
2582  read(3, "o", 1)                   = 1
2582  read(3, " ", 1)                   = 1
2582  read(3, "e", 1)                   = 1
2582  read(3, "n", 1)                   = 1
2582  read(3, "c", 1)                   = 1
2582  read(3, "r", 1)                   = 1
2582  read(3, "y", 1)                   = 1
2582  read(3, "p", 1)                   = 1
2582  read(3, "t", 1)                   = 1
2582  read(3, "\\", 1)                  = 1
2582  read(3, "n", 1)                   = 1
2582  read(3, "\"", 1)                  = 1
2582  read(3, ",", 1)                   = 1
2582  read(3, " ", 1)                   = 1
2582  read(3, "4", 1)                   = 1
2582  read(3, "0", 1)                   = 1
2582  read(3, "9", 1)                   = 1
2582  read(3, "6", 1)                   = 1
2582  read(3, ")", 1)                   = 1
2582  read(3, " ", 1)                   = 1
2582  read(3, "=", 1)                   = 1
2582  read(3, " ", 1)                   = 1
2582  read(3, "2", 1)                   = 1
2582  read(3, "6", 1)                   = 1
2582  read(3, "\n", 1)                  = 1
2582  write(6, "68\n", 3)               = 3
2582  write(6, "372475 <... read resumed>\"\\tgcc "..., 68) = 68
2582  read(3, "3", 1)                   = 1
2582  read(3, "7", 1)                   = 1
2582  read(3, "2", 1)                   = 1
2582  read(3, "4", 1)                   = 1
2582  read(3, "7", 1)                   = 1
2582  read(3, "4", 1)                   = 1
2582  read(3, " ", 1)                   = 1
2582  read(3, "r", 1)                   = 1
2582  read(3, "e", 1)                   = 1
2582  read(3, "a", 1)                   = 1
2582  read(3, "d", 1)                   = 1
2582  read(3, "(", 1)                   = 1
2582  read(3, "7", 1)                   = 1
2582  read(3, ",", 1)                   = 1
2582  read(3, " ", 1)                   = 1
2582  read(3, " ", 1)                   = 1
2582  read(3, "<", 1)                   = 1
2582  read(3, "u", 1)                   = 1
2582  read(3, "n", 1)                   = 1
2582  read(3, "f", 1)                   = 1
2582  read(3, "i", 1)                   = 1
2582  read(3, "n", 1)                   = 1
2582  read(3, "i", 1)                   = 1
2582  read(3, "s", 1)                   = 1
2582  read(3, "h", 1)                   = 1
2582  read(3, "e", 1)                   = 1
2582  read(3, "d", 1)                   = 1
2582  read(3, " ", 1)                   = 1
2582  read(3, ".", 1)                   = 1
2582  read(3, ".", 1)                   = 1
2582  read(3, ".", 1)                   = 1
2582  read(3, ">", 1)                   = 1
2582  read(3, "\n", 1)                  = 1
2582  write(6, "33\n", 3)               = 3
2582  write(6, "372474 read(7,  <unfinished ...>"..., 33) = 33
2582  read(3, "3", 1)                   = 1
2582  read(3, "7", 1)                   = 1
2582  read(3, "2", 1)                   = 1
2582  read(3, "4", 1)                   = 1
2582  read(3, "7", 1)                   = 1
2582  read(3, "5", 1)                   = 1
2582  read(3, " ", 1)                   = 1
2582  read(3, "w", 1)                   = 1
2582  read(3, "r", 1)                   = 1
2582  read(3, "i", 1)                   = 1
2582  read(3, "t", 1)                   = 1
2582  read(3, "e", 1)                   = 1
2582  read(3, "(", 1)                   = 1
2582  read(3, "1", 1)                   = 1
2582  read(3, ",", 1)                   = 1
2582  read(3, " ", 1)                   = 1
2582  read(3, "\"", 1)                  = 1
2582  read(3, "2", 1)                   = 1
2582  read(3, "6", 1)                   = 1
2582  read(3, "\\", 1)                  = 1
2582  read(3, "n", 1)                   = 1
2582  read(3, "\\", 1)                  = 1
2582  read(3, "2", 1)                   = 1
2582  read(3, "3", 1)                   = 1
2582  read(3, "}", 1)                   = 1
2582  read(3, "y", 1)                   = 1
2582  read(3, "y", 1)                   = 1
2582  read(3, ":", 1)                   = 1
2582  read(3, "\\", 1)                  = 1
2582  read(3, "1", 1)                   = 1
2582  read(3, "7", 1)                   = 1
2582  read(3, "7", 1)                   = 1
2582  read(3, "t", 1)                   = 1
2582  read(3, "y", 1)                   = 1
2582  read(3, "h", 1)                   = 1
2582  read(3, "c", 1)                   = 1
2582  read(3, "j", 1)                   = 1
2582  read(3, "n", 1)                   = 1
2582  read(3, "4", 1)                   = 1
2582  read(3, "y", 1)                   = 1
2582  read(3, ":", 1)                   = 1
2582  read(3, "7", 1)                   = 1
2582  read(3, "u", 1)                   = 1
2582  read(3, ":", 1)                   = 1
2582  read(3, "\\", 1)                  = 1
2582  read(3, "1", 1)                   = 1
2582  read(3, "7", 1)                   = 1
2582  read(3, "7", 1)                   = 1
2582  read(3, "t", 1)                   = 1
2582  read(3, "y", 1)                   = 1
2582  read(3, "h", 1)                   = 1
2582  read(3, "c", 1)                   = 1
2582  read(3, "j", 1)                   = 1
2582  read(3, "n", 1)                   = 1
2582  read(3, "\\", 1)                  = 1
2582  read(3, "2", 1)                   = 1
2582  read(3, "0", 1)                   = 1
2582  read(3, "\"", 1)                  = 1
2582  read(3, ",", 1)                   = 1
2582  read(3, " ", 1)                   = 1
2582  read(3, "2", 1)                   = 1
2582  read(3, "9", 1)                   = 1
2582  read(3, " ", 1)                   = 1
2582  read(3, "<", 1)                   = 1
2582  read(3, "u", 1)                   = 1
2582  read(3, "n", 1)                   = 1
2582  read(3, "f", 1)                   = 1
2582  read(3, "i", 1)                   = 1
2582  read(3, "n", 1)                   = 1
2582  read(3, "i", 1)                   = 1
2582  read(3, "s", 1)                   = 1
2582  read(3, "h", 1)                   = 1
2582  read(3, "e", 1)                   = 1
2582  read(3, "d", 1)                   = 1
2582  read(3, " ", 1)                   = 1
2582  read(3, ".", 1)                   = 1
2582  read(3, ".", 1)                   = 1
2582  read(3, ".", 1)                   = 1
2582  read(3, ">", 1)                   = 1
2582  read(3, "\n", 1)                  = 1
2582  write(6, "80\n", 3)               = 3
2582  write(6, "372475 write(1, \"26\\n\\23}yy:\\177"..., 80) = 80
2582  read(3, "3", 1)                   = 1
2582  read(3, "7", 1)                   = 1
2582  read(3, "2", 1)                   = 1
2582  read(3, "4", 1)                   = 1
2582  read(3, "7", 1)                   = 1
2582  read(3, "4", 1)                   = 1
2582  read(3, " ", 1)                   = 1
2582  read(3, "<", 1)                   = 1
2582  read(3, ".", 1)                   = 1
2582  read(3, ".", 1)                   = 1
2582  read(3, ".", 1)                   = 1
2582  read(3, " ", 1)                   = 1
2582  read(3, "r", 1)                   = 1
2582  read(3, "e", 1)                   = 1
2582  read(3, "a", 1)                   = 1
2582  read(3, "d", 1)                   = 1
2582  read(3, " ", 1)                   = 1
2582  read(3, "r", 1)                   = 1
2582  read(3, "e", 1)                   = 1
2582  read(3, "s", 1)                   = 1
2582  read(3, "u", 1)                   = 1
2582  read(3, "m", 1)                   = 1
2582  read(3, "e", 1)                   = 1
2582  read(3, "d", 1)                   = 1
2582  read(3, ">", 1)                   = 1
2582  read(3, "\"", 1)                  = 1
2582  read(3, "2", 1)                   = 1
2582  read(3, "6", 1)                   = 1
2582  read(3, "\\", 1)                  = 1
2582  read(3, "n", 1)                   = 1
2582  read(3, "\\", 1)                  = 1
2582  read(3, "2", 1)                   = 1
2582  read(3, "3", 1)                   = 1
2582  read(3, "}", 1)                   = 1
2582  read(3, "y", 1)                   = 1
2582  read(3, "y", 1)                   = 1
2582  read(3, ":", 1)                   = 1
2582  read(3, "\\", 1)                  = 1
2582  read(3, "1", 1)                   = 1
2582  read(3, "7", 1)                   = 1
2582  read(3, "7", 1)                   = 1
2582  read(3, "t", 1)                   = 1
2582  read(3, "y", 1)                   = 1
2582  read(3, "h", 1)                   = 1
2582  read(3, "c", 1)                   = 1
2582  read(3, "j", 1)                   = 1
2582  read(3, "n", 1)                   = 1
2582  read(3, "4", 1)                   = 1
2582  read(3, "y", 1)                   = 1
2582  read(3, ":", 1)                   = 1
2582  read(3, "7", 1)                   = 1
2582  read(3, "u", 1)                   = 1
2582  read(3, ":", 1)                   = 1
2582  read(3, "\\", 1)                  = 1
2582  read(3, "1", 1)                   = 1
2582  read(3, "7", 1)                   = 1
2582  read(3, "7", 1)                   = 1
2582  read(3, "t", 1)                   = 1
2582  read(3, "y", 1)                   = 1
2582  read(3, "h", 1)                   = 1
2582  read(3, "c", 1)                   = 1
2582  read(3, "j", 1)                   = 1
2582  read(3, "n", 1)                   = 1
2582  read(3, "\\", 1)                  = 1
2582  read(3, "2", 1)                   = 1
2582  read(3, "0", 1)                   = 1
2582  read(3, "\"", 1)                  = 1
2582  read(3, ",", 1)                   = 1
2582  read(3, " ", 1)                   = 1
2582  read(3, "2", 1)                   = 1
2582  read(3, "9", 1)                   = 1
2582  read(3, ")", 1)                   = 1
2582  read(3, " ", 1)                   = 1
2582  read(3, "=", 1)                   = 1
2582  read(3, " ", 1)                   = 1
2582  read(3, "2", 1)                   = 1
2582  read(3, "9", 1)                   = 1
2582  read(3, "\n", 1)                  = 1
2582  write(6, "78\n", 3)               = 3
2582  write(6, "372474 <... read resumed>\"26\\n\\2"..., 78) = 78
2582  read(3, "3", 1)                   = 1
2582  read(3, "7", 1)                   = 1
2582  read(3, "2", 1)                   = 1
2582  read(3, "4", 1)                   = 1
2582  read(3, "7", 1)                   = 1
2582  read(3, "5", 1)                   = 1
2582  read(3, " ", 1)                   = 1
2582  read(3, "<", 1)                   = 1
2582  read(3, ".", 1)                   = 1
2582  read(3, ".", 1)                   = 1
2582  read(3, ".", 1)                   = 1
2582  read(3, " ", 1)                   = 1
2582  read(3, "w", 1)                   = 1
2582  read(3, "r", 1)                   = 1
2582  read(3, "i", 1)                   = 1
2582  read(3, "t", 1)                   = 1
2582  read(3, "e", 1)                   = 1
2582  read(3, " ", 1)                   = 1
2582  read(3, "r", 1)                   = 1
2582  read(3, "e", 1)                   = 1
2582  read(3, "s", 1)                   = 1
2582  read(3, "u", 1)                   = 1
2582  read(3, "m", 1)                   = 1
2582  read(3, "e", 1)                   = 1
2582  read(3, "d", 1)                   = 1
2582  read(3, ">", 1)                   = 1
2582  read(3, ")", 1)                   = 1
2582  read(3, " ", 1)                   = 1
2582  read(3, " ", 1)                   = 1
2582  read(3, " ", 1)                   = 1
2582  read(3, " ", 1)                   = 1
2582  read(3, " ", 1)                   = 1
2582  read(3, " ", 1)                   = 1
2582  read(3, " ", 1)                   = 1
2582  read(3, " ", 1)                   = 1
2582  read(3, " ", 1)                   = 1
2582  read(3, " ", 1)                   = 1
2582  read(3, " ", 1)                   = 1
2582  read(3, " ", 1)                   = 1
2582  read(3, " ", 1)                   = 1
2582  read(3, "=", 1)                   = 1
2582  read(3, " ", 1)                   = 1
2582  read(3, "2", 1)                   = 1
2582  read(3, "9", 1)                   = 1
2582  read(3, "\n", 1)                  = 1
2582  write(6, "45\n", 3)               = 3
2582  write(6, "372475 <... write resumed>)     "..., 45) = 45
2582  read(3, "3", 1)                   = 1
2582  read(3, "7", 1)                   = 1
2582  read(3, "2", 1)                   = 1
2582  read(3, "4", 1)                   = 1
2582  read(3, "7", 1)                   = 1
2582  read(3, "4", 1)                   = 1
2582  read(3, " ", 1)                   = 1
2582  read(3, "w", 1)                   = 1
2582  read(3, "r", 1)                   = 1
2582  read(3, "i", 1)                   = 1
2582  read(3, "t", 1)                   = 1
2582  read(3, "e", 1)                   = 1
2582  read(3, "(", 1)                   = 1
2582  read(3, "4", 1)                   = 1
2582  read(3, ",", 1)                   = 1
2582  read(3, " ", 1)                   = 1
2582  read(3, "\"", 1)                  = 1
2582  read(3, "2", 1)                   = 1
2582  read(3, "6", 1)                   = 1
2582  read(3, "\\", 1)                  = 1
2582  read(3, "n", 1)                   = 1
2582  read(3, "\\", 1)                  = 1
2582  read(3, "2", 1)                   = 1
2582  read(3, "3", 1)                   = 1
2582  read(3, "}", 1)                   = 1
2582  read(3, "y", 1)                   = 1
2582  read(3, "y", 1)                   = 1
2582  read(3, ":", 1)                   = 1
2582  read(3, "\\", 1)                  = 1
2582  read(3, "1", 1)                   = 1
2582  read(3, "7", 1)                   = 1
2582  read(3, "7", 1)                   = 1
2582  read(3, "t", 1)                   = 1
2582  read(3, "y", 1)                   = 1
2582  read(3, "h", 1)                   = 1
2582  read(3, "c", 1)                   = 1
2582  read(3, "j", 1)                   = 1
2582  read(3, "n", 1)                   = 1
2582  read(3, "4", 1)                   = 1
2582  read(3, "y", 1)                   = 1
2582  read(3, ":", 1)                   = 1
2582  read(3, "7", 1)                   = 1
2582  read(3, "u", 1)                   = 1
2582  read(3, ":", 1)                   = 1
2582  read(3, "\\", 1)                  = 1
2582  read(3, "1", 1)                   = 1
2582  read(3, "7", 1)                   = 1
2582  read(3, "7", 1)                   = 1
2582  read(3, "t", 1)                   = 1
2582  read(3, "y", 1)                   = 1
2582  read(3, "h", 1)                   = 1
2582  read(3, "c", 1)                   = 1
2582  read(3, "j", 1)                   = 1
2582  read(3, "n", 1)                   = 1
2582  read(3, "\\", 1)                  = 1
2582  read(3, "2", 1)                   = 1
2582  read(3, "0", 1)                   = 1
2582  read(3, "\"", 1)                  = 1
2582  read(3, ",", 1)                   = 1
2582  read(3, " ", 1)                   = 1
2582  read(3, "2", 1)                   = 1
2582  read(3, "9", 1)                   = 1
2582  read(3, " ", 1)                   = 1
2582  read(3, "<", 1)                   = 1
2582  read(3, "u", 1)                   = 1
2582  read(3, "n", 1)                   = 1
2582  read(3, "f", 1)                   = 1
2582  read(3, "i", 1)                   = 1
2582  read(3, "n", 1)                   = 1
2582  read(3, "i", 1)                   = 1
2582  read(3, "s", 1)                   = 1
2582  read(3, "h", 1)                   = 1
2582  read(3, "e", 1)                   = 1
2582  read(3, "d", 1)                   = 1
2582  read(3, " ", 1)                   = 1
2582  read(3, ".", 1)                   = 1
2582  read(3, ".", 1)                   = 1
2582  read(3, ".", 1)                   = 1
2582  read(3, ">", 1)                   = 1
2582  read(3, "\n", 1)                  = 1
2582  write(6, "80\n", 3)               = 3
2582  write(6, "372474 write(4, \"26\\n\\23}yy:\\177"..., 80) = 80
2582  read(3, "3", 1)                   = 1
2582  read(3, "7", 1)                   = 1
2582  read(3, "2", 1)                   = 1
2582  read(3, "4", 1)                   = 1
2582  read(3, "7", 1)                   = 1
2582  read(3, "5", 1)                   = 1
2582  read(3, " ", 1)                   = 1
2582  read(3, "r", 1)                   = 1
2582  read(3, "e", 1)                   = 1
2582  read(3, "a", 1)                   = 1
2582  read(3, "d", 1)                   = 1
2582  read(3, "(", 1)                   = 1
2582  read(3, "0", 1)                   = 1
2582  read(3, ",", 1)                   = 1
2582  read(3, " ", 1)                   = 1
2582  read(3, " ", 1)                   = 1
2582  read(3, "<", 1)                   = 1
2582  read(3, "u", 1)                   = 1
2582  read(3, "n", 1)                   = 1
2582  read(3, "f", 1)                   = 1
2582  read(3, "i", 1)                   = 1
2582  read(3, "n", 1)                   = 1
2582  read(3, "i", 1)                   = 1
2582  read(3, "s", 1)                   = 1
2582  read(3, "h", 1)                   = 1
2582  read(3, "e", 1)                   = 1
2582  read(3, "d", 1)                   = 1
2582  read(3, " ", 1)                   = 1
2582  read(3, ".", 1)                   = 1
2582  read(3, ".", 1)                   = 1
2582  read(3, ".", 1)                   = 1
2582  read(3, ">", 1)                   = 1
2582  read(3, "\n", 1)                  = 1
2582  write(6, "33\n", 3)               = 3
2582  write(6, "372475 read(0,  <unfinished ...>"..., 33) = 33
2582  read(3, "3", 1)                   = 1
2582  read(3, "7", 1)                   = 1
2582  read(3, "2", 1)                   = 1
2582  read(3, "4", 1)                   = 1
2582  read(3, "7", 1)                   = 1
2582  read(3, "4", 1)                   = 1
2582  read(3, " ", 1)                   = 1
2582  read(3, "<", 1)                   = 1
2582  read(3, ".", 1)                   = 1
2582  read(3, ".", 1)                   = 1
2582  read(3, ".", 1)                   = 1
2582  read(3, " ", 1)                   = 1
2582  read(3, "w", 1)                   = 1
2582  read(3, "r", 1)                   = 1
2582  read(3, "i", 1)                   = 1
2582  read(3, "t", 1)                   = 1
2582  read(3, "e", 1)                   = 1
2582  read(3, " ", 1)                   = 1
2582  read(3, "r", 1)                   = 1
2582  read(3, "e", 1)                   = 1
2582  read(3, "s", 1)                   = 1
2582  read(3, "u", 1)                   = 1
2582  read(3, "m", 1)                   = 1
2582  read(3, "e", 1)                   = 1
2582  read(3, "d", 1)                   = 1
2582  read(3, ">", 1)                   = 1
2582  read(3, ")", 1)                   = 1
2582  read(3, " ", 1)                   = 1
2582  read(3, " ", 1)                   = 1
2582  read(3, " ", 1)                   = 1
2582  read(3, " ", 1)                   = 1
2582  read(3, " ", 1)                   = 1
2582  read(3, " ", 1)                   = 1
2582  read(3, " ", 1)                   = 1
2582  read(3, " ", 1)                   = 1
2582  read(3, " ", 1)                   = 1
2582  read(3, " ", 1)                   = 1
2582  read(3, " ", 1)                   = 1
2582  read(3, " ", 1)                   = 1
2582  read(3, " ", 1)                   = 1
2582  read(3, "=", 1)                   = 1
2582  read(3, " ", 1)                   = 1
2582  read(3, "2", 1)                   = 1
2582  read(3, "9", 1)                   = 1
2582  read(3, "\n", 1)                  = 1
2582  write(6, "45\n", 3)               = 3
2582  write(6, "372474 <... write resumed>)     "..., 45) = 45
2582  read(3, "3", 1)                   = 1
2582  read(3, "7", 1)                   = 1
2582  read(3, "2", 1)                   = 1
2582  read(3, "4", 1)                   = 1
2582  read(3, "7", 1)                   = 1
2582  read(3, "4", 1)                   = 1
2582  read(3, " ", 1)                   = 1
2582  read(3, "w", 1)                   = 1
2582  read(3, "r", 1)                   = 1
2582  read(3, "i", 1)                   = 1
2582  read(3, "t", 1)                   = 1
2582  read(3, "e", 1)                   = 1
2582  read(3, "(", 1)                   = 1
2582  read(3, "6", 1)                   = 1
2582  read(3, ",", 1)                   = 1
2582  read(3, " ", 1)                   = 1
2582  read(3, "\"", 1)                  = 1
2582  read(3, "1", 1)                   = 1
2582  read(3, "\\", 1)                  = 1
2582  read(3, "n", 1)                   = 1
2582  read(3, "\"", 1)                  = 1
2582  read(3, ",", 1)                   = 1
2582  read(3, " ", 1)                   = 1
2582  read(3, "2", 1)                   = 1
2582  read(3, ")", 1)                   = 1
2582  read(3, " ", 1)                   = 1
2582  read(3, " ", 1)                   = 1
2582  read(3, " ", 1)                   = 1
2582  read(3, " ", 1)                   = 1
2582  read(3, " ", 1)                   = 1
2582  read(3, " ", 1)                   = 1
2582  read(3, " ", 1)                   = 1
2582  read(3, " ", 1)                   = 1
2582  read(3, " ", 1)                   = 1
2582  read(3, " ", 1)                   = 1
2582  read(3, " ", 1)                   = 1
2582  read(3, " ", 1)                   = 1
2582  read(3, " ", 1)                   = 1
2582  read(3, " ", 1)                   = 1
2582  read(3, " ", 1)                   = 1
2582  read(3, "=", 1)                   = 1
2582  read(3, " ", 1)                   = 1
2582  read(3, "2", 1)                   = 1
2582  read(3, "\n", 1)                  = 1
2582  write(6, "44\n", 3)               = 3
2582  write(6, "372474 write(6, \"1\\n\", 2)       "..., 44) = 44
2582  read(3, "3", 1)                   = 1
2582  read(3, "7", 1)                   = 1
2582  read(3, "2", 1)                   = 1
2582  read(3, "4", 1)                   = 1
2582  read(3, "7", 1)                   = 1
2582  read(3, "5", 1)                   = 1
2582  read(3, " ", 1)                   = 1
2582  read(3, "<", 1)                   = 1
2582  read(3, ".", 1)                   = 1
2582  read(3, ".", 1)                   = 1
2582  read(3, ".", 1)                   = 1
2582  read(3, " ", 1)                   = 1
2582  read(3, "r", 1)                   = 1
2582  read(3, "e", 1)                   = 1
2582  read(3, "a", 1)                   = 1
2582  read(3, "d", 1)                   = 1
2582  read(3, " ", 1)                   = 1
2582  read(3, "r", 1)                   = 1
2582  read(3, "e", 1)                   = 1
2582  read(3, "s", 1)                   = 1
2582  read(3, "u", 1)                   = 1
2582  read(3, "m", 1)                   = 1
2582  read(3, "e", 1)                   = 1
2582  read(3, "d", 1)                   = 1
2582  read(3, ">", 1)                   = 1
2582  read(3, "\"", 1)                  = 1
2582  read(3, "1", 1)                   = 1
2582  read(3, "\\", 1)                  = 1
2582  read(3, "n", 1)                   = 1
2582  read(3, "\"", 1)                  = 1
2582  read(3, ",", 1)                   = 1
2582  read(3, " ", 1)                   = 1
2582  read(3, "4", 1)                   = 1
2582  read(3, "0", 1)                   = 1
2582  read(3, "9", 1)                   = 1
2582  read(3, "6", 1)                   = 1
2582  read(3, ")", 1)                   = 1
2582  read(3, " ", 1)                   = 1
2582  read(3, " ", 1)                   = 1
2582  read(3, " ", 1)                   = 1
2582  read(3, "=", 1)                   = 1
2582  read(3, " ", 1)                   = 1
2582  read(3, "2", 1)                   = 1
2582  read(3, "\n", 1)                  = 1
2582  write(6, "44\n", 3)               = 3
2582  write(6, "372475 <... read resumed>\"1\\n\", "..., 44) = 44
2582  read(3, "3", 1)                   = 1
2582  read(3, "7", 1)                   = 1
2582  read(3, "2", 1)                   = 1
2582  read(3, "4", 1)                   = 1
2582  read(3, "7", 1)                   = 1
2582  read(3, "4", 1)                   = 1
2582  read(3, " ", 1)                   = 1
2582  read(3, "w", 1)                   = 1
2582  read(3, "r", 1)                   = 1
2582  read(3, "i", 1)                   = 1
2582  read(3, "t", 1)                   = 1
2582  read(3, "e", 1)                   = 1
2582  read(3, "(", 1)                   = 1
2582  read(3, "6", 1)                   = 1
2582  read(3, ",", 1)                   = 1
2582  read(3, " ", 1)                   = 1
2582  read(3, "\"", 1)                  = 1
2582  read(3, "\\", 1)                  = 1
2582  read(3, "n", 1)                   = 1
2582  read(3, "\"", 1)                  = 1
2582  read(3, ",", 1)                   = 1
2582  read(3, " ", 1)                   = 1
2582  read(3, "1", 1)                   = 1
2582  read(3, " ", 1)                   = 1
2582  read(3, "<", 1)                   = 1
2582  read(3, "u", 1)                   = 1
2582  read(3, "n", 1)                   = 1
2582  read(3, "f", 1)                   = 1
2582  read(3, "i", 1)                   = 1
2582  read(3, "n", 1)                   = 1
2582  read(3, "i", 1)                   = 1
2582  read(3, "s", 1)                   = 1
2582  read(3, "h", 1)                   = 1
2582  read(3, "e", 1)                   = 1
2582  read(3, "d", 1)                   = 1
2582  read(3, " ", 1)                   = 1
2582  read(3, ".", 1)                   = 1
2582  read(3, ".", 1)                   = 1
2582  read(3, ".", 1)                   = 1
2582  read(3, ">", 1)                   = 1
2582  read(3, "\n", 1)                  = 1
2582  write(6, "41\n", 3)               = 3
2582  write(6, "372474 write(6, \"\\n\", 1 <unfinis"..., 41) = 41
2582  read(3, "3", 1)                   = 1
2582  read(3, "7", 1)                   = 1
2582  read(3, "2", 1)                   = 1
2582  read(3, "4", 1)                   = 1
2582  read(3, "7", 1)                   = 1
2582  read(3, "5", 1)                   = 1
2582  read(3, " ", 1)                   = 1
2582  read(3, "r", 1)                   = 1
2582  read(3, "e", 1)                   = 1
2582  read(3, "a", 1)                   = 1
2582  read(3, "d", 1)                   = 1
2582  read(3, "(", 1)                   = 1
2582  read(3, "0", 1)                   = 1
2582  read(3, ",", 1)                   = 1
2582  read(3, " ", 1)                   = 1
2582  read(3, " ", 1)                   = 1
2582  read(3, "<", 1)                   = 1
2582  read(3, "u", 1)                   = 1
2582  read(3, "n", 1)                   = 1
2582  read(3, "f", 1)                   = 1
2582  read(3, "i", 1)                   = 1
2582  read(3, "n", 1)                   = 1
2582  read(3, "i", 1)                   = 1
2582  read(3, "s", 1)                   = 1
2582  read(3, "h", 1)                   = 1
2582  read(3, "e", 1)                   = 1
2582  read(3, "d", 1)                   = 1
2582  read(3, " ", 1)                   = 1
2582  read(3, ".", 1)                   = 1
2582  read(3, ".", 1)                   = 1
2582  read(3, ".", 1)                   = 1
2582  read(3, ">", 1)                   = 1
2582  read(3, "\n", 1)                  = 1
2582  write(6, "33\n", 3)               = 3
2582  write(6, "372475 read(0,  <unfinished ...>"..., 33) = 33
2582  read(3, "3", 1)                   = 1
2582  read(3, "7", 1)                   = 1
2582  read(3, "2", 1)                   = 1
2582  read(3, "4", 1)                   = 1
2582  read(3, "7", 1)                   = 1
2582  read(3, "4", 1)                   = 1
2582  read(3, " ", 1)                   = 1
2582  read(3, "<", 1)                   = 1
2582  read(3, ".", 1)                   = 1
2582  read(3, ".", 1)                   = 1
2582  read(3, ".", 1)                   = 1
2582  read(3, " ", 1)                   = 1
2582  read(3, "w", 1)                   = 1
2582  read(3, "r", 1)                   = 1
2582  read(3, "i", 1)                   = 1
2582  read(3, "t", 1)                   = 1
2582  read(3, "e", 1)                   = 1
2582  read(3, " ", 1)                   = 1
2582  read(3, "r", 1)                   = 1
2582  read(3, "e", 1)                   = 1
2582  read(3, "s", 1)                   = 1
2582  read(3, "u", 1)                   = 1
2582  read(3, "m", 1)                   = 1
2582  read(3, "e", 1)                   = 1
2582  read(3, "d", 1)                   = 1
2582  read(3, ">", 1)                   = 1
2582  read(3, ")", 1)                   = 1
2582  read(3, " ", 1)                   = 1
2582  read(3, " ", 1)                   = 1
2582  read(3, " ", 1)                   = 1
2582  read(3, " ", 1)                   = 1
2582  read(3, " ", 1)                   = 1
2582  read(3, " ", 1)                   = 1
2582  read(3, " ", 1)                   = 1
2582  read(3, " ", 1)                   = 1
2582  read(3, " ", 1)                   = 1
2582  read(3, " ", 1)                   = 1
2582  read(3, " ", 1)                   = 1
2582  read(3, " ", 1)                   = 1
2582  read(3, " ", 1)                   = 1
2582  read(3, "=", 1)                   = 1
2582  read(3, " ", 1)                   = 1
2582  read(3, "1", 1)                   = 1
2582  read(3, "\n", 1)                  = 1
2582  write(6, "44\n", 3)               = 3
2582  write(6, "372474 <... write resumed>)     "..., 44) = 44
2582  read(3, "3", 1)                   = 1
2582  read(3, "7", 1)                   = 1
2582  read(3, "2", 1)                   = 1
2582  read(3, "4", 1)                   = 1
2582  read(3, "7", 1)                   = 1
2582  read(3, "5", 1)                   = 1
2582  read(3, " ", 1)                   = 1
2582  read(3, "<", 1)                   = 1
2582  read(3, ".", 1)                   = 1
2582  read(3, ".", 1)                   = 1
2582  read(3, ".", 1)                   = 1
2582  read(3, " ", 1)                   = 1
2582  read(3, "r", 1)                   = 1
2582  read(3, "e", 1)                   = 1
2582  read(3, "a", 1)                   = 1
2582  read(3, "d", 1)                   = 1
2582  read(3, " ", 1)                   = 1
2582  read(3, "r", 1)                   = 1
2582  read(3, "e", 1)                   = 1
2582  read(3, "s", 1)                   = 1
2582  read(3, "u", 1)                   = 1
2582  read(3, "m", 1)                   = 1
2582  read(3, "e", 1)                   = 1
2582  read(3, "d", 1)                   = 1
2582  read(3, ">", 1)                   = 1
2582  read(3, "\"", 1)                  = 1
2582  read(3, "\\", 1)                  = 1
2582  read(3, "n", 1)                   = 1
2582  read(3, "\"", 1)                  = 1
2582  read(3, ",", 1)                   = 1
2582  read(3, " ", 1)                   = 1
2582  read(3, "4", 1)                   = 1
2582  read(3, "0", 1)                   = 1
2582  read(3, "9", 1)                   = 1
2582  read(3, "6", 1)                   = 1
2582  read(3, ")", 1)                   = 1
2582  read(3, " ", 1)                   = 1
2582  read(3, " ", 1)                   = 1
2582  read(3, " ", 1)                   = 1
2582  read(3, " ", 1)                   = 1
2582  read(3, "=", 1)                   = 1
2582  read(3, " ", 1)                   = 1
2582  read(3, "1", 1)                   = 1
2582  read(3, "\n", 1)                  = 1
2582  write(6, "44\n", 3)               = 3
2582  write(6, "372475 <... read resumed>\"\\n\", 4"..., 44) = 44
2582  read(3, "3", 1)                   = 1
2582  read(3, "7", 1)                   = 1
2582  read(3, "2", 1)                   = 1
2582  read(3, "4", 1)                   = 1
2582  read(3, "7", 1)                   = 1
2582  read(3, "4", 1)                   = 1
2582  read(3, " ", 1)                   = 1
2582  read(3, "r", 1)                   = 1
2582  read(3, "e", 1)                   = 1
2582  read(3, "a", 1)                   = 1
2582  read(3, "d", 1)                   = 1
2582  read(3, "(", 1)                   = 1
2582  read(3, "7", 1)                   = 1
2582  read(3, ",", 1)                   = 1
2582  read(3, " ", 1)                   = 1
2582  read(3, " ", 1)                   = 1
2582  read(3, "<", 1)                   = 1
2582  read(3, "u", 1)                   = 1
2582  read(3, "n", 1)                   = 1
2582  read(3, "f", 1)                   = 1
2582  read(3, "i", 1)                   = 1
2582  read(3, "n", 1)                   = 1
2582  read(3, "i", 1)                   = 1
2582  read(3, "s", 1)                   = 1
2582  read(3, "h", 1)                   = 1
2582  read(3, "e", 1)                   = 1
2582  read(3, "d", 1)                   = 1
2582  read(3, " ", 1)                   = 1
2582  read(3, ".", 1)                   = 1
2582  read(3, ".", 1)                   = 1
2582  read(3, ".", 1)                   = 1
2582  read(3, ">", 1)                   = 1
2582  read(3, "\n", 1)                  = 1
2582  write(6, "33\n", 3)               = 3
2582  write(6, "372474 read(7,  <unfinished ...>"..., 33) = 33
2582  read(3, "3", 1)                   = 1
2582  read(3, "7", 1)                   = 1
2582  read(3, "2", 1)                   = 1
2582  read(3, "4", 1)                   = 1
2582  read(3, "7", 1)                   = 1
2582  read(3, "5", 1)                   = 1
2582  read(3, " ", 1)                   = 1
2582  read(3, "w", 1)                   = 1
2582  read(3, "r", 1)                   = 1
2582  read(3, "i", 1)                   = 1
2582  read(3, "t", 1)                   = 1
2582  read(3, "e", 1)                   = 1
2582  read(3, "(", 1)                   = 1
2582  read(3, "1", 1)                   = 1
2582  read(3, ",", 1)                   = 1
2582  read(3, " ", 1)                   = 1
2582  read(3, "\"", 1)                  = 1
2582  read(3, "1", 1)                   = 1
2582  read(3, "\\", 1)                  = 1
2582  read(3, "n", 1)                   = 1
2582  read(3, "\\", 1)                  = 1
2582  read(3, "v", 1)                   = 1
2582  read(3, "\"", 1)                  = 1
2582  read(3, ",", 1)                   = 1
2582  read(3, " ", 1)                   = 1
2582  read(3, "3", 1)                   = 1
2582  read(3, " ", 1)                   = 1
2582  read(3, "<", 1)                   = 1
2582  read(3, "u", 1)                   = 1
2582  read(3, "n", 1)                   = 1
2582  read(3, "f", 1)                   = 1
2582  read(3, "i", 1)                   = 1
2582  read(3, "n", 1)                   = 1
2582  read(3, "i", 1)                   = 1
2582  read(3, "s", 1)                   = 1
2582  read(3, "h", 1)                   = 1
2582  read(3, "e", 1)                   = 1
2582  read(3, "d", 1)                   = 1
2582  read(3, " ", 1)                   = 1
2582  read(3, ".", 1)                   = 1
2582  read(3, ".", 1)                   = 1
2582  read(3, ".", 1)                   = 1
2582  read(3, ">", 1)                   = 1
2582  read(3, "\n", 1)                  = 1
2582  write(6, "44\n", 3)               = 3
2582  write(6, "372475 write(1, \"1\\n\\v\", 3 <unfi"..., 44) = 44
2582  read(3, "3", 1)                   = 1
2582  read(3, "7", 1)                   = 1
2582  read(3, "2", 1)                   = 1
2582  read(3, "4", 1)                   = 1
2582  read(3, "7", 1)                   = 1
2582  read(3, "4", 1)                   = 1
2582  read(3, " ", 1)                   = 1
2582  read(3, "<", 1)                   = 1
2582  read(3, ".", 1)                   = 1
2582  read(3, ".", 1)                   = 1
2582  read(3, ".", 1)                   = 1
2582  read(3, " ", 1)                   = 1
2582  read(3, "r", 1)                   = 1
2582  read(3, "e", 1)                   = 1
2582  read(3, "a", 1)                   = 1
2582  read(3, "d", 1)                   = 1
2582  read(3, " ", 1)                   = 1
2582  read(3, "r", 1)                   = 1
2582  read(3, "e", 1)                   = 1
2582  read(3, "s", 1)                   = 1
2582  read(3, "u", 1)                   = 1
2582  read(3, "m", 1)                   = 1
2582  read(3, "e", 1)                   = 1
2582  read(3, "d", 1)                   = 1
2582  read(3, ">", 1)                   = 1
2582  read(3, "\"", 1)                  = 1
2582  read(3, "1", 1)                   = 1
2582  read(3, "\\", 1)                  = 1
2582  read(3, "n", 1)                   = 1
2582  read(3, "\\", 1)                  = 1
2582  read(3, "v", 1)                   = 1
2582  read(3, "\"", 1)                  = 1
2582  read(3, ",", 1)                   = 1
2582  read(3, " ", 1)                   = 1
2582  read(3, "3", 1)                   = 1
2582  read(3, ")", 1)                   = 1
2582  read(3, " ", 1)                   = 1
2582  read(3, " ", 1)                   = 1
2582  read(3, " ", 1)                   = 1
2582  read(3, " ", 1)                   = 1
2582  read(3, "=", 1)                   = 1
2582  read(3, " ", 1)                   = 1
2582  read(3, "3", 1)                   = 1
2582  read(3, "\n", 1)                  = 1
2582  write(6, "44\n", 3)               = 3
2582  write(6, "372474 <... read resumed>\"1\\n\\v\""..., 44) = 44
2582  read(3, "3", 1)                   = 1
2582  read(3, "7", 1)                   = 1
2582  read(3, "2", 1)                   = 1
2582  read(3, "4", 1)                   = 1
2582  read(3, "7", 1)                   = 1
2582  read(3, "5", 1)                   = 1
2582  read(3, " ", 1)                   = 1
2582  read(3, "<", 1)                   = 1
2582  read(3, ".", 1)                   = 1
2582  read(3, ".", 1)                   = 1
2582  read(3, ".", 1)                   = 1
2582  read(3, " ", 1)                   = 1
2582  read(3, "w", 1)                   = 1
2582  read(3, "r", 1)                   = 1
2582  read(3, "i", 1)                   = 1
2582  read(3, "t", 1)                   = 1
2582  read(3, "e", 1)                   = 1
2582  read(3, " ", 1)                   = 1
2582  read(3, "r", 1)                   = 1
2582  read(3, "e", 1)                   = 1
2582  read(3, "s", 1)                   = 1
2582  read(3, "u", 1)                   = 1
2582  read(3, "m", 1)                   = 1
2582  read(3, "e", 1)                   = 1
2582  read(3, "d", 1)                   = 1
2582  read(3, ">", 1)                   = 1
2582  read(3, ")", 1)                   = 1
2582  read(3, " ", 1)                   = 1
2582  read(3, " ", 1)                   = 1
2582  read(3, " ", 1)                   = 1
2582  read(3, " ", 1)                   = 1
2582  read(3, " ", 1)                   = 1
2582  read(3, " ", 1)                   = 1
2582  read(3, " ", 1)                   = 1
2582  read(3, " ", 1)                   = 1
2582  read(3, " ", 1)                   = 1
2582  read(3, " ", 1)                   = 1
2582  read(3, " ", 1)                   = 1
2582  read(3, " ", 1)                   = 1
2582  read(3, " ", 1)                   = 1
2582  read(3, "=", 1)                   = 1
2582  read(3, " ", 1)                   = 1
2582  read(3, "3", 1)                   = 1
2582  read(3, "\n", 1)                  = 1
2582  write(6, "44\n", 3)               = 3
2582  write(6, "372475 <... write resumed>)     "..., 44) = 44
2582  read(3, "3", 1)                   = 1
2582  read(3, "7", 1)                   = 1
2582  read(3, "2", 1)                   = 1
2582  read(3, "4", 1)                   = 1
2582  read(3, "7", 1)                   = 1
2582  read(3, "4", 1)                   = 1
2582  read(3, " ", 1)                   = 1
2582  read(3, "w", 1)                   = 1
2582  read(3, "r", 1)                   = 1
2582  read(3, "i", 1)                   = 1
2582  read(3, "t", 1)                   = 1
2582  read(3, "e", 1)                   = 1
2582  read(3, "(", 1)                   = 1
2582  read(3, "4", 1)                   = 1
2582  read(3, ",", 1)                   = 1
2582  read(3, " ", 1)                   = 1
2582  read(3, "\"", 1)                  = 1
2582  read(3, "1", 1)                   = 1
2582  read(3, "\\", 1)                  = 1
2582  read(3, "n", 1)                   = 1
2582  read(3, "\\", 1)                  = 1
2582  read(3, "v", 1)                   = 1
2582  read(3, "\"", 1)                  = 1
2582  read(3, ",", 1)                   = 1
2582  read(3, " ", 1)                   = 1
2582  read(3, "3", 1)                   = 1
2582  read(3, " ", 1)                   = 1
2582  read(3, "<", 1)                   = 1
2582  read(3, "u", 1)                   = 1
2582  read(3, "n", 1)                   = 1
2582  read(3, "f", 1)                   = 1
2582  read(3, "i", 1)                   = 1
2582  read(3, "n", 1)                   = 1
2582  read(3, "i", 1)                   = 1
2582  read(3, "s", 1)                   = 1
2582  read(3, "h", 1)                   = 1
2582  read(3, "e", 1)                   = 1
2582  read(3, "d", 1)                   = 1
2582  read(3, " ", 1)                   = 1
2582  read(3, ".", 1)                   = 1
2582  read(3, ".", 1)                   = 1
2582  read(3, ".", 1)                   = 1
2582  read(3, ">", 1)                   = 1
2582  read(3, "\n", 1)                  = 1
2582  write(6, "44\n", 3)               = 3
2582  write(6, "372474 write(4, \"1\\n\\v\", 3 <unfi"..., 44) = 44
2582  read(3, "3", 1)                   = 1
2582  read(3, "7", 1)                   = 1
2582  read(3, "2", 1)                   = 1
2582  read(3, "4", 1)                   = 1
2582  read(3, "7", 1)                   = 1
2582  read(3, "5", 1)                   = 1
2582  read(3, " ", 1)                   = 1
2582  read(3, "r", 1)                   = 1
2582  read(3, "e", 1)                   = 1
2582  read(3, "a", 1)                   = 1
2582  read(3, "d", 1)                   = 1
2582  read(3, "(", 1)                   = 1
2582  read(3, "0", 1)                   = 1
2582  read(3, ",", 1)                   = 1
2582  read(3, " ", 1)                   = 1
2582  read(3, " ", 1)                   = 1
2582  read(3, "<", 1)                   = 1
2582  read(3, "u", 1)                   = 1
2582  read(3, "n", 1)                   = 1
2582  read(3, "f", 1)                   = 1
2582  read(3, "i", 1)                   = 1
2582  read(3, "n", 1)                   = 1
2582  read(3, "i", 1)                   = 1
2582  read(3, "s", 1)                   = 1
2582  read(3, "h", 1)                   = 1
2582  read(3, "e", 1)                   = 1
2582  read(3, "d", 1)                   = 1
2582  read(3, " ", 1)                   = 1
2582  read(3, ".", 1)                   = 1
2582  read(3, ".", 1)                   = 1
2582  read(3, ".", 1)                   = 1
2582  read(3, ">", 1)                   = 1
2582  read(3, "\n", 1)                  = 1
2582  write(6, "33\n", 3)               = 3
2582  write(6, "372475 read(0,  <unfinished ...>"..., 33) = 33
2582  read(3, "3", 1)                   = 1
2582  read(3, "7", 1)                   = 1
2582  read(3, "2", 1)                   = 1
2582  read(3, "4", 1)                   = 1
2582  read(3, "7", 1)                   = 1
2582  read(3, "4", 1)                   = 1
2582  read(3, " ", 1)                   = 1
2582  read(3, "<", 1)                   = 1
2582  read(3, ".", 1)                   = 1
2582  read(3, ".", 1)                   = 1
2582  read(3, ".", 1)                   = 1
2582  read(3, " ", 1)                   = 1
2582  read(3, "w", 1)                   = 1
2582  read(3, "r", 1)                   = 1
2582  read(3, "i", 1)                   = 1
2582  read(3, "t", 1)                   = 1
2582  read(3, "e", 1)                   = 1
2582  read(3, " ", 1)                   = 1
2582  read(3, "r", 1)                   = 1
2582  read(3, "e", 1)                   = 1
2582  read(3, "s", 1)                   = 1
2582  read(3, "u", 1)                   = 1
2582  read(3, "m", 1)                   = 1
2582  read(3, "e", 1)                   = 1
2582  read(3, "d", 1)                   = 1
2582  read(3, ">", 1)                   = 1
2582  read(3, ")", 1)                   = 1
2582  read(3, " ", 1)                   = 1
2582  read(3, " ", 1)                   = 1
2582  read(3, " ", 1)                   = 1
2582  read(3, " ", 1)                   = 1
2582  read(3, " ", 1)                   = 1
2582  read(3, " ", 1)                   = 1
2582  read(3, " ", 1)                   = 1
2582  read(3, " ", 1)                   = 1
2582  read(3, " ", 1)                   = 1
2582  read(3, " ", 1)                   = 1
2582  read(3, " ", 1)                   = 1
2582  read(3, " ", 1)                   = 1
2582  read(3, " ", 1)                   = 1
2582  read(3, "=", 1)                   = 1
2582  read(3, " ", 1)                   = 1
2582  read(3, "3", 1)                   = 1
2582  read(3, "\n", 1)                  = 1
2582  write(6, "44\n", 3)               = 3
2582  write(6, "372474 <... write resumed>)     "..., 44) = 44
2582  read(3, "3", 1)                   = 1
2582  read(3, "7", 1)                   = 1
2582  read(3, "2", 1)                   = 1
2582  read(3, "4", 1)                   = 1
2582  read(3, "7", 1)                   = 1
2582  read(3, "4", 1)                   = 1
2582  read(3, " ", 1)                   = 1
2582  read(3, "w", 1)                   = 1
2582  read(3, "r", 1)                   = 1
2582  read(3, "i", 1)                   = 1
2582  read(3, "t", 1)                   = 1
2582  read(3, "e", 1)                   = 1
2582  read(3, "(", 1)                   = 1
2582  read(3, "6", 1)                   = 1
2582  read(3, ",", 1)                   = 1
2582  read(3, " ", 1)                   = 1
2582  read(3, "\"", 1)                  = 1
2582  read(3, "1", 1)                   = 1
2582  read(3, "8", 1)                   = 1
2582  read(3, "\\", 1)                  = 1
2582  read(3, "n", 1)                   = 1
2582  read(3, "\"", 1)                  = 1
2582  read(3, ",", 1)                   = 1
2582  read(3, " ", 1)                   = 1
2582  read(3, "3", 1)                   = 1
2582  read(3, ")", 1)                   = 1
2582  read(3, " ", 1)                   = 1
2582  read(3, " ", 1)                   = 1
2582  read(3, " ", 1)                   = 1
2582  read(3, " ", 1)                   = 1
2582  read(3, " ", 1)                   = 1
2582  read(3, " ", 1)                   = 1
2582  read(3, " ", 1)                   = 1
2582  read(3, " ", 1)                   = 1
2582  read(3, " ", 1)                   = 1
2582  read(3, " ", 1)                   = 1
2582  read(3, " ", 1)                   = 1
2582  read(3, " ", 1)                   = 1
2582  read(3, " ", 1)                   = 1
2582  read(3, " ", 1)                   = 1
2582  read(3, "=", 1)                   = 1
2582  read(3, " ", 1)                   = 1
2582  read(3, "3", 1)                   = 1
2582  read(3, "\n", 1)                  = 1
2582  write(6, "44\n", 3)               = 3
2582  write(6, "372474 write(6, \"18\\n\", 3)      "..., 44) = 44
2582  read(3, "3", 1)                   = 1
2582  read(3, "7", 1)                   = 1
2582  read(3, "2", 1)                   = 1
2582  read(3, "4", 1)                   = 1
2582  read(3, "7", 1)                   = 1
2582  read(3, "5", 1)                   = 1
2582  read(3, " ", 1)                   = 1
2582  read(3, "<", 1)                   = 1
2582  read(3, ".", 1)                   = 1
2582  read(3, ".", 1)                   = 1
2582  read(3, ".", 1)                   = 1
2582  read(3, " ", 1)                   = 1
2582  read(3, "r", 1)                   = 1
2582  read(3, "e", 1)                   = 1
2582  read(3, "a", 1)                   = 1
2582  read(3, "d", 1)                   = 1
2582  read(3, " ", 1)                   = 1
2582  read(3, "r", 1)                   = 1
2582  read(3, "e", 1)                   = 1
2582  read(3, "s", 1)                   = 1
2582  read(3, "u", 1)                   = 1
2582  read(3, "m", 1)                   = 1
2582  read(3, "e", 1)                   = 1
2582  read(3, "d", 1)                   = 1
2582  read(3, ">", 1)                   = 1
2582  read(3, "\"", 1)                  = 1
2582  read(3, "1", 1)                   = 1
2582  read(3, "8", 1)                   = 1
2582  read(3, "\\", 1)                  = 1
2582  read(3, "n", 1)                   = 1
2582  read(3, "\"", 1)                  = 1
2582  read(3, ",", 1)                   = 1
2582  read(3, " ", 1)                   = 1
2582  read(3, "4", 1)                   = 1
2582  read(3, "0", 1)                   = 1
2582  read(3, "9", 1)                   = 1
2582  read(3, "6", 1)                   = 1
2582  read(3, ")", 1)                   = 1
2582  read(3, " ", 1)                   = 1
2582  read(3, " ", 1)                   = 1
2582  read(3, "=", 1)                   = 1
2582  read(3, " ", 1)                   = 1
2582  read(3, "3", 1)                   = 1
2582  read(3, "\n", 1)                  = 1
2582  write(6, "44\n", 3)               = 3
2582  write(6, "372475 <... read resumed>\"18\\n\","..., 44) = 44
2582  read(3, "3", 1)                   = 1
2582  read(3, "7", 1)                   = 1
2582  read(3, "2", 1)                   = 1
2582  read(3, "4", 1)                   = 1
2582  read(3, "7", 1)                   = 1
2582  read(3, "4", 1)                   = 1
2582  read(3, " ", 1)                   = 1
2582  read(3, "w", 1)                   = 1
2582  read(3, "r", 1)                   = 1
2582  read(3, "i", 1)                   = 1
2582  read(3, "t", 1)                   = 1
2582  read(3, "e", 1)                   = 1
2582  read(3, "(", 1)                   = 1
2582  read(3, "6", 1)                   = 1
2582  read(3, ",", 1)                   = 1
2582  read(3, " ", 1)                   = 1
2582  read(3, "\"", 1)                  = 1
2582  read(3, "d", 1)                   = 1
2582  read(3, "e", 1)                   = 1
2582  read(3, "c", 1)                   = 1
2582  read(3, "r", 1)                   = 1
2582  read(3, "y", 1)                   = 1
2582  read(3, "p", 1)                   = 1
2582  read(3, "t", 1)                   = 1
2582  read(3, ":", 1)                   = 1
2582  read(3, "d", 1)                   = 1
2582  read(3, "e", 1)                   = 1
2582  read(3, "c", 1)                   = 1
2582  read(3, "r", 1)                   = 1
2582  read(3, "y", 1)                   = 1
2582  read(3, "p", 1)                   = 1
2582  read(3, "t", 1)                   = 1
2582  read(3, ".", 1)                   = 1
2582  read(3, "c", 1)                   = 1
2582  read(3, "\\", 1)                  = 1
2582  read(3, "n", 1)                   = 1
2582  read(3, "\"", 1)                  = 1
2582  read(3, ",", 1)                   = 1
2582  read(3, " ", 1)                   = 1
2582  read(3, "1", 1)                   = 1
2582  read(3, "8", 1)                   = 1
2582  read(3, " ", 1)                   = 1
2582  read(3, "<", 1)                   = 1
2582  read(3, "u", 1)                   = 1
2582  read(3, "n", 1)                   = 1
2582  read(3, "f", 1)                   = 1
2582  read(3, "i", 1)                   = 1
2582  read(3, "n", 1)                   = 1
2582  read(3, "i", 1)                   = 1
2582  read(3, "s", 1)                   = 1
2582  read(3, "h", 1)                   = 1
2582  read(3, "e", 1)                   = 1
2582  read(3, "d", 1)                   = 1
2582  read(3, " ", 1)                   = 1
2582  read(3, ".", 1)                   = 1
2582  read(3, ".", 1)                   = 1
2582  read(3, ".", 1)                   = 1
2582  read(3, ">", 1)                   = 1
2582  read(3, "\n", 1)                  = 1
2582  write(6, "59\n", 3)               = 3
2582  write(6, "372474 write(6, \"decrypt:decrypt"..., 59) = 59
2582  read(3, "3", 1)                   = 1
2582  read(3, "7", 1)                   = 1
2582  read(3, "2", 1)                   = 1
2582  read(3, "4", 1)                   = 1
2582  read(3, "7", 1)                   = 1
2582  read(3, "5", 1)                   = 1
2582  read(3, " ", 1)                   = 1
2582  read(3, "r", 1)                   = 1
2582  read(3, "e", 1)                   = 1
2582  read(3, "a", 1)                   = 1
2582  read(3, "d", 1)                   = 1
2582  read(3, "(", 1)                   = 1
2582  read(3, "0", 1)                   = 1
2582  read(3, ",", 1)                   = 1
2582  read(3, " ", 1)                   = 1
2582  read(3, " ", 1)                   = 1
2582  read(3, "<", 1)                   = 1
2582  read(3, "u", 1)                   = 1
2582  read(3, "n", 1)                   = 1
2582  read(3, "f", 1)                   = 1
2582  read(3, "i", 1)                   = 1
2582  read(3, "n", 1)                   = 1
2582  read(3, "i", 1)                   = 1
2582  read(3, "s", 1)                   = 1
2582  read(3, "h", 1)                   = 1
2582  read(3, "e", 1)                   = 1
2582  read(3, "d", 1)                   = 1
2582  read(3, " ", 1)                   = 1
2582  read(3, ".", 1)                   = 1
2582  read(3, ".", 1)                   = 1
2582  read(3, ".", 1)                   = 1
2582  read(3, ">", 1)                   = 1
2582  read(3, "\n", 1)                  = 1
2582  write(6, "33\n", 3)               = 3
2582  write(6, "372475 read(0,  <unfinished ...>"..., 33) = 33
2582  read(3, "3", 1)                   = 1
2582  read(3, "7", 1)                   = 1
2582  read(3, "2", 1)                   = 1
2582  read(3, "4", 1)                   = 1
2582  read(3, "7", 1)                   = 1
2582  read(3, "4", 1)                   = 1
2582  read(3, " ", 1)                   = 1
2582  read(3, "<", 1)                   = 1
2582  read(3, ".", 1)                   = 1
2582  read(3, ".", 1)                   = 1
2582  read(3, ".", 1)                   = 1
2582  read(3, " ", 1)                   = 1
2582  read(3, "w", 1)                   = 1
2582  read(3, "r", 1)                   = 1
2582  read(3, "i", 1)                   = 1
2582  read(3, "t", 1)                   = 1
2582  read(3, "e", 1)                   = 1
2582  read(3, " ", 1)                   = 1
2582  read(3, "r", 1)                   = 1
2582  read(3, "e", 1)                   = 1
2582  read(3, "s", 1)                   = 1
2582  read(3, "u", 1)                   = 1
2582  read(3, "m", 1)                   = 1
2582  read(3, "e", 1)                   = 1
2582  read(3, "d", 1)                   = 1
2582  read(3, ">", 1)                   = 1
2582  read(3, ")", 1)                   = 1
2582  read(3, " ", 1)                   = 1
2582  read(3, " ", 1)                   = 1
2582  read(3, " ", 1)                   = 1
2582  read(3, " ", 1)                   = 1
2582  read(3, " ", 1)                   = 1
2582  read(3, " ", 1)                   = 1
2582  read(3, " ", 1)                   = 1
2582  read(3, " ", 1)                   = 1
2582  read(3, " ", 1)                   = 1
2582  read(3, " ", 1)                   = 1
2582  read(3, " ", 1)                   = 1
2582  read(3, " ", 1)                   = 1
2582  read(3, " ", 1)                   = 1
2582  read(3, "=", 1)                   = 1
2582  read(3, " ", 1)                   = 1
2582  read(3, "1", 1)                   = 1
2582  read(3, "8", 1)                   = 1
2582  read(3, "\n", 1)                  = 1
2582  write(6, "45\n", 3)               = 3
2582  write(6, "372474 <... write resumed>)     "..., 45) = 45
2582  read(3, "3", 1)                   = 1
2582  read(3, "7", 1)                   = 1
2582  read(3, "2", 1)                   = 1
2582  read(3, "4", 1)                   = 1
2582  read(3, "7", 1)                   = 1
2582  read(3, "5", 1)                   = 1
2582  read(3, " ", 1)                   = 1
2582  read(3, "<", 1)                   = 1
2582  read(3, ".", 1)                   = 1
2582  read(3, ".", 1)                   = 1
2582  read(3, ".", 1)                   = 1
2582  read(3, " ", 1)                   = 1
2582  read(3, "r", 1)                   = 1
2582  read(3, "e", 1)                   = 1
2582  read(3, "a", 1)                   = 1
2582  read(3, "d", 1)                   = 1
2582  read(3, " ", 1)                   = 1
2582  read(3, "r", 1)                   = 1
2582  read(3, "e", 1)                   = 1
2582  read(3, "s", 1)                   = 1
2582  read(3, "u", 1)                   = 1
2582  read(3, "m", 1)                   = 1
2582  read(3, "e", 1)                   = 1
2582  read(3, "d", 1)                   = 1
2582  read(3, ">", 1)                   = 1
2582  read(3, "\"", 1)                  = 1
2582  read(3, "d", 1)                   = 1
2582  read(3, "e", 1)                   = 1
2582  read(3, "c", 1)                   = 1
2582  read(3, "r", 1)                   = 1
2582  read(3, "y", 1)                   = 1
2582  read(3, "p", 1)                   = 1
2582  read(3, "t", 1)                   = 1
2582  read(3, ":", 1)                   = 1
2582  read(3, "d", 1)                   = 1
2582  read(3, "e", 1)                   = 1
2582  read(3, "c", 1)                   = 1
2582  read(3, "r", 1)                   = 1
2582  read(3, "y", 1)                   = 1
2582  read(3, "p", 1)                   = 1
2582  read(3, "t", 1)                   = 1
2582  read(3, ".", 1)                   = 1
2582  read(3, "c", 1)                   = 1
2582  read(3, "\\", 1)                  = 1
2582  read(3, "n", 1)                   = 1
2582  read(3, "\"", 1)                  = 1
2582  read(3, ",", 1)                   = 1
2582  read(3, " ", 1)                   = 1
2582  read(3, "4", 1)                   = 1
2582  read(3, "0", 1)                   = 1
2582  read(3, "9", 1)                   = 1
2582  read(3, "6", 1)                   = 1
2582  read(3, ")", 1)                   = 1
2582  read(3, " ", 1)                   = 1
2582  read(3, "=", 1)                   = 1
2582  read(3, " ", 1)                   = 1
2582  read(3, "1", 1)                   = 1
2582  read(3, "8", 1)                   = 1
2582  read(3, "\n", 1)                  = 1
2582  write(6, "59\n", 3)               = 3
2582  write(6, "372475 <... read resumed>\"decryp"..., 59) = 59
2582  read(3, "3", 1)                   = 1
2582  read(3, "7", 1)                   = 1
2582  read(3, "2", 1)                   = 1
2582  read(3, "4", 1)                   = 1
2582  read(3, "7", 1)                   = 1
2582  read(3, "4", 1)                   = 1
2582  read(3, " ", 1)                   = 1
2582  read(3, "r", 1)                   = 1
2582  read(3, "e", 1)                   = 1
2582  read(3, "a", 1)                   = 1
2582  read(3, "d", 1)                   = 1
2582  read(3, "(", 1)                   = 1
2582  read(3, "7", 1)                   = 1
2582  read(3, ",", 1)                   = 1
2582  read(3, " ", 1)                   = 1
2582  read(3, " ", 1)                   = 1
2582  read(3, "<", 1)                   = 1
2582  read(3, "u", 1)                   = 1
2582  read(3, "n", 1)                   = 1
2582  read(3, "f", 1)                   = 1
2582  read(3, "i", 1)                   = 1
2582  read(3, "n", 1)                   = 1
2582  read(3, "i", 1)                   = 1
2582  read(3, "s", 1)                   = 1
2582  read(3, "h", 1)                   = 1
2582  read(3, "e", 1)                   = 1
2582  read(3, "d", 1)                   = 1
2582  read(3, " ", 1)                   = 1
2582  read(3, ".", 1)                   = 1
2582  read(3, ".", 1)                   = 1
2582  read(3, ".", 1)                   = 1
2582  read(3, ">", 1)                   = 1
2582  read(3, "\n", 1)                  = 1
2582  write(6, "33\n", 3)               = 3
2582  write(6, "372474 read(7,  <unfinished ...>"..., 33) = 33
2582  read(3, "3", 1)                   = 1
2582  read(3, "7", 1)                   = 1
2582  read(3, "2", 1)                   = 1
2582  read(3, "4", 1)                   = 1
2582  read(3, "7", 1)                   = 1
2582  read(3, "5", 1)                   = 1
2582  read(3, " ", 1)                   = 1
2582  read(3, "w", 1)                   = 1
2582  read(3, "r", 1)                   = 1
2582  read(3, "i", 1)                   = 1
2582  read(3, "t", 1)                   = 1
2582  read(3, "e", 1)                   = 1
2582  read(3, "(", 1)                   = 1
2582  read(3, "1", 1)                   = 1
2582  read(3, ",", 1)                   = 1
2582  read(3, " ", 1)                   = 1
2582  read(3, "\"", 1)                  = 1
2582  read(3, "1", 1)                   = 1
2582  read(3, "8", 1)                   = 1
2582  read(3, "\\", 1)                  = 1
2582  read(3, "n", 1)                   = 1
2582  read(3, "v", 1)                   = 1
2582  read(3, "w", 1)                   = 1
2582  read(3, "q", 1)                   = 1
2582  read(3, "`", 1)                   = 1
2582  read(3, "k", 1)                   = 1
2582  read(3, "b", 1)                   = 1
2582  read(3, "f", 1)                   = 1
2582  read(3, "(", 1)                   = 1
2582  read(3, "v", 1)                   = 1
2582  read(3, "w", 1)                   = 1
2582  read(3, "q", 1)                   = 1
2582  read(3, "`", 1)                   = 1
2582  read(3, "k", 1)                   = 1
2582  read(3, "b", 1)                   = 1
2582  read(3, "f", 1)                   = 1
2582  read(3, "<", 1)                   = 1
2582  read(3, "q", 1)                   = 1
2582  read(3, "\\", 1)                  = 1
2582  read(3, "3", 1)                   = 1
2582  read(3, "0", 1)                   = 1
2582  read(3, "\"", 1)                  = 1
2582  read(3, ",", 1)                   = 1
2582  read(3, " ", 1)                   = 1
2582  read(3, "2", 1)                   = 1
2582  read(3, "1", 1)                   = 1
2582  read(3, " ", 1)                   = 1
2582  read(3, "<", 1)                   = 1
2582  read(3, "u", 1)                   = 1
2582  read(3, "n", 1)                   = 1
2582  read(3, "f", 1)                   = 1
2582  read(3, "i", 1)                   = 1
2582  read(3, "n", 1)                   = 1
2582  read(3, "i", 1)                   = 1
2582  read(3, "s", 1)                   = 1
2582  read(3, "h", 1)                   = 1
2582  read(3, "e", 1)                   = 1
2582  read(3, "d", 1)                   = 1
2582  read(3, " ", 1)                   = 1
2582  read(3, ".", 1)                   = 1
2582  read(3, ".", 1)                   = 1
2582  read(3, ".", 1)                   = 1
2582  read(3, ">", 1)                   = 1
2582  read(3, "\n", 1)                  = 1
2582  write(6, "64\n", 3)               = 3
2582  write(6, "372475 write(1, \"18\\nvwq`kbf(vwq"..., 64) = 64
2582  read(3, "3", 1)                   = 1
2582  read(3, "7", 1)                   = 1
2582  read(3, "2", 1)                   = 1
2582  read(3, "4", 1)                   = 1
2582  read(3, "7", 1)                   = 1
2582  read(3, "4", 1)                   = 1
2582  read(3, " ", 1)                   = 1
2582  read(3, "<", 1)                   = 1
2582  read(3, ".", 1)                   = 1
2582  read(3, ".", 1)                   = 1
2582  read(3, ".", 1)                   = 1
2582  read(3, " ", 1)                   = 1
2582  read(3, "r", 1)                   = 1
2582  read(3, "e", 1)                   = 1
2582  read(3, "a", 1)                   = 1
2582  read(3, "d", 1)                   = 1
2582  read(3, " ", 1)                   = 1
2582  read(3, "r", 1)                   = 1
2582  read(3, "e", 1)                   = 1
2582  read(3, "s", 1)                   = 1
2582  read(3, "u", 1)                   = 1
2582  read(3, "m", 1)                   = 1
2582  read(3, "e", 1)                   = 1
2582  read(3, "d", 1)                   = 1
2582  read(3, ">", 1)                   = 1
2582  read(3, "\"", 1)                  = 1
2582  read(3, "1", 1)                   = 1
2582  read(3, "8", 1)                   = 1
2582  read(3, "\\", 1)                  = 1
2582  read(3, "n", 1)                   = 1
2582  read(3, "v", 1)                   = 1
2582  read(3, "w", 1)                   = 1
2582  read(3, "q", 1)                   = 1
2582  read(3, "`", 1)                   = 1
2582  read(3, "k", 1)                   = 1
2582  read(3, "b", 1)                   = 1
2582  read(3, "f", 1)                   = 1
2582  read(3, "(", 1)                   = 1
2582  read(3, "v", 1)                   = 1
2582  read(3, "w", 1)                   = 1
2582  read(3, "q", 1)                   = 1
2582  read(3, "`", 1)                   = 1
2582  read(3, "k", 1)                   = 1
2582  read(3, "b", 1)                   = 1
2582  read(3, "f", 1)                   = 1
2582  read(3, "<", 1)                   = 1
2582  read(3, "q", 1)                   = 1
2582  read(3, "\\", 1)                  = 1
2582  read(3, "3", 1)                   = 1
2582  read(3, "0", 1)                   = 1
2582  read(3, "\"", 1)                  = 1
2582  read(3, ",", 1)                   = 1
2582  read(3, " ", 1)                   = 1
2582  read(3, "2", 1)                   = 1
2582  read(3, "1", 1)                   = 1
2582  read(3, ")", 1)                   = 1
2582  read(3, " ", 1)                   = 1
2582  read(3, "=", 1)                   = 1
2582  read(3, " ", 1)                   = 1
2582  read(3, "2", 1)                   = 1
2582  read(3, "1", 1)                   = 1
2582  read(3, "\n", 1)                  = 1
2582  write(6, "62\n", 3)               = 3
2582  write(6, "372474 <... read resumed>\"18\\nvw"..., 62) = 62
2582  read(3, "3", 1)                   = 1
2582  read(3, "7", 1)                   = 1
2582  read(3, "2", 1)                   = 1
2582  read(3, "4", 1)                   = 1
2582  read(3, "7", 1)                   = 1
2582  read(3, "5", 1)                   = 1
2582  read(3, " ", 1)                   = 1
2582  read(3, "<", 1)                   = 1
2582  read(3, ".", 1)                   = 1
2582  read(3, ".", 1)                   = 1
2582  read(3, ".", 1)                   = 1
2582  read(3, " ", 1)                   = 1
2582  read(3, "w", 1)                   = 1
2582  read(3, "r", 1)                   = 1
2582  read(3, "i", 1)                   = 1
2582  read(3, "t", 1)                   = 1
2582  read(3, "e", 1)                   = 1
2582  read(3, " ", 1)                   = 1
2582  read(3, "r", 1)                   = 1
2582  read(3, "e", 1)                   = 1
2582  read(3, "s", 1)                   = 1
2582  read(3, "u", 1)                   = 1
2582  read(3, "m", 1)                   = 1
2582  read(3, "e", 1)                   = 1
2582  read(3, "d", 1)                   = 1
2582  read(3, ">", 1)                   = 1
2582  read(3, ")", 1)                   = 1
2582  read(3, " ", 1)                   = 1
2582  read(3, " ", 1)                   = 1
2582  read(3, " ", 1)                   = 1
2582  read(3, " ", 1)                   = 1
2582  read(3, " ", 1)                   = 1
2582  read(3, " ", 1)                   = 1
2582  read(3, " ", 1)                   = 1
2582  read(3, " ", 1)                   = 1
2582  read(3, " ", 1)                   = 1
2582  read(3, " ", 1)                   = 1
2582  read(3, " ", 1)                   = 1
2582  read(3, " ", 1)                   = 1
2582  read(3, " ", 1)                   = 1
2582  read(3, "=", 1)                   = 1
2582  read(3, " ", 1)                   = 1
2582  read(3, "2", 1)                   = 1
2582  read(3, "1", 1)                   = 1
2582  read(3, "\n", 1)                  = 1
2582  write(6, "45\n", 3)               = 3
2582  write(6, "372475 <... write resumed>)     "..., 45) = 45
2582  read(3, "3", 1)                   = 1
2582  read(3, "7", 1)                   = 1
2582  read(3, "2", 1)                   = 1
2582  read(3, "4", 1)                   = 1
2582  read(3, "7", 1)                   = 1
2582  read(3, "4", 1)                   = 1
2582  read(3, " ", 1)                   = 1
2582  read(3, "w", 1)                   = 1
2582  read(3, "r", 1)                   = 1
2582  read(3, "i", 1)                   = 1
2582  read(3, "t", 1)                   = 1
2582  read(3, "e", 1)                   = 1
2582  read(3, "(", 1)                   = 1
2582  read(3, "4", 1)                   = 1
2582  read(3, ",", 1)                   = 1
2582  read(3, " ", 1)                   = 1
2582  read(3, "\"", 1)                  = 1
2582  read(3, "1", 1)                   = 1
2582  read(3, "8", 1)                   = 1
2582  read(3, "\\", 1)                  = 1
2582  read(3, "n", 1)                   = 1
2582  read(3, "v", 1)                   = 1
2582  read(3, "w", 1)                   = 1
2582  read(3, "q", 1)                   = 1
2582  read(3, "`", 1)                   = 1
2582  read(3, "k", 1)                   = 1
2582  read(3, "b", 1)                   = 1
2582  read(3, "f", 1)                   = 1
2582  read(3, "(", 1)                   = 1
2582  read(3, "v", 1)                   = 1
2582  read(3, "w", 1)                   = 1
2582  read(3, "q", 1)                   = 1
2582  read(3, "`", 1)                   = 1
2582  read(3, "k", 1)                   = 1
2582  read(3, "b", 1)                   = 1
2582  read(3, "f", 1)                   = 1
2582  read(3, "<", 1)                   = 1
2582  read(3, "q", 1)                   = 1
2582  read(3, "\\", 1)                  = 1
2582  read(3, "3", 1)                   = 1
2582  read(3, "0", 1)                   = 1
2582  read(3, "\"", 1)                  = 1
2582  read(3, ",", 1)                   = 1
2582  read(3, " ", 1)                   = 1
2582  read(3, "2", 1)                   = 1
2582  read(3, "1", 1)                   = 1
2582  read(3, " ", 1)                   = 1
2582  read(3, "<", 1)                   = 1
2582  read(3, "u", 1)                   = 1
2582  read(3, "n", 1)                   = 1
2582  read(3, "f", 1)                   = 1
2582  read(3, "i", 1)                   = 1
2582  read(3, "n", 1)                   = 1
2582  read(3, "i", 1)                   = 1
2582  read(3, "s", 1)                   = 1
2582  read(3, "h", 1)                   = 1
2582  read(3, "e", 1)                   = 1
2582  read(3, "d", 1)                   = 1
2582  read(3, " ", 1)                   = 1
2582  read(3, ".", 1)                   = 1
2582  read(3, ".", 1)                   = 1
2582  read(3, ".", 1)                   = 1
2582  read(3, ">", 1)                   = 1
2582  read(3, "\n", 1)                  = 1
2582  write(6, "64\n", 3)               = 3
2582  write(6, "372474 write(4, \"18\\nvwq`kbf(vwq"..., 64) = 64
2582  read(3, "3", 1)                   = 1
2582  read(3, "7", 1)                   = 1
2582  read(3, "2", 1)                   = 1
2582  read(3, "4", 1)                   = 1
2582  read(3, "7", 1)                   = 1
2582  read(3, "5", 1)                   = 1
2582  read(3, " ", 1)                   = 1
2582  read(3, "r", 1)                   = 1
2582  read(3, "e", 1)                   = 1
2582  read(3, "a", 1)                   = 1
2582  read(3, "d", 1)                   = 1
2582  read(3, "(", 1)                   = 1
2582  read(3, "0", 1)                   = 1
2582  read(3, ",", 1)                   = 1
2582  read(3, " ", 1)                   = 1
2582  read(3, " ", 1)                   = 1
2582  read(3, "<", 1)                   = 1
2582  read(3, "u", 1)                   = 1
2582  read(3, "n", 1)                   = 1
2582  read(3, "f", 1)                   = 1
2582  read(3, "i", 1)                   = 1
2582  read(3, "n", 1)                   = 1
2582  read(3, "i", 1)                   = 1
2582  read(3, "s", 1)                   = 1
2582  read(3, "h", 1)                   = 1
2582  read(3, "e", 1)                   = 1
2582  read(3, "d", 1)                   = 1
2582  read(3, " ", 1)                   = 1
2582  read(3, ".", 1)                   = 1
2582  read(3, ".", 1)                   = 1
2582  read(3, ".", 1)                   = 1
2582  read(3, ">", 1)                   = 1
2582  read(3, "\n", 1)                  = 1
2582  write(6, "33\n", 3)               = 3
2582  write(6, "372475 read(0,  <unfinished ...>"..., 33) = 33
2582  read(3, "3", 1)                   = 1
2582  read(3, "7", 1)                   = 1
2582  read(3, "2", 1)                   = 1
2582  read(3, "4", 1)                   = 1
2582  read(3, "7", 1)                   = 1
2582  read(3, "4", 1)                   = 1
2582  read(3, " ", 1)                   = 1
2582  read(3, "<", 1)                   = 1
2582  read(3, ".", 1)                   = 1
2582  read(3, ".", 1)                   = 1
2582  read(3, ".", 1)                   = 1
2582  read(3, " ", 1)                   = 1
2582  read(3, "w", 1)                   = 1
2582  read(3, "r", 1)                   = 1
2582  read(3, "i", 1)                   = 1
2582  read(3, "t", 1)                   = 1
2582  read(3, "e", 1)                   = 1
2582  read(3, " ", 1)                   = 1
2582  read(3, "r", 1)                   = 1
2582  read(3, "e", 1)                   = 1
2582  read(3, "s", 1)                   = 1
2582  read(3, "u", 1)                   = 1
2582  read(3, "m", 1)                   = 1
2582  read(3, "e", 1)                   = 1
2582  read(3, "d", 1)                   = 1
2582  read(3, ">", 1)                   = 1
2582  read(3, ")", 1)                   = 1
2582  read(3, " ", 1)                   = 1
2582  read(3, " ", 1)                   = 1
2582  read(3, " ", 1)                   = 1
2582  read(3, " ", 1)                   = 1
2582  read(3, " ", 1)                   = 1
2582  read(3, " ", 1)                   = 1
2582  read(3, " ", 1)                   = 1
2582  read(3, " ", 1)                   = 1
2582  read(3, " ", 1)                   = 1
2582  read(3, " ", 1)                   = 1
2582  read(3, " ", 1)                   = 1
2582  read(3, " ", 1)                   = 1
2582  read(3, " ", 1)                   = 1
2582  read(3, "=", 1)                   = 1
2582  read(3, " ", 1)                   = 1
2582  read(3, "2", 1)                   = 1
2582  read(3, "1", 1)                   = 1
2582  read(3, "\n", 1)                  = 1
2582  write(6, "45\n", 3)               = 3
2582  write(6, "372474 <... write resumed>)     "..., 45) = 45
2582  read(3, "3", 1)                   = 1
2582  read(3, "7", 1)                   = 1
2582  read(3, "2", 1)                   = 1
2582  read(3, "4", 1)                   = 1
2582  read(3, "7", 1)                   = 1
2582  read(3, "4", 1)                   = 1
2582  read(3, " ", 1)                   = 1
2582  read(3, "w", 1)                   = 1
2582  read(3, "r", 1)                   = 1
2582  read(3, "i", 1)                   = 1
2582  read(3, "t", 1)                   = 1
2582  read(3, "e", 1)                   = 1
2582  read(3, "(", 1)                   = 1
2582  read(3, "6", 1)                   = 1
2582  read(3, ",", 1)                   = 1
2582  read(3, " ", 1)                   = 1
2582  read(3, "\"", 1)                  = 1
2582  read(3, "2", 1)                   = 1
2582  read(3, "6", 1)                   = 1
2582  read(3, "\\", 1)                  = 1
2582  read(3, "n", 1)                   = 1
2582  read(3, "\"", 1)                  = 1
2582  read(3, ",", 1)                   = 1
2582  read(3, " ", 1)                   = 1
2582  read(3, "3", 1)                   = 1
2582  read(3, ")", 1)                   = 1
2582  read(3, " ", 1)                   = 1
2582  read(3, " ", 1)                   = 1
2582  read(3, " ", 1)                   = 1
2582  read(3, " ", 1)                   = 1
2582  read(3, " ", 1)                   = 1
2582  read(3, " ", 1)                   = 1
2582  read(3, " ", 1)                   = 1
2582  read(3, " ", 1)                   = 1
2582  read(3, " ", 1)                   = 1
2582  read(3, " ", 1)                   = 1
2582  read(3, " ", 1)                   = 1
2582  read(3, " ", 1)                   = 1
2582  read(3, " ", 1)                   = 1
2582  read(3, " ", 1)                   = 1
2582  read(3, "=", 1)                   = 1
2582  read(3, " ", 1)                   = 1
2582  read(3, "3", 1)                   = 1
2582  read(3, "\n", 1)                  = 1
2582  write(6, "44\n", 3)               = 3
2582  write(6, "372474 write(6, \"26\\n\", 3)      "..., 44) = 44
2582  read(3, "3", 1)                   = 1
2582  read(3, "7", 1)                   = 1
2582  read(3, "2", 1)                   = 1
2582  read(3, "4", 1)                   = 1
2582  read(3, "7", 1)                   = 1
2582  read(3, "5", 1)                   = 1
2582  read(3, " ", 1)                   = 1
2582  read(3, "<", 1)                   = 1
2582  read(3, ".", 1)                   = 1
2582  read(3, ".", 1)                   = 1
2582  read(3, ".", 1)                   = 1
2582  read(3, " ", 1)                   = 1
2582  read(3, "r", 1)                   = 1
2582  read(3, "e", 1)                   = 1
2582  read(3, "a", 1)                   = 1
2582  read(3, "d", 1)                   = 1
2582  read(3, " ", 1)                   = 1
2582  read(3, "r", 1)                   = 1
2582  read(3, "e", 1)                   = 1
2582  read(3, "s", 1)                   = 1
2582  read(3, "u", 1)                   = 1
2582  read(3, "m", 1)                   = 1
2582  read(3, "e", 1)                   = 1
2582  read(3, "d", 1)                   = 1
2582  read(3, ">", 1)                   = 1
2582  read(3, "\"", 1)                  = 1
2582  read(3, "2", 1)                   = 1
2582  read(3, "6", 1)                   = 1
2582  read(3, "\\", 1)                  = 1
2582  read(3, "n", 1)                   = 1
2582  read(3, "\"", 1)                  = 1
2582  read(3, ",", 1)                   = 1
2582  read(3, " ", 1)                   = 1
2582  read(3, "4", 1)                   = 1
2582  read(3, "0", 1)                   = 1
2582  read(3, "9", 1)                   = 1
2582  read(3, "6", 1)                   = 1
2582  read(3, ")", 1)                   = 1
2582  read(3, " ", 1)                   = 1
2582  read(3, " ", 1)                   = 1
2582  read(3, "=", 1)                   = 1
2582  read(3, " ", 1)                   = 1
2582  read(3, "3", 1)                   = 1
2582  read(3, "\n", 1)                  = 1
2582  write(6, "44\n", 3)               = 3
2582  write(6, "372475 <... read resumed>\"26\\n\","..., 44) = 44
2582  read(3, "3", 1)                   = 1
2582  read(3, "7", 1)                   = 1
2582  read(3, "2", 1)                   = 1
2582  read(3, "4", 1)                   = 1
2582  read(3, "7", 1)                   = 1
2582  read(3, "4", 1)                   = 1
2582  read(3, " ", 1)                   = 1
2582  read(3, "w", 1)                   = 1
2582  read(3, "r", 1)                   = 1
2582  read(3, "i", 1)                   = 1
2582  read(3, "t", 1)                   = 1
2582  read(3, "e", 1)                   = 1
2582  read(3, "(", 1)                   = 1
2582  read(3, "6", 1)                   = 1
2582  read(3, ",", 1)                   = 1
2582  read(3, " ", 1)                   = 1
2582  read(3, "\"", 1)                  = 1
2582  read(3, "\\", 1)                  = 1
2582  read(3, "t", 1)                   = 1
2582  read(3, "g", 1)                   = 1
2582  read(3, "c", 1)                   = 1
2582  read(3, "c", 1)                   = 1
2582  read(3, " ", 1)                   = 1
2582  read(3, "d", 1)                   = 1
2582  read(3, "e", 1)                   = 1
2582  read(3, "c", 1)                   = 1
2582  read(3, "r", 1)                   = 1
2582  read(3, "y", 1)                   = 1
2582  read(3, "p", 1)                   = 1
2582  read(3, "t", 1)                   = 1
2582  read(3, ".", 1)                   = 1
2582  read(3, "c", 1)                   = 1
2582  read(3, " ", 1)                   = 1
2582  read(3, "-", 1)                   = 1
2582  read(3, "o", 1)                   = 1
2582  read(3, " ", 1)                   = 1
2582  read(3, "d", 1)                   = 1
2582  read(3, "e", 1)                   = 1
2582  read(3, "c", 1)                   = 1
2582  read(3, "r", 1)                   = 1
2582  read(3, "y", 1)                   = 1
2582  read(3, "p", 1)                   = 1
2582  read(3, "t", 1)                   = 1
2582  read(3, "\\", 1)                  = 1
2582  read(3, "n", 1)                   = 1
2582  read(3, "\"", 1)                  = 1
2582  read(3, ",", 1)                   = 1
2582  read(3, " ", 1)                   = 1
2582  read(3, "2", 1)                   = 1
2582  read(3, "6", 1)                   = 1
2582  read(3, " ", 1)                   = 1
2582  read(3, "<", 1)                   = 1
2582  read(3, "u", 1)                   = 1
2582  read(3, "n", 1)                   = 1
2582  read(3, "f", 1)                   = 1
2582  read(3, "i", 1)                   = 1
2582  read(3, "n", 1)                   = 1
2582  read(3, "i", 1)                   = 1
2582  read(3, "s", 1)                   = 1
2582  read(3, "h", 1)                   = 1
2582  read(3, "e", 1)                   = 1
2582  read(3, "d", 1)                   = 1
2582  read(3, " ", 1)                   = 1
2582  read(3, ".", 1)                   = 1
2582  read(3, ".", 1)                   = 1
2582  read(3, ".", 1)                   = 1
2582  read(3, ">", 1)                   = 1
2582  read(3, "\n", 1)                  = 1
2582  write(6, "68\n", 3)               = 3
2582  write(6, "372474 write(6, \"\\tgcc decrypt.c"..., 68) = 68
2582  read(3, "3", 1)                   = 1
2582  read(3, "7", 1)                   = 1
2582  read(3, "2", 1)                   = 1
2582  read(3, "4", 1)                   = 1
2582  read(3, "7", 1)                   = 1
2582  read(3, "5", 1)                   = 1
2582  read(3, " ", 1)                   = 1
2582  read(3, "r", 1)                   = 1
2582  read(3, "e", 1)                   = 1
2582  read(3, "a", 1)                   = 1
2582  read(3, "d", 1)                   = 1
2582  read(3, "(", 1)                   = 1
2582  read(3, "0", 1)                   = 1
2582  read(3, ",", 1)                   = 1
2582  read(3, " ", 1)                   = 1
2582  read(3, " ", 1)                   = 1
2582  read(3, "<", 1)                   = 1
2582  read(3, "u", 1)                   = 1
2582  read(3, "n", 1)                   = 1
2582  read(3, "f", 1)                   = 1
2582  read(3, "i", 1)                   = 1
2582  read(3, "n", 1)                   = 1
2582  read(3, "i", 1)                   = 1
2582  read(3, "s", 1)                   = 1
2582  read(3, "h", 1)                   = 1
2582  read(3, "e", 1)                   = 1
2582  read(3, "d", 1)                   = 1
2582  read(3, " ", 1)                   = 1
2582  read(3, ".", 1)                   = 1
2582  read(3, ".", 1)                   = 1
2582  read(3, ".", 1)                   = 1
2582  read(3, ">", 1)                   = 1
2582  read(3, "\n", 1)                  = 1
2582  write(6, "33\n", 3)               = 3
2582  write(6, "372475 read(0,  <unfinished ...>"..., 33) = 33
2582  read(3, "3", 1)                   = 1
2582  read(3, "7", 1)                   = 1
2582  read(3, "2", 1)                   = 1
2582  read(3, "4", 1)                   = 1
2582  read(3, "7", 1)                   = 1
2582  read(3, "4", 1)                   = 1
2582  read(3, " ", 1)                   = 1
2582  read(3, "<", 1)                   = 1
2582  read(3, ".", 1)                   = 1
2582  read(3, ".", 1)                   = 1
2582  read(3, ".", 1)                   = 1
2582  read(3, " ", 1)                   = 1
2582  read(3, "w", 1)                   = 1
2582  read(3, "r", 1)                   = 1
2582  read(3, "i", 1)                   = 1
2582  read(3, "t", 1)                   = 1
2582  read(3, "e", 1)                   = 1
2582  read(3, " ", 1)                   = 1
2582  read(3, "r", 1)                   = 1
2582  read(3, "e", 1)                   = 1
2582  read(3, "s", 1)                   = 1
2582  read(3, "u", 1)                   = 1
2582  read(3, "m", 1)                   = 1
2582  read(3, "e", 1)                   = 1
2582  read(3, "d", 1)                   = 1
2582  read(3, ">", 1)                   = 1
2582  read(3, ")", 1)                   = 1
2582  read(3, " ", 1)                   = 1
2582  read(3, " ", 1)                   = 1
2582  read(3, " ", 1)                   = 1
2582  read(3, " ", 1)                   = 1
2582  read(3, " ", 1)                   = 1
2582  read(3, " ", 1)                   = 1
2582  read(3, " ", 1)                   = 1
2582  read(3, " ", 1)                   = 1
2582  read(3, " ", 1)                   = 1
2582  read(3, " ", 1)                   = 1
2582  read(3, " ", 1)                   = 1
2582  read(3, " ", 1)                   = 1
2582  read(3, " ", 1)                   = 1
2582  read(3, "=", 1)                   = 1
2582  read(3, " ", 1)                   = 1
2582  read(3, "2", 1)                   = 1
2582  read(3, "6", 1)                   = 1
2582  read(3, "\n", 1)                  = 1
2582  write(6, "45\n", 3)               = 3
2582  write(6, "372474 <... write resumed>)     "..., 45) = 45
2582  read(3, "3", 1)                   = 1
2582  read(3, "7", 1)                   = 1
2582  read(3, "2", 1)                   = 1
2582  read(3, "4", 1)                   = 1
2582  read(3, "7", 1)                   = 1
2582  read(3, "5", 1)                   = 1
2582  read(3, " ", 1)                   = 1
2582  read(3, "<", 1)                   = 1
2582  read(3, ".", 1)                   = 1
2582  read(3, ".", 1)                   = 1
2582  read(3, ".", 1)                   = 1
2582  read(3, " ", 1)                   = 1
2582  read(3, "r", 1)                   = 1
2582  read(3, "e", 1)                   = 1
2582  read(3, "a", 1)                   = 1
2582  read(3, "d", 1)                   = 1
2582  read(3, " ", 1)                   = 1
2582  read(3, "r", 1)                   = 1
2582  read(3, "e", 1)                   = 1
2582  read(3, "s", 1)                   = 1
2582  read(3, "u", 1)                   = 1
2582  read(3, "m", 1)                   = 1
2582  read(3, "e", 1)                   = 1
2582  read(3, "d", 1)                   = 1
2582  read(3, ">", 1)                   = 1
2582  read(3, "\"", 1)                  = 1
2582  read(3, "\\", 1)                  = 1
2582  read(3, "t", 1)                   = 1
2582  read(3, "g", 1)                   = 1
2582  read(3, "c", 1)                   = 1
2582  read(3, "c", 1)                   = 1
2582  read(3, " ", 1)                   = 1
2582  read(3, "d", 1)                   = 1
2582  read(3, "e", 1)                   = 1
2582  read(3, "c", 1)                   = 1
2582  read(3, "r", 1)                   = 1
2582  read(3, "y", 1)                   = 1
2582  read(3, "p", 1)                   = 1
2582  read(3, "t", 1)                   = 1
2582  read(3, ".", 1)                   = 1
2582  read(3, "c", 1)                   = 1
2582  read(3, " ", 1)                   = 1
2582  read(3, "-", 1)                   = 1
2582  read(3, "o", 1)                   = 1
2582  read(3, " ", 1)                   = 1
2582  read(3, "d", 1)                   = 1
2582  read(3, "e", 1)                   = 1
2582  read(3, "c", 1)                   = 1
2582  read(3, "r", 1)                   = 1
2582  read(3, "y", 1)                   = 1
2582  read(3, "p", 1)                   = 1
2582  read(3, "t", 1)                   = 1
2582  read(3, "\\", 1)                  = 1
2582  read(3, "n", 1)                   = 1
2582  read(3, "\"", 1)                  = 1
2582  read(3, ",", 1)                   = 1
2582  read(3, " ", 1)                   = 1
2582  read(3, "4", 1)                   = 1
2582  read(3, "0", 1)                   = 1
2582  read(3, "9", 1)                   = 1
2582  read(3, "6", 1)                   = 1
2582  read(3, ")", 1)                   = 1
2582  read(3, " ", 1)                   = 1
2582  read(3, "=", 1)                   = 1
2582  read(3, " ", 1)                   = 1
2582  read(3, "2", 1)                   = 1
2582  read(3, "6", 1)                   = 1
2582  read(3, "\n", 1)                  = 1
2582  write(6, "68\n", 3)               = 3
2582  write(6, "372475 <... read resumed>\"\\tgcc "..., 68) = 68
2582  read(3, "3", 1)                   = 1
2582  read(3, "7", 1)                   = 1
2582  read(3, "2", 1)                   = 1
2582  read(3, "4", 1)                   = 1
2582  read(3, "7", 1)                   = 1
2582  read(3, "4", 1)                   = 1
2582  read(3, " ", 1)                   = 1
2582  read(3, "r", 1)                   = 1
2582  read(3, "e", 1)                   = 1
2582  read(3, "a", 1)                   = 1
2582  read(3, "d", 1)                   = 1
2582  read(3, "(", 1)                   = 1
2582  read(3, "7", 1)                   = 1
2582  read(3, ",", 1)                   = 1
2582  read(3, " ", 1)                   = 1
2582  read(3, " ", 1)                   = 1
2582  read(3, "<", 1)                   = 1
2582  read(3, "u", 1)                   = 1
2582  read(3, "n", 1)                   = 1
2582  read(3, "f", 1)                   = 1
2582  read(3, "i", 1)                   = 1
2582  read(3, "n", 1)                   = 1
2582  read(3, "i", 1)                   = 1
2582  read(3, "s", 1)                   = 1
2582  read(3, "h", 1)                   = 1
2582  read(3, "e", 1)                   = 1
2582  read(3, "d", 1)                   = 1
2582  read(3, " ", 1)                   = 1
2582  read(3, ".", 1)                   = 1
2582  read(3, ".", 1)                   = 1
2582  read(3, ".", 1)                   = 1
2582  read(3, ">", 1)                   = 1
2582  read(3, "\n", 1)                  = 1
2582  write(6, "33\n", 3)               = 3
2582  write(6, "372474 read(7,  <unfinished ...>"..., 33) = 33
2582  read(3, "3", 1)                   = 1
2582  read(3, "7", 1)                   = 1
2582  read(3, "2", 1)                   = 1
2582  read(3, "4", 1)                   = 1
2582  read(3, "7", 1)                   = 1
2582  read(3, "5", 1)                   = 1
2582  read(3, " ", 1)                   = 1
2582  read(3, "w", 1)                   = 1
2582  read(3, "r", 1)                   = 1
2582  read(3, "i", 1)                   = 1
2582  read(3, "t", 1)                   = 1
2582  read(3, "e", 1)                   = 1
2582  read(3, "(", 1)                   = 1
2582  read(3, "1", 1)                   = 1
2582  read(3, ",", 1)                   = 1
2582  read(3, " ", 1)                   = 1
2582  read(3, "\"", 1)                  = 1
2582  read(3, "2", 1)                   = 1
2582  read(3, "6", 1)                   = 1
2582  read(3, "\\", 1)                  = 1
2582  read(3, "n", 1)                   = 1
2582  read(3, "\\", 1)                  = 1
2582  read(3, "2", 1)                   = 1
2582  read(3, "3", 1)                   = 1
2582  read(3, "}", 1)                   = 1
2582  read(3, "y", 1)                   = 1
2582  read(3, "y", 1)                   = 1
2582  read(3, ":", 1)                   = 1
2582  read(3, "~", 1)                   = 1
2582  read(3, "\\", 1)                  = 1
2582  read(3, "1", 1)                   = 1
2582  read(3, "7", 1)                   = 1
2582  read(3, "7", 1)                   = 1
2582  read(3, "y", 1)                   = 1
2582  read(3, "h", 1)                   = 1
2582  read(3, "c", 1)                   = 1
2582  read(3, "j", 1)                   = 1
2582  read(3, "n", 1)                   = 1
2582  read(3, "4", 1)                   = 1
2582  read(3, "y", 1)                   = 1
2582  read(3, ":", 1)                   = 1
2582  read(3, "7", 1)                   = 1
2582  read(3, "u", 1)                   = 1
2582  read(3, ":", 1)                   = 1
2582  read(3, "~", 1)                   = 1
2582  read(3, "\\", 1)                  = 1
2582  read(3, "1", 1)                   = 1
2582  read(3, "7", 1)                   = 1
2582  read(3, "7", 1)                   = 1
2582  read(3, "y", 1)                   = 1
2582  read(3, "h", 1)                   = 1
2582  read(3, "c", 1)                   = 1
2582  read(3, "j", 1)                   = 1
2582  read(3, "n", 1)                   = 1
2582  read(3, "\\", 1)                  = 1
2582  read(3, "2", 1)                   = 1
2582  read(3, "0", 1)                   = 1
2582  read(3, "\"", 1)                  = 1
2582  read(3, ",", 1)                   = 1
2582  read(3, " ", 1)                   = 1
2582  read(3, "2", 1)                   = 1
2582  read(3, "9", 1)                   = 1
2582  read(3, " ", 1)                   = 1
2582  read(3, "<", 1)                   = 1
2582  read(3, "u", 1)                   = 1
2582  read(3, "n", 1)                   = 1
2582  read(3, "f", 1)                   = 1
2582  read(3, "i", 1)                   = 1
2582  read(3, "n", 1)                   = 1
2582  read(3, "i", 1)                   = 1
2582  read(3, "s", 1)                   = 1
2582  read(3, "h", 1)                   = 1
2582  read(3, "e", 1)                   = 1
2582  read(3, "d", 1)                   = 1
2582  read(3, " ", 1)                   = 1
2582  read(3, ".", 1)                   = 1
2582  read(3, ".", 1)                   = 1
2582  read(3, ".", 1)                   = 1
2582  read(3, ">", 1)                   = 1
2582  read(3, "\n", 1)                  = 1
2582  write(6, "80\n", 3)               = 3
2582  write(6, "372475 write(1, \"26\\n\\23}yy:~\\17"..., 80) = 80
2582  read(3, "3", 1)                   = 1
2582  read(3, "7", 1)                   = 1
2582  read(3, "2", 1)                   = 1
2582  read(3, "4", 1)                   = 1
2582  read(3, "7", 1)                   = 1
2582  read(3, "4", 1)                   = 1
2582  read(3, " ", 1)                   = 1
2582  read(3, "<", 1)                   = 1
2582  read(3, ".", 1)                   = 1
2582  read(3, ".", 1)                   = 1
2582  read(3, ".", 1)                   = 1
2582  read(3, " ", 1)                   = 1
2582  read(3, "r", 1)                   = 1
2582  read(3, "e", 1)                   = 1
2582  read(3, "a", 1)                   = 1
2582  read(3, "d", 1)                   = 1
2582  read(3, " ", 1)                   = 1
2582  read(3, "r", 1)                   = 1
2582  read(3, "e", 1)                   = 1
2582  read(3, "s", 1)                   = 1
2582  read(3, "u", 1)                   = 1
2582  read(3, "m", 1)                   = 1
2582  read(3, "e", 1)                   = 1
2582  read(3, "d", 1)                   = 1
2582  read(3, ">", 1)                   = 1
2582  read(3, "\"", 1)                  = 1
2582  read(3, "2", 1)                   = 1
2582  read(3, "6", 1)                   = 1
2582  read(3, "\\", 1)                  = 1
2582  read(3, "n", 1)                   = 1
2582  read(3, "\\", 1)                  = 1
2582  read(3, "2", 1)                   = 1
2582  read(3, "3", 1)                   = 1
2582  read(3, "}", 1)                   = 1
2582  read(3, "y", 1)                   = 1
2582  read(3, "y", 1)                   = 1
2582  read(3, ":", 1)                   = 1
2582  read(3, "~", 1)                   = 1
2582  read(3, "\\", 1)                  = 1
2582  read(3, "1", 1)                   = 1
2582  read(3, "7", 1)                   = 1
2582  read(3, "7", 1)                   = 1
2582  read(3, "y", 1)                   = 1
2582  read(3, "h", 1)                   = 1
2582  read(3, "c", 1)                   = 1
2582  read(3, "j", 1)                   = 1
2582  read(3, "n", 1)                   = 1
2582  read(3, "4", 1)                   = 1
2582  read(3, "y", 1)                   = 1
2582  read(3, ":", 1)                   = 1
2582  read(3, "7", 1)                   = 1
2582  read(3, "u", 1)                   = 1
2582  read(3, ":", 1)                   = 1
2582  read(3, "~", 1)                   = 1
2582  read(3, "\\", 1)                  = 1
2582  read(3, "1", 1)                   = 1
2582  read(3, "7", 1)                   = 1
2582  read(3, "7", 1)                   = 1
2582  read(3, "y", 1)                   = 1
2582  read(3, "h", 1)                   = 1
2582  read(3, "c", 1)                   = 1
2582  read(3, "j", 1)                   = 1
2582  read(3, "n", 1)                   = 1
2582  read(3, "\\", 1)                  = 1
2582  read(3, "2", 1)                   = 1
2582  read(3, "0", 1)                   = 1
2582  read(3, "\"", 1)                  = 1
2582  read(3, ",", 1)                   = 1
2582  read(3, " ", 1)                   = 1
2582  read(3, "2", 1)                   = 1
2582  read(3, "9", 1)                   = 1
2582  read(3, ")", 1)                   = 1
2582  read(3, " ", 1)                   = 1
2582  read(3, "=", 1)                   = 1
2582  read(3, " ", 1)                   = 1
2582  read(3, "2", 1)                   = 1
2582  read(3, "9", 1)                   = 1
2582  read(3, "\n", 1)                  = 1
2582  write(6, "78\n", 3)               = 3
2582  write(6, "372474 <... read resumed>\"26\\n\\2"..., 78) = 78
2582  read(3, "3", 1)                   = 1
2582  read(3, "7", 1)                   = 1
2582  read(3, "2", 1)                   = 1
2582  read(3, "4", 1)                   = 1
2582  read(3, "7", 1)                   = 1
2582  read(3, "5", 1)                   = 1
2582  read(3, " ", 1)                   = 1
2582  read(3, "<", 1)                   = 1
2582  read(3, ".", 1)                   = 1
2582  read(3, ".", 1)                   = 1
2582  read(3, ".", 1)                   = 1
2582  read(3, " ", 1)                   = 1
2582  read(3, "w", 1)                   = 1
2582  read(3, "r", 1)                   = 1
2582  read(3, "i", 1)                   = 1
2582  read(3, "t", 1)                   = 1
2582  read(3, "e", 1)                   = 1
2582  read(3, " ", 1)                   = 1
2582  read(3, "r", 1)                   = 1
2582  read(3, "e", 1)                   = 1
2582  read(3, "s", 1)                   = 1
2582  read(3, "u", 1)                   = 1
2582  read(3, "m", 1)                   = 1
2582  read(3, "e", 1)                   = 1
2582  read(3, "d", 1)                   = 1
2582  read(3, ">", 1)                   = 1
2582  read(3, ")", 1)                   = 1
2582  read(3, " ", 1)                   = 1
2582  read(3, " ", 1)                   = 1
2582  read(3, " ", 1)                   = 1
2582  read(3, " ", 1)                   = 1
2582  read(3, " ", 1)                   = 1
2582  read(3, " ", 1)                   = 1
2582  read(3, " ", 1)                   = 1
2582  read(3, " ", 1)                   = 1
2582  read(3, " ", 1)                   = 1
2582  read(3, " ", 1)                   = 1
2582  read(3, " ", 1)                   = 1
2582  read(3, " ", 1)                   = 1
2582  read(3, " ", 1)                   = 1
2582  read(3, "=", 1)                   = 1
2582  read(3, " ", 1)                   = 1
2582  read(3, "2", 1)                   = 1
2582  read(3, "9", 1)                   = 1
2582  read(3, "\n", 1)                  = 1
2582  write(6, "45\n", 3)               = 3
2582  write(6, "372475 <... write resumed>)     "..., 45) = 45
2582  read(3, "3", 1)                   = 1
2582  read(3, "7", 1)                   = 1
2582  read(3, "2", 1)                   = 1
2582  read(3, "4", 1)                   = 1
2582  read(3, "7", 1)                   = 1
2582  read(3, "4", 1)                   = 1
2582  read(3, " ", 1)                   = 1
2582  read(3, "w", 1)                   = 1
2582  read(3, "r", 1)                   = 1
2582  read(3, "i", 1)                   = 1
2582  read(3, "t", 1)                   = 1
2582  read(3, "e", 1)                   = 1
2582  read(3, "(", 1)                   = 1
2582  read(3, "4", 1)                   = 1
2582  read(3, ",", 1)                   = 1
2582  read(3, " ", 1)                   = 1
2582  read(3, "\"", 1)                  = 1
2582  read(3, "2", 1)                   = 1
2582  read(3, "6", 1)                   = 1
2582  read(3, "\\", 1)                  = 1
2582  read(3, "n", 1)                   = 1
2582  read(3, "\\", 1)                  = 1
2582  read(3, "2", 1)                   = 1
2582  read(3, "3", 1)                   = 1
2582  read(3, "}", 1)                   = 1
2582  read(3, "y", 1)                   = 1
2582  read(3, "y", 1)                   = 1
2582  read(3, ":", 1)                   = 1
2582  read(3, "~", 1)                   = 1
2582  read(3, "\\", 1)                  = 1
2582  read(3, "1", 1)                   = 1
2582  read(3, "7", 1)                   = 1
2582  read(3, "7", 1)                   = 1
2582  read(3, "y", 1)                   = 1
2582  read(3, "h", 1)                   = 1
2582  read(3, "c", 1)                   = 1
2582  read(3, "j", 1)                   = 1
2582  read(3, "n", 1)                   = 1
2582  read(3, "4", 1)                   = 1
2582  read(3, "y", 1)                   = 1
2582  read(3, ":", 1)                   = 1
2582  read(3, "7", 1)                   = 1
2582  read(3, "u", 1)                   = 1
2582  read(3, ":", 1)                   = 1
2582  read(3, "~", 1)                   = 1
2582  read(3, "\\", 1)                  = 1
2582  read(3, "1", 1)                   = 1
2582  read(3, "7", 1)                   = 1
2582  read(3, "7", 1)                   = 1
2582  read(3, "y", 1)                   = 1
2582  read(3, "h", 1)                   = 1
2582  read(3, "c", 1)                   = 1
2582  read(3, "j", 1)                   = 1
2582  read(3, "n", 1)                   = 1
2582  read(3, "\\", 1)                  = 1
2582  read(3, "2", 1)                   = 1
2582  read(3, "0", 1)                   = 1
2582  read(3, "\"", 1)                  = 1
2582  read(3, ",", 1)                   = 1
2582  read(3, " ", 1)                   = 1
2582  read(3, "2", 1)                   = 1
2582  read(3, "9", 1)                   = 1
2582  read(3, " ", 1)                   = 1
2582  read(3, "<", 1)                   = 1
2582  read(3, "u", 1)                   = 1
2582  read(3, "n", 1)                   = 1
2582  read(3, "f", 1)                   = 1
2582  read(3, "i", 1)                   = 1
2582  read(3, "n", 1)                   = 1
2582  read(3, "i", 1)                   = 1
2582  read(3, "s", 1)                   = 1
2582  read(3, "h", 1)                   = 1
2582  read(3, "e", 1)                   = 1
2582  read(3, "d", 1)                   = 1
2582  read(3, " ", 1)                   = 1
2582  read(3, ".", 1)                   = 1
2582  read(3, ".", 1)                   = 1
2582  read(3, ".", 1)                   = 1
2582  read(3, ">", 1)                   = 1
2582  read(3, "\n", 1)                  = 1
2582  write(6, "80\n", 3)               = 3
2582  write(6, "372474 write(4, \"26\\n\\23}yy:~\\17"..., 80) = 80
2582  read(3, "3", 1)                   = 1
2582  read(3, "7", 1)                   = 1
2582  read(3, "2", 1)                   = 1
2582  read(3, "4", 1)                   = 1
2582  read(3, "7", 1)                   = 1
2582  read(3, "5", 1)                   = 1
2582  read(3, " ", 1)                   = 1
2582  read(3, "r", 1)                   = 1
2582  read(3, "e", 1)                   = 1
2582  read(3, "a", 1)                   = 1
2582  read(3, "d", 1)                   = 1
2582  read(3, "(", 1)                   = 1
2582  read(3, "0", 1)                   = 1
2582  read(3, ",", 1)                   = 1
2582  read(3, " ", 1)                   = 1
2582  read(3, " ", 1)                   = 1
2582  read(3, "<", 1)                   = 1
2582  read(3, "u", 1)                   = 1
2582  read(3, "n", 1)                   = 1
2582  read(3, "f", 1)                   = 1
2582  read(3, "i", 1)                   = 1
2582  read(3, "n", 1)                   = 1
2582  read(3, "i", 1)                   = 1
2582  read(3, "s", 1)                   = 1
2582  read(3, "h", 1)                   = 1
2582  read(3, "e", 1)                   = 1
2582  read(3, "d", 1)                   = 1
2582  read(3, " ", 1)                   = 1
2582  read(3, ".", 1)                   = 1
2582  read(3, ".", 1)                   = 1
2582  read(3, ".", 1)                   = 1
2582  read(3, ">", 1)                   = 1
2582  read(3, "\n", 1)                  = 1
2582  write(6, "33\n", 3)               = 3
2582  write(6, "372475 read(0,  <unfinished ...>"..., 33) = 33
2582  read(3, "3", 1)                   = 1
2582  read(3, "7", 1)                   = 1
2582  read(3, "2", 1)                   = 1
2582  read(3, "4", 1)                   = 1
2582  read(3, "7", 1)                   = 1
2582  read(3, "4", 1)                   = 1
2582  read(3, " ", 1)                   = 1
2582  read(3, "<", 1)                   = 1
2582  read(3, ".", 1)                   = 1
2582  read(3, ".", 1)                   = 1
2582  read(3, ".", 1)                   = 1
2582  read(3, " ", 1)                   = 1
2582  read(3, "w", 1)                   = 1
2582  read(3, "r", 1)                   = 1
2582  read(3, "i", 1)                   = 1
2582  read(3, "t", 1)                   = 1
2582  read(3, "e", 1)                   = 1
2582  read(3, " ", 1)                   = 1
2582  read(3, "r", 1)                   = 1
2582  read(3, "e", 1)                   = 1
2582  read(3, "s", 1)                   = 1
2582  read(3, "u", 1)                   = 1
2582  read(3, "m", 1)                   = 1
2582  read(3, "e", 1)                   = 1
2582  read(3, "d", 1)                   = 1
2582  read(3, ">", 1)                   = 1
2582  read(3, ")", 1)                   = 1
2582  read(3, " ", 1)                   = 1
2582  read(3, " ", 1)                   = 1
2582  read(3, " ", 1)                   = 1
2582  read(3, " ", 1)                   = 1
2582  read(3, " ", 1)                   = 1
2582  read(3, " ", 1)                   = 1
2582  read(3, " ", 1)                   = 1
2582  read(3, " ", 1)                   = 1
2582  read(3, " ", 1)                   = 1
2582  read(3, " ", 1)                   = 1
2582  read(3, " ", 1)                   = 1
2582  read(3, " ", 1)                   = 1
2582  read(3, " ", 1)                   = 1
2582  read(3, "=", 1)                   = 1
2582  read(3, " ", 1)                   = 1
2582  read(3, "2", 1)                   = 1
2582  read(3, "9", 1)                   = 1
2582  read(3, "\n", 1)                  = 1
2582  write(6, "45\n", 3)               = 3
2582  write(6, "372474 <... write resumed>)     "..., 45) = 45
2582  read(3, "3", 1)                   = 1
2582  read(3, "7", 1)                   = 1
2582  read(3, "2", 1)                   = 1
2582  read(3, "4", 1)                   = 1
2582  read(3, "7", 1)                   = 1
2582  read(3, "4", 1)                   = 1
2582  read(3, " ", 1)                   = 1
2582  read(3, "w", 1)                   = 1
2582  read(3, "r", 1)                   = 1
2582  read(3, "i", 1)                   = 1
2582  read(3, "t", 1)                   = 1
2582  read(3, "e", 1)                   = 1
2582  read(3, "(", 1)                   = 1
2582  read(3, "6", 1)                   = 1
2582  read(3, ",", 1)                   = 1
2582  read(3, " ", 1)                   = 1
2582  read(3, "\"", 1)                  = 1
2582  read(3, "1", 1)                   = 1
2582  read(3, "\\", 1)                  = 1
2582  read(3, "n", 1)                   = 1
2582  read(3, "\"", 1)                  = 1
2582  read(3, ",", 1)                   = 1
2582  read(3, " ", 1)                   = 1
2582  read(3, "2", 1)                   = 1
2582  read(3, ")", 1)                   = 1
2582  read(3, " ", 1)                   = 1
2582  read(3, " ", 1)                   = 1
2582  read(3, " ", 1)                   = 1
2582  read(3, " ", 1)                   = 1
2582  read(3, " ", 1)                   = 1
2582  read(3, " ", 1)                   = 1
2582  read(3, " ", 1)                   = 1
2582  read(3, " ", 1)                   = 1
2582  read(3, " ", 1)                   = 1
2582  read(3, " ", 1)                   = 1
2582  read(3, " ", 1)                   = 1
2582  read(3, " ", 1)                   = 1
2582  read(3, " ", 1)                   = 1
2582  read(3, " ", 1)                   = 1
2582  read(3, " ", 1)                   = 1
2582  read(3, "=", 1)                   = 1
2582  read(3, " ", 1)                   = 1
2582  read(3, "2", 1)                   = 1
2582  read(3, "\n", 1)                  = 1
2582  write(6, "44\n", 3)               = 3
2582  write(6, "372474 write(6, \"1\\n\", 2)       "..., 44) = 44
2582  read(3, "3", 1)                   = 1
2582  read(3, "7", 1)                   = 1
2582  read(3, "2", 1)                   = 1
2582  read(3, "4", 1)                   = 1
2582  read(3, "7", 1)                   = 1
2582  read(3, "5", 1)                   = 1
2582  read(3, " ", 1)                   = 1
2582  read(3, "<", 1)                   = 1
2582  read(3, ".", 1)                   = 1
2582  read(3, ".", 1)                   = 1
2582  read(3, ".", 1)                   = 1
2582  read(3, " ", 1)                   = 1
2582  read(3, "r", 1)                   = 1
2582  read(3, "e", 1)                   = 1
2582  read(3, "a", 1)                   = 1
2582  read(3, "d", 1)                   = 1
2582  read(3, " ", 1)                   = 1
2582  read(3, "r", 1)                   = 1
2582  read(3, "e", 1)                   = 1
2582  read(3, "s", 1)                   = 1
2582  read(3, "u", 1)                   = 1
2582  read(3, "m", 1)                   = 1
2582  read(3, "e", 1)                   = 1
2582  read(3, "d", 1)                   = 1
2582  read(3, ">", 1)                   = 1
2582  read(3, "\"", 1)                  = 1
2582  read(3, "1", 1)                   = 1
2582  read(3, "\\", 1)                  = 1
2582  read(3, "n", 1)                   = 1
2582  read(3, "\"", 1)                  = 1
2582  read(3, ",", 1)                   = 1
2582  read(3, " ", 1)                   = 1
2582  read(3, "4", 1)                   = 1
2582  read(3, "0", 1)                   = 1
2582  read(3, "9", 1)                   = 1
2582  read(3, "6", 1)                   = 1
2582  read(3, ")", 1)                   = 1
2582  read(3, " ", 1)                   = 1
2582  read(3, " ", 1)                   = 1
2582  read(3, " ", 1)                   = 1
2582  read(3, "=", 1)                   = 1
2582  read(3, " ", 1)                   = 1
2582  read(3, "2", 1)                   = 1
2582  read(3, "\n", 1)                  = 1
2582  write(6, "44\n", 3)               = 3
2582  write(6, "372475 <... read resumed>\"1\\n\", "..., 44) = 44
2582  read(3, "3", 1)                   = 1
2582  read(3, "7", 1)                   = 1
2582  read(3, "2", 1)                   = 1
2582  read(3, "4", 1)                   = 1
2582  read(3, "7", 1)                   = 1
2582  read(3, "4", 1)                   = 1
2582  read(3, " ", 1)                   = 1
2582  read(3, "w", 1)                   = 1
2582  read(3, "r", 1)                   = 1
2582  read(3, "i", 1)                   = 1
2582  read(3, "t", 1)                   = 1
2582  read(3, "e", 1)                   = 1
2582  read(3, "(", 1)                   = 1
2582  read(3, "6", 1)                   = 1
2582  read(3, ",", 1)                   = 1
2582  read(3, " ", 1)                   = 1
2582  read(3, "\"", 1)                  = 1
2582  read(3, "\\", 1)                  = 1
2582  read(3, "n", 1)                   = 1
2582  read(3, "\"", 1)                  = 1
2582  read(3, ",", 1)                   = 1
2582  read(3, " ", 1)                   = 1
2582  read(3, "1", 1)                   = 1
2582  read(3, " ", 1)                   = 1
2582  read(3, "<", 1)                   = 1
2582  read(3, "u", 1)                   = 1
2582  read(3, "n", 1)                   = 1
2582  read(3, "f", 1)                   = 1
2582  read(3, "i", 1)                   = 1
2582  read(3, "n", 1)                   = 1
2582  read(3, "i", 1)                   = 1
2582  read(3, "s", 1)                   = 1
2582  read(3, "h", 1)                   = 1
2582  read(3, "e", 1)                   = 1
2582  read(3, "d", 1)                   = 1
2582  read(3, " ", 1)                   = 1
2582  read(3, ".", 1)                   = 1
2582  read(3, ".", 1)                   = 1
2582  read(3, ".", 1)                   = 1
2582  read(3, ">", 1)                   = 1
2582  read(3, "\n", 1)                  = 1
2582  write(6, "41\n", 3)               = 3
2582  write(6, "372474 write(6, \"\\n\", 1 <unfinis"..., 41) = 41
2582  read(3, "3", 1)                   = 1
2582  read(3, "7", 1)                   = 1
2582  read(3, "2", 1)                   = 1
2582  read(3, "4", 1)                   = 1
2582  read(3, "7", 1)                   = 1
2582  read(3, "5", 1)                   = 1
2582  read(3, " ", 1)                   = 1
2582  read(3, "r", 1)                   = 1
2582  read(3, "e", 1)                   = 1
2582  read(3, "a", 1)                   = 1
2582  read(3, "d", 1)                   = 1
2582  read(3, "(", 1)                   = 1
2582  read(3, "0", 1)                   = 1
2582  read(3, ",", 1)                   = 1
2582  read(3, " ", 1)                   = 1
2582  read(3, " ", 1)                   = 1
2582  read(3, "<", 1)                   = 1
2582  read(3, "u", 1)                   = 1
2582  read(3, "n", 1)                   = 1
2582  read(3, "f", 1)                   = 1
2582  read(3, "i", 1)                   = 1
2582  read(3, "n", 1)                   = 1
2582  read(3, "i", 1)                   = 1
2582  read(3, "s", 1)                   = 1
2582  read(3, "h", 1)                   = 1
2582  read(3, "e", 1)                   = 1
2582  read(3, "d", 1)                   = 1
2582  read(3, " ", 1)                   = 1
2582  read(3, ".", 1)                   = 1
2582  read(3, ".", 1)                   = 1
2582  read(3, ".", 1)                   = 1
2582  read(3, ">", 1)                   = 1
2582  read(3, "\n", 1)                  = 1
2582  write(6, "33\n", 3)               = 3
2582  write(6, "372475 read(0,  <unfinished ...>"..., 33) = 33
2582  read(3, "3", 1)                   = 1
2582  read(3, "7", 1)                   = 1
2582  read(3, "2", 1)                   = 1
2582  read(3, "4", 1)                   = 1
2582  read(3, "7", 1)                   = 1
2582  read(3, "4", 1)                   = 1
2582  read(3, " ", 1)                   = 1
2582  read(3, "<", 1)                   = 1
2582  read(3, ".", 1)                   = 1
2582  read(3, ".", 1)                   = 1
2582  read(3, ".", 1)                   = 1
2582  read(3, " ", 1)                   = 1
2582  read(3, "w", 1)                   = 1
2582  read(3, "r", 1)                   = 1
2582  read(3, "i", 1)                   = 1
2582  read(3, "t", 1)                   = 1
2582  read(3, "e", 1)                   = 1
2582  read(3, " ", 1)                   = 1
2582  read(3, "r", 1)                   = 1
2582  read(3, "e", 1)                   = 1
2582  read(3, "s", 1)                   = 1
2582  read(3, "u", 1)                   = 1
2582  read(3, "m", 1)                   = 1
2582  read(3, "e", 1)                   = 1
2582  read(3, "d", 1)                   = 1
2582  read(3, ">", 1)                   = 1
2582  read(3, ")", 1)                   = 1
2582  read(3, " ", 1)                   = 1
2582  read(3, " ", 1)                   = 1
2582  read(3, " ", 1)                   = 1
2582  read(3, " ", 1)                   = 1
2582  read(3, " ", 1)                   = 1
2582  read(3, " ", 1)                   = 1
2582  read(3, " ", 1)                   = 1
2582  read(3, " ", 1)                   = 1
2582  read(3, " ", 1)                   = 1
2582  read(3, " ", 1)                   = 1
2582  read(3, " ", 1)                   = 1
2582  read(3, " ", 1)                   = 1
2582  read(3, " ", 1)                   = 1
2582  read(3, "=", 1)                   = 1
2582  read(3, " ", 1)                   = 1
2582  read(3, "1", 1)                   = 1
2582  read(3, "\n", 1)                  = 1
2582  write(6, "44\n", 3)               = 3
2582  write(6, "372474 <... write resumed>)     "..., 44) = 44
2582  read(3, "3", 1)                   = 1
2582  read(3, "7", 1)                   = 1
2582  read(3, "2", 1)                   = 1
2582  read(3, "4", 1)                   = 1
2582  read(3, "7", 1)                   = 1
2582  read(3, "5", 1)                   = 1
2582  read(3, " ", 1)                   = 1
2582  read(3, "<", 1)                   = 1
2582  read(3, ".", 1)                   = 1
2582  read(3, ".", 1)                   = 1
2582  read(3, ".", 1)                   = 1
2582  read(3, " ", 1)                   = 1
2582  read(3, "r", 1)                   = 1
2582  read(3, "e", 1)                   = 1
2582  read(3, "a", 1)                   = 1
2582  read(3, "d", 1)                   = 1
2582  read(3, " ", 1)                   = 1
2582  read(3, "r", 1)                   = 1
2582  read(3, "e", 1)                   = 1
2582  read(3, "s", 1)                   = 1
2582  read(3, "u", 1)                   = 1
2582  read(3, "m", 1)                   = 1
2582  read(3, "e", 1)                   = 1
2582  read(3, "d", 1)                   = 1
2582  read(3, ">", 1)                   = 1
2582  read(3, "\"", 1)                  = 1
2582  read(3, "\\", 1)                  = 1
2582  read(3, "n", 1)                   = 1
2582  read(3, "\"", 1)                  = 1
2582  read(3, ",", 1)                   = 1
2582  read(3, " ", 1)                   = 1
2582  read(3, "4", 1)                   = 1
2582  read(3, "0", 1)                   = 1
2582  read(3, "9", 1)                   = 1
2582  read(3, "6", 1)                   = 1
2582  read(3, ")", 1)                   = 1
2582  read(3, " ", 1)                   = 1
2582  read(3, " ", 1)                   = 1
2582  read(3, " ", 1)                   = 1
2582  read(3, " ", 1)                   = 1
2582  read(3, "=", 1)                   = 1
2582  read(3, " ", 1)                   = 1
2582  read(3, "1", 1)                   = 1
2582  read(3, "\n", 1)                  = 1
2582  write(6, "44\n", 3)               = 3
2582  write(6, "372475 <... read resumed>\"\\n\", 4"..., 44) = 44
2582  read(3, "3", 1)                   = 1
2582  read(3, "7", 1)                   = 1
2582  read(3, "2", 1)                   = 1
2582  read(3, "4", 1)                   = 1
2582  read(3, "7", 1)                   = 1
2582  read(3, "4", 1)                   = 1
2582  read(3, " ", 1)                   = 1
2582  read(3, "r", 1)                   = 1
2582  read(3, "e", 1)                   = 1
2582  read(3, "a", 1)                   = 1
2582  read(3, "d", 1)                   = 1
2582  read(3, "(", 1)                   = 1
2582  read(3, "7", 1)                   = 1
2582  read(3, ",", 1)                   = 1
2582  read(3, " ", 1)                   = 1
2582  read(3, " ", 1)                   = 1
2582  read(3, "<", 1)                   = 1
2582  read(3, "u", 1)                   = 1
2582  read(3, "n", 1)                   = 1
2582  read(3, "f", 1)                   = 1
2582  read(3, "i", 1)                   = 1
2582  read(3, "n", 1)                   = 1
2582  read(3, "i", 1)                   = 1
2582  read(3, "s", 1)                   = 1
2582  read(3, "h", 1)                   = 1
2582  read(3, "e", 1)                   = 1
2582  read(3, "d", 1)                   = 1
2582  read(3, " ", 1)                   = 1
2582  read(3, ".", 1)                   = 1
2582  read(3, ".", 1)                   = 1
2582  read(3, ".", 1)                   = 1
2582  read(3, ">", 1)                   = 1
2582  read(3, "\n", 1)                  = 1
2582  write(6, "33\n", 3)               = 3
2582  write(6, "372474 read(7,  <unfinished ...>"..., 33) = 33
2582  read(3, "3", 1)                   = 1
2582  read(3, "7", 1)                   = 1
2582  read(3, "2", 1)                   = 1
2582  read(3, "4", 1)                   = 1
2582  read(3, "7", 1)                   = 1
2582  read(3, "5", 1)                   = 1
2582  read(3, " ", 1)                   = 1
2582  read(3, "w", 1)                   = 1
2582  read(3, "r", 1)                   = 1
2582  read(3, "i", 1)                   = 1
2582  read(3, "t", 1)                   = 1
2582  read(3, "e", 1)                   = 1
2582  read(3, "(", 1)                   = 1
2582  read(3, "1", 1)                   = 1
2582  read(3, ",", 1)                   = 1
2582  read(3, " ", 1)                   = 1
2582  read(3, "\"", 1)                  = 1
2582  read(3, "1", 1)                   = 1
2582  read(3, "\\", 1)                  = 1
2582  read(3, "n", 1)                   = 1
2582  read(3, "\\", 1)                  = 1
2582  read(3, "v", 1)                   = 1
2582  read(3, "\"", 1)                  = 1
2582  read(3, ",", 1)                   = 1
2582  read(3, " ", 1)                   = 1
2582  read(3, "3", 1)                   = 1
2582  read(3, " ", 1)                   = 1
2582  read(3, "<", 1)                   = 1
2582  read(3, "u", 1)                   = 1
2582  read(3, "n", 1)                   = 1
2582  read(3, "f", 1)                   = 1
2582  read(3, "i", 1)                   = 1
2582  read(3, "n", 1)                   = 1
2582  read(3, "i", 1)                   = 1
2582  read(3, "s", 1)                   = 1
2582  read(3, "h", 1)                   = 1
2582  read(3, "e", 1)                   = 1
2582  read(3, "d", 1)                   = 1
2582  read(3, " ", 1)                   = 1
2582  read(3, ".", 1)                   = 1
2582  read(3, ".", 1)                   = 1
2582  read(3, ".", 1)                   = 1
2582  read(3, ">", 1)                   = 1
2582  read(3, "\n", 1)                  = 1
2582  write(6, "44\n", 3)               = 3
2582  write(6, "372475 write(1, \"1\\n\\v\", 3 <unfi"..., 44) = 44
2582  read(3, "3", 1)                   = 1
2582  read(3, "7", 1)                   = 1
2582  read(3, "2", 1)                   = 1
2582  read(3, "4", 1)                   = 1
2582  read(3, "7", 1)                   = 1
2582  read(3, "4", 1)                   = 1
2582  read(3, " ", 1)                   = 1
2582  read(3, "<", 1)                   = 1
2582  read(3, ".", 1)                   = 1
2582  read(3, ".", 1)                   = 1
2582  read(3, ".", 1)                   = 1
2582  read(3, " ", 1)                   = 1
2582  read(3, "r", 1)                   = 1
2582  read(3, "e", 1)                   = 1
2582  read(3, "a", 1)                   = 1
2582  read(3, "d", 1)                   = 1
2582  read(3, " ", 1)                   = 1
2582  read(3, "r", 1)                   = 1
2582  read(3, "e", 1)                   = 1
2582  read(3, "s", 1)                   = 1
2582  read(3, "u", 1)                   = 1
2582  read(3, "m", 1)                   = 1
2582  read(3, "e", 1)                   = 1
2582  read(3, "d", 1)                   = 1
2582  read(3, ">", 1)                   = 1
2582  read(3, "\"", 1)                  = 1
2582  read(3, "1", 1)                   = 1
2582  read(3, "\\", 1)                  = 1
2582  read(3, "n", 1)                   = 1
2582  read(3, "\\", 1)                  = 1
2582  read(3, "v", 1)                   = 1
2582  read(3, "\"", 1)                  = 1
2582  read(3, ",", 1)                   = 1
2582  read(3, " ", 1)                   = 1
2582  read(3, "3", 1)                   = 1
2582  read(3, ")", 1)                   = 1
2582  read(3, " ", 1)                   = 1
2582  read(3, " ", 1)                   = 1
2582  read(3, " ", 1)                   = 1
2582  read(3, " ", 1)                   = 1
2582  read(3, "=", 1)                   = 1
2582  read(3, " ", 1)                   = 1
2582  read(3, "3", 1)                   = 1
2582  read(3, "\n", 1)                  = 1
2582  write(6, "44\n", 3)               = 3
2582  write(6, "372474 <... read resumed>\"1\\n\\v\""..., 44) = 44
2582  read(3, "3", 1)                   = 1
2582  read(3, "7", 1)                   = 1
2582  read(3, "2", 1)                   = 1
2582  read(3, "4", 1)                   = 1
2582  read(3, "7", 1)                   = 1
2582  read(3, "5", 1)                   = 1
2582  read(3, " ", 1)                   = 1
2582  read(3, "<", 1)                   = 1
2582  read(3, ".", 1)                   = 1
2582  read(3, ".", 1)                   = 1
2582  read(3, ".", 1)                   = 1
2582  read(3, " ", 1)                   = 1
2582  read(3, "w", 1)                   = 1
2582  read(3, "r", 1)                   = 1
2582  read(3, "i", 1)                   = 1
2582  read(3, "t", 1)                   = 1
2582  read(3, "e", 1)                   = 1
2582  read(3, " ", 1)                   = 1
2582  read(3, "r", 1)                   = 1
2582  read(3, "e", 1)                   = 1
2582  read(3, "s", 1)                   = 1
2582  read(3, "u", 1)                   = 1
2582  read(3, "m", 1)                   = 1
2582  read(3, "e", 1)                   = 1
2582  read(3, "d", 1)                   = 1
2582  read(3, ">", 1)                   = 1
2582  read(3, ")", 1)                   = 1
2582  read(3, " ", 1)                   = 1
2582  read(3, " ", 1)                   = 1
2582  read(3, " ", 1)                   = 1
2582  read(3, " ", 1)                   = 1
2582  read(3, " ", 1)                   = 1
2582  read(3, " ", 1)                   = 1
2582  read(3, " ", 1)                   = 1
2582  read(3, " ", 1)                   = 1
2582  read(3, " ", 1)                   = 1
2582  read(3, " ", 1)                   = 1
2582  read(3, " ", 1)                   = 1
2582  read(3, " ", 1)                   = 1
2582  read(3, " ", 1)                   = 1
2582  read(3, "=", 1)                   = 1
2582  read(3, " ", 1)                   = 1
2582  read(3, "3", 1)                   = 1
2582  read(3, "\n", 1)                  = 1
2582  write(6, "44\n", 3)               = 3
2582  write(6, "372475 <... write resumed>)     "..., 44) = 44
2582  read(3, "3", 1)                   = 1
2582  read(3, "7", 1)                   = 1
2582  read(3, "2", 1)                   = 1
2582  read(3, "4", 1)                   = 1
2582  read(3, "7", 1)                   = 1
2582  read(3, "4", 1)                   = 1
2582  read(3, " ", 1)                   = 1
2582  read(3, "w", 1)                   = 1
2582  read(3, "r", 1)                   = 1
2582  read(3, "i", 1)                   = 1
2582  read(3, "t", 1)                   = 1
2582  read(3, "e", 1)                   = 1
2582  read(3, "(", 1)                   = 1
2582  read(3, "4", 1)                   = 1
2582  read(3, ",", 1)                   = 1
2582  read(3, " ", 1)                   = 1
2582  read(3, "\"", 1)                  = 1
2582  read(3, "1", 1)                   = 1
2582  read(3, "\\", 1)                  = 1
2582  read(3, "n", 1)                   = 1
2582  read(3, "\\", 1)                  = 1
2582  read(3, "v", 1)                   = 1
2582  read(3, "\"", 1)                  = 1
2582  read(3, ",", 1)                   = 1
2582  read(3, " ", 1)                   = 1
2582  read(3, "3", 1)                   = 1
2582  read(3, " ", 1)                   = 1
2582  read(3, "<", 1)                   = 1
2582  read(3, "u", 1)                   = 1
2582  read(3, "n", 1)                   = 1
2582  read(3, "f", 1)                   = 1
2582  read(3, "i", 1)                   = 1
2582  read(3, "n", 1)                   = 1
2582  read(3, "i", 1)                   = 1
2582  read(3, "s", 1)                   = 1
2582  read(3, "h", 1)                   = 1
2582  read(3, "e", 1)                   = 1
2582  read(3, "d", 1)                   = 1
2582  read(3, " ", 1)                   = 1
2582  read(3, ".", 1)                   = 1
2582  read(3, ".", 1)                   = 1
2582  read(3, ".", 1)                   = 1
2582  read(3, ">", 1)                   = 1
2582  read(3, "\n", 1)                  = 1
2582  write(6, "44\n", 3)               = 3
2582  write(6, "372474 write(4, \"1\\n\\v\", 3 <unfi"..., 44) = 44
2582  read(3, "3", 1)                   = 1
2582  read(3, "7", 1)                   = 1
2582  read(3, "2", 1)                   = 1
2582  read(3, "4", 1)                   = 1
2582  read(3, "7", 1)                   = 1
2582  read(3, "5", 1)                   = 1
2582  read(3, " ", 1)                   = 1
2582  read(3, "r", 1)                   = 1
2582  read(3, "e", 1)                   = 1
2582  read(3, "a", 1)                   = 1
2582  read(3, "d", 1)                   = 1
2582  read(3, "(", 1)                   = 1
2582  read(3, "0", 1)                   = 1
2582  read(3, ",", 1)                   = 1
2582  read(3, " ", 1)                   = 1
2582  read(3, " ", 1)                   = 1
2582  read(3, "<", 1)                   = 1
2582  read(3, "u", 1)                   = 1
2582  read(3, "n", 1)                   = 1
2582  read(3, "f", 1)                   = 1
2582  read(3, "i", 1)                   = 1
2582  read(3, "n", 1)                   = 1
2582  read(3, "i", 1)                   = 1
2582  read(3, "s", 1)                   = 1
2582  read(3, "h", 1)                   = 1
2582  read(3, "e", 1)                   = 1
2582  read(3, "d", 1)                   = 1
2582  read(3, " ", 1)                   = 1
2582  read(3, ".", 1)                   = 1
2582  read(3, ".", 1)                   = 1
2582  read(3, ".", 1)                   = 1
2582  read(3, ">", 1)                   = 1
2582  read(3, "\n", 1)                  = 1
2582  write(6, "33\n", 3)               = 3
2582  write(6, "372475 read(0,  <unfinished ...>"..., 33) = 33
2582  read(3, "3", 1)                   = 1
2582  read(3, "7", 1)                   = 1
2582  read(3, "2", 1)                   = 1
2582  read(3, "4", 1)                   = 1
2582  read(3, "7", 1)                   = 1
2582  read(3, "4", 1)                   = 1
2582  read(3, " ", 1)                   = 1
2582  read(3, "<", 1)                   = 1
2582  read(3, ".", 1)                   = 1
2582  read(3, ".", 1)                   = 1
2582  read(3, ".", 1)                   = 1
2582  read(3, " ", 1)                   = 1
2582  read(3, "w", 1)                   = 1
2582  read(3, "r", 1)                   = 1
2582  read(3, "i", 1)                   = 1
2582  read(3, "t", 1)                   = 1
2582  read(3, "e", 1)                   = 1
2582  read(3, " ", 1)                   = 1
2582  read(3, "r", 1)                   = 1
2582  read(3, "e", 1)                   = 1
2582  read(3, "s", 1)                   = 1
2582  read(3, "u", 1)                   = 1
2582  read(3, "m", 1)                   = 1
2582  read(3, "e", 1)                   = 1
2582  read(3, "d", 1)                   = 1
2582  read(3, ">", 1)                   = 1
2582  read(3, ")", 1)                   = 1
2582  read(3, " ", 1)                   = 1
2582  read(3, " ", 1)                   = 1
2582  read(3, " ", 1)                   = 1
2582  read(3, " ", 1)                   = 1
2582  read(3, " ", 1)                   = 1
2582  read(3, " ", 1)                   = 1
2582  read(3, " ", 1)                   = 1
2582  read(3, " ", 1)                   = 1
2582  read(3, " ", 1)                   = 1
2582  read(3, " ", 1)                   = 1
2582  read(3, " ", 1)                   = 1
2582  read(3, " ", 1)                   = 1
2582  read(3, " ", 1)                   = 1
2582  read(3, "=", 1)                   = 1
2582  read(3, " ", 1)                   = 1
2582  read(3, "3", 1)                   = 1
2582  read(3, "\n", 1)                  = 1
2582  write(6, "44\n", 3)               = 3
2582  write(6, "372474 <... write resumed>)     "..., 44) = 44
2582  read(3, "3", 1)                   = 1
2582  read(3, "7", 1)                   = 1
2582  read(3, "2", 1)                   = 1
2582  read(3, "4", 1)                   = 1
2582  read(3, "7", 1)                   = 1
2582  read(3, "4", 1)                   = 1
2582  read(3, " ", 1)                   = 1
2582  read(3, "l", 1)                   = 1
2582  read(3, "s", 1)                   = 1
2582  read(3, "e", 1)                   = 1
2582  read(3, "e", 1)                   = 1
2582  read(3, "k", 1)                   = 1
2582  read(3, "(", 1)                   = 1
2582  read(3, "3", 1)                   = 1
2582  read(3, ",", 1)                   = 1
2582  read(3, " ", 1)                   = 1
2582  read(3, "1", 1)                   = 1
2582  read(3, "1", 1)                   = 1
2582  read(3, "9", 1)                   = 1
2582  read(3, ",", 1)                   = 1
2582  read(3, " ", 1)                   = 1
2582  read(3, "S", 1)                   = 1
2582  read(3, "E", 1)                   = 1
2582  read(3, "E", 1)                   = 1
2582  read(3, "K", 1)                   = 1
2582  read(3, "_", 1)                   = 1
2582  read(3, "S", 1)                   = 1
2582  read(3, "E", 1)                   = 1
2582  read(3, "T", 1)                   = 1
2582  read(3, ")", 1)                   = 1
2582  read(3, " ", 1)                   = 1
2582  read(3, " ", 1)                   = 1
2582  read(3, " ", 1)                   = 1
2582  read(3, " ", 1)                   = 1
2582  read(3, " ", 1)                   = 1
2582  read(3, " ", 1)                   = 1
2582  read(3, " ", 1)                   = 1
2582  read(3, " ", 1)                   = 1
2582  read(3, " ", 1)                   = 1
2582  read(3, " ", 1)                   = 1
2582  read(3, "=", 1)                   = 1
2582  read(3, " ", 1)                   = 1
2582  read(3, "1", 1)                   = 1
2582  read(3, "1", 1)                   = 1
2582  read(3, "9", 1)                   = 1
2582  read(3, "\n", 1)                  = 1
2582  write(6, "46\n", 3)               = 3
2582  write(6, "372474 lseek(3, 119, SEEK_SET)  "..., 46) = 46
2582  read(3, "3", 1)                   = 1
2582  read(3, "7", 1)                   = 1
2582  read(3, "2", 1)                   = 1
2582  read(3, "4", 1)                   = 1
2582  read(3, "7", 1)                   = 1
2582  read(3, "4", 1)                   = 1
2582  read(3, " ", 1)                   = 1
2582  read(3, "r", 1)                   = 1
2582  read(3, "e", 1)                   = 1
2582  read(3, "a", 1)                   = 1
2582  read(3, "d", 1)                   = 1
2582  read(3, "(", 1)                   = 1
2582  read(3, "3", 1)                   = 1
2582  read(3, ",", 1)                   = 1
2582  read(3, " ", 1)                   = 1
2582  read(3, "\"", 1)                  = 1
2582  read(3, "e", 1)                   = 1
2582  read(3, "n", 1)                   = 1
2582  read(3, "c", 1)                   = 1
2582  read(3, "d", 1)                   = 1
2582  read(3, "r", 1)                   = 1
2582  read(3, "v", 1)                   = 1
2582  read(3, ":", 1)                   = 1
2582  read(3, "e", 1)                   = 1
2582  read(3, "n", 1)                   = 1
2582  read(3, "c", 1)                   = 1
2582  read(3, "d", 1)                   = 1
2582  read(3, "r", 1)                   = 1
2582  read(3, "v", 1)                   = 1
2582  read(3, ".", 1)                   = 1
2582  read(3, "c", 1)                   = 1
2582  read(3, "\\", 1)                  = 1
2582  read(3, "n", 1)                   = 1
2582  read(3, "\\", 1)                  = 1
2582  read(3, "t", 1)                   = 1
2582  read(3, "g", 1)                   = 1
2582  read(3, "c", 1)                   = 1
2582  read(3, "c", 1)                   = 1
2582  read(3, " ", 1)                   = 1
2582  read(3, "e", 1)                   = 1
2582  read(3, "n", 1)                   = 1
2582  read(3, "c", 1)                   = 1
2582  read(3, "d", 1)                   = 1
2582  read(3, "r", 1)                   = 1
2582  read(3, "v", 1)                   = 1
2582  read(3, ".", 1)                   = 1
2582  read(3, "c", 1)                   = 1
2582  read(3, " ", 1)                   = 1
2582  read(3, "-", 1)                   = 1
2582  read(3, "o", 1)                   = 1
2582  read(3, "\"", 1)                  = 1
2582  read(3, ".", 1)                   = 1
2582  read(3, ".", 1)                   = 1
2582  read(3, ".", 1)                   = 1
2582  read(3, ",", 1)                   = 1
2582  read(3, " ", 1)                   = 1
2582  read(3, "1", 1)                   = 1
2582  read(3, "2", 1)                   = 1
2582  read(3, "8", 1)                   = 1
2582  read(3, ")", 1)                   = 1
2582  read(3, " ", 1)                   = 1
2582  read(3, "=", 1)                   = 1
2582  read(3, " ", 1)                   = 1
2582  read(3, "7", 1)                   = 1
2582  read(3, "7", 1)                   = 1
2582  read(3, "\n", 1)                  = 1
2582  write(6, "66\n", 3)               = 3
2582  write(6, "372474 read(3, \"encdrv:encdrv.c\\"..., 66) = 66
2582  read(3, "3", 1)                   = 1
2582  read(3, "7", 1)                   = 1
2582  read(3, "2", 1)                   = 1
2582  read(3, "4", 1)                   = 1
2582  read(3, "7", 1)                   = 1
2582  read(3, "4", 1)                   = 1
2582  read(3, " ", 1)                   = 1
2582  read(3, "w", 1)                   = 1
2582  read(3, "r", 1)                   = 1
2582  read(3, "i", 1)                   = 1
2582  read(3, "t", 1)                   = 1
2582  read(3, "e", 1)                   = 1
2582  read(3, "(", 1)                   = 1
2582  read(3, "6", 1)                   = 1
2582  read(3, ",", 1)                   = 1
2582  read(3, " ", 1)                   = 1
2582  read(3, "\"", 1)                  = 1
2582  read(3, "1", 1)                   = 1
2582  read(3, "6", 1)                   = 1
2582  read(3, "\\", 1)                  = 1
2582  read(3, "n", 1)                   = 1
2582  read(3, "\"", 1)                  = 1
2582  read(3, ",", 1)                   = 1
2582  read(3, " ", 1)                   = 1
2582  read(3, "3", 1)                   = 1
2582  read(3, ")", 1)                   = 1
2582  read(3, " ", 1)                   = 1
2582  read(3, " ", 1)                   = 1
2582  read(3, " ", 1)                   = 1
2582  read(3, " ", 1)                   = 1
2582  read(3, " ", 1)                   = 1
2582  read(3, " ", 1)                   = 1
2582  read(3, " ", 1)                   = 1
2582  read(3, " ", 1)                   = 1
2582  read(3, " ", 1)                   = 1
2582  read(3, " ", 1)                   = 1
2582  read(3, " ", 1)                   = 1
2582  read(3, " ", 1)                   = 1
2582  read(3, " ", 1)                   = 1
2582  read(3, " ", 1)                   = 1
2582  read(3, "=", 1)                   = 1
2582  read(3, " ", 1)                   = 1
2582  read(3, "3", 1)                   = 1
2582  read(3, "\n", 1)                  = 1
2582  write(6, "44\n", 3)               = 3
2582  write(6, "372474 write(6, \"16\\n\", 3)      "..., 44) = 44
2582  read(3, "3", 1)                   = 1
2582  read(3, "7", 1)                   = 1
2582  read(3, "2", 1)                   = 1
2582  read(3, "4", 1)                   = 1
2582  read(3, "7", 1)                   = 1
2582  read(3, "5", 1)                   = 1
2582  read(3, " ", 1)                   = 1
2582  read(3, "<", 1)                   = 1
2582  read(3, ".", 1)                   = 1
2582  read(3, ".", 1)                   = 1
2582  read(3, ".", 1)                   = 1
2582  read(3, " ", 1)                   = 1
2582  read(3, "r", 1)                   = 1
2582  read(3, "e", 1)                   = 1
2582  read(3, "a", 1)                   = 1
2582  read(3, "d", 1)                   = 1
2582  read(3, " ", 1)                   = 1
2582  read(3, "r", 1)                   = 1
2582  read(3, "e", 1)                   = 1
2582  read(3, "s", 1)                   = 1
2582  read(3, "u", 1)                   = 1
2582  read(3, "m", 1)                   = 1
2582  read(3, "e", 1)                   = 1
2582  read(3, "d", 1)                   = 1
2582  read(3, ">", 1)                   = 1
2582  read(3, "\"", 1)                  = 1
2582  read(3, "1", 1)                   = 1
2582  read(3, "6", 1)                   = 1
2582  read(3, "\\", 1)                  = 1
2582  read(3, "n", 1)                   = 1
2582  read(3, "\"", 1)                  = 1
2582  read(3, ",", 1)                   = 1
2582  read(3, " ", 1)                   = 1
2582  read(3, "4", 1)                   = 1
2582  read(3, "0", 1)                   = 1
2582  read(3, "9", 1)                   = 1
2582  read(3, "6", 1)                   = 1
2582  read(3, ")", 1)                   = 1
2582  read(3, " ", 1)                   = 1
2582  read(3, " ", 1)                   = 1
2582  read(3, "=", 1)                   = 1
2582  read(3, " ", 1)                   = 1
2582  read(3, "3", 1)                   = 1
2582  read(3, "\n", 1)                  = 1
2582  write(6, "44\n", 3)               = 3
2582  write(6, "372475 <... read resumed>\"16\\n\","..., 44) = 44
2582  read(3, "3", 1)                   = 1
2582  read(3, "7", 1)                   = 1
2582  read(3, "2", 1)                   = 1
2582  read(3, "4", 1)                   = 1
2582  read(3, "7", 1)                   = 1
2582  read(3, "4", 1)                   = 1
2582  read(3, " ", 1)                   = 1
2582  read(3, "w", 1)                   = 1
2582  read(3, "r", 1)                   = 1
2582  read(3, "i", 1)                   = 1
2582  read(3, "t", 1)                   = 1
2582  read(3, "e", 1)                   = 1
2582  read(3, "(", 1)                   = 1
2582  read(3, "6", 1)                   = 1
2582  read(3, ",", 1)                   = 1
2582  read(3, " ", 1)                   = 1
2582  read(3, "\"", 1)                  = 1
2582  read(3, "e", 1)                   = 1
2582  read(3, "n", 1)                   = 1
2582  read(3, "c", 1)                   = 1
2582  read(3, "d", 1)                   = 1
2582  read(3, "r", 1)                   = 1
2582  read(3, "v", 1)                   = 1
2582  read(3, ":", 1)                   = 1
2582  read(3, "e", 1)                   = 1
2582  read(3, "n", 1)                   = 1
2582  read(3, "c", 1)                   = 1
2582  read(3, "d", 1)                   = 1
2582  read(3, "r", 1)                   = 1
2582  read(3, "v", 1)                   = 1
2582  read(3, ".", 1)                   = 1
2582  read(3, "c", 1)                   = 1
2582  read(3, "\\", 1)                  = 1
2582  read(3, "n", 1)                   = 1
2582  read(3, "\"", 1)                  = 1
2582  read(3, ",", 1)                   = 1
2582  read(3, " ", 1)                   = 1
2582  read(3, "1", 1)                   = 1
2582  read(3, "6", 1)                   = 1
2582  read(3, " ", 1)                   = 1
2582  read(3, "<", 1)                   = 1
2582  read(3, "u", 1)                   = 1
2582  read(3, "n", 1)                   = 1
2582  read(3, "f", 1)                   = 1
2582  read(3, "i", 1)                   = 1
2582  read(3, "n", 1)                   = 1
2582  read(3, "i", 1)                   = 1
2582  read(3, "s", 1)                   = 1
2582  read(3, "h", 1)                   = 1
2582  read(3, "e", 1)                   = 1
2582  read(3, "d", 1)                   = 1
2582  read(3, " ", 1)                   = 1
2582  read(3, ".", 1)                   = 1
2582  read(3, ".", 1)                   = 1
2582  read(3, ".", 1)                   = 1
2582  read(3, ">", 1)                   = 1
2582  read(3, "\n", 1)                  = 1
2582  write(6, "57\n", 3)               = 3
2582  write(6, "372474 write(6, \"encdrv:encdrv.c"..., 57) = 57
2582  read(3, "3", 1)                   = 1
2582  read(3, "7", 1)                   = 1
2582  read(3, "2", 1)                   = 1
2582  read(3, "4", 1)                   = 1
2582  read(3, "7", 1)                   = 1
2582  read(3, "5", 1)                   = 1
2582  read(3, " ", 1)                   = 1
2582  read(3, "r", 1)                   = 1
2582  read(3, "e", 1)                   = 1
2582  read(3, "a", 1)                   = 1
2582  read(3, "d", 1)                   = 1
2582  read(3, "(", 1)                   = 1
2582  read(3, "0", 1)                   = 1
2582  read(3, ",", 1)                   = 1
2582  read(3, " ", 1)                   = 1
2582  read(3, " ", 1)                   = 1
2582  read(3, "<", 1)                   = 1
2582  read(3, "u", 1)                   = 1
2582  read(3, "n", 1)                   = 1
2582  read(3, "f", 1)                   = 1
2582  read(3, "i", 1)                   = 1
2582  read(3, "n", 1)                   = 1
2582  read(3, "i", 1)                   = 1
2582  read(3, "s", 1)                   = 1
2582  read(3, "h", 1)                   = 1
2582  read(3, "e", 1)                   = 1
2582  read(3, "d", 1)                   = 1
2582  read(3, " ", 1)                   = 1
2582  read(3, ".", 1)                   = 1
2582  read(3, ".", 1)                   = 1
2582  read(3, ".", 1)                   = 1
2582  read(3, ">", 1)                   = 1
2582  read(3, "\n", 1)                  = 1
2582  write(6, "33\n", 3)               = 3
2582  write(6, "372475 read(0,  <unfinished ...>"..., 33) = 33
2582  read(3, "3", 1)                   = 1
2582  read(3, "7", 1)                   = 1
2582  read(3, "2", 1)                   = 1
2582  read(3, "4", 1)                   = 1
2582  read(3, "7", 1)                   = 1
2582  read(3, "4", 1)                   = 1
2582  read(3, " ", 1)                   = 1
2582  read(3, "<", 1)                   = 1
2582  read(3, ".", 1)                   = 1
2582  read(3, ".", 1)                   = 1
2582  read(3, ".", 1)                   = 1
2582  read(3, " ", 1)                   = 1
2582  read(3, "w", 1)                   = 1
2582  read(3, "r", 1)                   = 1
2582  read(3, "i", 1)                   = 1
2582  read(3, "t", 1)                   = 1
2582  read(3, "e", 1)                   = 1
2582  read(3, " ", 1)                   = 1
2582  read(3, "r", 1)                   = 1
2582  read(3, "e", 1)                   = 1
2582  read(3, "s", 1)                   = 1
2582  read(3, "u", 1)                   = 1
2582  read(3, "m", 1)                   = 1
2582  read(3, "e", 1)                   = 1
2582  read(3, "d", 1)                   = 1
2582  read(3, ">", 1)                   = 1
2582  read(3, ")", 1)                   = 1
2582  read(3, " ", 1)                   = 1
2582  read(3, " ", 1)                   = 1
2582  read(3, " ", 1)                   = 1
2582  read(3, " ", 1)                   = 1
2582  read(3, " ", 1)                   = 1
2582  read(3, " ", 1)                   = 1
2582  read(3, " ", 1)                   = 1
2582  read(3, " ", 1)                   = 1
2582  read(3, " ", 1)                   = 1
2582  read(3, " ", 1)                   = 1
2582  read(3, " ", 1)                   = 1
2582  read(3, " ", 1)                   = 1
2582  read(3, " ", 1)                   = 1
2582  read(3, "=", 1)                   = 1
2582  read(3, " ", 1)                   = 1
2582  read(3, "1", 1)                   = 1
2582  read(3, "6", 1)                   = 1
2582  read(3, "\n", 1)                  = 1
2582  write(6, "45\n", 3)               = 3
2582  write(6, "372474 <... write resumed>)     "..., 45) = 45
2582  read(3, "3", 1)                   = 1
2582  read(3, "7", 1)                   = 1
2582  read(3, "2", 1)                   = 1
2582  read(3, "4", 1)                   = 1
2582  read(3, "7", 1)                   = 1
2582  read(3, "5", 1)                   = 1
2582  read(3, " ", 1)                   = 1
2582  read(3, "<", 1)                   = 1
2582  read(3, ".", 1)                   = 1
2582  read(3, ".", 1)                   = 1
2582  read(3, ".", 1)                   = 1
2582  read(3, " ", 1)                   = 1
2582  read(3, "r", 1)                   = 1
2582  read(3, "e", 1)                   = 1
2582  read(3, "a", 1)                   = 1
2582  read(3, "d", 1)                   = 1
2582  read(3, " ", 1)                   = 1
2582  read(3, "r", 1)                   = 1
2582  read(3, "e", 1)                   = 1
2582  read(3, "s", 1)                   = 1
2582  read(3, "u", 1)                   = 1
2582  read(3, "m", 1)                   = 1
2582  read(3, "e", 1)                   = 1
2582  read(3, "d", 1)                   = 1
2582  read(3, ">", 1)                   = 1
2582  read(3, "\"", 1)                  = 1
2582  read(3, "e", 1)                   = 1
2582  read(3, "n", 1)                   = 1
2582  read(3, "c", 1)                   = 1
2582  read(3, "d", 1)                   = 1
2582  read(3, "r", 1)                   = 1
2582  read(3, "v", 1)                   = 1
2582  read(3, ":", 1)                   = 1
2582  read(3, "e", 1)                   = 1
2582  read(3, "n", 1)                   = 1
2582  read(3, "c", 1)                   = 1
2582  read(3, "d", 1)                   = 1
2582  read(3, "r", 1)                   = 1
2582  read(3, "v", 1)                   = 1
2582  read(3, ".", 1)                   = 1
2582  read(3, "c", 1)                   = 1
2582  read(3, "\\", 1)                  = 1
2582  read(3, "n", 1)                   = 1
2582  read(3, "\"", 1)                  = 1
2582  read(3, ",", 1)                   = 1
2582  read(3, " ", 1)                   = 1
2582  read(3, "4", 1)                   = 1
2582  read(3, "0", 1)                   = 1
2582  read(3, "9", 1)                   = 1
2582  read(3, "6", 1)                   = 1
2582  read(3, ")", 1)                   = 1
2582  read(3, " ", 1)                   = 1
2582  read(3, "=", 1)                   = 1
2582  read(3, " ", 1)                   = 1
2582  read(3, "1", 1)                   = 1
2582  read(3, "6", 1)                   = 1
2582  read(3, "\n", 1)                  = 1
2582  write(6, "57\n", 3)               = 3
2582  write(6, "372475 <... read resumed>\"encdrv"..., 57) = 57
2582  read(3, "3", 1)                   = 1
2582  read(3, "7", 1)                   = 1
2582  read(3, "2", 1)                   = 1
2582  read(3, "4", 1)                   = 1
2582  read(3, "7", 1)                   = 1
2582  read(3, "4", 1)                   = 1
2582  read(3, " ", 1)                   = 1
2582  read(3, "r", 1)                   = 1
2582  read(3, "e", 1)                   = 1
2582  read(3, "a", 1)                   = 1
2582  read(3, "d", 1)                   = 1
2582  read(3, "(", 1)                   = 1
2582  read(3, "7", 1)                   = 1
2582  read(3, ",", 1)                   = 1
2582  read(3, " ", 1)                   = 1
2582  read(3, " ", 1)                   = 1
2582  read(3, "<", 1)                   = 1
2582  read(3, "u", 1)                   = 1
2582  read(3, "n", 1)                   = 1
2582  read(3, "f", 1)                   = 1
2582  read(3, "i", 1)                   = 1
2582  read(3, "n", 1)                   = 1
2582  read(3, "i", 1)                   = 1
2582  read(3, "s", 1)                   = 1
2582  read(3, "h", 1)                   = 1
2582  read(3, "e", 1)                   = 1
2582  read(3, "d", 1)                   = 1
2582  read(3, " ", 1)                   = 1
2582  read(3, ".", 1)                   = 1
2582  read(3, ".", 1)                   = 1
2582  read(3, ".", 1)                   = 1
2582  read(3, ">", 1)                   = 1
2582  read(3, "\n", 1)                  = 1
2582  write(6, "33\n", 3)               = 3
2582  write(6, "372474 read(7,  <unfinished ...>"..., 33) = 33
2582  read(3, "3", 1)                   = 1
2582  read(3, "7", 1)                   = 1
2582  read(3, "2", 1)                   = 1
2582  read(3, "4", 1)                   = 1
2582  read(3, "7", 1)                   = 1
2582  read(3, "5", 1)                   = 1
2582  read(3, " ", 1)                   = 1
2582  read(3, "w", 1)                   = 1
2582  read(3, "r", 1)                   = 1
2582  read(3, "i", 1)                   = 1
2582  read(3, "t", 1)                   = 1
2582  read(3, "e", 1)                   = 1
2582  read(3, "(", 1)                   = 1
2582  read(3, "1", 1)                   = 1
2582  read(3, ",", 1)                   = 1
2582  read(3, " ", 1)                   = 1
2582  read(3, "\"", 1)                  = 1
2582  read(3, "1", 1)                   = 1
2582  read(3, "6", 1)                   = 1
2582  read(3, "\\", 1)                  = 1
2582  read(3, "n", 1)                   = 1
2582  read(3, "u", 1)                   = 1
2582  read(3, "~", 1)                   = 1
2582  read(3, "s", 1)                   = 1
2582  read(3, "t", 1)                   = 1
2582  read(3, "b", 1)                   = 1
2582  read(3, "f", 1)                   = 1
2582  read(3, "*", 1)                   = 1
2582  read(3, "u", 1)                   = 1
2582  read(3, "~", 1)                   = 1
2582  read(3, "s", 1)                   = 1
2582  read(3, "t", 1)                   = 1
2582  read(3, "b", 1)                   = 1
2582  read(3, "f", 1)                   = 1
2582  read(3, ">", 1)                   = 1
2582  read(3, "s", 1)                   = 1
2582  read(3, "\\", 1)                  = 1
2582  read(3, "3", 1)                   = 1
2582  read(3, "2", 1)                   = 1
2582  read(3, "\"", 1)                  = 1
2582  read(3, ",", 1)                   = 1
2582  read(3, " ", 1)                   = 1
2582  read(3, "1", 1)                   = 1
2582  read(3, "9", 1)                   = 1
2582  read(3, " ", 1)                   = 1
2582  read(3, "<", 1)                   = 1
2582  read(3, "u", 1)                   = 1
2582  read(3, "n", 1)                   = 1
2582  read(3, "f", 1)                   = 1
2582  read(3, "i", 1)                   = 1
2582  read(3, "n", 1)                   = 1
2582  read(3, "i", 1)                   = 1
2582  read(3, "s", 1)                   = 1
2582  read(3, "h", 1)                   = 1
2582  read(3, "e", 1)                   = 1
2582  read(3, "d", 1)                   = 1
2582  read(3, " ", 1)                   = 1
2582  read(3, ".", 1)                   = 1
2582  read(3, ".", 1)                   = 1
2582  read(3, ".", 1)                   = 1
2582  read(3, ">", 1)                   = 1
2582  read(3, "\n", 1)                  = 1
2582  write(6, "62\n", 3)               = 3
2582  write(6, "372475 write(1, \"16\\nu~stbf*u~st"..., 62) = 62
2582  read(3, "3", 1)                   = 1
2582  read(3, "7", 1)                   = 1
2582  read(3, "2", 1)                   = 1
2582  read(3, "4", 1)                   = 1
2582  read(3, "7", 1)                   = 1
2582  read(3, "4", 1)                   = 1
2582  read(3, " ", 1)                   = 1
2582  read(3, "<", 1)                   = 1
2582  read(3, ".", 1)                   = 1
2582  read(3, ".", 1)                   = 1
2582  read(3, ".", 1)                   = 1
2582  read(3, " ", 1)                   = 1
2582  read(3, "r", 1)                   = 1
2582  read(3, "e", 1)                   = 1
2582  read(3, "a", 1)                   = 1
2582  read(3, "d", 1)                   = 1
2582  read(3, " ", 1)                   = 1
2582  read(3, "r", 1)                   = 1
2582  read(3, "e", 1)                   = 1
2582  read(3, "s", 1)                   = 1
2582  read(3, "u", 1)                   = 1
2582  read(3, "m", 1)                   = 1
2582  read(3, "e", 1)                   = 1
2582  read(3, "d", 1)                   = 1
2582  read(3, ">", 1)                   = 1
2582  read(3, "\"", 1)                  = 1
2582  read(3, "1", 1)                   = 1
2582  read(3, "6", 1)                   = 1
2582  read(3, "\\", 1)                  = 1
2582  read(3, "n", 1)                   = 1
2582  read(3, "u", 1)                   = 1
2582  read(3, "~", 1)                   = 1
2582  read(3, "s", 1)                   = 1
2582  read(3, "t", 1)                   = 1
2582  read(3, "b", 1)                   = 1
2582  read(3, "f", 1)                   = 1
2582  read(3, "*", 1)                   = 1
2582  read(3, "u", 1)                   = 1
2582  read(3, "~", 1)                   = 1
2582  read(3, "s", 1)                   = 1
2582  read(3, "t", 1)                   = 1
2582  read(3, "b", 1)                   = 1
2582  read(3, "f", 1)                   = 1
2582  read(3, ">", 1)                   = 1
2582  read(3, "s", 1)                   = 1
2582  read(3, "\\", 1)                  = 1
2582  read(3, "3", 1)                   = 1
2582  read(3, "2", 1)                   = 1
2582  read(3, "\"", 1)                  = 1
2582  read(3, ",", 1)                   = 1
2582  read(3, " ", 1)                   = 1
2582  read(3, "1", 1)                   = 1
2582  read(3, "9", 1)                   = 1
2582  read(3, ")", 1)                   = 1
2582  read(3, " ", 1)                   = 1
2582  read(3, "=", 1)                   = 1
2582  read(3, " ", 1)                   = 1
2582  read(3, "1", 1)                   = 1
2582  read(3, "9", 1)                   = 1
2582  read(3, "\n", 1)                  = 1
2582  write(6, "60\n", 3)               = 3
2582  write(6, "372474 <... read resumed>\"16\\nu~"..., 60) = 60
2582  read(3, "3", 1)                   = 1
2582  read(3, "7", 1)                   = 1
2582  read(3, "2", 1)                   = 1
2582  read(3, "4", 1)                   = 1
2582  read(3, "7", 1)                   = 1
2582  read(3, "5", 1)                   = 1
2582  read(3, " ", 1)                   = 1
2582  read(3, "<", 1)                   = 1
2582  read(3, ".", 1)                   = 1
2582  read(3, ".", 1)                   = 1
2582  read(3, ".", 1)                   = 1
2582  read(3, " ", 1)                   = 1
2582  read(3, "w", 1)                   = 1
2582  read(3, "r", 1)                   = 1
2582  read(3, "i", 1)                   = 1
2582  read(3, "t", 1)                   = 1
2582  read(3, "e", 1)                   = 1
2582  read(3, " ", 1)                   = 1
2582  read(3, "r", 1)                   = 1
2582  read(3, "e", 1)                   = 1
2582  read(3, "s", 1)                   = 1
2582  read(3, "u", 1)                   = 1
2582  read(3, "m", 1)                   = 1
2582  read(3, "e", 1)                   = 1
2582  read(3, "d", 1)                   = 1
2582  read(3, ">", 1)                   = 1
2582  read(3, ")", 1)                   = 1
2582  read(3, " ", 1)                   = 1
2582  read(3, " ", 1)                   = 1
2582  read(3, " ", 1)                   = 1
2582  read(3, " ", 1)                   = 1
2582  read(3, " ", 1)                   = 1
2582  read(3, " ", 1)                   = 1
2582  read(3, " ", 1)                   = 1
2582  read(3, " ", 1)                   = 1
2582  read(3, " ", 1)                   = 1
2582  read(3, " ", 1)                   = 1
2582  read(3, " ", 1)                   = 1
2582  read(3, " ", 1)                   = 1
2582  read(3, " ", 1)                   = 1
2582  read(3, "=", 1)                   = 1
2582  read(3, " ", 1)                   = 1
2582  read(3, "1", 1)                   = 1
2582  read(3, "9", 1)                   = 1
2582  read(3, "\n", 1)                  = 1
2582  write(6, "45\n", 3)               = 3
2582  write(6, "372475 <... write resumed>)     "..., 45) = 45
2582  read(3, "3", 1)                   = 1
2582  read(3, "7", 1)                   = 1
2582  read(3, "2", 1)                   = 1
2582  read(3, "4", 1)                   = 1
2582  read(3, "7", 1)                   = 1
2582  read(3, "4", 1)                   = 1
2582  read(3, " ", 1)                   = 1
2582  read(3, "w", 1)                   = 1
2582  read(3, "r", 1)                   = 1
2582  read(3, "i", 1)                   = 1
2582  read(3, "t", 1)                   = 1
2582  read(3, "e", 1)                   = 1
2582  read(3, "(", 1)                   = 1
2582  read(3, "4", 1)                   = 1
2582  read(3, ",", 1)                   = 1
2582  read(3, " ", 1)                   = 1
2582  read(3, "\"", 1)                  = 1
2582  read(3, "1", 1)                   = 1
2582  read(3, "6", 1)                   = 1
2582  read(3, "\\", 1)                  = 1
2582  read(3, "n", 1)                   = 1
2582  read(3, "u", 1)                   = 1
2582  read(3, "~", 1)                   = 1
2582  read(3, "s", 1)                   = 1
2582  read(3, "t", 1)                   = 1
2582  read(3, "b", 1)                   = 1
2582  read(3, "f", 1)                   = 1
2582  read(3, "*", 1)                   = 1
2582  read(3, "u", 1)                   = 1
2582  read(3, "~", 1)                   = 1
2582  read(3, "s", 1)                   = 1
2582  read(3, "t", 1)                   = 1
2582  read(3, "b", 1)                   = 1
2582  read(3, "f", 1)                   = 1
2582  read(3, ">", 1)                   = 1
2582  read(3, "s", 1)                   = 1
2582  read(3, "\\", 1)                  = 1
2582  read(3, "3", 1)                   = 1
2582  read(3, "2", 1)                   = 1
2582  read(3, "\"", 1)                  = 1
2582  read(3, ",", 1)                   = 1
2582  read(3, " ", 1)                   = 1
2582  read(3, "1", 1)                   = 1
2582  read(3, "9", 1)                   = 1
2582  read(3, " ", 1)                   = 1
2582  read(3, "<", 1)                   = 1
2582  read(3, "u", 1)                   = 1
2582  read(3, "n", 1)                   = 1
2582  read(3, "f", 1)                   = 1
2582  read(3, "i", 1)                   = 1
2582  read(3, "n", 1)                   = 1
2582  read(3, "i", 1)                   = 1
2582  read(3, "s", 1)                   = 1
2582  read(3, "h", 1)                   = 1
2582  read(3, "e", 1)                   = 1
2582  read(3, "d", 1)                   = 1
2582  read(3, " ", 1)                   = 1
2582  read(3, ".", 1)                   = 1
2582  read(3, ".", 1)                   = 1
2582  read(3, ".", 1)                   = 1
2582  read(3, ">", 1)                   = 1
2582  read(3, "\n", 1)                  = 1
2582  write(6, "62\n", 3)               = 3
2582  write(6, "372474 write(4, \"16\\nu~stbf*u~st"..., 62) = 62
2582  read(3, "3", 1)                   = 1
2582  read(3, "7", 1)                   = 1
2582  read(3, "2", 1)                   = 1
2582  read(3, "4", 1)                   = 1
2582  read(3, "7", 1)                   = 1
2582  read(3, "5", 1)                   = 1
2582  read(3, " ", 1)                   = 1
2582  read(3, "r", 1)                   = 1
2582  read(3, "e", 1)                   = 1
2582  read(3, "a", 1)                   = 1
2582  read(3, "d", 1)                   = 1
2582  read(3, "(", 1)                   = 1
2582  read(3, "0", 1)                   = 1
2582  read(3, ",", 1)                   = 1
2582  read(3, " ", 1)                   = 1
2582  read(3, " ", 1)                   = 1
2582  read(3, "<", 1)                   = 1
2582  read(3, "u", 1)                   = 1
2582  read(3, "n", 1)                   = 1
2582  read(3, "f", 1)                   = 1
2582  read(3, "i", 1)                   = 1
2582  read(3, "n", 1)                   = 1
2582  read(3, "i", 1)                   = 1
2582  read(3, "s", 1)                   = 1
2582  read(3, "h", 1)                   = 1
2582  read(3, "e", 1)                   = 1
2582  read(3, "d", 1)                   = 1
2582  read(3, " ", 1)                   = 1
2582  read(3, ".", 1)                   = 1
2582  read(3, ".", 1)                   = 1
2582  read(3, ".", 1)                   = 1
2582  read(3, ">", 1)                   = 1
2582  read(3, "\n", 1)                  = 1
2582  write(6, "33\n", 3)               = 3
2582  write(6, "372475 read(0,  <unfinished ...>"..., 33) = 33
2582  read(3, "3", 1)                   = 1
2582  read(3, "7", 1)                   = 1
2582  read(3, "2", 1)                   = 1
2582  read(3, "4", 1)                   = 1
2582  read(3, "7", 1)                   = 1
2582  read(3, "4", 1)                   = 1
2582  read(3, " ", 1)                   = 1
2582  read(3, "<", 1)                   = 1
2582  read(3, ".", 1)                   = 1
2582  read(3, ".", 1)                   = 1
2582  read(3, ".", 1)                   = 1
2582  read(3, " ", 1)                   = 1
2582  read(3, "w", 1)                   = 1
2582  read(3, "r", 1)                   = 1
2582  read(3, "i", 1)                   = 1
2582  read(3, "t", 1)                   = 1
2582  read(3, "e", 1)                   = 1
2582  read(3, " ", 1)                   = 1
2582  read(3, "r", 1)                   = 1
2582  read(3, "e", 1)                   = 1
2582  read(3, "s", 1)                   = 1
2582  read(3, "u", 1)                   = 1
2582  read(3, "m", 1)                   = 1
2582  read(3, "e", 1)                   = 1
2582  read(3, "d", 1)                   = 1
2582  read(3, ">", 1)                   = 1
2582  read(3, ")", 1)                   = 1
2582  read(3, " ", 1)                   = 1
2582  read(3, " ", 1)                   = 1
2582  read(3, " ", 1)                   = 1
2582  read(3, " ", 1)                   = 1
2582  read(3, " ", 1)                   = 1
2582  read(3, " ", 1)                   = 1
2582  read(3, " ", 1)                   = 1
2582  read(3, " ", 1)                   = 1
2582  read(3, " ", 1)                   = 1
2582  read(3, " ", 1)                   = 1
2582  read(3, " ", 1)                   = 1
2582  read(3, " ", 1)                   = 1
2582  read(3, " ", 1)                   = 1
2582  read(3, "=", 1)                   = 1
2582  read(3, " ", 1)                   = 1
2582  read(3, "1", 1)                   = 1
2582  read(3, "9", 1)                   = 1
2582  read(3, "\n", 1)                  = 1
2582  write(6, "45\n", 3)               = 3
2582  write(6, "372474 <... write resumed>)     "..., 45) = 45
2582  read(3, "3", 1)                   = 1
2582  read(3, "7", 1)                   = 1
2582  read(3, "2", 1)                   = 1
2582  read(3, "4", 1)                   = 1
2582  read(3, "7", 1)                   = 1
2582  read(3, "4", 1)                   = 1
2582  read(3, " ", 1)                   = 1
2582  read(3, "w", 1)                   = 1
2582  read(3, "r", 1)                   = 1
2582  read(3, "i", 1)                   = 1
2582  read(3, "t", 1)                   = 1
2582  read(3, "e", 1)                   = 1
2582  read(3, "(", 1)                   = 1
2582  read(3, "6", 1)                   = 1
2582  read(3, ",", 1)                   = 1
2582  read(3, " ", 1)                   = 1
2582  read(3, "\"", 1)                  = 1
2582  read(3, "2", 1)                   = 1
2582  read(3, "4", 1)                   = 1
2582  read(3, "\\", 1)                  = 1
2582  read(3, "n", 1)                   = 1
2582  read(3, "\"", 1)                  = 1
2582  read(3, ",", 1)                   = 1
2582  read(3, " ", 1)                   = 1
2582  read(3, "3", 1)                   = 1
2582  read(3, ")", 1)                   = 1
2582  read(3, " ", 1)                   = 1
2582  read(3, " ", 1)                   = 1
2582  read(3, " ", 1)                   = 1
2582  read(3, " ", 1)                   = 1
2582  read(3, " ", 1)                   = 1
2582  read(3, " ", 1)                   = 1
2582  read(3, " ", 1)                   = 1
2582  read(3, " ", 1)                   = 1
2582  read(3, " ", 1)                   = 1
2582  read(3, " ", 1)                   = 1
2582  read(3, " ", 1)                   = 1
2582  read(3, " ", 1)                   = 1
2582  read(3, " ", 1)                   = 1
2582  read(3, " ", 1)                   = 1
2582  read(3, "=", 1)                   = 1
2582  read(3, " ", 1)                   = 1
2582  read(3, "3", 1)                   = 1
2582  read(3, "\n", 1)                  = 1
2582  write(6, "44\n", 3)               = 3
2582  write(6, "372474 write(6, \"24\\n\", 3)      "..., 44) = 44
2582  read(3, "3", 1)                   = 1
2582  read(3, "7", 1)                   = 1
2582  read(3, "2", 1)                   = 1
2582  read(3, "4", 1)                   = 1
2582  read(3, "7", 1)                   = 1
2582  read(3, "5", 1)                   = 1
2582  read(3, " ", 1)                   = 1
2582  read(3, "<", 1)                   = 1
2582  read(3, ".", 1)                   = 1
2582  read(3, ".", 1)                   = 1
2582  read(3, ".", 1)                   = 1
2582  read(3, " ", 1)                   = 1
2582  read(3, "r", 1)                   = 1
2582  read(3, "e", 1)                   = 1
2582  read(3, "a", 1)                   = 1
2582  read(3, "d", 1)                   = 1
2582  read(3, " ", 1)                   = 1
2582  read(3, "r", 1)                   = 1
2582  read(3, "e", 1)                   = 1
2582  read(3, "s", 1)                   = 1
2582  read(3, "u", 1)                   = 1
2582  read(3, "m", 1)                   = 1
2582  read(3, "e", 1)                   = 1
2582  read(3, "d", 1)                   = 1
2582  read(3, ">", 1)                   = 1
2582  read(3, "\"", 1)                  = 1
2582  read(3, "2", 1)                   = 1
2582  read(3, "4", 1)                   = 1
2582  read(3, "\\", 1)                  = 1
2582  read(3, "n", 1)                   = 1
2582  read(3, "\"", 1)                  = 1
2582  read(3, ",", 1)                   = 1
2582  read(3, " ", 1)                   = 1
2582  read(3, "4", 1)                   = 1
2582  read(3, "0", 1)                   = 1
2582  read(3, "9", 1)                   = 1
2582  read(3, "6", 1)                   = 1
2582  read(3, ")", 1)                   = 1
2582  read(3, " ", 1)                   = 1
2582  read(3, " ", 1)                   = 1
2582  read(3, "=", 1)                   = 1
2582  read(3, " ", 1)                   = 1
2582  read(3, "3", 1)                   = 1
2582  read(3, "\n", 1)                  = 1
2582  write(6, "44\n", 3)               = 3
2582  write(6, "372475 <... read resumed>\"24\\n\","..., 44) = 44
2582  read(3, "3", 1)                   = 1
2582  read(3, "7", 1)                   = 1
2582  read(3, "2", 1)                   = 1
2582  read(3, "4", 1)                   = 1
2582  read(3, "7", 1)                   = 1
2582  read(3, "4", 1)                   = 1
2582  read(3, " ", 1)                   = 1
2582  read(3, "w", 1)                   = 1
2582  read(3, "r", 1)                   = 1
2582  read(3, "i", 1)                   = 1
2582  read(3, "t", 1)                   = 1
2582  read(3, "e", 1)                   = 1
2582  read(3, "(", 1)                   = 1
2582  read(3, "6", 1)                   = 1
2582  read(3, ",", 1)                   = 1
2582  read(3, " ", 1)                   = 1
2582  read(3, "\"", 1)                  = 1
2582  read(3, "\\", 1)                  = 1
2582  read(3, "t", 1)                   = 1
2582  read(3, "g", 1)                   = 1
2582  read(3, "c", 1)                   = 1
2582  read(3, "c", 1)                   = 1
2582  read(3, " ", 1)                   = 1
2582  read(3, "e", 1)                   = 1
2582  read(3, "n", 1)                   = 1
2582  read(3, "c", 1)                   = 1
2582  read(3, "d", 1)                   = 1
2582  read(3, "r", 1)                   = 1
2582  read(3, "v", 1)                   = 1
2582  read(3, ".", 1)                   = 1
2582  read(3, "c", 1)                   = 1
2582  read(3, " ", 1)                   = 1
2582  read(3, "-", 1)                   = 1
2582  read(3, "o", 1)                   = 1
2582  read(3, " ", 1)                   = 1
2582  read(3, "e", 1)                   = 1
2582  read(3, "n", 1)                   = 1
2582  read(3, "c", 1)                   = 1
2582  read(3, "d", 1)                   = 1
2582  read(3, "r", 1)                   = 1
2582  read(3, "v", 1)                   = 1
2582  read(3, "\\", 1)                  = 1
2582  read(3, "n", 1)                   = 1
2582  read(3, "\"", 1)                  = 1
2582  read(3, ",", 1)                   = 1
2582  read(3, " ", 1)                   = 1
2582  read(3, "2", 1)                   = 1
2582  read(3, "4", 1)                   = 1
2582  read(3, " ", 1)                   = 1
2582  read(3, "<", 1)                   = 1
2582  read(3, "u", 1)                   = 1
2582  read(3, "n", 1)                   = 1
2582  read(3, "f", 1)                   = 1
2582  read(3, "i", 1)                   = 1
2582  read(3, "n", 1)                   = 1
2582  read(3, "i", 1)                   = 1
2582  read(3, "s", 1)                   = 1
2582  read(3, "h", 1)                   = 1
2582  read(3, "e", 1)                   = 1
2582  read(3, "d", 1)                   = 1
2582  read(3, " ", 1)                   = 1
2582  read(3, ".", 1)                   = 1
2582  read(3, ".", 1)                   = 1
2582  read(3, ".", 1)                   = 1
2582  read(3, ">", 1)                   = 1
2582  read(3, "\n", 1)                  = 1
2582  write(6, "66\n", 3)               = 3
2582  write(6, "372474 write(6, \"\\tgcc encdrv.c "..., 66) = 66
2582  read(3, "3", 1)                   = 1
2582  read(3, "7", 1)                   = 1
2582  read(3, "2", 1)                   = 1
2582  read(3, "4", 1)                   = 1
2582  read(3, "7", 1)                   = 1
2582  read(3, "5", 1)                   = 1
2582  read(3, " ", 1)                   = 1
2582  read(3, "r", 1)                   = 1
2582  read(3, "e", 1)                   = 1
2582  read(3, "a", 1)                   = 1
2582  read(3, "d", 1)                   = 1
2582  read(3, "(", 1)                   = 1
2582  read(3, "0", 1)                   = 1
2582  read(3, ",", 1)                   = 1
2582  read(3, " ", 1)                   = 1
2582  read(3, " ", 1)                   = 1
2582  read(3, "<", 1)                   = 1
2582  read(3, "u", 1)                   = 1
2582  read(3, "n", 1)                   = 1
2582  read(3, "f", 1)                   = 1
2582  read(3, "i", 1)                   = 1
2582  read(3, "n", 1)                   = 1
2582  read(3, "i", 1)                   = 1
2582  read(3, "s", 1)                   = 1
2582  read(3, "h", 1)                   = 1
2582  read(3, "e", 1)                   = 1
2582  read(3, "d", 1)                   = 1
2582  read(3, " ", 1)                   = 1
2582  read(3, ".", 1)                   = 1
2582  read(3, ".", 1)                   = 1
2582  read(3, ".", 1)                   = 1
2582  read(3, ">", 1)                   = 1
2582  read(3, "\n", 1)                  = 1
2582  write(6, "33\n", 3)               = 3
2582  write(6, "372475 read(0,  <unfinished ...>"..., 33) = 33
2582  read(3, "3", 1)                   = 1
2582  read(3, "7", 1)                   = 1
2582  read(3, "2", 1)                   = 1
2582  read(3, "4", 1)                   = 1
2582  read(3, "7", 1)                   = 1
2582  read(3, "4", 1)                   = 1
2582  read(3, " ", 1)                   = 1
2582  read(3, "<", 1)                   = 1
2582  read(3, ".", 1)                   = 1
2582  read(3, ".", 1)                   = 1
2582  read(3, ".", 1)                   = 1
2582  read(3, " ", 1)                   = 1
2582  read(3, "w", 1)                   = 1
2582  read(3, "r", 1)                   = 1
2582  read(3, "i", 1)                   = 1
2582  read(3, "t", 1)                   = 1
2582  read(3, "e", 1)                   = 1
2582  read(3, " ", 1)                   = 1
2582  read(3, "r", 1)                   = 1
2582  read(3, "e", 1)                   = 1
2582  read(3, "s", 1)                   = 1
2582  read(3, "u", 1)                   = 1
2582  read(3, "m", 1)                   = 1
2582  read(3, "e", 1)                   = 1
2582  read(3, "d", 1)                   = 1
2582  read(3, ">", 1)                   = 1
2582  read(3, ")", 1)                   = 1
2582  read(3, " ", 1)                   = 1
2582  read(3, " ", 1)                   = 1
2582  read(3, " ", 1)                   = 1
2582  read(3, " ", 1)                   = 1
2582  read(3, " ", 1)                   = 1
2582  read(3, " ", 1)                   = 1
2582  read(3, " ", 1)                   = 1
2582  read(3, " ", 1)                   = 1
2582  read(3, " ", 1)                   = 1
2582  read(3, " ", 1)                   = 1
2582  read(3, " ", 1)                   = 1
2582  read(3, " ", 1)                   = 1
2582  read(3, " ", 1)                   = 1
2582  read(3, "=", 1)                   = 1
2582  read(3, " ", 1)                   = 1
2582  read(3, "2", 1)                   = 1
2582  read(3, "4", 1)                   = 1
2582  read(3, "\n", 1)                  = 1
2582  write(6, "45\n", 3)               = 3
2582  write(6, "372474 <... write resumed>)     "..., 45) = 45
2582  read(3, "3", 1)                   = 1
2582  read(3, "7", 1)                   = 1
2582  read(3, "2", 1)                   = 1
2582  read(3, "4", 1)                   = 1
2582  read(3, "7", 1)                   = 1
2582  read(3, "5", 1)                   = 1
2582  read(3, " ", 1)                   = 1
2582  read(3, "<", 1)                   = 1
2582  read(3, ".", 1)                   = 1
2582  read(3, ".", 1)                   = 1
2582  read(3, ".", 1)                   = 1
2582  read(3, " ", 1)                   = 1
2582  read(3, "r", 1)                   = 1
2582  read(3, "e", 1)                   = 1
2582  read(3, "a", 1)                   = 1
2582  read(3, "d", 1)                   = 1
2582  read(3, " ", 1)                   = 1
2582  read(3, "r", 1)                   = 1
2582  read(3, "e", 1)                   = 1
2582  read(3, "s", 1)                   = 1
2582  read(3, "u", 1)                   = 1
2582  read(3, "m", 1)                   = 1
2582  read(3, "e", 1)                   = 1
2582  read(3, "d", 1)                   = 1
2582  read(3, ">", 1)                   = 1
2582  read(3, "\"", 1)                  = 1
2582  read(3, "\\", 1)                  = 1
2582  read(3, "t", 1)                   = 1
2582  read(3, "g", 1)                   = 1
2582  read(3, "c", 1)                   = 1
2582  read(3, "c", 1)                   = 1
2582  read(3, " ", 1)                   = 1
2582  read(3, "e", 1)                   = 1
2582  read(3, "n", 1)                   = 1
2582  read(3, "c", 1)                   = 1
2582  read(3, "d", 1)                   = 1
2582  read(3, "r", 1)                   = 1
2582  read(3, "v", 1)                   = 1
2582  read(3, ".", 1)                   = 1
2582  read(3, "c", 1)                   = 1
2582  read(3, " ", 1)                   = 1
2582  read(3, "-", 1)                   = 1
2582  read(3, "o", 1)                   = 1
2582  read(3, " ", 1)                   = 1
2582  read(3, "e", 1)                   = 1
2582  read(3, "n", 1)                   = 1
2582  read(3, "c", 1)                   = 1
2582  read(3, "d", 1)                   = 1
2582  read(3, "r", 1)                   = 1
2582  read(3, "v", 1)                   = 1
2582  read(3, "\\", 1)                  = 1
2582  read(3, "n", 1)                   = 1
2582  read(3, "\"", 1)                  = 1
2582  read(3, ",", 1)                   = 1
2582  read(3, " ", 1)                   = 1
2582  read(3, "4", 1)                   = 1
2582  read(3, "0", 1)                   = 1
2582  read(3, "9", 1)                   = 1
2582  read(3, "6", 1)                   = 1
2582  read(3, ")", 1)                   = 1
2582  read(3, " ", 1)                   = 1
2582  read(3, "=", 1)                   = 1
2582  read(3, " ", 1)                   = 1
2582  read(3, "2", 1)                   = 1
2582  read(3, "4", 1)                   = 1
2582  read(3, "\n", 1)                  = 1
2582  write(6, "66\n", 3)               = 3
2582  write(6, "372475 <... read resumed>\"\\tgcc "..., 66) = 66
2582  read(3, "3", 1)                   = 1
2582  read(3, "7", 1)                   = 1
2582  read(3, "2", 1)                   = 1
2582  read(3, "4", 1)                   = 1
2582  read(3, "7", 1)                   = 1
2582  read(3, "4", 1)                   = 1
2582  read(3, " ", 1)                   = 1
2582  read(3, "r", 1)                   = 1
2582  read(3, "e", 1)                   = 1
2582  read(3, "a", 1)                   = 1
2582  read(3, "d", 1)                   = 1
2582  read(3, "(", 1)                   = 1
2582  read(3, "7", 1)                   = 1
2582  read(3, ",", 1)                   = 1
2582  read(3, " ", 1)                   = 1
2582  read(3, " ", 1)                   = 1
2582  read(3, "<", 1)                   = 1
2582  read(3, "u", 1)                   = 1
2582  read(3, "n", 1)                   = 1
2582  read(3, "f", 1)                   = 1
2582  read(3, "i", 1)                   = 1
2582  read(3, "n", 1)                   = 1
2582  read(3, "i", 1)                   = 1
2582  read(3, "s", 1)                   = 1
2582  read(3, "h", 1)                   = 1
2582  read(3, "e", 1)                   = 1
2582  read(3, "d", 1)                   = 1
2582  read(3, " ", 1)                   = 1
2582  read(3, ".", 1)                   = 1
2582  read(3, ".", 1)                   = 1
2582  read(3, ".", 1)                   = 1
2582  read(3, ">", 1)                   = 1
2582  read(3, "\n", 1)                  = 1
2582  write(6, "33\n", 3)               = 3
2582  write(6, "372474 read(7,  <unfinished ...>"..., 33) = 33
2582  read(3, "3", 1)                   = 1
2582  read(3, "7", 1)                   = 1
2582  read(3, "2", 1)                   = 1
2582  read(3, "4", 1)                   = 1
2582  read(3, "7", 1)                   = 1
2582  read(3, "5", 1)                   = 1
2582  read(3, " ", 1)                   = 1
2582  read(3, "w", 1)                   = 1
2582  read(3, "r", 1)                   = 1
2582  read(3, "i", 1)                   = 1
2582  read(3, "t", 1)                   = 1
2582  read(3, "e", 1)                   = 1
2582  read(3, "(", 1)                   = 1
2582  read(3, "1", 1)                   = 1
2582  read(3, ",", 1)                   = 1
2582  read(3, " ", 1)                   = 1
2582  read(3, "\"", 1)                  = 1
2582  read(3, "2", 1)                   = 1
2582  read(3, "4", 1)                   = 1
2582  read(3, "\\", 1)                  = 1
2582  read(3, "n", 1)                   = 1
2582  read(3, "\\", 1)                  = 1
2582  read(3, "2", 1)                   = 1
2582  read(3, "1", 1)                   = 1
2582  read(3, "\\", 1)                  = 1
2582  read(3, "1", 1)                   = 1
2582  read(3, "7", 1)                   = 1
2582  read(3, "7", 1)                   = 1
2582  read(3, "{", 1)                   = 1
2582  read(3, "{", 1)                   = 1
2582  read(3, "8", 1)                   = 1
2582  read(3, "}", 1)                   = 1
2582  read(3, "v", 1)                   = 1
2582  read(3, "{", 1)                   = 1
2582  read(3, "|", 1)                   = 1
2582  read(3, "j", 1)                   = 1
2582  read(3, "n", 1)                   = 1
2582  read(3, "6", 1)                   = 1
2582  read(3, "{", 1)                   = 1
2582  read(3, "8", 1)                   = 1
2582  read(3, "5", 1)                   = 1
2582  read(3, "w", 1)                   = 1
2582  read(3, "8", 1)                   = 1
2582  read(3, "}", 1)                   = 1
2582  read(3, "v", 1)                   = 1
2582  read(3, "{", 1)                   = 1
2582  read(3, "|", 1)                   = 1
2582  read(3, "j", 1)                   = 1
2582  read(3, "n", 1)                   = 1
2582  read(3, "\\", 1)                  = 1
2582  read(3, "2", 1)                   = 1
2582  read(3, "2", 1)                   = 1
2582  read(3, "\"", 1)                  = 1
2582  read(3, ",", 1)                   = 1
2582  read(3, " ", 1)                   = 1
2582  read(3, "2", 1)                   = 1
2582  read(3, "7", 1)                   = 1
2582  read(3, " ", 1)                   = 1
2582  read(3, "<", 1)                   = 1
2582  read(3, "u", 1)                   = 1
2582  read(3, "n", 1)                   = 1
2582  read(3, "f", 1)                   = 1
2582  read(3, "i", 1)                   = 1
2582  read(3, "n", 1)                   = 1
2582  read(3, "i", 1)                   = 1
2582  read(3, "s", 1)                   = 1
2582  read(3, "h", 1)                   = 1
2582  read(3, "e", 1)                   = 1
2582  read(3, "d", 1)                   = 1
2582  read(3, " ", 1)                   = 1
2582  read(3, ".", 1)                   = 1
2582  read(3, ".", 1)                   = 1
2582  read(3, ".", 1)                   = 1
2582  read(3, ">", 1)                   = 1
2582  read(3, "\n", 1)                  = 1
2582  write(6, "75\n", 3)               = 3
2582  write(6, "372475 write(1, \"24\\n\\21\\177{{8}"..., 75) = 75
2582  read(3, "3", 1)                   = 1
2582  read(3, "7", 1)                   = 1
2582  read(3, "2", 1)                   = 1
2582  read(3, "4", 1)                   = 1
2582  read(3, "7", 1)                   = 1
2582  read(3, "4", 1)                   = 1
2582  read(3, " ", 1)                   = 1
2582  read(3, "<", 1)                   = 1
2582  read(3, ".", 1)                   = 1
2582  read(3, ".", 1)                   = 1
2582  read(3, ".", 1)                   = 1
2582  read(3, " ", 1)                   = 1
2582  read(3, "r", 1)                   = 1
2582  read(3, "e", 1)                   = 1
2582  read(3, "a", 1)                   = 1
2582  read(3, "d", 1)                   = 1
2582  read(3, " ", 1)                   = 1
2582  read(3, "r", 1)                   = 1
2582  read(3, "e", 1)                   = 1
2582  read(3, "s", 1)                   = 1
2582  read(3, "u", 1)                   = 1
2582  read(3, "m", 1)                   = 1
2582  read(3, "e", 1)                   = 1
2582  read(3, "d", 1)                   = 1
2582  read(3, ">", 1)                   = 1
2582  read(3, "\"", 1)                  = 1
2582  read(3, "2", 1)                   = 1
2582  read(3, "4", 1)                   = 1
2582  read(3, "\\", 1)                  = 1
2582  read(3, "n", 1)                   = 1
2582  read(3, "\\", 1)                  = 1
2582  read(3, "2", 1)                   = 1
2582  read(3, "1", 1)                   = 1
2582  read(3, "\\", 1)                  = 1
2582  read(3, "1", 1)                   = 1
2582  read(3, "7", 1)                   = 1
2582  read(3, "7", 1)                   = 1
2582  read(3, "{", 1)                   = 1
2582  read(3, "{", 1)                   = 1
2582  read(3, "8", 1)                   = 1
2582  read(3, "}", 1)                   = 1
2582  read(3, "v", 1)                   = 1
2582  read(3, "{", 1)                   = 1
2582  read(3, "|", 1)                   = 1
2582  read(3, "j", 1)                   = 1
2582  read(3, "n", 1)                   = 1
2582  read(3, "6", 1)                   = 1
2582  read(3, "{", 1)                   = 1
2582  read(3, "8", 1)                   = 1
2582  read(3, "5", 1)                   = 1
2582  read(3, "w", 1)                   = 1
2582  read(3, "8", 1)                   = 1
2582  read(3, "}", 1)                   = 1
2582  read(3, "v", 1)                   = 1
2582  read(3, "{", 1)                   = 1
2582  read(3, "|", 1)                   = 1
2582  read(3, "j", 1)                   = 1
2582  read(3, "n", 1)                   = 1
2582  read(3, "\\", 1)                  = 1
2582  read(3, "2", 1)                   = 1
2582  read(3, "2", 1)                   = 1
2582  read(3, "\"", 1)                  = 1
2582  read(3, ",", 1)                   = 1
2582  read(3, " ", 1)                   = 1
2582  read(3, "2", 1)                   = 1
2582  read(3, "7", 1)                   = 1
2582  read(3, ")", 1)                   = 1
2582  read(3, " ", 1)                   = 1
2582  read(3, "=", 1)                   = 1
2582  read(3, " ", 1)                   = 1
2582  read(3, "2", 1)                   = 1
2582  read(3, "7", 1)                   = 1
2582  read(3, "\n", 1)                  = 1
2582  write(6, "73\n", 3)               = 3
2582  write(6, "372474 <... read resumed>\"24\\n\\2"..., 73) = 73
2582  read(3, "3", 1)                   = 1
2582  read(3, "7", 1)                   = 1
2582  read(3, "2", 1)                   = 1
2582  read(3, "4", 1)                   = 1
2582  read(3, "7", 1)                   = 1
2582  read(3, "5", 1)                   = 1
2582  read(3, " ", 1)                   = 1
2582  read(3, "<", 1)                   = 1
2582  read(3, ".", 1)                   = 1
2582  read(3, ".", 1)                   = 1
2582  read(3, ".", 1)                   = 1
2582  read(3, " ", 1)                   = 1
2582  read(3, "w", 1)                   = 1
2582  read(3, "r", 1)                   = 1
2582  read(3, "i", 1)                   = 1
2582  read(3, "t", 1)                   = 1
2582  read(3, "e", 1)                   = 1
2582  read(3, " ", 1)                   = 1
2582  read(3, "r", 1)                   = 1
2582  read(3, "e", 1)                   = 1
2582  read(3, "s", 1)                   = 1
2582  read(3, "u", 1)                   = 1
2582  read(3, "m", 1)                   = 1
2582  read(3, "e", 1)                   = 1
2582  read(3, "d", 1)                   = 1
2582  read(3, ">", 1)                   = 1
2582  read(3, ")", 1)                   = 1
2582  read(3, " ", 1)                   = 1
2582  read(3, " ", 1)                   = 1
2582  read(3, " ", 1)                   = 1
2582  read(3, " ", 1)                   = 1
2582  read(3, " ", 1)                   = 1
2582  read(3, " ", 1)                   = 1
2582  read(3, " ", 1)                   = 1
2582  read(3, " ", 1)                   = 1
2582  read(3, " ", 1)                   = 1
2582  read(3, " ", 1)                   = 1
2582  read(3, " ", 1)                   = 1
2582  read(3, " ", 1)                   = 1
2582  read(3, " ", 1)                   = 1
2582  read(3, "=", 1)                   = 1
2582  read(3, " ", 1)                   = 1
2582  read(3, "2", 1)                   = 1
2582  read(3, "7", 1)                   = 1
2582  read(3, "\n", 1)                  = 1
2582  write(6, "45\n", 3)               = 3
2582  write(6, "372475 <... write resumed>)     "..., 45) = 45
2582  read(3, "3", 1)                   = 1
2582  read(3, "7", 1)                   = 1
2582  read(3, "2", 1)                   = 1
2582  read(3, "4", 1)                   = 1
2582  read(3, "7", 1)                   = 1
2582  read(3, "4", 1)                   = 1
2582  read(3, " ", 1)                   = 1
2582  read(3, "w", 1)                   = 1
2582  read(3, "r", 1)                   = 1
2582  read(3, "i", 1)                   = 1
2582  read(3, "t", 1)                   = 1
2582  read(3, "e", 1)                   = 1
2582  read(3, "(", 1)                   = 1
2582  read(3, "4", 1)                   = 1
2582  read(3, ",", 1)                   = 1
2582  read(3, " ", 1)                   = 1
2582  read(3, "\"", 1)                  = 1
2582  read(3, "2", 1)                   = 1
2582  read(3, "4", 1)                   = 1
2582  read(3, "\\", 1)                  = 1
2582  read(3, "n", 1)                   = 1
2582  read(3, "\\", 1)                  = 1
2582  read(3, "2", 1)                   = 1
2582  read(3, "1", 1)                   = 1
2582  read(3, "\\", 1)                  = 1
2582  read(3, "1", 1)                   = 1
2582  read(3, "7", 1)                   = 1
2582  read(3, "7", 1)                   = 1
2582  read(3, "{", 1)                   = 1
2582  read(3, "{", 1)                   = 1
2582  read(3, "8", 1)                   = 1
2582  read(3, "}", 1)                   = 1
2582  read(3, "v", 1)                   = 1
2582  read(3, "{", 1)                   = 1
2582  read(3, "|", 1)                   = 1
2582  read(3, "j", 1)                   = 1
2582  read(3, "n", 1)                   = 1
2582  read(3, "6", 1)                   = 1
2582  read(3, "{", 1)                   = 1
2582  read(3, "8", 1)                   = 1
2582  read(3, "5", 1)                   = 1
2582  read(3, "w", 1)                   = 1
2582  read(3, "8", 1)                   = 1
2582  read(3, "}", 1)                   = 1
2582  read(3, "v", 1)                   = 1
2582  read(3, "{", 1)                   = 1
2582  read(3, "|", 1)                   = 1
2582  read(3, "j", 1)                   = 1
2582  read(3, "n", 1)                   = 1
2582  read(3, "\\", 1)                  = 1
2582  read(3, "2", 1)                   = 1
2582  read(3, "2", 1)                   = 1
2582  read(3, "\"", 1)                  = 1
2582  read(3, ",", 1)                   = 1
2582  read(3, " ", 1)                   = 1
2582  read(3, "2", 1)                   = 1
2582  read(3, "7", 1)                   = 1
2582  read(3, " ", 1)                   = 1
2582  read(3, "<", 1)                   = 1
2582  read(3, "u", 1)                   = 1
2582  read(3, "n", 1)                   = 1
2582  read(3, "f", 1)                   = 1
2582  read(3, "i", 1)                   = 1
2582  read(3, "n", 1)                   = 1
2582  read(3, "i", 1)                   = 1
2582  read(3, "s", 1)                   = 1
2582  read(3, "h", 1)                   = 1
2582  read(3, "e", 1)                   = 1
2582  read(3, "d", 1)                   = 1
2582  read(3, " ", 1)                   = 1
2582  read(3, ".", 1)                   = 1
2582  read(3, ".", 1)                   = 1
2582  read(3, ".", 1)                   = 1
2582  read(3, ">", 1)                   = 1
2582  read(3, "\n", 1)                  = 1
2582  write(6, "75\n", 3)               = 3
2582  write(6, "372474 write(4, \"24\\n\\21\\177{{8}"..., 75) = 75
2582  read(3, "3", 1)                   = 1
2582  read(3, "7", 1)                   = 1
2582  read(3, "2", 1)                   = 1
2582  read(3, "4", 1)                   = 1
2582  read(3, "7", 1)                   = 1
2582  read(3, "5", 1)                   = 1
2582  read(3, " ", 1)                   = 1
2582  read(3, "r", 1)                   = 1
2582  read(3, "e", 1)                   = 1
2582  read(3, "a", 1)                   = 1
2582  read(3, "d", 1)                   = 1
2582  read(3, "(", 1)                   = 1
2582  read(3, "0", 1)                   = 1
2582  read(3, ",", 1)                   = 1
2582  read(3, " ", 1)                   = 1
2582  read(3, " ", 1)                   = 1
2582  read(3, "<", 1)                   = 1
2582  read(3, "u", 1)                   = 1
2582  read(3, "n", 1)                   = 1
2582  read(3, "f", 1)                   = 1
2582  read(3, "i", 1)                   = 1
2582  read(3, "n", 1)                   = 1
2582  read(3, "i", 1)                   = 1
2582  read(3, "s", 1)                   = 1
2582  read(3, "h", 1)                   = 1
2582  read(3, "e", 1)                   = 1
2582  read(3, "d", 1)                   = 1
2582  read(3, " ", 1)                   = 1
2582  read(3, ".", 1)                   = 1
2582  read(3, ".", 1)                   = 1
2582  read(3, ".", 1)                   = 1
2582  read(3, ">", 1)                   = 1
2582  read(3, "\n", 1)                  = 1
2582  write(6, "33\n", 3)               = 3
2582  write(6, "372475 read(0,  <unfinished ...>"..., 33) = 33
2582  read(3, "3", 1)                   = 1
2582  read(3, "7", 1)                   = 1
2582  read(3, "2", 1)                   = 1
2582  read(3, "4", 1)                   = 1
2582  read(3, "7", 1)                   = 1
2582  read(3, "4", 1)                   = 1
2582  read(3, " ", 1)                   = 1
2582  read(3, "<", 1)                   = 1
2582  read(3, ".", 1)                   = 1
2582  read(3, ".", 1)                   = 1
2582  read(3, ".", 1)                   = 1
2582  read(3, " ", 1)                   = 1
2582  read(3, "w", 1)                   = 1
2582  read(3, "r", 1)                   = 1
2582  read(3, "i", 1)                   = 1
2582  read(3, "t", 1)                   = 1
2582  read(3, "e", 1)                   = 1
2582  read(3, " ", 1)                   = 1
2582  read(3, "r", 1)                   = 1
2582  read(3, "e", 1)                   = 1
2582  read(3, "s", 1)                   = 1
2582  read(3, "u", 1)                   = 1
2582  read(3, "m", 1)                   = 1
2582  read(3, "e", 1)                   = 1
2582  read(3, "d", 1)                   = 1
2582  read(3, ">", 1)                   = 1
2582  read(3, ")", 1)                   = 1
2582  read(3, " ", 1)                   = 1
2582  read(3, " ", 1)                   = 1
2582  read(3, " ", 1)                   = 1
2582  read(3, " ", 1)                   = 1
2582  read(3, " ", 1)                   = 1
2582  read(3, " ", 1)                   = 1
2582  read(3, " ", 1)                   = 1
2582  read(3, " ", 1)                   = 1
2582  read(3, " ", 1)                   = 1
2582  read(3, " ", 1)                   = 1
2582  read(3, " ", 1)                   = 1
2582  read(3, " ", 1)                   = 1
2582  read(3, " ", 1)                   = 1
2582  read(3, "=", 1)                   = 1
2582  read(3, " ", 1)                   = 1
2582  read(3, "2", 1)                   = 1
2582  read(3, "7", 1)                   = 1
2582  read(3, "\n", 1)                  = 1
2582  write(6, "45\n", 3)               = 3
2582  write(6, "372474 <... write resumed>)     "..., 45) = 45
2582  read(3, "3", 1)                   = 1
2582  read(3, "7", 1)                   = 1
2582  read(3, "2", 1)                   = 1
2582  read(3, "4", 1)                   = 1
2582  read(3, "7", 1)                   = 1
2582  read(3, "4", 1)                   = 1
2582  read(3, " ", 1)                   = 1
2582  read(3, "w", 1)                   = 1
2582  read(3, "r", 1)                   = 1
2582  read(3, "i", 1)                   = 1
2582  read(3, "t", 1)                   = 1
2582  read(3, "e", 1)                   = 1
2582  read(3, "(", 1)                   = 1
2582  read(3, "6", 1)                   = 1
2582  read(3, ",", 1)                   = 1
2582  read(3, " ", 1)                   = 1
2582  read(3, "\"", 1)                  = 1
2582  read(3, "7", 1)                   = 1
2582  read(3, "\\", 1)                  = 1
2582  read(3, "n", 1)                   = 1
2582  read(3, "\"", 1)                  = 1
2582  read(3, ",", 1)                   = 1
2582  read(3, " ", 1)                   = 1
2582  read(3, "2", 1)                   = 1
2582  read(3, ")", 1)                   = 1
2582  read(3, " ", 1)                   = 1
2582  read(3, " ", 1)                   = 1
2582  read(3, " ", 1)                   = 1
2582  read(3, " ", 1)                   = 1
2582  read(3, " ", 1)                   = 1
2582  read(3, " ", 1)                   = 1
2582  read(3, " ", 1)                   = 1
2582  read(3, " ", 1)                   = 1
2582  read(3, " ", 1)                   = 1
2582  read(3, " ", 1)                   = 1
2582  read(3, " ", 1)                   = 1
2582  read(3, " ", 1)                   = 1
2582  read(3, " ", 1)                   = 1
2582  read(3, " ", 1)                   = 1
2582  read(3, " ", 1)                   = 1
2582  read(3, "=", 1)                   = 1
2582  read(3, " ", 1)                   = 1
2582  read(3, "2", 1)                   = 1
2582  read(3, "\n", 1)                  = 1
2582  write(6, "44\n", 3)               = 3
2582  write(6, "372474 write(6, \"7\\n\", 2)       "..., 44) = 44
2582  read(3, "3", 1)                   = 1
2582  read(3, "7", 1)                   = 1
2582  read(3, "2", 1)                   = 1
2582  read(3, "4", 1)                   = 1
2582  read(3, "7", 1)                   = 1
2582  read(3, "5", 1)                   = 1
2582  read(3, " ", 1)                   = 1
2582  read(3, "<", 1)                   = 1
2582  read(3, ".", 1)                   = 1
2582  read(3, ".", 1)                   = 1
2582  read(3, ".", 1)                   = 1
2582  read(3, " ", 1)                   = 1
2582  read(3, "r", 1)                   = 1
2582  read(3, "e", 1)                   = 1
2582  read(3, "a", 1)                   = 1
2582  read(3, "d", 1)                   = 1
2582  read(3, " ", 1)                   = 1
2582  read(3, "r", 1)                   = 1
2582  read(3, "e", 1)                   = 1
2582  read(3, "s", 1)                   = 1
2582  read(3, "u", 1)                   = 1
2582  read(3, "m", 1)                   = 1
2582  read(3, "e", 1)                   = 1
2582  read(3, "d", 1)                   = 1
2582  read(3, ">", 1)                   = 1
2582  read(3, "\"", 1)                  = 1
2582  read(3, "7", 1)                   = 1
2582  read(3, "\\", 1)                  = 1
2582  read(3, "n", 1)                   = 1
2582  read(3, "\"", 1)                  = 1
2582  read(3, ",", 1)                   = 1
2582  read(3, " ", 1)                   = 1
2582  read(3, "4", 1)                   = 1
2582  read(3, "0", 1)                   = 1
2582  read(3, "9", 1)                   = 1
2582  read(3, "6", 1)                   = 1
2582  read(3, ")", 1)                   = 1
2582  read(3, " ", 1)                   = 1
2582  read(3, " ", 1)                   = 1
2582  read(3, " ", 1)                   = 1
2582  read(3, "=", 1)                   = 1
2582  read(3, " ", 1)                   = 1
2582  read(3, "2", 1)                   = 1
2582  read(3, "\n", 1)                  = 1
2582  write(6, "44\n", 3)               = 3
2582  write(6, "372475 <... read resumed>\"7\\n\", "..., 44) = 44
2582  read(3, "3", 1)                   = 1
2582  read(3, "7", 1)                   = 1
2582  read(3, "2", 1)                   = 1
2582  read(3, "4", 1)                   = 1
2582  read(3, "7", 1)                   = 1
2582  read(3, "4", 1)                   = 1
2582  read(3, " ", 1)                   = 1
2582  read(3, "w", 1)                   = 1
2582  read(3, "r", 1)                   = 1
2582  read(3, "i", 1)                   = 1
2582  read(3, "t", 1)                   = 1
2582  read(3, "e", 1)                   = 1
2582  read(3, "(", 1)                   = 1
2582  read(3, "6", 1)                   = 1
2582  read(3, ",", 1)                   = 1
2582  read(3, " ", 1)                   = 1
2582  read(3, "\"", 1)                  = 1
2582  read(3, "c", 1)                   = 1
2582  read(3, "l", 1)                   = 1
2582  read(3, "e", 1)                   = 1
2582  read(3, "a", 1)                   = 1
2582  read(3, "n", 1)                   = 1
2582  read(3, ":", 1)                   = 1
2582  read(3, "\\", 1)                  = 1
2582  read(3, "n", 1)                   = 1
2582  read(3, "\"", 1)                  = 1
2582  read(3, ",", 1)                   = 1
2582  read(3, " ", 1)                   = 1
2582  read(3, "7", 1)                   = 1
2582  read(3, " ", 1)                   = 1
2582  read(3, "<", 1)                   = 1
2582  read(3, "u", 1)                   = 1
2582  read(3, "n", 1)                   = 1
2582  read(3, "f", 1)                   = 1
2582  read(3, "i", 1)                   = 1
2582  read(3, "n", 1)                   = 1
2582  read(3, "i", 1)                   = 1
2582  read(3, "s", 1)                   = 1
2582  read(3, "h", 1)                   = 1
2582  read(3, "e", 1)                   = 1
2582  read(3, "d", 1)                   = 1
2582  read(3, " ", 1)                   = 1
2582  read(3, ".", 1)                   = 1
2582  read(3, ".", 1)                   = 1
2582  read(3, ".", 1)                   = 1
2582  read(3, ">", 1)                   = 1
2582  read(3, "\n", 1)                  = 1
2582  write(6, "47\n", 3)               = 3
2582  write(6, "372474 write(6, \"clean:\\n\", 7 <u"..., 47) = 47
2582  read(3, "3", 1)                   = 1
2582  read(3, "7", 1)                   = 1
2582  read(3, "2", 1)                   = 1
2582  read(3, "4", 1)                   = 1
2582  read(3, "7", 1)                   = 1
2582  read(3, "5", 1)                   = 1
2582  read(3, " ", 1)                   = 1
2582  read(3, "r", 1)                   = 1
2582  read(3, "e", 1)                   = 1
2582  read(3, "a", 1)                   = 1
2582  read(3, "d", 1)                   = 1
2582  read(3, "(", 1)                   = 1
2582  read(3, "0", 1)                   = 1
2582  read(3, ",", 1)                   = 1
2582  read(3, " ", 1)                   = 1
2582  read(3, " ", 1)                   = 1
2582  read(3, "<", 1)                   = 1
2582  read(3, "u", 1)                   = 1
2582  read(3, "n", 1)                   = 1
2582  read(3, "f", 1)                   = 1
2582  read(3, "i", 1)                   = 1
2582  read(3, "n", 1)                   = 1
2582  read(3, "i", 1)                   = 1
2582  read(3, "s", 1)                   = 1
2582  read(3, "h", 1)                   = 1
2582  read(3, "e", 1)                   = 1
2582  read(3, "d", 1)                   = 1
2582  read(3, " ", 1)                   = 1
2582  read(3, ".", 1)                   = 1
2582  read(3, ".", 1)                   = 1
2582  read(3, ".", 1)                   = 1
2582  read(3, ">", 1)                   = 1
2582  read(3, "\n", 1)                  = 1
2582  write(6, "33\n", 3)               = 3
2582  write(6, "372475 read(0,  <unfinished ...>"..., 33) = 33
2582  read(3, "3", 1)                   = 1
2582  read(3, "7", 1)                   = 1
2582  read(3, "2", 1)                   = 1
2582  read(3, "4", 1)                   = 1
2582  read(3, "7", 1)                   = 1
2582  read(3, "4", 1)                   = 1
2582  read(3, " ", 1)                   = 1
2582  read(3, "<", 1)                   = 1
2582  read(3, ".", 1)                   = 1
2582  read(3, ".", 1)                   = 1
2582  read(3, ".", 1)                   = 1
2582  read(3, " ", 1)                   = 1
2582  read(3, "w", 1)                   = 1
2582  read(3, "r", 1)                   = 1
2582  read(3, "i", 1)                   = 1
2582  read(3, "t", 1)                   = 1
2582  read(3, "e", 1)                   = 1
2582  read(3, " ", 1)                   = 1
2582  read(3, "r", 1)                   = 1
2582  read(3, "e", 1)                   = 1
2582  read(3, "s", 1)                   = 1
2582  read(3, "u", 1)                   = 1
2582  read(3, "m", 1)                   = 1
2582  read(3, "e", 1)                   = 1
2582  read(3, "d", 1)                   = 1
2582  read(3, ">", 1)                   = 1
2582  read(3, ")", 1)                   = 1
2582  read(3, " ", 1)                   = 1
2582  read(3, " ", 1)                   = 1
2582  read(3, " ", 1)                   = 1
2582  read(3, " ", 1)                   = 1
2582  read(3, " ", 1)                   = 1
2582  read(3, " ", 1)                   = 1
2582  read(3, " ", 1)                   = 1
2582  read(3, " ", 1)                   = 1
2582  read(3, " ", 1)                   = 1
2582  read(3, " ", 1)                   = 1
2582  read(3, " ", 1)                   = 1
2582  read(3, " ", 1)                   = 1
2582  read(3, " ", 1)                   = 1
2582  read(3, "=", 1)                   = 1
2582  read(3, " ", 1)                   = 1
2582  read(3, "7", 1)                   = 1
2582  read(3, "\n", 1)                  = 1
2582  write(6, "44\n", 3)               = 3
2582  write(6, "372474 <... write resumed>)     "..., 44) = 44
2582  read(3, "3", 1)                   = 1
2582  read(3, "7", 1)                   = 1
2582  read(3, "2", 1)                   = 1
2582  read(3, "4", 1)                   = 1
2582  read(3, "7", 1)                   = 1
2582  read(3, "5", 1)                   = 1
2582  read(3, " ", 1)                   = 1
2582  read(3, "<", 1)                   = 1
2582  read(3, ".", 1)                   = 1
2582  read(3, ".", 1)                   = 1
2582  read(3, ".", 1)                   = 1
2582  read(3, " ", 1)                   = 1
2582  read(3, "r", 1)                   = 1
2582  read(3, "e", 1)                   = 1
2582  read(3, "a", 1)                   = 1
2582  read(3, "d", 1)                   = 1
2582  read(3, " ", 1)                   = 1
2582  read(3, "r", 1)                   = 1
2582  read(3, "e", 1)                   = 1
2582  read(3, "s", 1)                   = 1
2582  read(3, "u", 1)                   = 1
2582  read(3, "m", 1)                   = 1
2582  read(3, "e", 1)                   = 1
2582  read(3, "d", 1)                   = 1
2582  read(3, ">", 1)                   = 1
2582  read(3, "\"", 1)                  = 1
2582  read(3, "c", 1)                   = 1
2582  read(3, "l", 1)                   = 1
2582  read(3, "e", 1)                   = 1
2582  read(3, "a", 1)                   = 1
2582  read(3, "n", 1)                   = 1
2582  read(3, ":", 1)                   = 1
2582  read(3, "\\", 1)                  = 1
2582  read(3, "n", 1)                   = 1
2582  read(3, "\"", 1)                  = 1
2582  read(3, ",", 1)                   = 1
2582  read(3, " ", 1)                   = 1
2582  read(3, "4", 1)                   = 1
2582  read(3, "0", 1)                   = 1
2582  read(3, "9", 1)                   = 1
2582  read(3, "6", 1)                   = 1
2582  read(3, ")", 1)                   = 1
2582  read(3, " ", 1)                   = 1
2582  read(3, "=", 1)                   = 1
2582  read(3, " ", 1)                   = 1
2582  read(3, "7", 1)                   = 1
2582  read(3, "\n", 1)                  = 1
2582  write(6, "47\n", 3)               = 3
2582  write(6, "372475 <... read resumed>\"clean:"..., 47) = 47
2582  read(3, "3", 1)                   = 1
2582  read(3, "7", 1)                   = 1
2582  read(3, "2", 1)                   = 1
2582  read(3, "4", 1)                   = 1
2582  read(3, "7", 1)                   = 1
2582  read(3, "4", 1)                   = 1
2582  read(3, " ", 1)                   = 1
2582  read(3, "r", 1)                   = 1
2582  read(3, "e", 1)                   = 1
2582  read(3, "a", 1)                   = 1
2582  read(3, "d", 1)                   = 1
2582  read(3, "(", 1)                   = 1
2582  read(3, "7", 1)                   = 1
2582  read(3, ",", 1)                   = 1
2582  read(3, " ", 1)                   = 1
2582  read(3, " ", 1)                   = 1
2582  read(3, "<", 1)                   = 1
2582  read(3, "u", 1)                   = 1
2582  read(3, "n", 1)                   = 1
2582  read(3, "f", 1)                   = 1
2582  read(3, "i", 1)                   = 1
2582  read(3, "n", 1)                   = 1
2582  read(3, "i", 1)                   = 1
2582  read(3, "s", 1)                   = 1
2582  read(3, "h", 1)                   = 1
2582  read(3, "e", 1)                   = 1
2582  read(3, "d", 1)                   = 1
2582  read(3, " ", 1)                   = 1
2582  read(3, ".", 1)                   = 1
2582  read(3, ".", 1)                   = 1
2582  read(3, ".", 1)                   = 1
2582  read(3, ">", 1)                   = 1
2582  read(3, "\n", 1)                  = 1
2582  write(6, "33\n", 3)               = 3
2582  write(6, "372474 read(7,  <unfinished ...>"..., 33) = 33
2582  read(3, "3", 1)                   = 1
2582  read(3, "7", 1)                   = 1
2582  read(3, "2", 1)                   = 1
2582  read(3, "4", 1)                   = 1
2582  read(3, "7", 1)                   = 1
2582  read(3, "5", 1)                   = 1
2582  read(3, " ", 1)                   = 1
2582  read(3, "w", 1)                   = 1
2582  read(3, "r", 1)                   = 1
2582  read(3, "i", 1)                   = 1
2582  read(3, "t", 1)                   = 1
2582  read(3, "e", 1)                   = 1
2582  read(3, "(", 1)                   = 1
2582  read(3, "1", 1)                   = 1
2582  read(3, ",", 1)                   = 1
2582  read(3, " ", 1)                   = 1
2582  read(3, "\"", 1)                  = 1
2582  read(3, "7", 1)                   = 1
2582  read(3, "\\", 1)                  = 1
2582  read(3, "n", 1)                   = 1
2582  read(3, "d", 1)                   = 1
2582  read(3, "k", 1)                   = 1
2582  read(3, "b", 1)                   = 1
2582  read(3, "f", 1)                   = 1
2582  read(3, "i", 1)                   = 1
2582  read(3, "=", 1)                   = 1
2582  read(3, "\\", 1)                  = 1
2582  read(3, "r", 1)                   = 1
2582  read(3, "\"", 1)                  = 1
2582  read(3, ",", 1)                   = 1
2582  read(3, " ", 1)                   = 1
2582  read(3, "9", 1)                   = 1
2582  read(3, " ", 1)                   = 1
2582  read(3, "<", 1)                   = 1
2582  read(3, "u", 1)                   = 1
2582  read(3, "n", 1)                   = 1
2582  read(3, "f", 1)                   = 1
2582  read(3, "i", 1)                   = 1
2582  read(3, "n", 1)                   = 1
2582  read(3, "i", 1)                   = 1
2582  read(3, "s", 1)                   = 1
2582  read(3, "h", 1)                   = 1
2582  read(3, "e", 1)                   = 1
2582  read(3, "d", 1)                   = 1
2582  read(3, " ", 1)                   = 1
2582  read(3, ".", 1)                   = 1
2582  read(3, ".", 1)                   = 1
2582  read(3, ".", 1)                   = 1
2582  read(3, ">", 1)                   = 1
2582  read(3, "\n", 1)                  = 1
2582  write(6, "50\n", 3)               = 3
2582  write(6, "372475 write(1, \"7\\ndkbfi=\\r\", 9"..., 50) = 50
2582  read(3, "3", 1)                   = 1
2582  read(3, "7", 1)                   = 1
2582  read(3, "2", 1)                   = 1
2582  read(3, "4", 1)                   = 1
2582  read(3, "7", 1)                   = 1
2582  read(3, "4", 1)                   = 1
2582  read(3, " ", 1)                   = 1
2582  read(3, "<", 1)                   = 1
2582  read(3, ".", 1)                   = 1
2582  read(3, ".", 1)                   = 1
2582  read(3, ".", 1)                   = 1
2582  read(3, " ", 1)                   = 1
2582  read(3, "r", 1)                   = 1
2582  read(3, "e", 1)                   = 1
2582  read(3, "a", 1)                   = 1
2582  read(3, "d", 1)                   = 1
2582  read(3, " ", 1)                   = 1
2582  read(3, "r", 1)                   = 1
2582  read(3, "e", 1)                   = 1
2582  read(3, "s", 1)                   = 1
2582  read(3, "u", 1)                   = 1
2582  read(3, "m", 1)                   = 1
2582  read(3, "e", 1)                   = 1
2582  read(3, "d", 1)                   = 1
2582  read(3, ">", 1)                   = 1
2582  read(3, "\"", 1)                  = 1
2582  read(3, "7", 1)                   = 1
2582  read(3, "\\", 1)                  = 1
2582  read(3, "n", 1)                   = 1
2582  read(3, "d", 1)                   = 1
2582  read(3, "k", 1)                   = 1
2582  read(3, "b", 1)                   = 1
2582  read(3, "f", 1)                   = 1
2582  read(3, "i", 1)                   = 1
2582  read(3, "=", 1)                   = 1
2582  read(3, "\\", 1)                  = 1
2582  read(3, "r", 1)                   = 1
2582  read(3, "\"", 1)                  = 1
2582  read(3, ",", 1)                   = 1
2582  read(3, " ", 1)                   = 1
2582  read(3, "9", 1)                   = 1
2582  read(3, ")", 1)                   = 1
2582  read(3, " ", 1)                   = 1
2582  read(3, "=", 1)                   = 1
2582  read(3, " ", 1)                   = 1
2582  read(3, "9", 1)                   = 1
2582  read(3, "\n", 1)                  = 1
2582  write(6, "47\n", 3)               = 3
2582  write(6, "372474 <... read resumed>\"7\\ndkb"..., 47) = 47
2582  read(3, "3", 1)                   = 1
2582  read(3, "7", 1)                   = 1
2582  read(3, "2", 1)                   = 1
2582  read(3, "4", 1)                   = 1
2582  read(3, "7", 1)                   = 1
2582  read(3, "5", 1)                   = 1
2582  read(3, " ", 1)                   = 1
2582  read(3, "<", 1)                   = 1
2582  read(3, ".", 1)                   = 1
2582  read(3, ".", 1)                   = 1
2582  read(3, ".", 1)                   = 1
2582  read(3, " ", 1)                   = 1
2582  read(3, "w", 1)                   = 1
2582  read(3, "r", 1)                   = 1
2582  read(3, "i", 1)                   = 1
2582  read(3, "t", 1)                   = 1
2582  read(3, "e", 1)                   = 1
2582  read(3, " ", 1)                   = 1
2582  read(3, "r", 1)                   = 1
2582  read(3, "e", 1)                   = 1
2582  read(3, "s", 1)                   = 1
2582  read(3, "u", 1)                   = 1
2582  read(3, "m", 1)                   = 1
2582  read(3, "e", 1)                   = 1
2582  read(3, "d", 1)                   = 1
2582  read(3, ">", 1)                   = 1
2582  read(3, ")", 1)                   = 1
2582  read(3, " ", 1)                   = 1
2582  read(3, " ", 1)                   = 1
2582  read(3, " ", 1)                   = 1
2582  read(3, " ", 1)                   = 1
2582  read(3, " ", 1)                   = 1
2582  read(3, " ", 1)                   = 1
2582  read(3, " ", 1)                   = 1
2582  read(3, " ", 1)                   = 1
2582  read(3, " ", 1)                   = 1
2582  read(3, " ", 1)                   = 1
2582  read(3, " ", 1)                   = 1
2582  read(3, " ", 1)                   = 1
2582  read(3, " ", 1)                   = 1
2582  read(3, "=", 1)                   = 1
2582  read(3, " ", 1)                   = 1
2582  read(3, "9", 1)                   = 1
2582  read(3, "\n", 1)                  = 1
2582  write(6, "44\n", 3)               = 3
2582  write(6, "372475 <... write resumed>)     "..., 44) = 44
2582  read(3, "3", 1)                   = 1
2582  read(3, "7", 1)                   = 1
2582  read(3, "2", 1)                   = 1
2582  read(3, "4", 1)                   = 1
2582  read(3, "7", 1)                   = 1
2582  read(3, "4", 1)                   = 1
2582  read(3, " ", 1)                   = 1
2582  read(3, "w", 1)                   = 1
2582  read(3, "r", 1)                   = 1
2582  read(3, "i", 1)                   = 1
2582  read(3, "t", 1)                   = 1
2582  read(3, "e", 1)                   = 1
2582  read(3, "(", 1)                   = 1
2582  read(3, "4", 1)                   = 1
2582  read(3, ",", 1)                   = 1
2582  read(3, " ", 1)                   = 1
2582  read(3, "\"", 1)                  = 1
2582  read(3, "7", 1)                   = 1
2582  read(3, "\\", 1)                  = 1
2582  read(3, "n", 1)                   = 1
2582  read(3, "d", 1)                   = 1
2582  read(3, "k", 1)                   = 1
2582  read(3, "b", 1)                   = 1
2582  read(3, "f", 1)                   = 1
2582  read(3, "i", 1)                   = 1
2582  read(3, "=", 1)                   = 1
2582  read(3, "\\", 1)                  = 1
2582  read(3, "r", 1)                   = 1
2582  read(3, "\"", 1)                  = 1
2582  read(3, ",", 1)                   = 1
2582  read(3, " ", 1)                   = 1
2582  read(3, "9", 1)                   = 1
2582  read(3, " ", 1)                   = 1
2582  read(3, "<", 1)                   = 1
2582  read(3, "u", 1)                   = 1
2582  read(3, "n", 1)                   = 1
2582  read(3, "f", 1)                   = 1
2582  read(3, "i", 1)                   = 1
2582  read(3, "n", 1)                   = 1
2582  read(3, "i", 1)                   = 1
2582  read(3, "s", 1)                   = 1
2582  read(3, "h", 1)                   = 1
2582  read(3, "e", 1)                   = 1
2582  read(3, "d", 1)                   = 1
2582  read(3, " ", 1)                   = 1
2582  read(3, ".", 1)                   = 1
2582  read(3, ".", 1)                   = 1
2582  read(3, ".", 1)                   = 1
2582  read(3, ">", 1)                   = 1
2582  read(3, "\n", 1)                  = 1
2582  write(6, "50\n", 3)               = 3
2582  write(6, "372474 write(4, \"7\\ndkbfi=\\r\", 9"..., 50) = 50
2582  read(3, "3", 1)                   = 1
2582  read(3, "7", 1)                   = 1
2582  read(3, "2", 1)                   = 1
2582  read(3, "4", 1)                   = 1
2582  read(3, "7", 1)                   = 1
2582  read(3, "5", 1)                   = 1
2582  read(3, " ", 1)                   = 1
2582  read(3, "r", 1)                   = 1
2582  read(3, "e", 1)                   = 1
2582  read(3, "a", 1)                   = 1
2582  read(3, "d", 1)                   = 1
2582  read(3, "(", 1)                   = 1
2582  read(3, "0", 1)                   = 1
2582  read(3, ",", 1)                   = 1
2582  read(3, " ", 1)                   = 1
2582  read(3, " ", 1)                   = 1
2582  read(3, "<", 1)                   = 1
2582  read(3, "u", 1)                   = 1
2582  read(3, "n", 1)                   = 1
2582  read(3, "f", 1)                   = 1
2582  read(3, "i", 1)                   = 1
2582  read(3, "n", 1)                   = 1
2582  read(3, "i", 1)                   = 1
2582  read(3, "s", 1)                   = 1
2582  read(3, "h", 1)                   = 1
2582  read(3, "e", 1)                   = 1
2582  read(3, "d", 1)                   = 1
2582  read(3, " ", 1)                   = 1
2582  read(3, ".", 1)                   = 1
2582  read(3, ".", 1)                   = 1
2582  read(3, ".", 1)                   = 1
2582  read(3, ">", 1)                   = 1
2582  read(3, "\n", 1)                  = 1
2582  write(6, "33\n", 3)               = 3
2582  write(6, "372475 read(0,  <unfinished ...>"..., 33) = 33
2582  read(3, "3", 1)                   = 1
2582  read(3, "7", 1)                   = 1
2582  read(3, "2", 1)                   = 1
2582  read(3, "4", 1)                   = 1
2582  read(3, "7", 1)                   = 1
2582  read(3, "4", 1)                   = 1
2582  read(3, " ", 1)                   = 1
2582  read(3, "<", 1)                   = 1
2582  read(3, ".", 1)                   = 1
2582  read(3, ".", 1)                   = 1
2582  read(3, ".", 1)                   = 1
2582  read(3, " ", 1)                   = 1
2582  read(3, "w", 1)                   = 1
2582  read(3, "r", 1)                   = 1
2582  read(3, "i", 1)                   = 1
2582  read(3, "t", 1)                   = 1
2582  read(3, "e", 1)                   = 1
2582  read(3, " ", 1)                   = 1
2582  read(3, "r", 1)                   = 1
2582  read(3, "e", 1)                   = 1
2582  read(3, "s", 1)                   = 1
2582  read(3, "u", 1)                   = 1
2582  read(3, "m", 1)                   = 1
2582  read(3, "e", 1)                   = 1
2582  read(3, "d", 1)                   = 1
2582  read(3, ">", 1)                   = 1
2582  read(3, ")", 1)                   = 1
2582  read(3, " ", 1)                   = 1
2582  read(3, " ", 1)                   = 1
2582  read(3, " ", 1)                   = 1
2582  read(3, " ", 1)                   = 1
2582  read(3, " ", 1)                   = 1
2582  read(3, " ", 1)                   = 1
2582  read(3, " ", 1)                   = 1
2582  read(3, " ", 1)                   = 1
2582  read(3, " ", 1)                   = 1
2582  read(3, " ", 1)                   = 1
2582  read(3, " ", 1)                   = 1
2582  read(3, " ", 1)                   = 1
2582  read(3, " ", 1)                   = 1
2582  read(3, "=", 1)                   = 1
2582  read(3, " ", 1)                   = 1
2582  read(3, "9", 1)                   = 1
2582  read(3, "\n", 1)                  = 1
2582  write(6, "44\n", 3)               = 3
2582  write(6, "372474 <... write resumed>)     "..., 44) = 44
2582  read(3, "3", 1)                   = 1
2582  read(3, "7", 1)                   = 1
2582  read(3, "2", 1)                   = 1
2582  read(3, "4", 1)                   = 1
2582  read(3, "7", 1)                   = 1
2582  read(3, "4", 1)                   = 1
2582  read(3, " ", 1)                   = 1
2582  read(3, "w", 1)                   = 1
2582  read(3, "r", 1)                   = 1
2582  read(3, "i", 1)                   = 1
2582  read(3, "t", 1)                   = 1
2582  read(3, "e", 1)                   = 1
2582  read(3, "(", 1)                   = 1
2582  read(3, "6", 1)                   = 1
2582  read(3, ",", 1)                   = 1
2582  read(3, " ", 1)                   = 1
2582  read(3, "\"", 1)                  = 1
2582  read(3, "3", 1)                   = 1
2582  read(3, "0", 1)                   = 1
2582  read(3, "\\", 1)                  = 1
2582  read(3, "n", 1)                   = 1
2582  read(3, "\"", 1)                  = 1
2582  read(3, ",", 1)                   = 1
2582  read(3, " ", 1)                   = 1
2582  read(3, "3", 1)                   = 1
2582  read(3, ")", 1)                   = 1
2582  read(3, " ", 1)                   = 1
2582  read(3, " ", 1)                   = 1
2582  read(3, " ", 1)                   = 1
2582  read(3, " ", 1)                   = 1
2582  read(3, " ", 1)                   = 1
2582  read(3, " ", 1)                   = 1
2582  read(3, " ", 1)                   = 1
2582  read(3, " ", 1)                   = 1
2582  read(3, " ", 1)                   = 1
2582  read(3, " ", 1)                   = 1
2582  read(3, " ", 1)                   = 1
2582  read(3, " ", 1)                   = 1
2582  read(3, " ", 1)                   = 1
2582  read(3, " ", 1)                   = 1
2582  read(3, "=", 1)                   = 1
2582  read(3, " ", 1)                   = 1
2582  read(3, "3", 1)                   = 1
2582  read(3, "\n", 1)                  = 1
2582  write(6, "44\n", 3)               = 3
2582  write(6, "372474 write(6, \"30\\n\", 3)      "..., 44) = 44
2582  read(3, "3", 1)                   = 1
2582  read(3, "7", 1)                   = 1
2582  read(3, "2", 1)                   = 1
2582  read(3, "4", 1)                   = 1
2582  read(3, "7", 1)                   = 1
2582  read(3, "5", 1)                   = 1
2582  read(3, " ", 1)                   = 1
2582  read(3, "<", 1)                   = 1
2582  read(3, ".", 1)                   = 1
2582  read(3, ".", 1)                   = 1
2582  read(3, ".", 1)                   = 1
2582  read(3, " ", 1)                   = 1
2582  read(3, "r", 1)                   = 1
2582  read(3, "e", 1)                   = 1
2582  read(3, "a", 1)                   = 1
2582  read(3, "d", 1)                   = 1
2582  read(3, " ", 1)                   = 1
2582  read(3, "r", 1)                   = 1
2582  read(3, "e", 1)                   = 1
2582  read(3, "s", 1)                   = 1
2582  read(3, "u", 1)                   = 1
2582  read(3, "m", 1)                   = 1
2582  read(3, "e", 1)                   = 1
2582  read(3, "d", 1)                   = 1
2582  read(3, ">", 1)                   = 1
2582  read(3, "\"", 1)                  = 1
2582  read(3, "3", 1)                   = 1
2582  read(3, "0", 1)                   = 1
2582  read(3, "\\", 1)                  = 1
2582  read(3, "n", 1)                   = 1
2582  read(3, "\"", 1)                  = 1
2582  read(3, ",", 1)                   = 1
2582  read(3, " ", 1)                   = 1
2582  read(3, "4", 1)                   = 1
2582  read(3, "0", 1)                   = 1
2582  read(3, "9", 1)                   = 1
2582  read(3, "6", 1)                   = 1
2582  read(3, ")", 1)                   = 1
2582  read(3, " ", 1)                   = 1
2582  read(3, " ", 1)                   = 1
2582  read(3, "=", 1)                   = 1
2582  read(3, " ", 1)                   = 1
2582  read(3, "3", 1)                   = 1
2582  read(3, "\n", 1)                  = 1
2582  write(6, "44\n", 3)               = 3
2582  write(6, "372475 <... read resumed>\"30\\n\","..., 44) = 44
2582  read(3, "3", 1)                   = 1
2582  read(3, "7", 1)                   = 1
2582  read(3, "2", 1)                   = 1
2582  read(3, "4", 1)                   = 1
2582  read(3, "7", 1)                   = 1
2582  read(3, "4", 1)                   = 1
2582  read(3, " ", 1)                   = 1
2582  read(3, "w", 1)                   = 1
2582  read(3, "r", 1)                   = 1
2582  read(3, "i", 1)                   = 1
2582  read(3, "t", 1)                   = 1
2582  read(3, "e", 1)                   = 1
2582  read(3, "(", 1)                   = 1
2582  read(3, "6", 1)                   = 1
2582  read(3, ",", 1)                   = 1
2582  read(3, " ", 1)                   = 1
2582  read(3, "\"", 1)                  = 1
2582  read(3, "\\", 1)                  = 1
2582  read(3, "t", 1)                   = 1
2582  read(3, "r", 1)                   = 1
2582  read(3, "m", 1)                   = 1
2582  read(3, " ", 1)                   = 1
2582  read(3, "-", 1)                   = 1
2582  read(3, "f", 1)                   = 1
2582  read(3, " ", 1)                   = 1
2582  read(3, "e", 1)                   = 1
2582  read(3, "n", 1)                   = 1
2582  read(3, "c", 1)                   = 1
2582  read(3, "d", 1)                   = 1
2582  read(3, "r", 1)                   = 1
2582  read(3, "v", 1)                   = 1
2582  read(3, " ", 1)                   = 1
2582  read(3, "e", 1)                   = 1
2582  read(3, "n", 1)                   = 1
2582  read(3, "c", 1)                   = 1
2582  read(3, "r", 1)                   = 1
2582  read(3, "y", 1)                   = 1
2582  read(3, "p", 1)                   = 1
2582  read(3, "t", 1)                   = 1
2582  read(3, " ", 1)                   = 1
2582  read(3, "d", 1)                   = 1
2582  read(3, "e", 1)                   = 1
2582  read(3, "c", 1)                   = 1
2582  read(3, "r", 1)                   = 1
2582  read(3, "y", 1)                   = 1
2582  read(3, "p", 1)                   = 1
2582  read(3, "t", 1)                   = 1
2582  read(3, "\\", 1)                  = 1
2582  read(3, "n", 1)                   = 1
2582  read(3, "\"", 1)                  = 1
2582  read(3, ",", 1)                   = 1
2582  read(3, " ", 1)                   = 1
2582  read(3, "3", 1)                   = 1
2582  read(3, "0", 1)                   = 1
2582  read(3, " ", 1)                   = 1
2582  read(3, "<", 1)                   = 1
2582  read(3, "u", 1)                   = 1
2582  read(3, "n", 1)                   = 1
2582  read(3, "f", 1)                   = 1
2582  read(3, "i", 1)                   = 1
2582  read(3, "n", 1)                   = 1
2582  read(3, "i", 1)                   = 1
2582  read(3, "s", 1)                   = 1
2582  read(3, "h", 1)                   = 1
2582  read(3, "e", 1)                   = 1
2582  read(3, "d", 1)                   = 1
2582  read(3, " ", 1)                   = 1
2582  read(3, ".", 1)                   = 1
2582  read(3, ".", 1)                   = 1
2582  read(3, ".", 1)                   = 1
2582  read(3, ">", 1)                   = 1
2582  read(3, "\n", 1)                  = 1
2582  write(6, "72\n", 3)               = 3
2582  write(6, "372474 write(6, \"\\trm -f encdrv "..., 72) = 72
2582  read(3, "3", 1)                   = 1
2582  read(3, "7", 1)                   = 1
2582  read(3, "2", 1)                   = 1
2582  read(3, "4", 1)                   = 1
2582  read(3, "7", 1)                   = 1
2582  read(3, "5", 1)                   = 1
2582  read(3, " ", 1)                   = 1
2582  read(3, "r", 1)                   = 1
2582  read(3, "e", 1)                   = 1
2582  read(3, "a", 1)                   = 1
2582  read(3, "d", 1)                   = 1
2582  read(3, "(", 1)                   = 1
2582  read(3, "0", 1)                   = 1
2582  read(3, ",", 1)                   = 1
2582  read(3, " ", 1)                   = 1
2582  read(3, " ", 1)                   = 1
2582  read(3, "<", 1)                   = 1
2582  read(3, "u", 1)                   = 1
2582  read(3, "n", 1)                   = 1
2582  read(3, "f", 1)                   = 1
2582  read(3, "i", 1)                   = 1
2582  read(3, "n", 1)                   = 1
2582  read(3, "i", 1)                   = 1
2582  read(3, "s", 1)                   = 1
2582  read(3, "h", 1)                   = 1
2582  read(3, "e", 1)                   = 1
2582  read(3, "d", 1)                   = 1
2582  read(3, " ", 1)                   = 1
2582  read(3, ".", 1)                   = 1
2582  read(3, ".", 1)                   = 1
2582  read(3, ".", 1)                   = 1
2582  read(3, ">", 1)                   = 1
2582  read(3, "\n", 1)                  = 1
2582  write(6, "33\n", 3)               = 3
2582  write(6, "372475 read(0,  <unfinished ...>"..., 33) = 33
2582  read(3, "3", 1)                   = 1
2582  read(3, "7", 1)                   = 1
2582  read(3, "2", 1)                   = 1
2582  read(3, "4", 1)                   = 1
2582  read(3, "7", 1)                   = 1
2582  read(3, "4", 1)                   = 1
2582  read(3, " ", 1)                   = 1
2582  read(3, "<", 1)                   = 1
2582  read(3, ".", 1)                   = 1
2582  read(3, ".", 1)                   = 1
2582  read(3, ".", 1)                   = 1
2582  read(3, " ", 1)                   = 1
2582  read(3, "w", 1)                   = 1
2582  read(3, "r", 1)                   = 1
2582  read(3, "i", 1)                   = 1
2582  read(3, "t", 1)                   = 1
2582  read(3, "e", 1)                   = 1
2582  read(3, " ", 1)                   = 1
2582  read(3, "r", 1)                   = 1
2582  read(3, "e", 1)                   = 1
2582  read(3, "s", 1)                   = 1
2582  read(3, "u", 1)                   = 1
2582  read(3, "m", 1)                   = 1
2582  read(3, "e", 1)                   = 1
2582  read(3, "d", 1)                   = 1
2582  read(3, ">", 1)                   = 1
2582  read(3, ")", 1)                   = 1
2582  read(3, " ", 1)                   = 1
2582  read(3, " ", 1)                   = 1
2582  read(3, " ", 1)                   = 1
2582  read(3, " ", 1)                   = 1
2582  read(3, " ", 1)                   = 1
2582  read(3, " ", 1)                   = 1
2582  read(3, " ", 1)                   = 1
2582  read(3, " ", 1)                   = 1
2582  read(3, " ", 1)                   = 1
2582  read(3, " ", 1)                   = 1
2582  read(3, " ", 1)                   = 1
2582  read(3, " ", 1)                   = 1
2582  read(3, " ", 1)                   = 1
2582  read(3, "=", 1)                   = 1
2582  read(3, " ", 1)                   = 1
2582  read(3, "3", 1)                   = 1
2582  read(3, "0", 1)                   = 1
2582  read(3, "\n", 1)                  = 1
2582  write(6, "45\n", 3)               = 3
2582  write(6, "372474 <... write resumed>)     "..., 45) = 45
2582  read(3, "3", 1)                   = 1
2582  read(3, "7", 1)                   = 1
2582  read(3, "2", 1)                   = 1
2582  read(3, "4", 1)                   = 1
2582  read(3, "7", 1)                   = 1
2582  read(3, "5", 1)                   = 1
2582  read(3, " ", 1)                   = 1
2582  read(3, "<", 1)                   = 1
2582  read(3, ".", 1)                   = 1
2582  read(3, ".", 1)                   = 1
2582  read(3, ".", 1)                   = 1
2582  read(3, " ", 1)                   = 1
2582  read(3, "r", 1)                   = 1
2582  read(3, "e", 1)                   = 1
2582  read(3, "a", 1)                   = 1
2582  read(3, "d", 1)                   = 1
2582  read(3, " ", 1)                   = 1
2582  read(3, "r", 1)                   = 1
2582  read(3, "e", 1)                   = 1
2582  read(3, "s", 1)                   = 1
2582  read(3, "u", 1)                   = 1
2582  read(3, "m", 1)                   = 1
2582  read(3, "e", 1)                   = 1
2582  read(3, "d", 1)                   = 1
2582  read(3, ">", 1)                   = 1
2582  read(3, "\"", 1)                  = 1
2582  read(3, "\\", 1)                  = 1
2582  read(3, "t", 1)                   = 1
2582  read(3, "r", 1)                   = 1
2582  read(3, "m", 1)                   = 1
2582  read(3, " ", 1)                   = 1
2582  read(3, "-", 1)                   = 1
2582  read(3, "f", 1)                   = 1
2582  read(3, " ", 1)                   = 1
2582  read(3, "e", 1)                   = 1
2582  read(3, "n", 1)                   = 1
2582  read(3, "c", 1)                   = 1
2582  read(3, "d", 1)                   = 1
2582  read(3, "r", 1)                   = 1
2582  read(3, "v", 1)                   = 1
2582  read(3, " ", 1)                   = 1
2582  read(3, "e", 1)                   = 1
2582  read(3, "n", 1)                   = 1
2582  read(3, "c", 1)                   = 1
2582  read(3, "r", 1)                   = 1
2582  read(3, "y", 1)                   = 1
2582  read(3, "p", 1)                   = 1
2582  read(3, "t", 1)                   = 1
2582  read(3, " ", 1)                   = 1
2582  read(3, "d", 1)                   = 1
2582  read(3, "e", 1)                   = 1
2582  read(3, "c", 1)                   = 1
2582  read(3, "r", 1)                   = 1
2582  read(3, "y", 1)                   = 1
2582  read(3, "p", 1)                   = 1
2582  read(3, "t", 1)                   = 1
2582  read(3, "\\", 1)                  = 1
2582  read(3, "n", 1)                   = 1
2582  read(3, "\"", 1)                  = 1
2582  read(3, ",", 1)                   = 1
2582  read(3, " ", 1)                   = 1
2582  read(3, "4", 1)                   = 1
2582  read(3, "0", 1)                   = 1
2582  read(3, "9", 1)                   = 1
2582  read(3, "6", 1)                   = 1
2582  read(3, ")", 1)                   = 1
2582  read(3, " ", 1)                   = 1
2582  read(3, "=", 1)                   = 1
2582  read(3, " ", 1)                   = 1
2582  read(3, "3", 1)                   = 1
2582  read(3, "0", 1)                   = 1
2582  read(3, "\n", 1)                  = 1
2582  write(6, "72\n", 3)               = 3
2582  write(6, "372475 <... read resumed>\"\\trm -"..., 72) = 72
2582  read(3, "3", 1)                   = 1
2582  read(3, "7", 1)                   = 1
2582  read(3, "2", 1)                   = 1
2582  read(3, "4", 1)                   = 1
2582  read(3, "7", 1)                   = 1
2582  read(3, "5", 1)                   = 1
2582  read(3, " ", 1)                   = 1
2582  read(3, "w", 1)                   = 1
2582  read(3, "r", 1)                   = 1
2582  read(3, "i", 1)                   = 1
2582  read(3, "t", 1)                   = 1
2582  read(3, "e", 1)                   = 1
2582  read(3, "(", 1)                   = 1
2582  read(3, "1", 1)                   = 1
2582  read(3, ",", 1)                   = 1
2582  read(3, " ", 1)                   = 1
2582  read(3, "\"", 1)                  = 1
2582  read(3, "3", 1)                   = 1
2582  read(3, "0", 1)                   = 1
2582  read(3, "\\", 1)                  = 1
2582  read(3, "n", 1)                   = 1
2582  read(3, "\\", 1)                  = 1
2582  read(3, "2", 1)                   = 1
2582  read(3, "7", 1)                   = 1
2582  read(3, "l", 1)                   = 1
2582  read(3, "s", 1)                   = 1
2582  read(3, ">", 1)                   = 1
2582  read(3, "3", 1)                   = 1
2582  read(3, "x", 1)                   = 1
2582  read(3, ">", 1)                   = 1
2582  read(3, "{", 1)                   = 1
2582  read(3, "p", 1)                   = 1
2582  read(3, "}", 1)                   = 1
2582  read(3, "z", 1)                   = 1
2582  read(3, "l", 1)                   = 1
2582  read(3, "h", 1)                   = 1
2582  read(3, ">", 1)                   = 1
2582  read(3, "{", 1)                   = 1
2582  read(3, "p", 1)                   = 1
2582  read(3, "}", 1)                   = 1
2582  read(3, "l", 1)                   = 1
2582  read(3, "g", 1)                   = 1
2582  read(3, "n", 1)                   = 1
2582  read(3, "j", 1)                   = 1
2582  read(3, ">", 1)                   = 1
2582  read(3, "z", 1)                   = 1
2582  read(3, "{", 1)                   = 1
2582  read(3, "}", 1)                   = 1
2582  read(3, "l", 1)                   = 1
2582  read(3, "g", 1)                   = 1
2582  read(3, "n", 1)                   = 1
2582  read(3, "j", 1)                   = 1
2582  read(3, "\"", 1)                  = 1
2582  read(3, ".", 1)                   = 1
2582  read(3, ".", 1)                   = 1
2582  read(3, ".", 1)                   = 1
2582  read(3, ",", 1)                   = 1
2582  read(3, " ", 1)                   = 1
2582  read(3, "3", 1)                   = 1
2582  read(3, "3", 1)                   = 1
2582  read(3, " ", 1)                   = 1
2582  read(3, "<", 1)                   = 1
2582  read(3, "u", 1)                   = 1
2582  read(3, "n", 1)                   = 1
2582  read(3, "f", 1)                   = 1
2582  read(3, "i", 1)                   = 1
2582  read(3, "n", 1)                   = 1
2582  read(3, "i", 1)                   = 1
2582  read(3, "s", 1)                   = 1
2582  read(3, "h", 1)                   = 1
2582  read(3, "e", 1)                   = 1
2582  read(3, "d", 1)                   = 1
2582  read(3, " ", 1)                   = 1
2582  read(3, ".", 1)                   = 1
2582  read(3, ".", 1)                   = 1
2582  read(3, ".", 1)                   = 1
2582  read(3, ">", 1)                   = 1
2582  read(3, "\n", 1)                  = 1
2582  write(6, "78\n", 3)               = 3
2582  write(6, "372475 write(1, \"30\\n\\27ls>3x>{p"..., 78) = 78
2582  read(3, "3", 1)                   = 1
2582  read(3, "7", 1)                   = 1
2582  read(3, "2", 1)                   = 1
2582  read(3, "4", 1)                   = 1
2582  read(3, "7", 1)                   = 1
2582  read(3, "4", 1)                   = 1
2582  read(3, " ", 1)                   = 1
2582  read(3, "r", 1)                   = 1
2582  read(3, "e", 1)                   = 1
2582  read(3, "a", 1)                   = 1
2582  read(3, "d", 1)                   = 1
2582  read(3, "(", 1)                   = 1
2582  read(3, "7", 1)                   = 1
2582  read(3, ",", 1)                   = 1
2582  read(3, " ", 1)                   = 1
2582  read(3, " ", 1)                   = 1
2582  read(3, "<", 1)                   = 1
2582  read(3, "u", 1)                   = 1
2582  read(3, "n", 1)                   = 1
2582  read(3, "f", 1)                   = 1
2582  read(3, "i", 1)                   = 1
2582  read(3, "n", 1)                   = 1
2582  read(3, "i", 1)                   = 1
2582  read(3, "s", 1)                   = 1
2582  read(3, "h", 1)                   = 1
2582  read(3, "e", 1)                   = 1
2582  read(3, "d", 1)                   = 1
2582  read(3, " ", 1)                   = 1
2582  read(3, ".", 1)                   = 1
2582  read(3, ".", 1)                   = 1
2582  read(3, ".", 1)                   = 1
2582  read(3, ">", 1)                   = 1
2582  read(3, "\n", 1)                  = 1
2582  write(6, "33\n", 3)               = 3
2582  write(6, "372474 read(7,  <unfinished ...>"..., 33) = 33
2582  read(3, "3", 1)                   = 1
2582  read(3, "7", 1)                   = 1
2582  read(3, "2", 1)                   = 1
2582  read(3, "4", 1)                   = 1
2582  read(3, "7", 1)                   = 1
2582  read(3, "5", 1)                   = 1
2582  read(3, " ", 1)                   = 1
2582  read(3, "<", 1)                   = 1
2582  read(3, ".", 1)                   = 1
2582  read(3, ".", 1)                   = 1
2582  read(3, ".", 1)                   = 1
2582  read(3, " ", 1)                   = 1
2582  read(3, "w", 1)                   = 1
2582  read(3, "r", 1)                   = 1
2582  read(3, "i", 1)                   = 1
2582  read(3, "t", 1)                   = 1
2582  read(3, "e", 1)                   = 1
2582  read(3, " ", 1)                   = 1
2582  read(3, "r", 1)                   = 1
2582  read(3, "e", 1)                   = 1
2582  read(3, "s", 1)                   = 1
2582  read(3, "u", 1)                   = 1
2582  read(3, "m", 1)                   = 1
2582  read(3, "e", 1)                   = 1
2582  read(3, "d", 1)                   = 1
2582  read(3, ">", 1)                   = 1
2582  read(3, ")", 1)                   = 1
2582  read(3, " ", 1)                   = 1
2582  read(3, " ", 1)                   = 1
2582  read(3, " ", 1)                   = 1
2582  read(3, " ", 1)                   = 1
2582  read(3, " ", 1)                   = 1
2582  read(3, " ", 1)                   = 1
2582  read(3, " ", 1)                   = 1
2582  read(3, " ", 1)                   = 1
2582  read(3, " ", 1)                   = 1
2582  read(3, " ", 1)                   = 1
2582  read(3, " ", 1)                   = 1
2582  read(3, " ", 1)                   = 1
2582  read(3, " ", 1)                   = 1
2582  read(3, "=", 1)                   = 1
2582  read(3, " ", 1)                   = 1
2582  read(3, "3", 1)                   = 1
2582  read(3, "3", 1)                   = 1
2582  read(3, "\n", 1)                  = 1
2582  write(6, "45\n", 3)               = 3
2582  write(6, "372475 <... write resumed>)     "..., 45) = 45
2582  read(3, "3", 1)                   = 1
2582  read(3, "7", 1)                   = 1
2582  read(3, "2", 1)                   = 1
2582  read(3, "4", 1)                   = 1
2582  read(3, "7", 1)                   = 1
2582  read(3, "4", 1)                   = 1
2582  read(3, " ", 1)                   = 1
2582  read(3, "<", 1)                   = 1
2582  read(3, ".", 1)                   = 1
2582  read(3, ".", 1)                   = 1
2582  read(3, ".", 1)                   = 1
2582  read(3, " ", 1)                   = 1
2582  read(3, "r", 1)                   = 1
2582  read(3, "e", 1)                   = 1
2582  read(3, "a", 1)                   = 1
2582  read(3, "d", 1)                   = 1
2582  read(3, " ", 1)                   = 1
2582  read(3, "r", 1)                   = 1
2582  read(3, "e", 1)                   = 1
2582  read(3, "s", 1)                   = 1
2582  read(3, "u", 1)                   = 1
2582  read(3, "m", 1)                   = 1
2582  read(3, "e", 1)                   = 1
2582  read(3, "d", 1)                   = 1
2582  read(3, ">", 1)                   = 1
2582  read(3, "\"", 1)                  = 1
2582  read(3, "3", 1)                   = 1
2582  read(3, "0", 1)                   = 1
2582  read(3, "\\", 1)                  = 1
2582  read(3, "n", 1)                   = 1
2582  read(3, "\\", 1)                  = 1
2582  read(3, "2", 1)                   = 1
2582  read(3, "7", 1)                   = 1
2582  read(3, "l", 1)                   = 1
2582  read(3, "s", 1)                   = 1
2582  read(3, ">", 1)                   = 1
2582  read(3, "3", 1)                   = 1
2582  read(3, "x", 1)                   = 1
2582  read(3, ">", 1)                   = 1
2582  read(3, "{", 1)                   = 1
2582  read(3, "p", 1)                   = 1
2582  read(3, "}", 1)                   = 1
2582  read(3, "z", 1)                   = 1
2582  read(3, "l", 1)                   = 1
2582  read(3, "h", 1)                   = 1
2582  read(3, ">", 1)                   = 1
2582  read(3, "{", 1)                   = 1
2582  read(3, "p", 1)                   = 1
2582  read(3, "}", 1)                   = 1
2582  read(3, "l", 1)                   = 1
2582  read(3, "g", 1)                   = 1
2582  read(3, "n", 1)                   = 1
2582  read(3, "j", 1)                   = 1
2582  read(3, ">", 1)                   = 1
2582  read(3, "z", 1)                   = 1
2582  read(3, "{", 1)                   = 1
2582  read(3, "}", 1)                   = 1
2582  read(3, "l", 1)                   = 1
2582  read(3, "g", 1)                   = 1
2582  read(3, "n", 1)                   = 1
2582  read(3, "j", 1)                   = 1
2582  read(3, "\"", 1)                  = 1
2582  read(3, ".", 1)                   = 1
2582  read(3, ".", 1)                   = 1
2582  read(3, ".", 1)                   = 1
2582  read(3, ",", 1)                   = 1
2582  read(3, " ", 1)                   = 1
2582  read(3, "3", 1)                   = 1
2582  read(3, "3", 1)                   = 1
2582  read(3, ")", 1)                   = 1
2582  read(3, " ", 1)                   = 1
2582  read(3, "=", 1)                   = 1
2582  read(3, " ", 1)                   = 1
2582  read(3, "3", 1)                   = 1
2582  read(3, "3", 1)                   = 1
2582  read(3, "\n", 1)                  = 1
2582  write(6, "76\n", 3)               = 3
2582  write(6, "372474 <... read resumed>\"30\\n\\2"..., 76) = 76
2582  read(3, "3", 1)                   = 1
2582  read(3, "7", 1)                   = 1
2582  read(3, "2", 1)                   = 1
2582  read(3, "4", 1)                   = 1
2582  read(3, "7", 1)                   = 1
2582  read(3, "5", 1)                   = 1
2582  read(3, " ", 1)                   = 1
2582  read(3, "r", 1)                   = 1
2582  read(3, "e", 1)                   = 1
2582  read(3, "a", 1)                   = 1
2582  read(3, "d", 1)                   = 1
2582  read(3, "(", 1)                   = 1
2582  read(3, "0", 1)                   = 1
2582  read(3, ",", 1)                   = 1
2582  read(3, " ", 1)                   = 1
2582  read(3, " ", 1)                   = 1
2582  read(3, "<", 1)                   = 1
2582  read(3, "u", 1)                   = 1
2582  read(3, "n", 1)                   = 1
2582  read(3, "f", 1)                   = 1
2582  read(3, "i", 1)                   = 1
2582  read(3, "n", 1)                   = 1
2582  read(3, "i", 1)                   = 1
2582  read(3, "s", 1)                   = 1
2582  read(3, "h", 1)                   = 1
2582  read(3, "e", 1)                   = 1
2582  read(3, "d", 1)                   = 1
2582  read(3, " ", 1)                   = 1
2582  read(3, ".", 1)                   = 1
2582  read(3, ".", 1)                   = 1
2582  read(3, ".", 1)                   = 1
2582  read(3, ">", 1)                   = 1
2582  read(3, "\n", 1)                  = 1
2582  write(6, "33\n", 3)               = 3
2582  write(6, "372475 read(0,  <unfinished ...>"..., 33) = 33
2582  read(3, "3", 1)                   = 1
2582  read(3, "7", 1)                   = 1
2582  read(3, "2", 1)                   = 1
2582  read(3, "4", 1)                   = 1
2582  read(3, "7", 1)                   = 1
2582  read(3, "4", 1)                   = 1
2582  read(3, " ", 1)                   = 1
2582  read(3, "w", 1)                   = 1
2582  read(3, "r", 1)                   = 1
2582  read(3, "i", 1)                   = 1
2582  read(3, "t", 1)                   = 1
2582  read(3, "e", 1)                   = 1
2582  read(3, "(", 1)                   = 1
2582  read(3, "4", 1)                   = 1
2582  read(3, ",", 1)                   = 1
2582  read(3, " ", 1)                   = 1
2582  read(3, "\"", 1)                  = 1
2582  read(3, "3", 1)                   = 1
2582  read(3, "0", 1)                   = 1
2582  read(3, "\\", 1)                  = 1
2582  read(3, "n", 1)                   = 1
2582  read(3, "\\", 1)                  = 1
2582  read(3, "2", 1)                   = 1
2582  read(3, "7", 1)                   = 1
2582  read(3, "l", 1)                   = 1
2582  read(3, "s", 1)                   = 1
2582  read(3, ">", 1)                   = 1
2582  read(3, "3", 1)                   = 1
2582  read(3, "x", 1)                   = 1
2582  read(3, ">", 1)                   = 1
2582  read(3, "{", 1)                   = 1
2582  read(3, "p", 1)                   = 1
2582  read(3, "}", 1)                   = 1
2582  read(3, "z", 1)                   = 1
2582  read(3, "l", 1)                   = 1
2582  read(3, "h", 1)                   = 1
2582  read(3, ">", 1)                   = 1
2582  read(3, "{", 1)                   = 1
2582  read(3, "p", 1)                   = 1
2582  read(3, "}", 1)                   = 1
2582  read(3, "l", 1)                   = 1
2582  read(3, "g", 1)                   = 1
2582  read(3, "n", 1)                   = 1
2582  read(3, "j", 1)                   = 1
2582  read(3, ">", 1)                   = 1
2582  read(3, "z", 1)                   = 1
2582  read(3, "{", 1)                   = 1
2582  read(3, "}", 1)                   = 1
2582  read(3, "l", 1)                   = 1
2582  read(3, "g", 1)                   = 1
2582  read(3, "n", 1)                   = 1
2582  read(3, "j", 1)                   = 1
2582  read(3, "\"", 1)                  = 1
2582  read(3, ".", 1)                   = 1
2582  read(3, ".", 1)                   = 1
2582  read(3, ".", 1)                   = 1
2582  read(3, ",", 1)                   = 1
2582  read(3, " ", 1)                   = 1
2582  read(3, "3", 1)                   = 1
2582  read(3, "3", 1)                   = 1
2582  read(3, ")", 1)                   = 1
2582  read(3, " ", 1)                   = 1
2582  read(3, "=", 1)                   = 1
2582  read(3, " ", 1)                   = 1
2582  read(3, "3", 1)                   = 1
2582  read(3, "3", 1)                   = 1
2582  read(3, "\n", 1)                  = 1
2582  write(6, "67\n", 3)               = 3
2582  write(6, "372474 write(4, \"30\\n\\27ls>3x>{p"..., 67) = 67
2582  read(3, "3", 1)                   = 1
2582  read(3, "7", 1)                   = 1
2582  read(3, "2", 1)                   = 1
2582  read(3, "4", 1)                   = 1
2582  read(3, "7", 1)                   = 1
2582  read(3, "4", 1)                   = 1
2582  read(3, " ", 1)                   = 1
2582  read(3, "r", 1)                   = 1
2582  read(3, "e", 1)                   = 1
2582  read(3, "a", 1)                   = 1
2582  read(3, "d", 1)                   = 1
2582  read(3, "(", 1)                   = 1
2582  read(3, "3", 1)                   = 1
2582  read(3, ",", 1)                   = 1
2582  read(3, " ", 1)                   = 1
2582  read(3, "\"", 1)                  = 1
2582  read(3, "\"", 1)                  = 1
2582  read(3, ",", 1)                   = 1
2582  read(3, " ", 1)                   = 1
2582  read(3, "1", 1)                   = 1
2582  read(3, "2", 1)                   = 1
2582  read(3, "8", 1)                   = 1
2582  read(3, ")", 1)                   = 1
2582  read(3, " ", 1)                   = 1
2582  read(3, " ", 1)                   = 1
2582  read(3, " ", 1)                   = 1
2582  read(3, " ", 1)                   = 1
2582  read(3, " ", 1)                   = 1
2582  read(3, " ", 1)                   = 1
2582  read(3, " ", 1)                   = 1
2582  read(3, " ", 1)                   = 1
2582  read(3, " ", 1)                   = 1
2582  read(3, " ", 1)                   = 1
2582  read(3, " ", 1)                   = 1
2582  read(3, " ", 1)                   = 1
2582  read(3, " ", 1)                   = 1
2582  read(3, " ", 1)                   = 1
2582  read(3, " ", 1)                   = 1
2582  read(3, " ", 1)                   = 1
2582  read(3, " ", 1)                   = 1
2582  read(3, "=", 1)                   = 1
2582  read(3, " ", 1)                   = 1
2582  read(3, "0", 1)                   = 1
2582  read(3, "\n", 1)                  = 1
2582  write(6, "44\n", 3)               = 3
2582  write(6, "372474 read(3, \"\", 128)         "..., 44) = 44
2582  read(3, "3", 1)                   = 1
2582  read(3, "7", 1)                   = 1
2582  read(3, "2", 1)                   = 1
2582  read(3, "4", 1)                   = 1
2582  read(3, "7", 1)                   = 1
2582  read(3, "4", 1)                   = 1
2582  read(3, " ", 1)                   = 1
2582  read(3, "c", 1)                   = 1
2582  read(3, "l", 1)                   = 1
2582  read(3, "o", 1)                   = 1
2582  read(3, "s", 1)                   = 1
2582  read(3, "e", 1)                   = 1
2582  read(3, "(", 1)                   = 1
2582  read(3, "6", 1)                   = 1
2582  read(3, ")", 1)                   = 1
2582  read(3, " ", 1)                   = 1
2582  read(3, " ", 1)                   = 1
2582  read(3, " ", 1)                   = 1
2582  read(3, " ", 1)                   = 1
2582  read(3, " ", 1)                   = 1
2582  read(3, " ", 1)                   = 1
2582  read(3, " ", 1)                   = 1
2582  read(3, " ", 1)                   = 1
2582  read(3, " ", 1)                   = 1
2582  read(3, " ", 1)                   = 1
2582  read(3, " ", 1)                   = 1
2582  read(3, " ", 1)                   = 1
2582  read(3, " ", 1)                   = 1
2582  read(3, " ", 1)                   = 1
2582  read(3, " ", 1)                   = 1
2582  read(3, " ", 1)                   = 1
2582  read(3, " ", 1)                   = 1
2582  read(3, " ", 1)                   = 1
2582  read(3, " ", 1)                   = 1
2582  read(3, " ", 1)                   = 1
2582  read(3, " ", 1)                   = 1
2582  read(3, " ", 1)                   = 1
2582  read(3, " ", 1)                   = 1
2582  read(3, " ", 1)                   = 1
2582  read(3, " ", 1)                   = 1
2582  read(3, "=", 1)                   = 1
2582  read(3, " ", 1)                   = 1
2582  read(3, "0", 1)                   = 1
2582  read(3, "\n", 1)                  = 1
2582  write(6, "44\n", 3)               = 3
2582  write(6, "372474 close(6)                 "..., 44) = 44
2582  read(3, "3", 1)                   = 1
2582  read(3, "7", 1)                   = 1
2582  read(3, "2", 1)                   = 1
2582  read(3, "4", 1)                   = 1
2582  read(3, "7", 1)                   = 1
2582  read(3, "5", 1)                   = 1
2582  read(3, " ", 1)                   = 1
2582  read(3, "<", 1)                   = 1
2582  read(3, ".", 1)                   = 1
2582  read(3, ".", 1)                   = 1
2582  read(3, ".", 1)                   = 1
2582  read(3, " ", 1)                   = 1
2582  read(3, "r", 1)                   = 1
2582  read(3, "e", 1)                   = 1
2582  read(3, "a", 1)                   = 1
2582  read(3, "d", 1)                   = 1
2582  read(3, " ", 1)                   = 1
2582  read(3, "r", 1)                   = 1
2582  read(3, "e", 1)                   = 1
2582  read(3, "s", 1)                   = 1
2582  read(3, "u", 1)                   = 1
2582  read(3, "m", 1)                   = 1
2582  read(3, "e", 1)                   = 1
2582  read(3, "d", 1)                   = 1
2582  read(3, ">", 1)                   = 1
2582  read(3, "\"", 1)                  = 1
2582  read(3, "\"", 1)                  = 1
2582  read(3, ",", 1)                   = 1
2582  read(3, " ", 1)                   = 1
2582  read(3, "4", 1)                   = 1
2582  read(3, "0", 1)                   = 1
2582  read(3, "9", 1)                   = 1
2582  read(3, "6", 1)                   = 1
2582  read(3, ")", 1)                   = 1
2582  read(3, " ", 1)                   = 1
2582  read(3, " ", 1)                   = 1
2582  read(3, " ", 1)                   = 1
2582  read(3, " ", 1)                   = 1
2582  read(3, " ", 1)                   = 1
2582  read(3, " ", 1)                   = 1
2582  read(3, "=", 1)                   = 1
2582  read(3, " ", 1)                   = 1
2582  read(3, "0", 1)                   = 1
2582  read(3, "\n", 1)                  = 1
2582  write(6, "44\n", 3)               = 3
2582  write(6, "372475 <... read resumed>\"\", 409"..., 44) = 44
2582  read(3, "3", 1)                   = 1
2582  read(3, "7", 1)                   = 1
2582  read(3, "2", 1)                   = 1
2582  read(3, "4", 1)                   = 1
2582  read(3, "7", 1)                   = 1
2582  read(3, "4", 1)                   = 1
2582  read(3, " ", 1)                   = 1
2582  read(3, "c", 1)                   = 1
2582  read(3, "l", 1)                   = 1
2582  read(3, "o", 1)                   = 1
2582  read(3, "s", 1)                   = 1
2582  read(3, "e", 1)                   = 1
2582  read(3, "(", 1)                   = 1
2582  read(3, "7", 1)                   = 1
2582  read(3, ")", 1)                   = 1
2582  read(3, " ", 1)                   = 1
2582  read(3, " ", 1)                   = 1
2582  read(3, " ", 1)                   = 1
2582  read(3, " ", 1)                   = 1
2582  read(3, " ", 1)                   = 1
2582  read(3, " ", 1)                   = 1
2582  read(3, " ", 1)                   = 1
2582  read(3, " ", 1)                   = 1
2582  read(3, " ", 1)                   = 1
2582  read(3, " ", 1)                   = 1
2582  read(3, " ", 1)                   = 1
2582  read(3, " ", 1)                   = 1
2582  read(3, " ", 1)                   = 1
2582  read(3, " ", 1)                   = 1
2582  read(3, " ", 1)                   = 1
2582  read(3, " ", 1)                   = 1
2582  read(3, " ", 1)                   = 1
2582  read(3, " ", 1)                   = 1
2582  read(3, " ", 1)                   = 1
2582  read(3, " ", 1)                   = 1
2582  read(3, " ", 1)                   = 1
2582  read(3, " ", 1)                   = 1
2582  read(3, " ", 1)                   = 1
2582  read(3, " ", 1)                   = 1
2582  read(3, " ", 1)                   = 1
2582  read(3, "=", 1)                   = 1
2582  read(3, " ", 1)                   = 1
2582  read(3, "0", 1)                   = 1
2582  read(3, "\n", 1)                  = 1
2582  write(6, "44\n", 3)               = 3
2582  write(6, "372474 close(7)                 "..., 44) = 44
2582  read(3, "3", 1)                   = 1
2582  read(3, "7", 1)                   = 1
2582  read(3, "2", 1)                   = 1
2582  read(3, "4", 1)                   = 1
2582  read(3, "7", 1)                   = 1
2582  read(3, "5", 1)                   = 1
2582  read(3, " ", 1)                   = 1
2582  read(3, "e", 1)                   = 1
2582  read(3, "x", 1)                   = 1
2582  read(3, "i", 1)                   = 1
2582  read(3, "t", 1)                   = 1
2582  read(3, "_", 1)                   = 1
2582  read(3, "g", 1)                   = 1
2582  read(3, "r", 1)                   = 1
2582  read(3, "o", 1)                   = 1
2582  read(3, "u", 1)                   = 1
2582  read(3, "p", 1)                   = 1
2582  read(3, "(", 1)                   = 1
2582  read(3, "0", 1)                   = 1
2582  read(3, ")", 1)                   = 1
2582  read(3, " ", 1)                   = 1
2582  read(3, " ", 1)                   = 1
2582  read(3, " ", 1)                   = 1
2582  read(3, " ", 1)                   = 1
2582  read(3, " ", 1)                   = 1
2582  read(3, " ", 1)                   = 1
2582  read(3, " ", 1)                   = 1
2582  read(3, " ", 1)                   = 1
2582  read(3, " ", 1)                   = 1
2582  read(3, " ", 1)                   = 1
2582  read(3, " ", 1)                   = 1
2582  read(3, " ", 1)                   = 1
2582  read(3, " ", 1)                   = 1
2582  read(3, " ", 1)                   = 1
2582  read(3, " ", 1)                   = 1
2582  read(3, " ", 1)                   = 1
2582  read(3, " ", 1)                   = 1
2582  read(3, " ", 1)                   = 1
2582  read(3, " ", 1)                   = 1
2582  read(3, " ", 1)                   = 1
2582  read(3, "=", 1)                   = 1
2582  read(3, " ", 1)                   = 1
2582  read(3, "?", 1)                   = 1
2582  read(3, "\n", 1)                  = 1
2582  write(6, "44\n", 3)               = 3
2582  write(6, "372475 exit_group(0)            "..., 44) = 44
2582  read(3, "3", 1)                   = 1
2582  read(3, "7", 1)                   = 1
2582  read(3, "2", 1)                   = 1
2582  read(3, "4", 1)                   = 1
2582  read(3, "7", 1)                   = 1
2582  read(3, "4", 1)                   = 1
2582  read(3, " ", 1)                   = 1
2582  read(3, "e", 1)                   = 1
2582  read(3, "x", 1)                   = 1
2582  read(3, "i", 1)                   = 1
2582  read(3, "t", 1)                   = 1
2582  read(3, "_", 1)                   = 1
2582  read(3, "g", 1)                   = 1
2582  read(3, "r", 1)                   = 1
2582  read(3, "o", 1)                   = 1
2582  read(3, "u", 1)                   = 1
2582  read(3, "p", 1)                   = 1
2582  read(3, "(", 1)                   = 1
2582  read(3, "0", 1)                   = 1
2582  read(3, ")", 1)                   = 1
2582  read(3, " ", 1)                   = 1
2582  read(3, " ", 1)                   = 1
2582  read(3, " ", 1)                   = 1
2582  read(3, " ", 1)                   = 1
2582  read(3, " ", 1)                   = 1
2582  read(3, " ", 1)                   = 1
2582  read(3, " ", 1)                   = 1
2582  read(3, " ", 1)                   = 1
2582  read(3, " ", 1)                   = 1
2582  read(3, " ", 1)                   = 1
2582  read(3, " ", 1)                   = 1
2582  read(3, " ", 1)                   = 1
2582  read(3, " ", 1)                   = 1
2582  read(3, " ", 1)                   = 1
2582  read(3, " ", 1)                   = 1
2582  read(3, " ", 1)                   = 1
2582  read(3, " ", 1)                   = 1
2582  read(3, " ", 1)                   = 1
2582  read(3, " ", 1)                   = 1
2582  read(3, " ", 1)                   = 1
2582  read(3, "=", 1)                   = 1
2582  read(3, " ", 1)                   = 1
2582  read(3, "?", 1)                   = 1
2582  read(3, "\n", 1)                  = 1
2582  write(6, "44\n", 3)               = 3
2582  write(6, "372474 exit_group(0)            "..., 44) = 44
2582  read(3, "3", 1)                   = 1
2582  read(3, "7", 1)                   = 1
2582  read(3, "2", 1)                   = 1
2582  read(3, "4", 1)                   = 1
2582  read(3, "7", 1)                   = 1
2582  read(3, "5", 1)                   = 1
2582  read(3, " ", 1)                   = 1
2582  read(3, "+", 1)                   = 1
2582  read(3, "+", 1)                   = 1
2582  read(3, "+", 1)                   = 1
2582  read(3, " ", 1)                   = 1
2582  read(3, "e", 1)                   = 1
2582  read(3, "x", 1)                   = 1
2582  read(3, "i", 1)                   = 1
2582  read(3, "t", 1)                   = 1
2582  read(3, "e", 1)                   = 1
2582  read(3, "d", 1)                   = 1
2582  read(3, " ", 1)                   = 1
2582  read(3, "w", 1)                   = 1
2582  read(3, "i", 1)                   = 1
2582  read(3, "t", 1)                   = 1
2582  read(3, "h", 1)                   = 1
2582  read(3, " ", 1)                   = 1
2582  read(3, "0", 1)                   = 1
2582  read(3, " ", 1)                   = 1
2582  read(3, "+", 1)                   = 1
2582  read(3, "+", 1)                   = 1
2582  read(3, "+", 1)                   = 1
2582  read(3, "\n", 1)                  = 1
2582  write(6, "29\n", 3)               = 3
2582  write(6, "372475 +++ exited with 0 +++\n", 29) = 29
2582  read(3, "3", 1)                   = 1
2582  read(3, "7", 1)                   = 1
2582  read(3, "2", 1)                   = 1
2582  read(3, "4", 1)                   = 1
2582  read(3, "7", 1)                   = 1
2582  read(3, "4", 1)                   = 1
2582  read(3, " ", 1)                   = 1
2582  read(3, "+", 1)                   = 1
2582  read(3, "+", 1)                   = 1
2582  read(3, "+", 1)                   = 1
2582  read(3, " ", 1)                   = 1
2582  read(3, "e", 1)                   = 1
2582  read(3, "x", 1)                   = 1
2582  read(3, "i", 1)                   = 1
2582  read(3, "t", 1)                   = 1
2582  read(3, "e", 1)                   = 1
2582  read(3, "d", 1)                   = 1
2582  read(3, " ", 1)                   = 1
2582  read(3, "w", 1)                   = 1
2582  read(3, "i", 1)                   = 1
2582  read(3, "t", 1)                   = 1
2582  read(3, "h", 1)                   = 1
2582  read(3, " ", 1)                   = 1
2582  read(3, "0", 1)                   = 1
2582  read(3, " ", 1)                   = 1
2582  read(3, "+", 1)                   = 1
2582  read(3, "+", 1)                   = 1
2582  read(3, "+", 1)                   = 1
2582  read(3, "\n", 1)                  = 1
2582  write(6, "29\n", 3)               = 3
2582  write(6, "372474 +++ exited with 0 +++\n", 29) = 29
2582  read(3, "", 1)                    = 0
2582  write(6, "", 0)                   = 0
2582  close(1)                          = 0
2582  dup2(4, 1)                        = 1
2582  close(6)                          = 0
2582  clone(child_stack=NULL, flags=CLONE_CHILD_CLEARTID|CLONE_CHILD_SETTID|SIGCHLD, child_tidptr=0x7d3da27b6a10) = 2583
2582  exit_group(0)                     = ?
2582  +++ exited with 0 +++
2583  set_robust_list(0x7d3da27b6a20, 24) = 0
2583  close(0)                          = 0
2583  dup2(5, 0)                        = 0
2583  execve("./encrypt", ["encrypt"], 0x7ffd009f0f18 /* 18 vars */) = 0
2583  brk(NULL)                         = 0x5f4ac3f8b000
2583  arch_prctl(0x3001 /* ARCH_??? */, 0x7fffc7c28d10) = -1 EINVAL (Invalid argument)
2583  mmap(NULL, 8192, PROT_READ|PROT_WRITE, MAP_PRIVATE|MAP_ANONYMOUS, -1, 0) = 0x743b3be18000
2583  access("/etc/ld.so.preload", R_OK) = -1 ENOENT (No such file or directory)
2583  openat(AT_FDCWD, "/etc/ld.so.cache", O_RDONLY|O_CLOEXEC) = 6
2583  newfstatat(6, "", {st_mode=S_IFREG|0644, st_size=29392, ...}, AT_EMPTY_PATH) = 0
2583  mmap(NULL, 29392, PROT_READ, MAP_PRIVATE, 6, 0) = 0x743b3be10000
2583  close(6)                          = 0
2583  openat(AT_FDCWD, "/lib/x86_64-linux-gnu/libc.so.6", O_RDONLY|O_CLOEXEC) = 6
2583  read(6, "\177ELF\2\1\1\3\0\0\0\0\0\0\0\0\3\0>\0\1\0\0\0P\237\2\0\0\0\0\0"..., 832) = 832
2583  pread64(6, "\6\0\0\0\4\0\0\0@\0\0\0\0\0\0\0@\0\0\0\0\0\0\0@\0\0\0\0\0\0\0"..., 784, 64) = 784
2583  pread64(6, "\4\0\0\0 \0\0\0\5\0\0\0GNU\0\2\0\0\300\4\0\0\0\3\0\0\0\0\0\0\0"..., 48, 848) = 48
2583  pread64(6, "\4\0\0\0\24\0\0\0\3\0\0\0GNU\0\325\31p\226\367\t\200\30)\261\30\257\33|\366c"..., 68, 896) = 68
2583  newfstatat(6, "", {st_mode=S_IFREG|0755, st_size=2220400, ...}, AT_EMPTY_PATH) = 0
2583  pread64(6, "\6\0\0\0\4\0\0\0@\0\0\0\0\0\0\0@\0\0\0\0\0\0\0@\0\0\0\0\0\0\0"..., 784, 64) = 784
2583  mmap(NULL, 2264656, PROT_READ, MAP_PRIVATE|MAP_DENYWRITE, 6, 0) = 0x743b3bbe7000
2583  mprotect(0x743b3bc0f000, 2023424, PROT_NONE) = 0
2583  mmap(0x743b3bc0f000, 1658880, PROT_READ|PROT_EXEC, MAP_PRIVATE|MAP_FIXED|MAP_DENYWRITE, 6, 0x28000) = 0x743b3bc0f000
2583  mmap(0x743b3bda4000, 360448, PROT_READ, MAP_PRIVATE|MAP_FIXED|MAP_DENYWRITE, 6, 0x1bd000) = 0x743b3bda4000
2583  mmap(0x743b3bdfd000, 24576, PROT_READ|PROT_WRITE, MAP_PRIVATE|MAP_FIXED|MAP_DENYWRITE, 6, 0x215000) = 0x743b3bdfd000
2583  mmap(0x743b3be03000, 52816, PROT_READ|PROT_WRITE, MAP_PRIVATE|MAP_FIXED|MAP_ANONYMOUS, -1, 0) = 0x743b3be03000
2583  close(6)                          = 0
2583  mmap(NULL, 12288, PROT_READ|PROT_WRITE, MAP_PRIVATE|MAP_ANONYMOUS, -1, 0) = 0x743b3bbe4000
2583  arch_prctl(ARCH_SET_FS, 0x743b3bbe4740) = 0
2583  set_tid_address(0x743b3bbe4a10)   = 2583
2583  set_robust_list(0x743b3bbe4a20, 24) = 0
2583  rseq(0x743b3bbe50e0, 0x20, 0, 0x53053053) = 0
2583  mprotect(0x743b3bdfd000, 16384, PROT_READ) = 0
2583  mprotect(0x5f4ac3a93000, 4096, PROT_READ) = 0
2583  mprotect(0x743b3be52000, 8192, PROT_READ) = 0
2583  prlimit64(0, RLIMIT_STACK, NULL, {rlim_cur=8192*1024, rlim_max=RLIM64_INFINITY}) = 0
2583  munmap(0x743b3be10000, 29392)     = 0
2583  newfstatat(0, "", {st_mode=S_IFIFO|0600, st_size=0, ...}, AT_EMPTY_PATH) = 0
2583  getrandom("\x30\x42\xe2\x6a\x2a\x07\xf3\xc7", 8, GRND_NONBLOCK) = 8
2583  brk(NULL)                         = 0x5f4ac3f8b000
2583  brk(0x5f4ac3fac000)               = 0x5f4ac3fac000
2583  read(0, "101\n372474 execve(\"./encdrv\", [\""..., 4096) = 4096
2583  newfstatat(1, "", {st_mode=S_IFREG|S_ISVTX|0404, st_size=0, ...}, AT_EMPTY_PATH) = 0
2583  write(1, "101\nVRWQRQE\0\35\0\6\23\0MGKJ\0\v\6\1\27\23GIE>G"..., 105) = 105
2583  write(1, "57\n\n\16\v\r\16\r\31[KR\21wluu\20\31\31\31\31\31\31\31\31\31\31\31\31\31"..., 60) = 60
2583  write(1, "88\nkojlolx9*;0\7(*;,4ph khhixwrx\31"..., 91) = 91
2583  write(1, "82\nae`fefr3117!!zp}7&1}>6|!=|\" 7"..., 85) = 85
2583  write(1, "68\nwsvpspd+4!*%0l\5\20\33\2\0\7\23\0hdfk!0'"..., 71) = 71
2583  write(1, "65\nrvsuvua'25 5irma:25\36,.%$|\22\36\10\7"..., 68) = 68
2583  write(1, "73\nz~{}~}i$$(9a\7\34\5\5eix{p|\177\177ei\31\33\6"..., 76) = 76
2583  write(1, "44\n\37\33\36\30\33\30\fO@C_I\4\37\5\f\f\f\f\f\f\f\f\f\f\f\f\f\f"..., 47) = 47
2583  write(1, "83\n`dagdgs<#6=2'{\22\7\f\25\27\20\4\27\177sq|?:1"..., 86) = 86
2583  write(1, "96\nSWRTWT@\22\5\1\4HSL@B<QWW%,&<R<Q<Q"..., 99) = 99
2583  write(1, "101\nVRWQRQE\25\27\0\4\1SQMVIEG9S9U9U9U9"..., 105) = 105
2583  write(1, "100\nWSVPSPD\24\26\1\5\0RPLWHDF8P8T8T8T8"..., 104) = 104
2583  write(1, "103\nTPUSPSG\27\25\2\6\3QSOTKGE;S;W;W;W;"..., 107) = 107
2583  write(1, "66\nqupvuvb$16#6jqnb916\35/-&'\177\21\35\v\4"..., 69) = 69
2583  write(1, "97\nRVSUVUA\f\f\0\21I/4--MAYPXSMA13.5>"..., 100) = 100
2583  write(1, "101\nVRWQRQE\25\27\0\4\1SQMVIEG9S9U9U9U9"..., 105) = 105
2583  write(1, "100\nWSVPSPD\24\26\1\5\0RPLWHDF8P8T8T8T8"..., 104) = 104
2583  write(1, "103\nTPUSPSG\27\25\2\6\3QSOTKGE;S;W;W;W;"..., 107) = 107
2583  write(1, "88\nkojlolx559(p\26\r\24\24txjhkoklltx\10\n"..., 91) = 91
2583  write(1, "124\nOKNHKH\\\21\21\35\fTL\4K\32\31KI\30OE\35LLLP\\"..., 128) = 128
2583  write(1, "114\nAE@FEFR\37\37\23\2ZB\nE\24\27EG\26GC@BBB^R"..., 118) = 118
2583  write(1, "124\nOKNHKH\\\21\21\35\fTL\4K\32\31KI\30IJLLLLP\\"..., 128) = 128
2583  write(1, "118\nEADBABV\33\33\27\6^F\16A\20\23AC\22C@@FFFZV"..., 122) = 122
2583  write(1, "44\n\37\33\36\30\33\30\fO@C_I\4\37\5\f\f\f\f\f\f\f\f\f\f\f\f\f\f"..., 47) = 47
2583  write(1, "51\n\0\4\1\7\4\7\23RAP[lCAPG_\33rap{l`vglu`"..., 54) = 54
2583  write(1, "54\n\5\1\4\2\1\2\26[FDYBSUB\36\6N\1PS\1\3R\3\0\6\6\6"..., 57) = 57
2583  write(1, "53\n\6\2\7\1\2\1\25XEGZAPVA\35\5M\0\0P\f\2\r\4\4V\5\5"..., 56) = 56
2583  write(1, "53\n\6\2\7\1\2\1\25XEGZAPVA\35\5M\2SP\2\0Q\0W\f\5\5"..., 56) = 56
2583  write(1, "44\n\37\33\36\30\33\30\fAYBAM\\\4\34T\33JI\33\31H\31\32O\34\34\34\0"..., 47) = 47
2583  write(1, "50\n\1\5\0\6\5\6\22]BW\\SF\32sfmtvqev\36\22\20\177SYW"..., 53) = 53
2583  write(1, "46\n\35\31\34\32\31\32\16B]KKE\6\35\2\16\36\2\16}kkeqk`j\7\16"..., 49) = 49
2583  write(1, "44\n\37\33\36\30\33\30\f@_IIG\4\37\0\f\34\0\f\177iigs\177ix\5\f"..., 47) = 47
2583  write(1, "72\n{\177z|\177|h'8-&)<`\t\34\27\16\f\v\37\fdhj;)%8"..., 75) = 75
2583  write(1, "44\n\37\33\36\30\33\30\f\\E\\I\4w\31\0\f\32q\5\f\f\f\f\f\f\f\f\f\f"..., 47) = 47
2583  write(1, "44\n\37\33\36\30\33\30\f\\E\\I\4w\33\0\f\24q\5\f\f\f\f\f\f\f\f\f\f"..., 47) = 47
2583  write(1, "124\nOKNHKH\\\37\20\23\22\31T\37\24\25\20\30#\17\10\35\37\27A2)0"..., 128) = 128
2583  write(1, "44\n\37\33\36\30\33\30\fO@C_I\4\31\5\f\f\f\f\f\f\f\f\f\f\f\f\f\f"..., 47) = 47
2583  write(1, "44\n\37\33\36\30\33\30\fO@C_I\4\24\5\f\f\f\f\f\f\f\f\f\f\f\f\f\f"..., 47) = 47
2583  write(1, "33\n\22\26\23\25\26\25\1SD@E\t\22\r\1\1\35TOGHOHRIDE\1\17"..., 36) = 36
2583  write(1, "32\n\23\27\22\24\27\25\0CLOSE\10\26\0\34UNFINISHED\0\16\16"..., 35) = 35
2583  write(1, "77\n~z\177yzymqcccm?(,)m?(>8 ()so,!!"..., 80) = 80
2583  write(1, "44\n\37\33\36\30\33\31\f\20\2\2\2\fO@C_I\f^I_YAIH\22\5\f\f"..., 47) = 47
2583  write(1, "44\n\37\33\36\30\33\30\f[^EXI\4\32\0\f\16\36\24pB\16\0\f\37\5\f\f\f"..., 47) = 47
2583  write(1, "69\nvrwqrqe27,1 msieg$))\177e +&!73e"..., 72) = 72
2583  write(1, "32\n\23\27\22\24\27\25\0CLOSE\10\27\0\34UNFINISHED\0\16\16"..., 35) = 35
2583  write(1, "45\n\36\32\37\31\32\31\r\21\3\3\3\rZ_DYH\r_H^X@HI\23\4\r\r"..., 48) = 48
2583  write(1, "44\n\37\33\36\30\33\31\f\20\2\2\2\fO@C_I\f^I_YAIH\22\5\f\f"..., 47) = 47
2583  write(1, "33\n\22\26\23\25\26\25\1SD@E\t\26\r\1\1\35TOGHOHRIDE\1\17"..., 36) = 36
2583  write(1, "44\n\37\33\36\30\33\31\fO@C_I\4\34\5\f\f\f\f\f\f\f\f\f\f\f\f\f\f"..., 47) = 47
2583  write(1, "44\n\37\33\36\30\33\31\fHY\\\4\31\5\f\f\f\f\f\f\f\f\f\f\f\f\f\f\f\f"..., 47) = 47
2583  write(1, "44\n\37\33\36\30\33\31\fO@C_I\4\35\5\f\f\f\f\f\f\f\f\f\f\f\f\f\f"..., 47) = 47
2583  write(1, "44\n\37\33\36\30\33\31\fHY\\\4\24\5\f\f\f\f\f\f\f\f\f\f\f\f\f\f\f\f"..., 47) = 47
2583  write(1, "74\ny}x~}\177j/2/)</bhde/$)83:>hfj\21h"..., 77) = 77
2583  write(1, "57\n\n\16\v\r\16\f\31[KR\21wluu\20\31\31\31\31\31\31\31\31\31\31\31\31\31"..., 60) = 60
2583  write(1, "88\nkojlomx9*;0\7(*;,4ph khhixwrx\31"..., 91) = 91
2583  write(1, "82\nae`fegr3117!!zp}7&1}>6|!=|\" 7"..., 85) = 85
2583  write(1, "68\nwsvpsqd+4!*%0l\5\20\33\2\0\7\23\0hdfk!0'"..., 71) = 71
2583  read(0, "5 fstat(6, {st_mode=S_IFREG|0644"..., 4096) = 4096
2583  write(1, "65\nrvsuvta'25 5iwma:25\36,.%$|\22\36\10\7"..., 68) = 68
2583  write(1, "73\nz~{}~|i$$(9a\7\34\5\5eix{p|\177\177ei\31\33\6"..., 76) = 76
2583  write(1, "44\n\37\33\36\30\33\31\fO@C_I\4\32\5\f\f\f\f\f\f\f\f\f\f\f\f\f\f"..., 47) = 47
2583  write(1, "83\n`dagdfs<#6=2'{\22\7\f\25\27\20\4\27\177sq|?:1"..., 86) = 86
2583  write(1, "96\nSWRTWU@\22\5\1\4HVL@B<QWW%,&<R<Q<Q"..., 99) = 99
2583  write(1, "101\nVRWQRPE\25\27\0\4\1SQMSIEG9S9U9U9U9"..., 105) = 105
2583  write(1, "100\nWSVPSQD\24\26\1\5\0RPLRHDF8P8T8T8T8"..., 104) = 104
2583  write(1, "103\nTPUSPRG\27\25\2\6\3QSOQKGE;S;W;W;W;"..., 107) = 107
2583  write(1, "66\nqupvuwb$16#6jtnb916\35/-&'\177\21\35\v\4"..., 69) = 69
2583  write(1, "97\nRVSUVTA\f\f\0\21I/4--MAYPXSMA13.5>"..., 100) = 100
2583  write(1, "101\nVRWQRPE\25\27\0\4\1SQMSIEG9S9U9U9U9"..., 105) = 105
2583  write(1, "100\nWSVPSQD\24\26\1\5\0RPLRHDF8P8T8T8T8"..., 104) = 104
2583  write(1, "103\nTPUSPRG\27\25\2\6\3QSOQKGE;S;W;W;W;"..., 107) = 107
2583  write(1, "88\nkojlomx559(p\26\r\24\24txjhkoklltx\10\n"..., 91) = 91
2583  write(1, "124\nOKNHKI\\\21\21\35\fTL\4K\32\35JJ\32IKOLLLP\\"..., 128) = 128
2583  write(1, "114\nAE@FEGR\37\37\23\2ZB\nE\24\23DD\24D\27\20BBB^R"..., 118) = 118
2583  write(1, "124\nOKNHKI\\\21\21\35\fTL\4K\32\35JJ\32KOELLLP\\"..., 128) = 128
2583  write(1, "118\nEADBACV\33\33\27\6^F\16A\20\27@@\20AE\20FFFZV"..., 122) = 122
2583  write(1, "44\n\37\33\36\30\33\31\fO@C_I\4\32\5\f\f\f\f\f\f\f\f\f\f\f\f\f\f"..., 47) = 47
2583  write(1, "51\n\0\4\1\7\4\6\23RAP[lCAPG_\33rap{l`vglu`"..., 54) = 54
2583  write(1, "54\n\5\1\4\2\1\3\26[FDYBSUB\36\6N\1PW\0\0P\1\5\17\6\6"..., 57) = 57
2583  write(1, "53\n\6\2\7\1\2\0\25XEGZAPVA\35\5M\0\0\r\5QWP\5T\5\5"..., 56) = 56
2583  write(1, "53\n\6\2\7\1\2\0\25XEGZAPVA\35\5M\2ST\3\3S\2\f\7\5\5"..., 56) = 56
2583  write(1, "44\n\37\33\36\30\33\31\fAYBAM\\\4\34T\33JM\32\32J\33\30\31\34\34\34\0"..., 47) = 47
2583  write(1, "60\n\17\v\16\10\v\t\34ZOH]H\24\f\20\34GOHcQSXY\1ocuz"..., 63) = 63
2583  write(1, "57\n\n\16\v\r\16\f\31[KR\21wluu\20\31\31\31\31\31\31\31\31\31\31\31\31\31"..., 60) = 60
2583  write(1, "57\n\n\16\v\r\16\f\31[KR\21\tA\f\f\1\t][_\n[\t\t\t\20\31\31\31"..., 60) = 60
2583  write(1, "63\n\f\10\r\v\10\n\37MZ^[\27\17\23\37\35\r\7cQ^SS\5\37ZQ\\["..., 66) = 66
2583  write(1, "60\n\17\v\16\10\v\t\34ZOH]H\24\r\20\34GOHcQSXY\1ocuz"..., 63) = 63
2583  write(1, "83\n`dagdfs$!:'6{b\177sqak\17=.##uo*!\17"..., 86) = 86
2583  write(1, "81\nbfcefeqm\177\177\177q#405q#4\"$<45osci\r"..., 84) = 84
2583  write(1, "45\n\36\32\37\31\32\30\r\21\3\3\3\rZ_DYH\r_H^X@HI\23\4\r\r"..., 48) = 48
2583  write(1, "83\n`dagdgs$!:'6{g\177sqak\17=.##uo*!\17"..., 86) = 86
2583  write(1, "33\n\22\26\23\25\26\24\1SD@E\t\21\r\1\1\35TOGHOHRIDE\1\17"..., 36) = 36
2583  write(1, "45\n\36\32\37\31\32\31\r\21\3\3\3\rZ_DYH\r_H^X@HI\23\4\r\r"..., 48) = 48
2583  write(1, "44\n\37\33\36\30\33\30\f[^EXI\4\32\0\f\16\35pB\16\0\f\36\5\f\f\f\f"..., 47) = 47
2583  write(1, "44\n\37\33\36\30\33\31\f\20\2\2\2\f^IMH\f^I_YAIH\22\16\35pB"..., 47) = 47
2583  write(1, "41\n\32\36\33\35\36\35\t^[@]L\1\37\5\t\vuG\v\5\t\30\t\25\\GO@"..., 44) = 44
2583  write(1, "33\n\22\26\23\25\26\24\1SD@E\t\21\r\1\1\35TOGHOHRIDE\1\17"..., 36) = 36
2583  write(1, "44\n\37\33\36\30\33\30\f\20\2\2\2\f[^EXI\f^I_YAIH\22\5\f\f"..., 47) = 47
2583  write(1, "33\n\22\26\23\25\26\25\1SD@E\t\26\r\1\1\35TOGHOHRIDE\1\17"..., 36) = 36
2583  write(1, "44\n\37\33\36\30\33\31\f\20\2\2\2\f^IMH\f^I_YAIH\22\16pB\16"..., 47) = 47
2583  write(1, "44\n\37\33\36\30\33\31\f[^EXI\4\35\0\f\16\35pBpZ\16\0\f\37\f\20Y"..., 47) = 47
2583  write(1, "44\n\37\33\36\30\33\30\f\20\2\2\2\f^IMH\f^I_YAIH\22\16\35pB"..., 47) = 47
2583  write(1, "44\n\37\33\36\30\33\31\f\20\2\2\2\f[^EXI\f^I_YAIH\22\5\f\f"..., 47) = 47
2583  write(1, "44\n\37\33\36\30\33\30\f[^EXI\4\30\0\f\16\35pBpZ\16\0\f\37\f\20Y"..., 47) = 47
2583  write(1, "33\n\22\26\23\25\26\24\1SD@E\t\21\r\1\1\35TOGHOHRIDE\1\17"..., 36) = 36
2583  write(1, "44\n\37\33\36\30\33\30\f\20\2\2\2\f[^EXI\f^I_YAIH\22\5\f\f"..., 47) = 47
2583  write(1, "44\n\37\33\36\30\33\30\f[^EXI\4\32\0\f\16\35\24pB\16\0\f\37\5\f\f\f"..., 47) = 47
2583  write(1, "44\n\37\33\36\30\33\31\f\20\2\2\2\f^IMH\f^I_YAIH\22\16\35\24p"..., 47) = 47
2583  write(1, "59\n\10\f\t\17\f\17\33LIRO^\23\r\27\33\31^UXIBKO\1^UXI"..., 62) = 62
2583  write(1, "33\n\22\26\23\25\26\24\1SD@E\t\21\r\1\1\35TOGHOHRIDE\1\17"..., 36) = 36
2583  write(1, "45\n\36\32\37\31\32\31\r\21\3\3\3\rZ_DYH\r_H^X@HI\23\4\r\r"..., 48) = 48
2583  write(1, "33\n\22\26\23\25\26\25\1SD@E\t\26\r\1\1\35TOGHOHRIDE\1\17"..., 36) = 36
2583  write(1, "59\n\10\f\t\17\f\16\33\7\25\25\25\33I^Z_\33I^HNV^_\5\31^UX"..., 62) = 62
2583  write(1, "64\nswrtwu`72)4%hql`bqx\34.7<1 +\"&h"..., 67) = 67
2583  write(1, "62\n\r\t\f\n\t\n\36\2\20\20\20\36L[_Z\36L[MKS[Z\0\34\17\6b"..., 65) = 65
2583  write(1, "45\n\36\32\37\31\32\30\r\21\3\3\3\rZ_DYH\r_H^X@HI\23\4\r\r"..., 48) = 48
2583  write(1, "64\nswrtwt`72)4%htl`bqx\34.7<1 +\"&h"..., 67) = 67
2583  write(1, "33\n\22\26\23\25\26\24\1SD@E\t\21\r\1\1\35TOGHOHRIDE\1\17"..., 36) = 36
2583  write(1, "45\n\36\32\37\31\32\31\r\21\3\3\3\rZ_DYH\r_H^X@HI\23\4\r\r"..., 48) = 48
2583  write(1, "44\n\37\33\36\30\33\30\f[^EXI\4\32\0\f\16\36\32pB\16\0\f\37\5\f\f\f"..., 47) = 47
2583  read(0, "n\", 4096)  = 3\n68\n372474 write(6"..., 4096) = 4096
2583  write(1, "44\n\37\33\36\30\33\31\f\20\2\2\2\f^IMH\f^I_YAIH\22\16\36\32p"..., 47) = 47
2583  write(1, "68\nwsvpspd36-0!lrhdf\0300#''d!*'6=4"..., 71) = 71
2583  write(1, "33\n\22\26\23\25\26\24\1SD@E\t\21\r\1\1\35TOGHOHRIDE\1\17"..., 36) = 36
2583  write(1, "45\n\36\32\37\31\32\31\r\21\3\3\3\rZ_DYH\r_H^X@HI\23\4\r\r"..., 48) = 48
2583  write(1, "68\nwsvpsqdxjjjd6!% d6!71)! zf\0300#"..., 71) = 71
2583  write(1, "33\n\22\26\23\25\26\25\1SD@E\t\26\r\1\1\35TOGHOHRIDE\1\17"..., 36) = 36
2583  write(1, "80\ncgbdgep'\"9$5xa|prbf\f>\fbc-))j\f"..., 83) = 83
2583  write(1, "78\n}y|zyznr```n<+/*n<+=;#+*pl|x\22"..., 81) = 81
2583  write(1, "45\n\36\32\37\31\32\30\r\21\3\3\3\rZ_DYH\r_H^X@HI\23\4\r\r"..., 48) = 48
2583  write(1, "80\ncgbdgdp'\"9$5xd|prbf\f>\fbc-))j\f"..., 83) = 83
2583  write(1, "33\n\22\26\23\25\26\24\1SD@E\t\21\r\1\1\35TOGHOHRIDE\1\17"..., 36) = 36
2583  write(1, "45\n\36\32\37\31\32\31\r\21\3\3\3\rZ_DYH\r_H^X@HI\23\4\r\r"..., 48) = 48
2583  write(1, "44\n\37\33\36\30\33\30\f[^EXI\4\32\0\f\16\35pB\16\0\f\36\5\f\f\f\f"..., 47) = 47
2583  write(1, "44\n\37\33\36\30\33\31\f\20\2\2\2\f^IMH\f^I_YAIH\22\16\35pB"..., 47) = 47
2583  write(1, "41\n\32\36\33\35\36\35\t^[@]L\1\37\5\t\vuG\v\5\t\30\t\25\\GO@"..., 44) = 44
2583  write(1, "33\n\22\26\23\25\26\24\1SD@E\t\21\r\1\1\35TOGHOHRIDE\1\17"..., 36) = 36
2583  write(1, "44\n\37\33\36\30\33\30\f\20\2\2\2\f[^EXI\f^I_YAIH\22\5\f\f"..., 47) = 47
2583  write(1, "44\n\37\33\36\30\33\31\f\20\2\2\2\f^IMH\f^I_YAIH\22\16pB\16"..., 47) = 47
2583  write(1, "33\n\22\26\23\25\26\25\1SD@E\t\26\r\1\1\35TOGHOHRIDE\1\17"..., 36) = 36
2583  write(1, "44\n\37\33\36\30\33\31\f[^EXI\4\35\0\f\16\35pBpZ\16\0\f\37\f\20Y"..., 47) = 47
2583  write(1, "44\n\37\33\36\30\33\30\f\20\2\2\2\f^IMH\f^I_YAIH\22\16\35pB"..., 47) = 47
2583  write(1, "44\n\37\33\36\30\33\31\f\20\2\2\2\f[^EXI\f^I_YAIH\22\5\f\f"..., 47) = 47
2583  write(1, "44\n\37\33\36\30\33\30\f[^EXI\4\30\0\f\16\35pBpZ\16\0\f\37\f\20Y"..., 47) = 47
2583  write(1, "33\n\22\26\23\25\26\24\1SD@E\t\21\r\1\1\35TOGHOHRIDE\1\17"..., 36) = 36
2583  write(1, "44\n\37\33\36\30\33\30\f\20\2\2\2\f[^EXI\f^I_YAIH\22\5\f\f"..., 47) = 47
2583  write(1, "44\n\37\33\36\30\33\30\f[^EXI\4\32\0\f\16\35\24pB\16\0\f\37\5\f\f\f"..., 47) = 47
2583  write(1, "44\n\37\33\36\30\33\31\f\20\2\2\2\f^IMH\f^I_YAIH\22\16\35\24p"..., 47) = 47
2583  write(1, "59\n\10\f\t\17\f\17\33LIRO^\23\r\27\33\31_^XIBKO\1_^XI"..., 62) = 62
2583  write(1, "33\n\22\26\23\25\26\24\1SD@E\t\21\r\1\1\35TOGHOHRIDE\1\17"..., 36) = 36
2583  write(1, "45\n\36\32\37\31\32\31\r\21\3\3\3\rZ_DYH\r_H^X@HI\23\4\r\r"..., 48) = 48
2583  write(1, "59\n\10\f\t\17\f\16\33\7\25\25\25\33I^Z_\33I^HNV^_\5\31_^X"..., 62) = 62
2583  write(1, "33\n\22\26\23\25\26\25\1SD@E\t\26\r\1\1\35TOGHOHRIDE\1\17"..., 36) = 36
2583  write(1, "64\nswrtwu`72)4%hql`bqx\34.671 +\"&h"..., 67) = 67
2583  write(1, "62\n\r\t\f\n\t\n\36\2\20\20\20\36L[_Z\36L[MKS[Z\0\34\17\6b"..., 65) = 65
2583  write(1, "45\n\36\32\37\31\32\30\r\21\3\3\3\rZ_DYH\r_H^X@HI\23\4\r\r"..., 48) = 48
2583  write(1, "64\nswrtwt`72)4%htl`bqx\34.671 +\"&h"..., 67) = 67
2583  write(1, "33\n\22\26\23\25\26\24\1SD@E\t\21\r\1\1\35TOGHOHRIDE\1\17"..., 36) = 36
2583  write(1, "45\n\36\32\37\31\32\31\r\21\3\3\3\rZ_DYH\r_H^X@HI\23\4\r\r"..., 48) = 48
2583  write(1, "44\n\37\33\36\30\33\30\f[^EXI\4\32\0\f\16\36\32pB\16\0\f\37\5\f\f\f"..., 47) = 47
2583  write(1, "44\n\37\33\36\30\33\31\f\20\2\2\2\f^IMH\f^I_YAIH\22\16\36\32p"..., 47) = 47
2583  write(1, "68\nwsvpspd36-0!lrhdf\0300#''d !'6=4"..., 71) = 71
2583  write(1, "33\n\22\26\23\25\26\24\1SD@E\t\21\r\1\1\35TOGHOHRIDE\1\17"..., 36) = 36
2583  write(1, "45\n\36\32\37\31\32\31\r\21\3\3\3\rZ_DYH\r_H^X@HI\23\4\r\r"..., 48) = 48
2583  write(1, "68\nwsvpsqdxjjjd6!% d6!71)! zf\0300#"..., 71) = 71
2583  write(1, "33\n\22\26\23\25\26\25\1SD@E\t\26\r\1\1\35TOGHOHRIDE\1\17"..., 36) = 36
2583  write(1, "80\ncgbdgep'\"9$5xa|prbf\f>\fbc-))j."..., 83) = 83
2583  write(1, "78\n}y|zyznr```n<+/*n<+=;#+*pl|x\22"..., 81) = 81
2583  write(1, "45\n\36\32\37\31\32\30\r\21\3\3\3\rZ_DYH\r_H^X@HI\23\4\r\r"..., 48) = 48
2583  write(1, "80\ncgbdgdp'\"9$5xd|prbf\f>\fbc-))j."..., 83) = 83
2583  write(1, "33\n\22\26\23\25\26\24\1SD@E\t\21\r\1\1\35TOGHOHRIDE\1\17"..., 36) = 36
2583  write(1, "45\n\36\32\37\31\32\31\r\21\3\3\3\rZ_DYH\r_H^X@HI\23\4\r\r"..., 48) = 48
2583  write(1, "44\n\37\33\36\30\33\30\f[^EXI\4\32\0\f\16\35pB\16\0\f\36\5\f\f\f\f"..., 47) = 47
2583  write(1, "44\n\37\33\36\30\33\31\f\20\2\2\2\f^IMH\f^I_YAIH\22\16\35pB"..., 47) = 47
2583  write(1, "41\n\32\36\33\35\36\35\t^[@]L\1\37\5\t\vuG\v\5\t\30\t\25\\GO@"..., 44) = 44
2583  write(1, "33\n\22\26\23\25\26\24\1SD@E\t\21\r\1\1\35TOGHOHRIDE\1\17"..., 36) = 36
2583  write(1, "44\n\37\33\36\30\33\30\f\20\2\2\2\f[^EXI\f^I_YAIH\22\5\f\f"..., 47) = 47
2583  write(1, "44\n\37\33\36\30\33\31\f\20\2\2\2\f^IMH\f^I_YAIH\22\16pB\16"..., 47) = 47
2583  write(1, "33\n\22\26\23\25\26\25\1SD@E\t\26\r\1\1\35TOGHOHRIDE\1\17"..., 36) = 36
2583  write(1, "44\n\37\33\36\30\33\31\f[^EXI\4\35\0\f\16\35pBpZ\16\0\f\37\f\20Y"..., 47) = 47
2583  write(1, "44\n\37\33\36\30\33\30\f\20\2\2\2\f^IMH\f^I_YAIH\22\16\35pB"..., 47) = 47
2583  write(1, "44\n\37\33\36\30\33\31\f\20\2\2\2\f[^EXI\f^I_YAIH\22\5\f\f"..., 47) = 47
2583  write(1, "44\n\37\33\36\30\33\30\f[^EXI\4\30\0\f\16\35pBpZ\16\0\f\37\f\20Y"..., 47) = 47
2583  write(1, "33\n\22\26\23\25\26\24\1SD@E\t\21\r\1\1\35TOGHOHRIDE\1\17"..., 36) = 36
2583  write(1, "44\n\37\33\36\30\33\30\f\20\2\2\2\f[^EXI\f^I_YAIH\22\5\f\f"..., 47) = 47
2583  write(1, "46\n\35\31\34\32\31\32\16B]KKE\6\35\2\16\37\37\27\2\16}kkeq}kz"..., 49) = 49
2583  write(1, "66\nqupvuvb0'#&jqnb`',!&04x',!&04"..., 69) = 69
2583  write(1, "44\n\37\33\36\30\33\30\f[^EXI\4\32\0\f\16\35\32pB\16\0\f\37\5\f\f\f"..., 47) = 47
2583  write(1, "44\n\37\33\36\30\33\31\f\20\2\2\2\f^IMH\f^I_YAIH\22\16\35\32p"..., 47) = 47
2583  write(1, "57\n\n\16\v\r\16\r\31NKPM\\\21\17\25\31\33\\WZ]KO\3\\WZ]K"..., 60) = 60
2583  write(1, "33\n\22\26\23\25\26\24\1SD@E\t\21\r\1\1\35TOGHOHRIDE\1\17"..., 36) = 36
2583  write(1, "45\n\36\32\37\31\32\31\r\21\3\3\3\rZ_DYH\r_H^X@HI\23\4\r\r"..., 48) = 48
2583  write(1, "57\n\n\16\v\r\16\f\31\5\27\27\27\31K\\X]\31K\\JLT\\]\7\33\\WZ"..., 60) = 60
2583  write(1, "33\n\22\26\23\25\26\25\1SD@E\t\26\r\1\1\35TOGHOHRIDE\1\17"..., 36) = 36
2583  write(1, "62\n\r\t\f\n\t\v\36ILWJ[\26\17\22\36\34\17\10bPK@MJ\\X\24K"..., 65) = 65
2583  write(1, "60\n\17\v\16\10\v\10\34\0\22\22\22\34NY]X\34NYOIQYX\2\36\r\n`"..., 63) = 63
2583  write(1, "45\n\36\32\37\31\32\30\r\21\3\3\3\rZ_DYH\r_H^X@HI\23\4\r\r"..., 48) = 48
2583  write(1, "62\n\r\t\f\n\t\n\36ILWJ[\26\n\22\36\34\17\10bPK@MJ\\X\24K"..., 65) = 65
2583  write(1, "33\n\22\26\23\25\26\24\1SD@E\t\21\r\1\1\35TOGHOHRIDE\1\17"..., 36) = 36
2583  write(1, "45\n\36\32\37\31\32\31\r\21\3\3\3\rZ_DYH\r_H^X@HI\23\4\r\r"..., 48) = 48
2583  write(1, "44\n\37\33\36\30\33\30\f[^EXI\4\32\0\f\16\36\30pB\16\0\f\37\5\f\f\f"..., 47) = 47
2583  write(1, "44\n\37\33\36\30\33\31\f\20\2\2\2\f^IMH\f^I_YAIH\22\16\36\30p"..., 47) = 47
2583  read(0, "(6, \"\\tgcc encdrv.c -o encdrv\\n\""..., 4096) = 2230
2583  write(1, "66\nqupvuvb50+6'jtnb`\0366%!!b',!&04"..., 69) = 69
2583  write(1, "33\n\22\26\23\25\26\24\1SD@E\t\21\r\1\1\35TOGHOHRIDE\1\17"..., 36) = 36
2583  write(1, "45\n\36\32\37\31\32\31\r\21\3\3\3\rZ_DYH\r_H^X@HI\23\4\r\r"..., 48) = 48
2583  write(1, "66\nqupvuwb~lllb0'#&b0'17/'&|`\0366%"..., 69) = 69
2583  write(1, "33\n\22\26\23\25\26\25\1SD@E\t\26\r\1\1\35TOGHOHRIDE\1\17"..., 36) = 36
2583  write(1, "75\nx|y\177|~k<9\"?.czgkiy\177\27%\27yz\27z||0"..., 78) = 78
2583  write(1, "73\nz~{}~}iugggi;,(-i;,:<$,-wk{}\25"..., 76) = 76
2583  write(1, "45\n\36\32\37\31\32\30\r\21\3\3\3\rZ_DYH\r_H^X@HI\23\4\r\r"..., 48) = 48
2583  write(1, "75\nx|y\177|\177k<9\"?.c\177gkiy\177\27%\27yz\27z||0"..., 78) = 78
2583  write(1, "33\n\22\26\23\25\26\24\1SD@E\t\21\r\1\1\35TOGHOHRIDE\1\17"..., 36) = 36
2583  write(1, "45\n\36\32\37\31\32\31\r\21\3\3\3\rZ_DYH\r_H^X@HI\23\4\r\r"..., 48) = 48
2583  write(1, "44\n\37\33\36\30\33\30\f[^EXI\4\32\0\f\16\33pB\16\0\f\36\5\f\f\f\f"..., 47) = 47
2583  write(1, "44\n\37\33\36\30\33\31\f\20\2\2\2\f^IMH\f^I_YAIH\22\16\33pB"..., 47) = 47
2583  write(1, "47\n\34\30\35\33\30\33\17X]F[J\7\31\3\17\rLCJNA\25sA\r\3\17\30"..., 50) = 50
2583  write(1, "33\n\22\26\23\25\26\24\1SD@E\t\21\r\1\1\35TOGHOHRIDE\1\17"..., 36) = 36
2583  write(1, "44\n\37\33\36\30\33\30\f\20\2\2\2\f[^EXI\f^I_YAIH\22\5\f\f"..., 47) = 47
2583  write(1, "47\n\34\30\35\33\30\32\17\23\1\1\1\17]JNK\17]J\\ZBJK\21\rLCJ"..., 50) = 50
2583  write(1, "33\n\22\26\23\25\26\25\1SD@E\t\26\r\1\1\35TOGHOHRIDE\1\17"..., 36) = 36
2583  write(1, "50\n\1\5\0\6\5\7\22E@[FW\32\3\36\22\20\5n\\VYPT[\17n@\20"..., 53) = 53
2583  write(1, "47\n\34\30\35\33\30\33\17\23\1\1\1\17]JNK\17]J\\ZBJK\21\r\30sA"..., 50) = 50
2583  write(1, "44\n\37\33\36\30\33\31\f\20\2\2\2\f[^EXI\f^I_YAIH\22\5\f\f"..., 47) = 47
2583  write(1, "50\n\1\5\0\6\5\6\22E@[FW\32\6\36\22\20\5n\\VYPT[\17n@\20"..., 53) = 53
2583  write(1, "33\n\22\26\23\25\26\24\1SD@E\t\21\r\1\1\35TOGHOHRIDE\1\17"..., 36) = 36
2583  write(1, "44\n\37\33\36\30\33\30\f\20\2\2\2\f[^EXI\f^I_YAIH\22\5\f\f"..., 47) = 47
2583  write(1, "44\n\37\33\36\30\33\30\f[^EXI\4\32\0\f\16\37\34pB\16\0\f\37\5\f\f\f"..., 47) = 47
2583  write(1, "44\n\37\33\36\30\33\31\f\20\2\2\2\f^IMH\f^I_YAIH\22\16\37\34p"..., 47) = 47
2583  write(1, "72\n{\177z|\177|h?:!<-`~dhj\24<:%he.h-&+,"..., 75) = 75
2583  write(1, "33\n\22\26\23\25\26\24\1SD@E\t\21\r\1\1\35TOGHOHRIDE\1\17"..., 36) = 36
2583  write(1, "45\n\36\32\37\31\32\31\r\21\3\3\3\rZ_DYH\r_H^X@HI\23\4\r\r"..., 48) = 48
2583  write(1, "72\n{\177z|\177}htfffh:-),h:-;=%-,vj\24<:"..., 75) = 75
2583  write(1, "78\n}y|zy{n9<':+f\177bnl}~\22 \22|y\"=p}6"..., 81) = 81
2583  write(1, "33\n\22\26\23\25\26\25\1SD@E\t\26\r\1\1\35TOGHOHRIDE\1\17"..., 36) = 36
2583  write(1, "45\n\36\32\37\31\32\30\r\21\3\3\3\rZ_DYH\r_H^X@HI\23\4\r\r"..., 48) = 48
2583  write(1, "76\n\177{~x{xlpbbbl>)-(l>)?9!)(rn\177|\20"..., 79) = 79
2583  write(1, "33\n\22\26\23\25\26\24\1SD@E\t\21\r\1\1\35TOGHOHRIDE\1\17"..., 36) = 36
2583  write(1, "67\nptqwtwc41*7&kwocaps\37-\37qt/0}p;"..., 70) = 70
2583  write(1, "44\n\37\33\36\30\33\30\f^IMH\4\37\0\f\16\16\0\f\35\36\24\5\f\f\f\f\f\f"..., 47) = 47
2583  write(1, "44\n\37\33\36\30\33\30\fO@C_I\4\32\5\f\f\f\f\f\f\f\f\f\f\f\f\f\f"..., 47) = 47
2583  write(1, "44\n\37\33\36\30\33\31\f\20\2\2\2\f^IMH\f^I_YAIH\22\16\16\0\f"..., 47) = 47
2583  write(1, "44\n\37\33\36\30\33\30\fO@C_I\4\33\5\f\f\f\f\f\f\f\f\f\f\f\f\f\f"..., 47) = 47
2583  write(1, "44\n\37\33\36\30\33\31\fITEXsK^CY\\\4\34\5\f\f\f\f\f\f\f\f\f"..., 47) = 47
2583  write(1, "44\n\37\33\36\30\33\30\fITEXsK^CY\\\4\34\5\f\f\f\f\f\f\f\f\f"..., 47) = 47
2583  write(1, "29\n.*/)*(=666=xetixy=jtiu=-=666\27", 32) = 32
2583  write(1, "29\n.*/)*)=666=xetixy=jtiu=-=666\27", 32) = 32
2583  read(0, "", 4096)                 = 0
2583  exit_group(0)                     = ?
2583  +++ exited with 0 +++
