2615  execve("./encdrv", ["./encdrv", "testcases/testcase.5", "output/output.5"], 0x7ffd613b4438 /* 18 vars */) = 0
2615  brk(NULL)                         = 0x5e3dfeb2a000
2615  arch_prctl(0x3001 /* ARCH_??? */, 0x7ffcd9a4b7b0) = -1 EINVAL (Invalid argument)
2615  mmap(NULL, 8192, PROT_READ|PROT_WRITE, MAP_PRIVATE|MAP_ANONYMOUS, -1, 0) = 0x7a83a5a2f000
2615  access("/etc/ld.so.preload", R_OK) = -1 ENOENT (No such file or directory)
2615  openat(AT_FDCWD, "/etc/ld.so.cache", O_RDONLY|O_CLOEXEC) = 3
2615  newfstatat(3, "", {st_mode=S_IFREG|0644, st_size=29392, ...}, AT_EMPTY_PATH) = 0
2615  mmap(NULL, 29392, PROT_READ, MAP_PRIVATE, 3, 0) = 0x7a83a5a27000
2615  close(3)                          = 0
2615  openat(AT_FDCWD, "/lib/x86_64-linux-gnu/libc.so.6", O_RDONLY|O_CLOEXEC) = 3
2615  read(3, "\177ELF\2\1\1\3\0\0\0\0\0\0\0\0\3\0>\0\1\0\0\0P\237\2\0\0\0\0\0"..., 832) = 832
2615  pread64(3, "\6\0\0\0\4\0\0\0@\0\0\0\0\0\0\0@\0\0\0\0\0\0\0@\0\0\0\0\0\0\0"..., 784, 64) = 784
2615  pread64(3, "\4\0\0\0 \0\0\0\5\0\0\0GNU\0\2\0\0\300\4\0\0\0\3\0\0\0\0\0\0\0"..., 48, 848) = 48
2615  pread64(3, "\4\0\0\0\24\0\0\0\3\0\0\0GNU\0\325\31p\226\367\t\200\30)\261\30\257\33|\366c"..., 68, 896) = 68
2615  newfstatat(3, "", {st_mode=S_IFREG|0755, st_size=2220400, ...}, AT_EMPTY_PATH) = 0
2615  pread64(3, "\6\0\0\0\4\0\0\0@\0\0\0\0\0\0\0@\0\0\0\0\0\0\0@\0\0\0\0\0\0\0"..., 784, 64) = 784
2615  mmap(NULL, 2264656, PROT_READ, MAP_PRIVATE|MAP_DENYWRITE, 3, 0) = 0x7a83a57fe000
2615  mprotect(0x7a83a5826000, 2023424, PROT_NONE) = 0
2615  mmap(0x7a83a5826000, 1658880, PROT_READ|PROT_EXEC, MAP_PRIVATE|MAP_FIXED|MAP_DENYWRITE, 3, 0x28000) = 0x7a83a5826000
2615  mmap(0x7a83a59bb000, 360448, PROT_READ, MAP_PRIVATE|MAP_FIXED|MAP_DENYWRITE, 3, 0x1bd000) = 0x7a83a59bb000
2615  mmap(0x7a83a5a14000, 24576, PROT_READ|PROT_WRITE, MAP_PRIVATE|MAP_FIXED|MAP_DENYWRITE, 3, 0x215000) = 0x7a83a5a14000
2615  mmap(0x7a83a5a1a000, 52816, PROT_READ|PROT_WRITE, MAP_PRIVATE|MAP_FIXED|MAP_ANONYMOUS, -1, 0) = 0x7a83a5a1a000
2615  close(3)                          = 0
2615  mmap(NULL, 12288, PROT_READ|PROT_WRITE, MAP_PRIVATE|MAP_ANONYMOUS, -1, 0) = 0x7a83a57fb000
2615  arch_prctl(ARCH_SET_FS, 0x7a83a57fb740) = 0
2615  set_tid_address(0x7a83a57fba10)   = 2615
2615  set_robust_list(0x7a83a57fba20, 24) = 0
2615  rseq(0x7a83a57fc0e0, 0x20, 0, 0x53053053) = 0
2615  mprotect(0x7a83a5a14000, 16384, PROT_READ) = 0
2615  mprotect(0x5e3dfdaed000, 4096, PROT_READ) = 0
2615  mprotect(0x7a83a5a69000, 8192, PROT_READ) = 0
2615  prlimit64(0, RLIMIT_STACK, NULL, {rlim_cur=8192*1024, rlim_max=RLIM64_INFINITY}) = 0
2615  munmap(0x7a83a5a27000, 29392)     = 0
2615  openat(AT_FDCWD, "testcases/testcase.5", O_RDONLY) = 3
2615  openat(AT_FDCWD, "output/output.5", O_WRONLY|O_CREAT, 01406) = 4
2615  pipe2([5, 6], 0)                  = 0
2615  read(3, "\\", 1)                  = 1
2615  read(3, "d", 1)                   = 1
2615  read(3, "o", 1)                   = 1
2615  read(3, "c", 1)                   = 1
2615  read(3, "u", 1)                   = 1
2615  read(3, "m", 1)                   = 1
2615  read(3, "e", 1)                   = 1
2615  read(3, "n", 1)                   = 1
2615  read(3, "t", 1)                   = 1
2615  read(3, "c", 1)                   = 1
2615  read(3, "l", 1)                   = 1
2615  read(3, "a", 1)                   = 1
2615  read(3, "s", 1)                   = 1
2615  read(3, "s", 1)                   = 1
2615  read(3, "[", 1)                   = 1
2615  read(3, "a", 1)                   = 1
2615  read(3, "4", 1)                   = 1
2615  read(3, "p", 1)                   = 1
2615  read(3, "a", 1)                   = 1
2615  read(3, "p", 1)                   = 1
2615  read(3, "e", 1)                   = 1
2615  read(3, "r", 1)                   = 1
2615  read(3, ",", 1)                   = 1
2615  read(3, "1", 1)                   = 1
2615  read(3, "1", 1)                   = 1
2615  read(3, "p", 1)                   = 1
2615  read(3, "t", 1)                   = 1
2615  read(3, "]", 1)                   = 1
2615  read(3, "{", 1)                   = 1
2615  read(3, "a", 1)                   = 1
2615  read(3, "r", 1)                   = 1
2615  read(3, "t", 1)                   = 1
2615  read(3, "i", 1)                   = 1
2615  read(3, "c", 1)                   = 1
2615  read(3, "l", 1)                   = 1
2615  read(3, "e", 1)                   = 1
2615  read(3, "}", 1)                   = 1
2615  read(3, "\n", 1)                  = 1
2615  write(6, "38\n", 3)               = 3
2615  write(6, "\\documentclass[a4paper,11pt]{art"..., 38) = 38
2615  read(3, "\\", 1)                  = 1
2615  read(3, "u", 1)                   = 1
2615  read(3, "s", 1)                   = 1
2615  read(3, "e", 1)                   = 1
2615  read(3, "p", 1)                   = 1
2615  read(3, "a", 1)                   = 1
2615  read(3, "c", 1)                   = 1
2615  read(3, "k", 1)                   = 1
2615  read(3, "a", 1)                   = 1
2615  read(3, "g", 1)                   = 1
2615  read(3, "e", 1)                   = 1
2615  read(3, "[", 1)                   = 1
2615  read(3, "a", 1)                   = 1
2615  read(3, "4", 1)                   = 1
2615  read(3, "p", 1)                   = 1
2615  read(3, "a", 1)                   = 1
2615  read(3, "p", 1)                   = 1
2615  read(3, "e", 1)                   = 1
2615  read(3, "r", 1)                   = 1
2615  read(3, ",", 1)                   = 1
2615  read(3, "b", 1)                   = 1
2615  read(3, "i", 1)                   = 1
2615  read(3, "n", 1)                   = 1
2615  read(3, "d", 1)                   = 1
2615  read(3, "i", 1)                   = 1
2615  read(3, "n", 1)                   = 1
2615  read(3, "g", 1)                   = 1
2615  read(3, "o", 1)                   = 1
2615  read(3, "f", 1)                   = 1
2615  read(3, "f", 1)                   = 1
2615  read(3, "s", 1)                   = 1
2615  read(3, "e", 1)                   = 1
2615  read(3, "t", 1)                   = 1
2615  read(3, "=", 1)                   = 1
2615  read(3, "0", 1)                   = 1
2615  read(3, "i", 1)                   = 1
2615  read(3, "n", 1)                   = 1
2615  read(3, ",", 1)                   = 1
2615  read(3, "\n", 1)                  = 1
2615  write(6, "39\n", 3)               = 3
2615  write(6, "\\usepackage[a4paper,bindingoffse"..., 39) = 39
2615  read(3, " ", 1)                   = 1
2615  read(3, " ", 1)                   = 1
2615  read(3, " ", 1)                   = 1
2615  read(3, " ", 1)                   = 1
2615  read(3, " ", 1)                   = 1
2615  read(3, " ", 1)                   = 1
2615  read(3, " ", 1)                   = 1
2615  read(3, " ", 1)                   = 1
2615  read(3, " ", 1)                   = 1
2615  read(3, " ", 1)                   = 1
2615  read(3, " ", 1)                   = 1
2615  read(3, " ", 1)                   = 1
2615  read(3, "l", 1)                   = 1
2615  read(3, "e", 1)                   = 1
2615  read(3, "f", 1)                   = 1
2615  read(3, "t", 1)                   = 1
2615  read(3, "=", 1)                   = 1
2615  read(3, "1", 1)                   = 1
2615  read(3, "i", 1)                   = 1
2615  read(3, "n", 1)                   = 1
2615  read(3, ",", 1)                   = 1
2615  read(3, "r", 1)                   = 1
2615  read(3, "i", 1)                   = 1
2615  read(3, "g", 1)                   = 1
2615  read(3, "h", 1)                   = 1
2615  read(3, "t", 1)                   = 1
2615  read(3, "=", 1)                   = 1
2615  read(3, "1", 1)                   = 1
2615  read(3, ".", 1)                   = 1
2615  read(3, "0", 1)                   = 1
2615  read(3, "i", 1)                   = 1
2615  read(3, "n", 1)                   = 1
2615  read(3, ",", 1)                   = 1
2615  read(3, "t", 1)                   = 1
2615  read(3, "o", 1)                   = 1
2615  read(3, "p", 1)                   = 1
2615  read(3, "=", 1)                   = 1
2615  read(3, "1", 1)                   = 1
2615  read(3, "i", 1)                   = 1
2615  read(3, "n", 1)                   = 1
2615  read(3, ",", 1)                   = 1
2615  read(3, "b", 1)                   = 1
2615  read(3, "o", 1)                   = 1
2615  read(3, "t", 1)                   = 1
2615  read(3, "t", 1)                   = 1
2615  read(3, "o", 1)                   = 1
2615  read(3, "m", 1)                   = 1
2615  read(3, "=", 1)                   = 1
2615  read(3, "0", 1)                   = 1
2615  read(3, ".", 1)                   = 1
2615  read(3, "7", 1)                   = 1
2615  read(3, "5", 1)                   = 1
2615  read(3, "i", 1)                   = 1
2615  read(3, "n", 1)                   = 1
2615  read(3, ",", 1)                   = 1
2615  read(3, "\n", 1)                  = 1
2615  write(6, "56\n", 3)               = 3
2615  write(6, "            left=1in,right=1.0in"..., 56) = 56
2615  read(3, " ", 1)                   = 1
2615  read(3, " ", 1)                   = 1
2615  read(3, " ", 1)                   = 1
2615  read(3, " ", 1)                   = 1
2615  read(3, " ", 1)                   = 1
2615  read(3, " ", 1)                   = 1
2615  read(3, " ", 1)                   = 1
2615  read(3, " ", 1)                   = 1
2615  read(3, " ", 1)                   = 1
2615  read(3, " ", 1)                   = 1
2615  read(3, " ", 1)                   = 1
2615  read(3, " ", 1)                   = 1
2615  read(3, "f", 1)                   = 1
2615  read(3, "o", 1)                   = 1
2615  read(3, "o", 1)                   = 1
2615  read(3, "t", 1)                   = 1
2615  read(3, "s", 1)                   = 1
2615  read(3, "k", 1)                   = 1
2615  read(3, "i", 1)                   = 1
2615  read(3, "p", 1)                   = 1
2615  read(3, "=", 1)                   = 1
2615  read(3, ".", 1)                   = 1
2615  read(3, "2", 1)                   = 1
2615  read(3, "5", 1)                   = 1
2615  read(3, "i", 1)                   = 1
2615  read(3, "n", 1)                   = 1
2615  read(3, "]", 1)                   = 1
2615  read(3, "{", 1)                   = 1
2615  read(3, "g", 1)                   = 1
2615  read(3, "e", 1)                   = 1
2615  read(3, "o", 1)                   = 1
2615  read(3, "m", 1)                   = 1
2615  read(3, "e", 1)                   = 1
2615  read(3, "t", 1)                   = 1
2615  read(3, "r", 1)                   = 1
2615  read(3, "y", 1)                   = 1
2615  read(3, "}", 1)                   = 1
2615  read(3, "\n", 1)                  = 1
2615  write(6, "38\n", 3)               = 3
2615  write(6, "            footskip=.25in]{geom"..., 38) = 38
2615  read(3, "\n", 1)                  = 1
2615  write(6, "1\n", 2)                = 2
2615  write(6, "\n", 1)                 = 1
2615  read(3, "\\", 1)                  = 1
2615  read(3, "u", 1)                   = 1
2615  read(3, "s", 1)                   = 1
2615  read(3, "e", 1)                   = 1
2615  read(3, "p", 1)                   = 1
2615  read(3, "a", 1)                   = 1
2615  read(3, "c", 1)                   = 1
2615  read(3, "k", 1)                   = 1
2615  read(3, "a", 1)                   = 1
2615  read(3, "g", 1)                   = 1
2615  read(3, "e", 1)                   = 1
2615  read(3, "[", 1)                   = 1
2615  read(3, "u", 1)                   = 1
2615  read(3, "t", 1)                   = 1
2615  read(3, "f", 1)                   = 1
2615  read(3, "8", 1)                   = 1
2615  read(3, "]", 1)                   = 1
2615  read(3, "{", 1)                   = 1
2615  read(3, "i", 1)                   = 1
2615  read(3, "n", 1)                   = 1
2615  read(3, "p", 1)                   = 1
2615  read(3, "u", 1)                   = 1
2615  read(3, "t", 1)                   = 1
2615  read(3, "e", 1)                   = 1
2615  read(3, "n", 1)                   = 1
2615  read(3, "c", 1)                   = 1
2615  read(3, "}", 1)                   = 1
2615  read(3, "\n", 1)                  = 1
2615  write(6, "28\n", 3)               = 3
2615  write(6, "\\usepackage[utf8]{inputenc}\n", 28) = 28
2615  read(3, "\\", 1)                  = 1
2615  read(3, "u", 1)                   = 1
2615  read(3, "s", 1)                   = 1
2615  read(3, "e", 1)                   = 1
2615  read(3, "p", 1)                   = 1
2615  read(3, "a", 1)                   = 1
2615  read(3, "c", 1)                   = 1
2615  read(3, "k", 1)                   = 1
2615  read(3, "a", 1)                   = 1
2615  read(3, "g", 1)                   = 1
2615  read(3, "e", 1)                   = 1
2615  read(3, "{", 1)                   = 1
2615  read(3, "e", 1)                   = 1
2615  read(3, "t", 1)                   = 1
2615  read(3, "o", 1)                   = 1
2615  read(3, "o", 1)                   = 1
2615  read(3, "l", 1)                   = 1
2615  read(3, "b", 1)                   = 1
2615  read(3, "o", 1)                   = 1
2615  read(3, "x", 1)                   = 1
2615  read(3, ",", 1)                   = 1
2615  read(3, "r", 1)                   = 1
2615  read(3, "e", 1)                   = 1
2615  read(3, "f", 1)                   = 1
2615  read(3, "c", 1)                   = 1
2615  read(3, "o", 1)                   = 1
2615  read(3, "u", 1)                   = 1
2615  read(3, "n", 1)                   = 1
2615  read(3, "t", 1)                   = 1
2615  read(3, "}", 1)                   = 1
2615  read(3, "\n", 1)                  = 1
2615  write(6, "31\n", 3)               = 3
2615  write(6, "\\usepackage{etoolbox,refcount}\n", 31) = 31
2615  read(3, "\\", 1)                  = 1
2615  read(3, "u", 1)                   = 1
2615  read(3, "s", 1)                   = 1
2615  read(3, "e", 1)                   = 1
2615  read(3, "p", 1)                   = 1
2615  read(3, "a", 1)                   = 1
2615  read(3, "c", 1)                   = 1
2615  read(3, "k", 1)                   = 1
2615  read(3, "a", 1)                   = 1
2615  read(3, "g", 1)                   = 1
2615  read(3, "e", 1)                   = 1
2615  read(3, "{", 1)                   = 1
2615  read(3, "m", 1)                   = 1
2615  read(3, "u", 1)                   = 1
2615  read(3, "l", 1)                   = 1
2615  read(3, "t", 1)                   = 1
2615  read(3, "i", 1)                   = 1
2615  read(3, "c", 1)                   = 1
2615  read(3, "o", 1)                   = 1
2615  read(3, "l", 1)                   = 1
2615  read(3, "}", 1)                   = 1
2615  read(3, "\n", 1)                  = 1
2615  write(6, "22\n", 3)               = 3
2615  write(6, "\\usepackage{multicol}\n", 22) = 22
2615  read(3, "\\", 1)                  = 1
2615  read(3, "u", 1)                   = 1
2615  read(3, "s", 1)                   = 1
2615  read(3, "e", 1)                   = 1
2615  read(3, "p", 1)                   = 1
2615  read(3, "a", 1)                   = 1
2615  read(3, "c", 1)                   = 1
2615  read(3, "k", 1)                   = 1
2615  read(3, "a", 1)                   = 1
2615  read(3, "g", 1)                   = 1
2615  read(3, "e", 1)                   = 1
2615  read(3, "[", 1)                   = 1
2615  read(3, "n", 1)                   = 1
2615  read(3, "o", 1)                   = 1
2615  read(3, "r", 1)                   = 1
2615  read(3, "m", 1)                   = 1
2615  read(3, "a", 1)                   = 1
2615  read(3, "l", 1)                   = 1
2615  read(3, "e", 1)                   = 1
2615  read(3, "m", 1)                   = 1
2615  read(3, "]", 1)                   = 1
2615  read(3, "{", 1)                   = 1
2615  read(3, "u", 1)                   = 1
2615  read(3, "l", 1)                   = 1
2615  read(3, "e", 1)                   = 1
2615  read(3, "m", 1)                   = 1
2615  read(3, "}", 1)                   = 1
2615  read(3, "\n", 1)                  = 1
2615  write(6, "28\n", 3)               = 3
2615  write(6, "\\usepackage[normalem]{ulem}\n", 28) = 28
2615  read(3, "\\", 1)                  = 1
2615  read(3, "u", 1)                   = 1
2615  read(3, "s", 1)                   = 1
2615  read(3, "e", 1)                   = 1
2615  read(3, "p", 1)                   = 1
2615  read(3, "a", 1)                   = 1
2615  read(3, "c", 1)                   = 1
2615  read(3, "k", 1)                   = 1
2615  read(3, "a", 1)                   = 1
2615  read(3, "g", 1)                   = 1
2615  read(3, "e", 1)                   = 1
2615  read(3, "{", 1)                   = 1
2615  read(3, "e", 1)                   = 1
2615  read(3, "n", 1)                   = 1
2615  read(3, "u", 1)                   = 1
2615  read(3, "m", 1)                   = 1
2615  read(3, "i", 1)                   = 1
2615  read(3, "t", 1)                   = 1
2615  read(3, "e", 1)                   = 1
2615  read(3, "m", 1)                   = 1
2615  read(3, "}", 1)                   = 1
2615  read(3, "\n", 1)                  = 1
2615  write(6, "22\n", 3)               = 3
2615  write(6, "\\usepackage{enumitem}\n", 22) = 22
2615  read(3, "\\", 1)                  = 1
2615  read(3, "u", 1)                   = 1
2615  read(3, "s", 1)                   = 1
2615  read(3, "e", 1)                   = 1
2615  read(3, "p", 1)                   = 1
2615  read(3, "a", 1)                   = 1
2615  read(3, "c", 1)                   = 1
2615  read(3, "k", 1)                   = 1
2615  read(3, "a", 1)                   = 1
2615  read(3, "g", 1)                   = 1
2615  read(3, "e", 1)                   = 1
2615  read(3, "{", 1)                   = 1
2615  read(3, "x", 1)                   = 1
2615  read(3, "c", 1)                   = 1
2615  read(3, "o", 1)                   = 1
2615  read(3, "l", 1)                   = 1
2615  read(3, "o", 1)                   = 1
2615  read(3, "r", 1)                   = 1
2615  read(3, "}", 1)                   = 1
2615  read(3, "\n", 1)                  = 1
2615  write(6, "20\n", 3)               = 3
2615  write(6, "\\usepackage{xcolor}\n", 20) = 20
2615  read(3, "\\", 1)                  = 1
2615  read(3, "u", 1)                   = 1
2615  read(3, "s", 1)                   = 1
2615  read(3, "e", 1)                   = 1
2615  read(3, "p", 1)                   = 1
2615  read(3, "a", 1)                   = 1
2615  read(3, "c", 1)                   = 1
2615  read(3, "k", 1)                   = 1
2615  read(3, "a", 1)                   = 1
2615  read(3, "g", 1)                   = 1
2615  read(3, "e", 1)                   = 1
2615  read(3, "{", 1)                   = 1
2615  read(3, "a", 1)                   = 1
2615  read(3, "m", 1)                   = 1
2615  read(3, "s", 1)                   = 1
2615  read(3, "m", 1)                   = 1
2615  read(3, "a", 1)                   = 1
2615  read(3, "t", 1)                   = 1
2615  read(3, "h", 1)                   = 1
2615  read(3, "}", 1)                   = 1
2615  read(3, "\n", 1)                  = 1
2615  write(6, "21\n", 3)               = 3
2615  write(6, "\\usepackage{amsmath}\n", 21) = 21
2615  read(3, "\\", 1)                  = 1
2615  read(3, "u", 1)                   = 1
2615  read(3, "s", 1)                   = 1
2615  read(3, "e", 1)                   = 1
2615  read(3, "p", 1)                   = 1
2615  read(3, "a", 1)                   = 1
2615  read(3, "c", 1)                   = 1
2615  read(3, "k", 1)                   = 1
2615  read(3, "a", 1)                   = 1
2615  read(3, "g", 1)                   = 1
2615  read(3, "e", 1)                   = 1
2615  read(3, "{", 1)                   = 1
2615  read(3, "f", 1)                   = 1
2615  read(3, "l", 1)                   = 1
2615  read(3, "o", 1)                   = 1
2615  read(3, "a", 1)                   = 1
2615  read(3, "t", 1)                   = 1
2615  read(3, "}", 1)                   = 1
2615  read(3, "\n", 1)                  = 1
2615  write(6, "19\n", 3)               = 3
2615  write(6, "\\usepackage{float}\n", 19) = 19
2615  read(3, "\\", 1)                  = 1
2615  read(3, "u", 1)                   = 1
2615  read(3, "s", 1)                   = 1
2615  read(3, "e", 1)                   = 1
2615  read(3, "p", 1)                   = 1
2615  read(3, "a", 1)                   = 1
2615  read(3, "c", 1)                   = 1
2615  read(3, "k", 1)                   = 1
2615  read(3, "a", 1)                   = 1
2615  read(3, "g", 1)                   = 1
2615  read(3, "e", 1)                   = 1
2615  read(3, "{", 1)                   = 1
2615  read(3, "g", 1)                   = 1
2615  read(3, "r", 1)                   = 1
2615  read(3, "a", 1)                   = 1
2615  read(3, "p", 1)                   = 1
2615  read(3, "h", 1)                   = 1
2615  read(3, "i", 1)                   = 1
2615  read(3, "c", 1)                   = 1
2615  read(3, "x", 1)                   = 1
2615  read(3, "}", 1)                   = 1
2615  read(3, "\n", 1)                  = 1
2615  write(6, "22\n", 3)               = 3
2615  write(6, "\\usepackage{graphicx}\n", 22) = 22
2615  read(3, "\\", 1)                  = 1
2615  read(3, "u", 1)                   = 1
2615  read(3, "s", 1)                   = 1
2615  read(3, "e", 1)                   = 1
2615  read(3, "p", 1)                   = 1
2615  read(3, "a", 1)                   = 1
2615  read(3, "c", 1)                   = 1
2615  read(3, "k", 1)                   = 1
2615  read(3, "a", 1)                   = 1
2615  read(3, "g", 1)                   = 1
2615  read(3, "e", 1)                   = 1
2615  read(3, "{", 1)                   = 1
2615  read(3, "v", 1)                   = 1
2615  read(3, "e", 1)                   = 1
2615  read(3, "r", 1)                   = 1
2615  read(3, "b", 1)                   = 1
2615  read(3, "a", 1)                   = 1
2615  read(3, "t", 1)                   = 1
2615  read(3, "i", 1)                   = 1
2615  read(3, "m", 1)                   = 1
2615  read(3, "}", 1)                   = 1
2615  read(3, " ", 1)                   = 1
2615  read(3, "\n", 1)                  = 1
2615  write(6, "23\n", 3)               = 3
2615  write(6, "\\usepackage{verbatim} \n", 23) = 23
2615  read(3, "\\", 1)                  = 1
2615  read(3, "u", 1)                   = 1
2615  read(3, "s", 1)                   = 1
2615  read(3, "e", 1)                   = 1
2615  read(3, "p", 1)                   = 1
2615  read(3, "a", 1)                   = 1
2615  read(3, "c", 1)                   = 1
2615  read(3, "k", 1)                   = 1
2615  read(3, "a", 1)                   = 1
2615  read(3, "g", 1)                   = 1
2615  read(3, "e", 1)                   = 1
2615  read(3, "{", 1)                   = 1
2615  read(3, "s", 1)                   = 1
2615  read(3, "o", 1)                   = 1
2615  read(3, "u", 1)                   = 1
2615  read(3, "l", 1)                   = 1
2615  read(3, "}", 1)                   = 1
2615  read(3, "\n", 1)                  = 1
2615  write(6, "18\n", 3)               = 3
2615  write(6, "\\usepackage{soul}\n", 18) = 18
2615  read(3, "\\", 1)                  = 1
2615  read(3, "u", 1)                   = 1
2615  read(3, "s", 1)                   = 1
2615  read(3, "e", 1)                   = 1
2615  read(3, "p", 1)                   = 1
2615  read(3, "a", 1)                   = 1
2615  read(3, "c", 1)                   = 1
2615  read(3, "k", 1)                   = 1
2615  read(3, "a", 1)                   = 1
2615  read(3, "g", 1)                   = 1
2615  read(3, "e", 1)                   = 1
2615  read(3, "{", 1)                   = 1
2615  read(3, "x", 1)                   = 1
2615  read(3, "c", 1)                   = 1
2615  read(3, "o", 1)                   = 1
2615  read(3, "l", 1)                   = 1
2615  read(3, "o", 1)                   = 1
2615  read(3, "r", 1)                   = 1
2615  read(3, "}", 1)                   = 1
2615  read(3, "\n", 1)                  = 1
2615  write(6, "20\n", 3)               = 3
2615  write(6, "\\usepackage{xcolor}\n", 20) = 20
2615  read(3, "\\", 1)                  = 1
2615  read(3, "u", 1)                   = 1
2615  read(3, "s", 1)                   = 1
2615  read(3, "e", 1)                   = 1
2615  read(3, "p", 1)                   = 1
2615  read(3, "a", 1)                   = 1
2615  read(3, "c", 1)                   = 1
2615  read(3, "k", 1)                   = 1
2615  read(3, "a", 1)                   = 1
2615  read(3, "g", 1)                   = 1
2615  read(3, "e", 1)                   = 1
2615  read(3, "{", 1)                   = 1
2615  read(3, "g", 1)                   = 1
2615  read(3, "e", 1)                   = 1
2615  read(3, "o", 1)                   = 1
2615  read(3, "m", 1)                   = 1
2615  read(3, "e", 1)                   = 1
2615  read(3, "t", 1)                   = 1
2615  read(3, "r", 1)                   = 1
2615  read(3, "y", 1)                   = 1
2615  read(3, "}", 1)                   = 1
2615  read(3, "\n", 1)                  = 1
2615  write(6, "22\n", 3)               = 3
2615  write(6, "\\usepackage{geometry}\n", 22) = 22
2615  read(3, "\\", 1)                  = 1
2615  read(3, "u", 1)                   = 1
2615  read(3, "s", 1)                   = 1
2615  read(3, "e", 1)                   = 1
2615  read(3, "p", 1)                   = 1
2615  read(3, "a", 1)                   = 1
2615  read(3, "c", 1)                   = 1
2615  read(3, "k", 1)                   = 1
2615  read(3, "a", 1)                   = 1
2615  read(3, "g", 1)                   = 1
2615  read(3, "e", 1)                   = 1
2615  read(3, "{", 1)                   = 1
2615  read(3, "l", 1)                   = 1
2615  read(3, "a", 1)                   = 1
2615  read(3, "y", 1)                   = 1
2615  read(3, "o", 1)                   = 1
2615  read(3, "u", 1)                   = 1
2615  read(3, "t", 1)                   = 1
2615  read(3, "}", 1)                   = 1
2615  read(3, "\n", 1)                  = 1
2615  write(6, "20\n", 3)               = 3
2615  write(6, "\\usepackage{layout}\n", 20) = 20
2615  read(3, "\\", 1)                  = 1
2615  read(3, "u", 1)                   = 1
2615  read(3, "s", 1)                   = 1
2615  read(3, "e", 1)                   = 1
2615  read(3, "p", 1)                   = 1
2615  read(3, "a", 1)                   = 1
2615  read(3, "c", 1)                   = 1
2615  read(3, "k", 1)                   = 1
2615  read(3, "a", 1)                   = 1
2615  read(3, "g", 1)                   = 1
2615  read(3, "e", 1)                   = 1
2615  read(3, "{", 1)                   = 1
2615  read(3, "h", 1)                   = 1
2615  read(3, "y", 1)                   = 1
2615  read(3, "p", 1)                   = 1
2615  read(3, "e", 1)                   = 1
2615  read(3, "r", 1)                   = 1
2615  read(3, "r", 1)                   = 1
2615  read(3, "e", 1)                   = 1
2615  read(3, "f", 1)                   = 1
2615  read(3, "}", 1)                   = 1
2615  read(3, "\n", 1)                  = 1
2615  write(6, "22\n", 3)               = 3
2615  write(6, "\\usepackage{hyperref}\n", 22) = 22
2615  read(3, "\\", 1)                  = 1
2615  read(3, "u", 1)                   = 1
2615  read(3, "s", 1)                   = 1
2615  read(3, "e", 1)                   = 1
2615  read(3, "p", 1)                   = 1
2615  read(3, "a", 1)                   = 1
2615  read(3, "c", 1)                   = 1
2615  read(3, "k", 1)                   = 1
2615  read(3, "a", 1)                   = 1
2615  read(3, "g", 1)                   = 1
2615  read(3, "e", 1)                   = 1
2615  read(3, "{", 1)                   = 1
2615  read(3, "e", 1)                   = 1
2615  read(3, "n", 1)                   = 1
2615  read(3, "u", 1)                   = 1
2615  read(3, "m", 1)                   = 1
2615  read(3, "i", 1)                   = 1
2615  read(3, "t", 1)                   = 1
2615  read(3, "e", 1)                   = 1
2615  read(3, "m", 1)                   = 1
2615  read(3, "}", 1)                   = 1
2615  read(3, "\n", 1)                  = 1
2615  write(6, "22\n", 3)               = 3
2615  write(6, "\\usepackage{enumitem}\n", 22) = 22
2615  read(3, "\\", 1)                  = 1
2615  read(3, "s", 1)                   = 1
2615  read(3, "e", 1)                   = 1
2615  read(3, "t", 1)                   = 1
2615  read(3, "l", 1)                   = 1
2615  read(3, "i", 1)                   = 1
2615  read(3, "s", 1)                   = 1
2615  read(3, "t", 1)                   = 1
2615  read(3, "{", 1)                   = 1
2615  read(3, "n", 1)                   = 1
2615  read(3, "o", 1)                   = 1
2615  read(3, "i", 1)                   = 1
2615  read(3, "t", 1)                   = 1
2615  read(3, "e", 1)                   = 1
2615  read(3, "m", 1)                   = 1
2615  read(3, "s", 1)                   = 1
2615  read(3, "e", 1)                   = 1
2615  read(3, "p", 1)                   = 1
2615  read(3, "}", 1)                   = 1
2615  read(3, "\n", 1)                  = 1
2615  write(6, "20\n", 3)               = 3
2615  write(6, "\\setlist{noitemsep}\n", 20) = 20
2615  read(3, "\n", 1)                  = 1
2615  write(6, "1\n", 2)                = 2
2615  write(6, "\n", 1)                 = 1
2615  read(3, "\\", 1)                  = 1
2615  read(3, "t", 1)                   = 1
2615  read(3, "i", 1)                   = 1
2615  read(3, "t", 1)                   = 1
2615  read(3, "l", 1)                   = 1
2615  read(3, "e", 1)                   = 1
2615  read(3, "{", 1)                   = 1
2615  read(3, "{", 1)                   = 1
2615  read(3, "\\", 1)                  = 1
2615  read(3, "h", 1)                   = 1
2615  read(3, "u", 1)                   = 1
2615  read(3, "g", 1)                   = 1
2615  read(3, "e", 1)                   = 1
2615  read(3, " ", 1)                   = 1
2615  read(3, "O", 1)                   = 1
2615  read(3, "p", 1)                   = 1
2615  read(3, "e", 1)                   = 1
2615  read(3, "r", 1)                   = 1
2615  read(3, "a", 1)                   = 1
2615  read(3, "t", 1)                   = 1
2615  read(3, "i", 1)                   = 1
2615  read(3, "n", 1)                   = 1
2615  read(3, "g", 1)                   = 1
2615  read(3, " ", 1)                   = 1
2615  read(3, "S", 1)                   = 1
2615  read(3, "y", 1)                   = 1
2615  read(3, "s", 1)                   = 1
2615  read(3, "t", 1)                   = 1
2615  read(3, "e", 1)                   = 1
2615  read(3, "m", 1)                   = 1
2615  read(3, "s", 1)                   = 1
2615  read(3, " ", 1)                   = 1
2615  read(3, "L", 1)                   = 1
2615  read(3, "a", 1)                   = 1
2615  read(3, "b", 1)                   = 1
2615  read(3, " ", 1)                   = 1
2615  read(3, "(", 1)                   = 1
2615  read(3, "C", 1)                   = 1
2615  read(3, "S", 1)                   = 1
2615  read(3, "3", 1)                   = 1
2615  read(3, "3", 1)                   = 1
2615  read(3, "0", 1)                   = 1
2615  read(3, "-", 1)                   = 1
2615  read(3, "2", 1)                   = 1
2615  read(3, "0", 1)                   = 1
2615  read(3, "2", 1)                   = 1
2615  read(3, "5", 1)                   = 1
2615  read(3, ")", 1)                   = 1
2615  read(3, "}", 1)                   = 1
2615  read(3, " ", 1)                   = 1
2615  read(3, "\\", 1)                  = 1
2615  read(3, "\\", 1)                  = 1
2615  read(3, "\n", 1)                  = 1
2615  write(6, "53\n", 3)               = 3
2615  write(6, "\\title{{\\huge Operating Systems "..., 53) = 53
2615  read(3, " ", 1)                   = 1
2615  read(3, " ", 1)                   = 1
2615  read(3, " ", 1)                   = 1
2615  read(3, " ", 1)                   = 1
2615  read(3, " ", 1)                   = 1
2615  read(3, " ", 1)                   = 1
2615  read(3, " ", 1)                   = 1
2615  read(3, "{", 1)                   = 1
2615  read(3, "\\", 1)                  = 1
2615  read(3, "b", 1)                   = 1
2615  read(3, "f", 1)                   = 1
2615  read(3, " ", 1)                   = 1
2615  read(3, "{", 1)                   = 1
2615  read(3, "L", 1)                   = 1
2615  read(3, "a", 1)                   = 1
2615  read(3, "b", 1)                   = 1
2615  read(3, " ", 1)                   = 1
2615  read(3, "\\", 1)                  = 1
2615  read(3, "#", 1)                   = 1
2615  read(3, "2", 1)                   = 1
2615  read(3, "}", 1)                   = 1
2615  read(3, "}", 1)                   = 1
2615  read(3, "}", 1)                   = 1
2615  read(3, "\n", 1)                  = 1
2615  write(6, "24\n", 3)               = 3
2615  write(6, "       {\\bf {Lab \\#2}}}\n", 24) = 24
2615  read(3, "\\", 1)                  = 1
2615  read(3, "d", 1)                   = 1
2615  read(3, "a", 1)                   = 1
2615  read(3, "t", 1)                   = 1
2615  read(3, "e", 1)                   = 1
2615  read(3, "{", 1)                   = 1
2615  read(3, "}", 1)                   = 1
2615  read(3, "\n", 1)                  = 1
2615  write(6, "8\n", 2)                = 2
2615  write(6, "\\date{}\n", 8)         = 8
2615  read(3, "\\", 1)                  = 1
2615  read(3, "b", 1)                   = 1
2615  read(3, "e", 1)                   = 1
2615  read(3, "g", 1)                   = 1
2615  read(3, "i", 1)                   = 1
2615  read(3, "n", 1)                   = 1
2615  read(3, "{", 1)                   = 1
2615  read(3, "d", 1)                   = 1
2615  read(3, "o", 1)                   = 1
2615  read(3, "c", 1)                   = 1
2615  read(3, "u", 1)                   = 1
2615  read(3, "m", 1)                   = 1
2615  read(3, "e", 1)                   = 1
2615  read(3, "n", 1)                   = 1
2615  read(3, "t", 1)                   = 1
2615  read(3, "}", 1)                   = 1
2615  read(3, "\n", 1)                  = 1
2615  write(6, "17\n", 3)               = 3
2615  write(6, "\\begin{document}\n", 17) = 17
2615  read(3, "\n", 1)                  = 1
2615  write(6, "1\n", 2)                = 2
2615  write(6, "\n", 1)                 = 1
2615  read(3, "\\", 1)                  = 1
2615  read(3, "m", 1)                   = 1
2615  read(3, "a", 1)                   = 1
2615  read(3, "k", 1)                   = 1
2615  read(3, "e", 1)                   = 1
2615  read(3, "t", 1)                   = 1
2615  read(3, "i", 1)                   = 1
2615  read(3, "t", 1)                   = 1
2615  read(3, "l", 1)                   = 1
2615  read(3, "e", 1)                   = 1
2615  read(3, "\n", 1)                  = 1
2615  write(6, "11\n", 3)               = 3
2615  write(6, "\\maketitle\n", 11)     = 11
2615  read(3, "\n", 1)                  = 1
2615  write(6, "1\n", 2)                = 2
2615  write(6, "\n", 1)                 = 1
2615  read(3, "\n", 1)                  = 1
2615  write(6, "1\n", 2)                = 2
2615  write(6, "\n", 1)                 = 1
2615  read(3, "\n", 1)                  = 1
2615  write(6, "1\n", 2)                = 2
2615  write(6, "\n", 1)                 = 1
2615  read(3, "\\", 1)                  = 1
2615  read(3, "s", 1)                   = 1
2615  read(3, "e", 1)                   = 1
2615  read(3, "c", 1)                   = 1
2615  read(3, "t", 1)                   = 1
2615  read(3, "i", 1)                   = 1
2615  read(3, "o", 1)                   = 1
2615  read(3, "n", 1)                   = 1
2615  read(3, "*", 1)                   = 1
2615  read(3, "{", 1)                   = 1
2615  read(3, "G", 1)                   = 1
2615  read(3, "e", 1)                   = 1
2615  read(3, "n", 1)                   = 1
2615  read(3, "e", 1)                   = 1
2615  read(3, "r", 1)                   = 1
2615  read(3, "a", 1)                   = 1
2615  read(3, "l", 1)                   = 1
2615  read(3, " ", 1)                   = 1
2615  read(3, "I", 1)                   = 1
2615  read(3, "n", 1)                   = 1
2615  read(3, "s", 1)                   = 1
2615  read(3, "t", 1)                   = 1
2615  read(3, "r", 1)                   = 1
2615  read(3, "u", 1)                   = 1
2615  read(3, "c", 1)                   = 1
2615  read(3, "t", 1)                   = 1
2615  read(3, "i", 1)                   = 1
2615  read(3, "o", 1)                   = 1
2615  read(3, "n", 1)                   = 1
2615  read(3, "s", 1)                   = 1
2615  read(3, "}", 1)                   = 1
2615  read(3, "\n", 1)                  = 1
2615  write(6, "32\n", 3)               = 3
2615  write(6, "\\section*{General Instructions}\n", 32) = 32
2615  read(3, "\\", 1)                  = 1
2615  read(3, "b", 1)                   = 1
2615  read(3, "e", 1)                   = 1
2615  read(3, "g", 1)                   = 1
2615  read(3, "i", 1)                   = 1
2615  read(3, "n", 1)                   = 1
2615  read(3, "{", 1)                   = 1
2615  read(3, "i", 1)                   = 1
2615  read(3, "t", 1)                   = 1
2615  read(3, "e", 1)                   = 1
2615  read(3, "m", 1)                   = 1
2615  read(3, "i", 1)                   = 1
2615  read(3, "z", 1)                   = 1
2615  read(3, "e", 1)                   = 1
2615  read(3, "}", 1)                   = 1
2615  read(3, "\n", 1)                  = 1
2615  write(6, "16\n", 3)               = 3
2615  write(6, "\\begin{itemize}\n", 16) = 16
2615  read(3, " ", 1)                   = 1
2615  read(3, " ", 1)                   = 1
2615  read(3, " ", 1)                   = 1
2615  read(3, " ", 1)                   = 1
2615  read(3, "\\", 1)                  = 1
2615  read(3, "i", 1)                   = 1
2615  read(3, "t", 1)                   = 1
2615  read(3, "e", 1)                   = 1
2615  read(3, "m", 1)                   = 1
2615  read(3, " ", 1)                   = 1
2615  read(3, "{", 1)                   = 1
2615  read(3, "\\", 1)                  = 1
2615  read(3, "e", 1)                   = 1
2615  read(3, "m", 1)                   = 1
2615  read(3, " ", 1)                   = 1
2615  read(3, "S", 1)                   = 1
2615  read(3, "w", 1)                   = 1
2615  read(3, "i", 1)                   = 1
2615  read(3, "t", 1)                   = 1
2615  read(3, "c", 1)                   = 1
2615  read(3, "h", 1)                   = 1
2615  read(3, " ", 1)                   = 1
2615  read(3, "o", 1)                   = 1
2615  read(3, "f", 1)                   = 1
2615  read(3, "f", 1)                   = 1
2615  read(3, "}", 1)                   = 1
2615  read(3, " ", 1)                   = 1
2615  read(3, "a", 1)                   = 1
2615  read(3, "l", 1)                   = 1
2615  read(3, "l", 1)                   = 1
2615  read(3, " ", 1)                   = 1
2615  read(3, "e", 1)                   = 1
2615  read(3, "l", 1)                   = 1
2615  read(3, "e", 1)                   = 1
2615  read(3, "c", 1)                   = 1
2615  read(3, "t", 1)                   = 1
2615  read(3, "r", 1)                   = 1
2615  read(3, "o", 1)                   = 1
2615  read(3, "n", 1)                   = 1
2615  read(3, "i", 1)                   = 1
2615  read(3, "c", 1)                   = 1
2615  read(3, " ", 1)                   = 1
2615  read(3, "d", 1)                   = 1
2615  read(3, "e", 1)                   = 1
2615  read(3, "v", 1)                   = 1
2615  read(3, "i", 1)                   = 1
2615  read(3, "c", 1)                   = 1
2615  read(3, "e", 1)                   = 1
2615  read(3, "s", 1)                   = 1
2615  read(3, " ", 1)                   = 1
2615  read(3, "d", 1)                   = 1
2615  read(3, "u", 1)                   = 1
2615  read(3, "r", 1)                   = 1
2615  read(3, "i", 1)                   = 1
2615  read(3, "n", 1)                   = 1
2615  read(3, "g", 1)                   = 1
2615  read(3, " ", 1)                   = 1
2615  read(3, "t", 1)                   = 1
2615  read(3, "h", 1)                   = 1
2615  read(3, "e", 1)                   = 1
2615  read(3, " ", 1)                   = 1
2615  read(3, "l", 1)                   = 1
2615  read(3, "a", 1)                   = 1
2615  read(3, "b", 1)                   = 1
2615  read(3, " ", 1)                   = 1
2615  read(3, "a", 1)                   = 1
2615  read(3, "n", 1)                   = 1
2615  read(3, "d", 1)                   = 1
2615  read(3, " ", 1)                   = 1
2615  read(3, "s", 1)                   = 1
2615  read(3, "t", 1)                   = 1
2615  read(3, "o", 1)                   = 1
2615  read(3, "r", 1)                   = 1
2615  read(3, "e", 1)                   = 1
2615  read(3, " ", 1)                   = 1
2615  read(3, "i", 1)                   = 1
2615  read(3, "t", 1)                   = 1
2615  read(3, " ", 1)                   = 1
2615  read(3, "i", 1)                   = 1
2615  read(3, "n", 1)                   = 1
2615  read(3, " ", 1)                   = 1
2615  read(3, "y", 1)                   = 1
2615  read(3, "o", 1)                   = 1
2615  read(3, "u", 1)                   = 1
2615  read(3, "r", 1)                   = 1
2615  read(3, " ", 1)                   = 1
2615  read(3, "b", 1)                   = 1
2615  read(3, "a", 1)                   = 1
2615  read(3, "g", 1)                   = 1
2615  read(3, "s", 1)                   = 1
2615  read(3, ".", 1)                   = 1
2615  read(3, " ", 1)                   = 1
2615  read(3, "\n", 1)                  = 1
2615  write(6, "93\n", 3)               = 3
2615  write(6, "    \\item {\\em Switch off} all e"..., 93) = 93
2615  read(3, " ", 1)                   = 1
2615  read(3, " ", 1)                   = 1
2615  read(3, " ", 1)                   = 1
2615  read(3, " ", 1)                   = 1
2615  read(3, "\\", 1)                  = 1
2615  read(3, "i", 1)                   = 1
2615  read(3, "t", 1)                   = 1
2615  read(3, "e", 1)                   = 1
2615  read(3, "m", 1)                   = 1
2615  read(3, " ", 1)                   = 1
2615  read(3, "R", 1)                   = 1
2615  read(3, "e", 1)                   = 1
2615  read(3, "a", 1)                   = 1
2615  read(3, "d", 1)                   = 1
2615  read(3, " ", 1)                   = 1
2615  read(3, "e", 1)                   = 1
2615  read(3, "a", 1)                   = 1
2615  read(3, "c", 1)                   = 1
2615  read(3, "h", 1)                   = 1
2615  read(3, " ", 1)                   = 1
2615  read(3, "p", 1)                   = 1
2615  read(3, "a", 1)                   = 1
2615  read(3, "r", 1)                   = 1
2615  read(3, "t", 1)                   = 1
2615  read(3, " ", 1)                   = 1
2615  read(3, "{", 1)                   = 1
2615  read(3, "\\", 1)                  = 1
2615  read(3, "e", 1)                   = 1
2615  read(3, "m", 1)                   = 1
2615  read(3, " ", 1)                   = 1
2615  read(3, "c", 1)                   = 1
2615  read(3, "a", 1)                   = 1
2615  read(3, "r", 1)                   = 1
2615  read(3, "e", 1)                   = 1
2615  read(3, "f", 1)                   = 1
2615  read(3, "u", 1)                   = 1
2615  read(3, "l", 1)                   = 1
2615  read(3, "l", 1)                   = 1
2615  read(3, "y", 1)                   = 1
2615  read(3, "}", 1)                   = 1
2615  read(3, " ", 1)                   = 1
2615  read(3, "t", 1)                   = 1
2615  read(3, "o", 1)                   = 1
2615  read(3, " ", 1)                   = 1
2615  read(3, "k", 1)                   = 1
2615  read(3, "n", 1)                   = 1
2615  read(3, "o", 1)                   = 1
2615  read(3, "w", 1)                   = 1
2615  read(3, " ", 1)                   = 1
2615  read(3, "t", 1)                   = 1
2615  read(3, "h", 1)                   = 1
2615  read(3, "e", 1)                   = 1
2615  read(3, " ", 1)                   = 1
2615  read(3, "r", 1)                   = 1
2615  read(3, "e", 1)                   = 1
2615  read(3, "s", 1)                   = 1
2615  read(3, "t", 1)                   = 1
2615  read(3, "r", 1)                   = 1
2615  read(3, "i", 1)                   = 1
2615  read(3, "c", 1)                   = 1
2615  read(3, "t", 1)                   = 1
2615  read(3, "i", 1)                   = 1
2615  read(3, "o", 1)                   = 1
2615  read(3, "n", 1)                   = 1
2615  read(3, "s", 1)                   = 1
2615  read(3, " ", 1)                   = 1
2615  read(3, "i", 1)                   = 1
2615  read(3, "m", 1)                   = 1
2615  read(3, "p", 1)                   = 1
2615  read(3, "o", 1)                   = 1
2615  read(3, "s", 1)                   = 1
2615  read(3, "e", 1)                   = 1
2615  read(3, "d", 1)                   = 1
2615  read(3, " ", 1)                   = 1
2615  read(3, "f", 1)                   = 1
2615  read(3, "o", 1)                   = 1
2615  read(3, "r", 1)                   = 1
2615  read(3, " ", 1)                   = 1
2615  read(3, "e", 1)                   = 1
2615  read(3, "a", 1)                   = 1
2615  read(3, "c", 1)                   = 1
2615  read(3, "h", 1)                   = 1
2615  read(3, " ", 1)                   = 1
2615  read(3, "q", 1)                   = 1
2615  read(3, "u", 1)                   = 1
2615  read(3, "e", 1)                   = 1
2615  read(3, "s", 1)                   = 1
2615  read(3, "t", 1)                   = 1
2615  read(3, "i", 1)                   = 1
2615  read(3, "o", 1)                   = 1
2615  read(3, "n", 1)                   = 1
2615  read(3, ".", 1)                   = 1
2615  read(3, "\n", 1)                  = 1
2615  write(6, "93\n", 3)               = 3
2615  write(6, "    \\item Read each part {\\em ca"..., 93) = 93
2615  read(3, " ", 1)                   = 1
2615  read(3, " ", 1)                   = 1
2615  read(3, " ", 1)                   = 1
2615  read(3, " ", 1)                   = 1
2615  read(3, "\\", 1)                  = 1
2615  read(3, "i", 1)                   = 1
2615  read(3, "t", 1)                   = 1
2615  read(3, "e", 1)                   = 1
2615  read(3, "m", 1)                   = 1
2615  read(3, " ", 1)                   = 1
2615  read(3, "{", 1)                   = 1
2615  read(3, "\\", 1)                  = 1
2615  read(3, "e", 1)                   = 1
2615  read(3, "m", 1)                   = 1
2615  read(3, " ", 1)                   = 1
2615  read(3, "D", 1)                   = 1
2615  read(3, "o", 1)                   = 1
2615  read(3, " ", 1)                   = 1
2615  read(3, "n", 1)                   = 1
2615  read(3, "o", 1)                   = 1
2615  read(3, "t", 1)                   = 1
2615  read(3, " ", 1)                   = 1
2615  read(3, "m", 1)                   = 1
2615  read(3, "o", 1)                   = 1
2615  read(3, "d", 1)                   = 1
2615  read(3, "i", 1)                   = 1
2615  read(3, "f", 1)                   = 1
2615  read(3, "y", 1)                   = 1
2615  read(3, "}", 1)                   = 1
2615  read(3, " ", 1)                   = 1
2615  read(3, "a", 1)                   = 1
2615  read(3, "n", 1)                   = 1
2615  read(3, "y", 1)                   = 1
2615  read(3, " ", 1)                   = 1
2615  read(3, "o", 1)                   = 1
2615  read(3, "f", 1)                   = 1
2615  read(3, " ", 1)                   = 1
2615  read(3, "t", 1)                   = 1
2615  read(3, "h", 1)                   = 1
2615  read(3, "e", 1)                   = 1
2615  read(3, " ", 1)                   = 1
2615  read(3, "t", 1)                   = 1
2615  read(3, "e", 1)                   = 1
2615  read(3, "s", 1)                   = 1
2615  read(3, "t", 1)                   = 1
2615  read(3, " ", 1)                   = 1
2615  read(3, "c", 1)                   = 1
2615  read(3, "a", 1)                   = 1
2615  read(3, "s", 1)                   = 1
2615  read(3, "e", 1)                   = 1
2615  read(3, "s", 1)                   = 1
2615  read(3, " ", 1)                   = 1
2615  read(3, "o", 1)                   = 1
2615  read(3, "r", 1)                   = 1
2615  read(3, " ", 1)                   = 1
2615  read(3, "e", 1)                   = 1
2615  read(3, "v", 1)                   = 1
2615  read(3, "a", 1)                   = 1
2615  read(3, "l", 1)                   = 1
2615  read(3, "u", 1)                   = 1
2615  read(3, "a", 1)                   = 1
2615  read(3, "t", 1)                   = 1
2615  read(3, "i", 1)                   = 1
2615  read(3, "o", 1)                   = 1
2615  read(3, "n", 1)                   = 1
2615  read(3, " ", 1)                   = 1
2615  read(3, "s", 1)                   = 1
2615  read(3, "c", 1)                   = 1
2615  read(3, "r", 1)                   = 1
2615  read(3, "i", 1)                   = 1
2615  read(3, "p", 1)                   = 1
2615  read(3, "t", 1)                   = 1
2615  read(3, "s", 1)                   = 1
2615  read(3, ".", 1)                   = 1
2615  read(3, " ", 1)                   = 1
2615  read(3, "M", 1)                   = 1
2615  read(3, "o", 1)                   = 1
2615  read(3, "d", 1)                   = 1
2615  read(3, "i", 1)                   = 1
2615  read(3, "f", 1)                   = 1
2615  read(3, "y", 1)                   = 1
2615  read(3, " ", 1)                   = 1
2615  read(3, "o", 1)                   = 1
2615  read(3, "n", 1)                   = 1
2615  read(3, "l", 1)                   = 1
2615  read(3, "y", 1)                   = 1
2615  read(3, " ", 1)                   = 1
2615  read(3, "t", 1)                   = 1
2615  read(3, "h", 1)                   = 1
2615  read(3, "e", 1)                   = 1
2615  read(3, " ", 1)                   = 1
2615  read(3, "f", 1)                   = 1
2615  read(3, "i", 1)                   = 1
2615  read(3, "l", 1)                   = 1
2615  read(3, "e", 1)                   = 1
2615  read(3, "(", 1)                   = 1
2615  read(3, "s", 1)                   = 1
2615  read(3, ")", 1)                   = 1
2615  read(3, " ", 1)                   = 1
2615  read(3, "m", 1)                   = 1
2615  read(3, "e", 1)                   = 1
2615  read(3, "n", 1)                   = 1
2615  read(3, "t", 1)                   = 1
2615  read(3, "i", 1)                   = 1
2615  read(3, "o", 1)                   = 1
2615  read(3, "n", 1)                   = 1
2615  read(3, "e", 1)                   = 1
2615  read(3, "d", 1)                   = 1
2615  read(3, ".", 1)                   = 1
2615  read(3, "\n", 1)                  = 1
2615  write(6, "110\n", 4)              = 4
2615  write(6, "    \\item {\\em Do not modify} an"..., 110) = 110
2615  read(3, " ", 1)                   = 1
2615  read(3, " ", 1)                   = 1
2615  read(3, " ", 1)                   = 1
2615  read(3, " ", 1)                   = 1
2615  read(3, "\\", 1)                  = 1
2615  read(3, "i", 1)                   = 1
2615  read(3, "t", 1)                   = 1
2615  read(3, "e", 1)                   = 1
2615  read(3, "m", 1)                   = 1
2615  read(3, " ", 1)                   = 1
2615  read(3, "P", 1)                   = 1
2615  read(3, "l", 1)                   = 1
2615  read(3, "e", 1)                   = 1
2615  read(3, "a", 1)                   = 1
2615  read(3, "s", 1)                   = 1
2615  read(3, "e", 1)                   = 1
2615  read(3, " ", 1)                   = 1
2615  read(3, "t", 1)                   = 1
2615  read(3, "a", 1)                   = 1
2615  read(3, "k", 1)                   = 1
2615  read(3, "e", 1)                   = 1
2615  read(3, " ", 1)                   = 1
2615  read(3, "t", 1)                   = 1
2615  read(3, "h", 1)                   = 1
2615  read(3, "e", 1)                   = 1
2615  read(3, " ", 1)                   = 1
2615  read(3, "h", 1)                   = 1
2615  read(3, "e", 1)                   = 1
2615  read(3, "l", 1)                   = 1
2615  read(3, "p", 1)                   = 1
2615  read(3, " ", 1)                   = 1
2615  read(3, "o", 1)                   = 1
2615  read(3, "f", 1)                   = 1
2615  read(3, " ", 1)                   = 1
2615  read(3, "t", 1)                   = 1
2615  read(3, "h", 1)                   = 1
2615  read(3, "e", 1)                   = 1
2615  read(3, " ", 1)                   = 1
2615  read(3, "t", 1)                   = 1
2615  read(3, "e", 1)                   = 1
2615  read(3, "a", 1)                   = 1
2615  read(3, "c", 1)                   = 1
2615  read(3, "h", 1)                   = 1
2615  read(3, "i", 1)                   = 1
2615  read(3, "n", 1)                   = 1
2615  read(3, "g", 1)                   = 1
2615  read(3, " ", 1)                   = 1
2615  read(3, "s", 1)                   = 1
2615  read(3, "t", 1)                   = 1
2615  read(3, "a", 1)                   = 1
2615  read(3, "f", 1)                   = 1
2615  read(3, "f", 1)                   = 1
2615  read(3, ",", 1)                   = 1
2615  read(3, " ", 1)                   = 1
2615  read(3, "i", 1)                   = 1
2615  read(3, "f", 1)                   = 1
2615  read(3, " ", 1)                   = 1
2615  read(3, "y", 1)                   = 1
2615  read(3, "o", 1)                   = 1
2615  read(3, "u", 1)                   = 1
2615  read(3, " ", 1)                   = 1
2615  read(3, "f", 1)                   = 1
2615  read(3, "a", 1)                   = 1
2615  read(3, "c", 1)                   = 1
2615  read(3, "e", 1)                   = 1
2615  read(3, " ", 1)                   = 1
2615  read(3, "a", 1)                   = 1
2615  read(3, "n", 1)                   = 1
2615  read(3, "y", 1)                   = 1
2615  read(3, " ", 1)                   = 1
2615  read(3, "i", 1)                   = 1
2615  read(3, "s", 1)                   = 1
2615  read(3, "s", 1)                   = 1
2615  read(3, "u", 1)                   = 1
2615  read(3, "e", 1)                   = 1
2615  read(3, "s", 1)                   = 1
2615  read(3, ".", 1)                   = 1
2615  read(3, "\n", 1)                  = 1
2615  write(6, "78\n", 3)               = 3
2615  write(6, "    \\item Please take the help o"..., 78) = 78
2615  read(3, " ", 1)                   = 1
2615  read(3, " ", 1)                   = 1
2615  read(3, " ", 1)                   = 1
2615  read(3, " ", 1)                   = 1
2615  read(3, "\\", 1)                  = 1
2615  read(3, "i", 1)                   = 1
2615  read(3, "t", 1)                   = 1
2615  read(3, "e", 1)                   = 1
2615  read(3, "m", 1)                   = 1
2615  read(3, " ", 1)                   = 1
2615  read(3, "B", 1)                   = 1
2615  read(3, "e", 1)                   = 1
2615  read(3, "s", 1)                   = 1
2615  read(3, "t", 1)                   = 1
2615  read(3, " ", 1)                   = 1
2615  read(3, "o", 1)                   = 1
2615  read(3, "f", 1)                   = 1
2615  read(3, " ", 1)                   = 1
2615  read(3, "L", 1)                   = 1
2615  read(3, "u", 1)                   = 1
2615  read(3, "c", 1)                   = 1
2615  read(3, "k", 1)                   = 1
2615  read(3, "!", 1)                   = 1
2615  read(3, "\n", 1)                  = 1
2615  write(6, "24\n", 3)               = 3
2615  write(6, "    \\item Best of Luck!\n", 24) = 24
2615  read(3, "\\", 1)                  = 1
2615  read(3, "e", 1)                   = 1
2615  read(3, "n", 1)                   = 1
2615  read(3, "d", 1)                   = 1
2615  read(3, "{", 1)                   = 1
2615  read(3, "i", 1)                   = 1
2615  read(3, "t", 1)                   = 1
2615  read(3, "e", 1)                   = 1
2615  read(3, "m", 1)                   = 1
2615  read(3, "i", 1)                   = 1
2615  read(3, "z", 1)                   = 1
2615  read(3, "e", 1)                   = 1
2615  read(3, "}", 1)                   = 1
2615  read(3, "\n", 1)                  = 1
2615  write(6, "14\n", 3)               = 3
2615  write(6, "\\end{itemize}\n", 14)  = 14
2615  read(3, "\n", 1)                  = 1
2615  write(6, "1\n", 2)                = 2
2615  write(6, "\n", 1)                 = 1
2615  read(3, "\\", 1)                  = 1
2615  read(3, "s", 1)                   = 1
2615  read(3, "e", 1)                   = 1
2615  read(3, "c", 1)                   = 1
2615  read(3, "t", 1)                   = 1
2615  read(3, "i", 1)                   = 1
2615  read(3, "o", 1)                   = 1
2615  read(3, "n", 1)                   = 1
2615  read(3, "*", 1)                   = 1
2615  read(3, "{", 1)                   = 1
2615  read(3, "K", 1)                   = 1
2615  read(3, "n", 1)                   = 1
2615  read(3, "o", 1)                   = 1
2615  read(3, "w", 1)                   = 1
2615  read(3, " ", 1)                   = 1
2615  read(3, "y", 1)                   = 1
2615  read(3, "o", 1)                   = 1
2615  read(3, "u", 1)                   = 1
2615  read(3, "r", 1)                   = 1
2615  read(3, " ", 1)                   = 1
2615  read(3, "e", 1)                   = 1
2615  read(3, "n", 1)                   = 1
2615  read(3, "v", 1)                   = 1
2615  read(3, "i", 1)                   = 1
2615  read(3, "r", 1)                   = 1
2615  read(3, "o", 1)                   = 1
2615  read(3, "n", 1)                   = 1
2615  read(3, "m", 1)                   = 1
2615  read(3, "e", 1)                   = 1
2615  read(3, "n", 1)                   = 1
2615  read(3, "t", 1)                   = 1
2615  read(3, "!", 1)                   = 1
2615  read(3, "}", 1)                   = 1
2615  read(3, "\n", 1)                  = 1
2615  write(6, "34\n", 3)               = 3
2615  write(6, "\\section*{Know your environment!"..., 34) = 34
2615  read(3, "%", 1)                   = 1
2615  read(3, "\n", 1)                  = 1
2615  write(6, "2\n", 2)                = 2
2615  write(6, "%\n", 2)                = 2
2615  read(3, "\n", 1)                  = 1
2615  write(6, "1\n", 2)                = 2
2615  write(6, "\n", 1)                 = 1
2615  read(3, "\\", 1)                  = 1
2615  read(3, "b", 1)                   = 1
2615  read(3, "e", 1)                   = 1
2615  read(3, "g", 1)                   = 1
2615  read(3, "i", 1)                   = 1
2615  read(3, "n", 1)                   = 1
2615  read(3, "{", 1)                   = 1
2615  read(3, "f", 1)                   = 1
2615  read(3, "i", 1)                   = 1
2615  read(3, "g", 1)                   = 1
2615  read(3, "u", 1)                   = 1
2615  read(3, "r", 1)                   = 1
2615  read(3, "e", 1)                   = 1
2615  read(3, "}", 1)                   = 1
2615  read(3, "[", 1)                   = 1
2615  read(3, "h", 1)                   = 1
2615  read(3, "]", 1)                   = 1
2615  read(3, "\n", 1)                  = 1
2615  write(6, "18\n", 3)               = 3
2615  write(6, "\\begin{figure}[h]\n", 18) = 18
2615  read(3, "\\", 1)                  = 1
2615  read(3, "c", 1)                   = 1
2615  read(3, "e", 1)                   = 1
2615  read(3, "n", 1)                   = 1
2615  read(3, "t", 1)                   = 1
2615  read(3, "e", 1)                   = 1
2615  read(3, "r", 1)                   = 1
2615  read(3, "i", 1)                   = 1
2615  read(3, "n", 1)                   = 1
2615  read(3, "g", 1)                   = 1
2615  read(3, "\n", 1)                  = 1
2615  write(6, "11\n", 3)               = 3
2615  write(6, "\\centering\n", 11)     = 11
2615  read(3, "\\", 1)                  = 1
2615  read(3, "i", 1)                   = 1
2615  read(3, "n", 1)                   = 1
2615  read(3, "c", 1)                   = 1
2615  read(3, "l", 1)                   = 1
2615  read(3, "u", 1)                   = 1
2615  read(3, "d", 1)                   = 1
2615  read(3, "e", 1)                   = 1
2615  read(3, "g", 1)                   = 1
2615  read(3, "r", 1)                   = 1
2615  read(3, "a", 1)                   = 1
2615  read(3, "p", 1)                   = 1
2615  read(3, "h", 1)                   = 1
2615  read(3, "i", 1)                   = 1
2615  read(3, "c", 1)                   = 1
2615  read(3, "s", 1)                   = 1
2615  read(3, "[", 1)                   = 1
2615  read(3, "w", 1)                   = 1
2615  read(3, "i", 1)                   = 1
2615  read(3, "d", 1)                   = 1
2615  read(3, "t", 1)                   = 1
2615  read(3, "h", 1)                   = 1
2615  read(3, "=", 1)                   = 1
2615  read(3, "0", 1)                   = 1
2615  read(3, ".", 1)                   = 1
2615  read(3, "5", 1)                   = 1
2615  read(3, "4", 1)                   = 1
2615  read(3, "\\", 1)                  = 1
2615  read(3, "t", 1)                   = 1
2615  read(3, "e", 1)                   = 1
2615  read(3, "x", 1)                   = 1
2615  read(3, "t", 1)                   = 1
2615  read(3, "w", 1)                   = 1
2615  read(3, "i", 1)                   = 1
2615  read(3, "d", 1)                   = 1
2615  read(3, "t", 1)                   = 1
2615  read(3, "h", 1)                   = 1
2615  read(3, "]", 1)                   = 1
2615  read(3, "{", 1)                   = 1
2615  read(3, ".", 1)                   = 1
2615  read(3, ".", 1)                   = 1
2615  read(3, "/", 1)                   = 1
2615  read(3, ".", 1)                   = 1
2615  read(3, ".", 1)                   = 1
2615  read(3, "/", 1)                   = 1
2615  read(3, ".", 1)                   = 1
2615  read(3, ".", 1)                   = 1
2615  read(3, "/", 1)                   = 1
2615  read(3, "l", 1)                   = 1
2615  read(3, "a", 1)                   = 1
2615  read(3, "b", 1)                   = 1
2615  read(3, "e", 1)                   = 1
2615  read(3, "n", 1)                   = 1
2615  read(3, "v", 1)                   = 1
2615  read(3, ".", 1)                   = 1
2615  read(3, "p", 1)                   = 1
2615  read(3, "d", 1)                   = 1
2615  read(3, "f", 1)                   = 1
2615  read(3, "}", 1)                   = 1
2615  read(3, "\n", 1)                  = 1
2615  write(6, "60\n", 3)               = 3
2615  write(6, "\\includegraphics[width=0.54\\text"..., 60) = 60
2615  read(3, "\\", 1)                  = 1
2615  read(3, "c", 1)                   = 1
2615  read(3, "a", 1)                   = 1
2615  read(3, "p", 1)                   = 1
2615  read(3, "t", 1)                   = 1
2615  read(3, "i", 1)                   = 1
2615  read(3, "o", 1)                   = 1
2615  read(3, "n", 1)                   = 1
2615  read(3, "{", 1)                   = 1
2615  read(3, "O", 1)                   = 1
2615  read(3, "v", 1)                   = 1
2615  read(3, "e", 1)                   = 1
2615  read(3, "r", 1)                   = 1
2615  read(3, "v", 1)                   = 1
2615  read(3, "i", 1)                   = 1
2615  read(3, "e", 1)                   = 1
2615  read(3, "w", 1)                   = 1
2615  read(3, " ", 1)                   = 1
2615  read(3, "o", 1)                   = 1
2615  read(3, "f", 1)                   = 1
2615  read(3, " ", 1)                   = 1
2615  read(3, "t", 1)                   = 1
2615  read(3, "h", 1)                   = 1
2615  read(3, "e", 1)                   = 1
2615  read(3, " ", 1)                   = 1
2615  read(3, "L", 1)                   = 1
2615  read(3, "a", 1)                   = 1
2615  read(3, "b", 1)                   = 1
2615  read(3, " ", 1)                   = 1
2615  read(3, "e", 1)                   = 1
2615  read(3, "n", 1)                   = 1
2615  read(3, "v", 1)                   = 1
2615  read(3, "i", 1)                   = 1
2615  read(3, "r", 1)                   = 1
2615  read(3, "o", 1)                   = 1
2615  read(3, "n", 1)                   = 1
2615  read(3, "m", 1)                   = 1
2615  read(3, "e", 1)                   = 1
2615  read(3, "n", 1)                   = 1
2615  read(3, "t", 1)                   = 1
2615  read(3, "}", 1)                   = 1
2615  read(3, "\n", 1)                  = 1
2615  write(6, "42\n", 3)               = 3
2615  write(6, "\\caption{Overview of the Lab env"..., 42) = 42
2615  read(3, "\\", 1)                  = 1
2615  read(3, "l", 1)                   = 1
2615  read(3, "a", 1)                   = 1
2615  read(3, "b", 1)                   = 1
2615  read(3, "e", 1)                   = 1
2615  read(3, "l", 1)                   = 1
2615  read(3, "{", 1)                   = 1
2615  read(3, "f", 1)                   = 1
2615  read(3, "i", 1)                   = 1
2615  read(3, "g", 1)                   = 1
2615  read(3, ":", 1)                   = 1
2615  read(3, "l", 1)                   = 1
2615  read(3, "a", 1)                   = 1
2615  read(3, "b", 1)                   = 1
2615  read(3, "e", 1)                   = 1
2615  read(3, "n", 1)                   = 1
2615  read(3, "v", 1)                   = 1
2615  read(3, "}", 1)                   = 1
2615  read(3, "\n", 1)                  = 1
2615  write(6, "19\n", 3)               = 3
2615  write(6, "\\label{fig:labenv}\n", 19) = 19
2615  read(3, "\\", 1)                  = 1
2615  read(3, "e", 1)                   = 1
2615  read(3, "n", 1)                   = 1
2615  read(3, "d", 1)                   = 1
2615  read(3, "{", 1)                   = 1
2615  read(3, "f", 1)                   = 1
2615  read(3, "i", 1)                   = 1
2615  read(3, "g", 1)                   = 1
2615  read(3, "u", 1)                   = 1
2615  read(3, "r", 1)                   = 1
2615  read(3, "e", 1)                   = 1
2615  read(3, "}", 1)                   = 1
2615  read(3, "\n", 1)                  = 1
2615  write(6, "13\n", 3)               = 3
2615  write(6, "\\end{figure}\n", 13)   = 13
2615  read(3, "\n", 1)                  = 1
2615  write(6, "1\n", 2)                = 2
2615  write(6, "\n", 1)                 = 1
2615  read(3, "W", 1)                   = 1
2615  read(3, "h", 1)                   = 1
2615  read(3, "e", 1)                   = 1
2615  read(3, "n", 1)                   = 1
2615  read(3, " ", 1)                   = 1
2615  read(3, "y", 1)                   = 1
2615  read(3, "o", 1)                   = 1
2615  read(3, "u", 1)                   = 1
2615  read(3, " ", 1)                   = 1
2615  read(3, "l", 1)                   = 1
2615  read(3, "o", 1)                   = 1
2615  read(3, "g", 1)                   = 1
2615  read(3, "i", 1)                   = 1
2615  read(3, "n", 1)                   = 1
2615  read(3, " ", 1)                   = 1
2615  read(3, "i", 1)                   = 1
2615  read(3, "n", 1)                   = 1
2615  read(3, "t", 1)                   = 1
2615  read(3, "o", 1)                   = 1
2615  read(3, " ", 1)                   = 1
2615  read(3, "t", 1)                   = 1
2615  read(3, "h", 1)                   = 1
2615  read(3, "e", 1)                   = 1
2615  read(3, " ", 1)                   = 1
2615  read(3, "l", 1)                   = 1
2615  read(3, "a", 1)                   = 1
2615  read(3, "b", 1)                   = 1
2615  read(3, " ", 1)                   = 1
2615  read(3, "m", 1)                   = 1
2615  read(3, "a", 1)                   = 1
2615  read(3, "c", 1)                   = 1
2615  read(3, "h", 1)                   = 1
2615  read(3, "i", 1)                   = 1
2615  read(3, "n", 1)                   = 1
2615  read(3, "e", 1)                   = 1
2615  read(3, ",", 1)                   = 1
2615  read(3, " ", 1)                   = 1
2615  read(3, "y", 1)                   = 1
2615  read(3, "o", 1)                   = 1
2615  read(3, "u", 1)                   = 1
2615  read(3, " ", 1)                   = 1
2615  read(3, "g", 1)                   = 1
2615  read(3, "e", 1)                   = 1
2615  read(3, "t", 1)                   = 1
2615  read(3, " ", 1)                   = 1
2615  read(3, "a", 1)                   = 1
2615  read(3, " ", 1)                   = 1
2615  read(3, "G", 1)                   = 1
2615  read(3, "U", 1)                   = 1
2615  read(3, "I", 1)                   = 1
2615  read(3, " ", 1)                   = 1
2615  read(3, "d", 1)                   = 1
2615  read(3, "e", 1)                   = 1
2615  read(3, "s", 1)                   = 1
2615  read(3, "k", 1)                   = 1
2615  read(3, "t", 1)                   = 1
2615  read(3, "o", 1)                   = 1
2615  read(3, "p", 1)                   = 1
2615  read(3, " ", 1)                   = 1
2615  read(3, "e", 1)                   = 1
2615  read(3, "n", 1)                   = 1
2615  read(3, "v", 1)                   = 1
2615  read(3, "i", 1)                   = 1
2615  read(3, "r", 1)                   = 1
2615  read(3, "o", 1)                   = 1
2615  read(3, "n", 1)                   = 1
2615  read(3, "m", 1)                   = 1
2615  read(3, "e", 1)                   = 1
2615  read(3, "n", 1)                   = 1
2615  read(3, "t", 1)                   = 1
2615  read(3, ".", 1)                   = 1
2615  read(3, " ", 1)                   = 1
2615  read(3, "\n", 1)                  = 1
2615  write(6, "73\n", 3)               = 3
2615  write(6, "When you login into the lab mach"..., 73) = 73
2615  read(3, "L", 1)                   = 1
2615  read(3, "e", 1)                   = 1
2615  read(3, "t", 1)                   = 1
2615  read(3, " ", 1)                   = 1
2615  read(3, "u", 1)                   = 1
2615  read(3, "s", 1)                   = 1
2615  read(3, " ", 1)                   = 1
2615  read(3, "c", 1)                   = 1
2615  read(3, "a", 1)                   = 1
2615  read(3, "l", 1)                   = 1
2615  read(3, "l", 1)                   = 1
2615  read(3, " ", 1)                   = 1
2615  read(3, "t", 1)                   = 1
2615  read(3, "h", 1)                   = 1
2615  read(3, "i", 1)                   = 1
2615  read(3, "s", 1)                   = 1
2615  read(3, " ", 1)                   = 1
2615  read(3, "t", 1)                   = 1
2615  read(3, "h", 1)                   = 1
2615  read(3, "e", 1)                   = 1
2615  read(3, " ", 1)                   = 1
2615  read(3, "`", 1)                   = 1
2615  read(3, "`", 1)                   = 1
2615  read(3, "H", 1)                   = 1
2615  read(3, "o", 1)                   = 1
2615  read(3, "s", 1)                   = 1
2615  read(3, "t", 1)                   = 1
2615  read(3, "\"", 1)                  = 1
2615  read(3, " ", 1)                   = 1
2615  read(3, "m", 1)                   = 1
2615  read(3, "a", 1)                   = 1
2615  read(3, "c", 1)                   = 1
2615  read(3, "h", 1)                   = 1
2615  read(3, "i", 1)                   = 1
2615  read(3, "n", 1)                   = 1
2615  read(3, "e", 1)                   = 1
2615  read(3, ".", 1)                   = 1
2615  read(3, "\n", 1)                  = 1
2615  write(6, "38\n", 3)               = 3
2615  write(6, "Let us call this the ``Host\" mac"..., 38) = 38
2615  read(3, "%", 1)                   = 1
2615  read(3, "\n", 1)                  = 1
2615  write(6, "2\n", 2)                = 2
2615  write(6, "%\n", 2)                = 2
2615  read(3, "T", 1)                   = 1
2615  read(3, "h", 1)                   = 1
2615  read(3, "e", 1)                   = 1
2615  read(3, " ", 1)                   = 1
2615  read(3, "l", 1)                   = 1
2615  read(3, "a", 1)                   = 1
2615  read(3, "b", 1)                   = 1
2615  read(3, " ", 1)                   = 1
2615  read(3, "e", 1)                   = 1
2615  read(3, "x", 1)                   = 1
2615  read(3, "e", 1)                   = 1
2615  read(3, "r", 1)                   = 1
2615  read(3, "c", 1)                   = 1
2615  read(3, "i", 1)                   = 1
2615  read(3, "s", 1)                   = 1
2615  read(3, "e", 1)                   = 1
2615  read(3, " ", 1)                   = 1
2615  read(3, "e", 1)                   = 1
2615  read(3, "n", 1)                   = 1
2615  read(3, "v", 1)                   = 1
2615  read(3, "i", 1)                   = 1
2615  read(3, "r", 1)                   = 1
2615  read(3, "o", 1)                   = 1
2615  read(3, "n", 1)                   = 1
2615  read(3, "m", 1)                   = 1
2615  read(3, "e", 1)                   = 1
2615  read(3, "n", 1)                   = 1
2615  read(3, "t", 1)                   = 1
2615  read(3, " ", 1)                   = 1
2615  read(3, "i", 1)                   = 1
2615  read(3, "s", 1)                   = 1
2615  read(3, " ", 1)                   = 1
2615  read(3, "i", 1)                   = 1
2615  read(3, "n", 1)                   = 1
2615  read(3, " ", 1)                   = 1
2615  read(3, "a", 1)                   = 1
2615  read(3, " ", 1)                   = 1
2615  read(3, "s", 1)                   = 1
2615  read(3, "e", 1)                   = 1
2615  read(3, "p", 1)                   = 1
2615  read(3, "a", 1)                   = 1
2615  read(3, "r", 1)                   = 1
2615  read(3, "a", 1)                   = 1
2615  read(3, "t", 1)                   = 1
2615  read(3, "e", 1)                   = 1
2615  read(3, " ", 1)                   = 1
2615  read(3, "s", 1)                   = 1
2615  read(3, "a", 1)                   = 1
2615  read(3, "n", 1)                   = 1
2615  read(3, "d", 1)                   = 1
2615  read(3, "b", 1)                   = 1
2615  read(3, "o", 1)                   = 1
2615  read(3, "x", 1)                   = 1
2615  read(3, " ", 1)                   = 1
2615  read(3, "e", 1)                   = 1
2615  read(3, "n", 1)                   = 1
2615  read(3, "v", 1)                   = 1
2615  read(3, "i", 1)                   = 1
2615  read(3, "r", 1)                   = 1
2615  read(3, "o", 1)                   = 1
2615  read(3, "n", 1)                   = 1
2615  read(3, "m", 1)                   = 1
2615  read(3, "e", 1)                   = 1
2615  read(3, "n", 1)                   = 1
2615  read(3, "t", 1)                   = 1
2615  read(3, " ", 1)                   = 1
2615  read(3, "i", 1)                   = 1
2615  read(3, "n", 1)                   = 1
2615  read(3, " ", 1)                   = 1
2615  read(3, "t", 1)                   = 1
2615  read(3, "h", 1)                   = 1
2615  read(3, "e", 1)                   = 1
2615  read(3, " ", 1)                   = 1
2615  read(3, "\n", 1)                  = 1
2615  write(6, "74\n", 3)               = 3
2615  write(6, "The lab exercise environment is "..., 74) = 74
2615  read(3, "s", 1)                   = 1
2615  read(3, "a", 1)                   = 1
2615  read(3, "m", 1)                   = 1
2615  read(3, "e", 1)                   = 1
2615  read(3, " ", 1)                   = 1
2615  read(3, "m", 1)                   = 1
2615  read(3, "a", 1)                   = 1
2615  read(3, "c", 1)                   = 1
2615  read(3, "h", 1)                   = 1
2615  read(3, "i", 1)                   = 1
2615  read(3, "n", 1)                   = 1
2615  read(3, "e", 1)                   = 1
2615  read(3, " ", 1)                   = 1
2615  read(3, "w", 1)                   = 1
2615  read(3, "h", 1)                   = 1
2615  read(3, "i", 1)                   = 1
2615  read(3, "c", 1)                   = 1
2615  read(3, "h", 1)                   = 1
2615  read(3, " ", 1)                   = 1
2615  read(3, "y", 1)                   = 1
2615  read(3, "o", 1)                   = 1
2615  read(3, "u", 1)                   = 1
2615  read(3, " ", 1)                   = 1
2615  read(3, "c", 1)                   = 1
2615  read(3, "a", 1)                   = 1
2615  read(3, "n", 1)                   = 1
2615  read(3, " ", 1)                   = 1
2615  read(3, "t", 1)                   = 1
2615  read(3, "r", 1)                   = 1
2615  read(3, "e", 1)                   = 1
2615  read(3, "a", 1)                   = 1
2615  read(3, "t", 1)                   = 1
2615  read(3, " ", 1)                   = 1
2615  read(3, "a", 1)                   = 1
2615  read(3, "s", 1)                   = 1
2615  read(3, " ", 1)                   = 1
2615  read(3, "a", 1)                   = 1
2615  read(3, " ", 1)                   = 1
2615  read(3, "s", 1)                   = 1
2615  read(3, "e", 1)                   = 1
2615  read(3, "p", 1)                   = 1
2615  read(3, "a", 1)                   = 1
2615  read(3, "r", 1)                   = 1
2615  read(3, "a", 1)                   = 1
2615  read(3, "t", 1)                   = 1
2615  read(3, "e", 1)                   = 1
2615  read(3, " ", 1)                   = 1
2615  read(3, "c", 1)                   = 1
2615  read(3, "o", 1)                   = 1
2615  read(3, "m", 1)                   = 1
2615  read(3, "p", 1)                   = 1
2615  read(3, "u", 1)                   = 1
2615  read(3, "t", 1)                   = 1
2615  read(3, "e", 1)                   = 1
2615  read(3, "r", 1)                   = 1
2615  read(3, " ", 1)                   = 1
2615  read(3, "s", 1)                   = 1
2615  read(3, "y", 1)                   = 1
2615  read(3, "s", 1)                   = 1
2615  read(3, "t", 1)                   = 1
2615  read(3, "e", 1)                   = 1
2615  read(3, "m", 1)                   = 1
2615  read(3, ".", 1)                   = 1
2615  read(3, "\n", 1)                  = 1
2615  write(6, "64\n", 3)               = 3
2615  write(6, "same machine which you can treat"..., 64) = 64
2615  read(3, "%", 1)                   = 1
2615  read(3, "\n", 1)                  = 1
2615  write(6, "2\n", 2)                = 2
2615  write(6, "%\n", 2)                = 2
2615  read(3, "L", 1)                   = 1
2615  read(3, "e", 1)                   = 1
2615  read(3, "t", 1)                   = 1
2615  read(3, " ", 1)                   = 1
2615  read(3, "u", 1)                   = 1
2615  read(3, "s", 1)                   = 1
2615  read(3, " ", 1)                   = 1
2615  read(3, "c", 1)                   = 1
2615  read(3, "a", 1)                   = 1
2615  read(3, "l", 1)                   = 1
2615  read(3, "l", 1)                   = 1
2615  read(3, " ", 1)                   = 1
2615  read(3, "t", 1)                   = 1
2615  read(3, "h", 1)                   = 1
2615  read(3, "i", 1)                   = 1
2615  read(3, "s", 1)                   = 1
2615  read(3, " ", 1)                   = 1
2615  read(3, "t", 1)                   = 1
2615  read(3, "h", 1)                   = 1
2615  read(3, "e", 1)                   = 1
2615  read(3, " ", 1)                   = 1
2615  read(3, "`", 1)                   = 1
2615  read(3, "`", 1)                   = 1
2615  read(3, "L", 1)                   = 1
2615  read(3, "a", 1)                   = 1
2615  read(3, "b", 1)                   = 1
2615  read(3, "e", 1)                   = 1
2615  read(3, "x", 1)                   = 1
2615  read(3, "\"", 1)                  = 1
2615  read(3, " ", 1)                   = 1
2615  read(3, "s", 1)                   = 1
2615  read(3, "y", 1)                   = 1
2615  read(3, "s", 1)                   = 1
2615  read(3, "t", 1)                   = 1
2615  read(3, "e", 1)                   = 1
2615  read(3, "m", 1)                   = 1
2615  read(3, ".", 1)                   = 1
2615  read(3, "\n", 1)                  = 1
2615  write(6, "38\n", 3)               = 3
2615  write(6, "Let us call this the ``Labex\" sy"..., 38) = 38
2615  read(3, "%", 1)                   = 1
2615  read(3, "\n", 1)                  = 1
2615  write(6, "2\n", 2)                = 2
2615  write(6, "%\n", 2)                = 2
2615  read(3, "T", 1)                   = 1
2615  read(3, "h", 1)                   = 1
2615  read(3, "e", 1)                   = 1
2615  read(3, " ", 1)                   = 1
2615  read(3, "h", 1)                   = 1
2615  read(3, "o", 1)                   = 1
2615  read(3, "s", 1)                   = 1
2615  read(3, "t", 1)                   = 1
2615  read(3, " ", 1)                   = 1
2615  read(3, "m", 1)                   = 1
2615  read(3, "a", 1)                   = 1
2615  read(3, "c", 1)                   = 1
2615  read(3, "h", 1)                   = 1
2615  read(3, "i", 1)                   = 1
2615  read(3, "n", 1)                   = 1
2615  read(3, "e", 1)                   = 1
2615  read(3, " ", 1)                   = 1
2615  read(3, "{", 1)                   = 1
2615  read(3, "\\", 1)                  = 1
2615  read(3, "e", 1)                   = 1
2615  read(3, "m", 1)                   = 1
2615  read(3, " ", 1)                   = 1
2615  read(3, "i", 1)                   = 1
2615  read(3, "s", 1)                   = 1
2615  read(3, " ", 1)                   = 1
2615  read(3, "n", 1)                   = 1
2615  read(3, "o", 1)                   = 1
2615  read(3, "t", 1)                   = 1
2615  read(3, "}", 1)                   = 1
2615  read(3, " ", 1)                   = 1
2615  read(3, "t", 1)                   = 1
2615  read(3, "h", 1)                   = 1
2615  read(3, "e", 1)                   = 1
2615  read(3, " ", 1)                   = 1
2615  read(3, "l", 1)                   = 1
2615  read(3, "a", 1)                   = 1
2615  read(3, "b", 1)                   = 1
2615  read(3, " ", 1)                   = 1
2615  read(3, "s", 1)                   = 1
2615  read(3, "e", 1)                   = 1
2615  read(3, "t", 1)                   = 1
2615  read(3, "u", 1)                   = 1
2615  read(3, "p", 1)                   = 1
2615  read(3, ",", 1)                   = 1
2615  read(3, " ", 1)                   = 1
2615  read(3, "r", 1)                   = 1
2615  read(3, "a", 1)                   = 1
2615  read(3, "t", 1)                   = 1
2615  read(3, "h", 1)                   = 1
2615  read(3, "e", 1)                   = 1
2615  read(3, "r", 1)                   = 1
2615  read(3, " ", 1)                   = 1
2615  read(3, "i", 1)                   = 1
2615  read(3, "t", 1)                   = 1
2615  read(3, " ", 1)                   = 1
2615  read(3, "h", 1)                   = 1
2615  read(3, "o", 1)                   = 1
2615  read(3, "s", 1)                   = 1
2615  read(3, "t", 1)                   = 1
2615  read(3, "s", 1)                   = 1
2615  read(3, " ", 1)                   = 1
2615  read(3, "t", 1)                   = 1
2615  read(3, "h", 1)                   = 1
2615  read(3, "e", 1)                   = 1
2615  read(3, " ", 1)                   = 1
2615  read(3, "l", 1)                   = 1
2615  read(3, "a", 1)                   = 1
2615  read(3, "b", 1)                   = 1
2615  read(3, " ", 1)                   = 1
2615  read(3, "e", 1)                   = 1
2615  read(3, "x", 1)                   = 1
2615  read(3, "e", 1)                   = 1
2615  read(3, "r", 1)                   = 1
2615  read(3, "c", 1)                   = 1
2615  read(3, "i", 1)                   = 1
2615  read(3, "s", 1)                   = 1
2615  read(3, "e", 1)                   = 1
2615  read(3, "\n", 1)                  = 1
2615  write(6, "78\n", 3)               = 3
2615  write(6, "The host machine {\\em is not} th"..., 78) = 78
2615  read(3, "s", 1)                   = 1
2615  read(3, "y", 1)                   = 1
2615  read(3, "s", 1)                   = 1
2615  read(3, "t", 1)                   = 1
2615  read(3, "e", 1)                   = 1
2615  read(3, "m", 1)                   = 1
2615  read(3, ".", 1)                   = 1
2615  read(3, "\n", 1)                  = 1
2615  write(6, "8\n", 2)                = 2
2615  write(6, "system.\n", 8)          = 8
2615  read(3, "%", 1)                   = 1
2615  read(3, "\n", 1)                  = 1
2615  write(6, "2\n", 2)                = 2
2615  write(6, "%\n", 2)                = 2
2615  read(3, "Y", 1)                   = 1
2615  read(3, "o", 1)                   = 1
2615  read(3, "u", 1)                   = 1
2615  read(3, " ", 1)                   = 1
2615  read(3, "m", 1)                   = 1
2615  read(3, "a", 1)                   = 1
2615  read(3, "y", 1)                   = 1
2615  read(3, " ", 1)                   = 1
2615  read(3, "u", 1)                   = 1
2615  read(3, "s", 1)                   = 1
2615  read(3, "e", 1)                   = 1
2615  read(3, " ", 1)                   = 1
2615  read(3, "t", 1)                   = 1
2615  read(3, "h", 1)                   = 1
2615  read(3, "e", 1)                   = 1
2615  read(3, " ", 1)                   = 1
2615  read(3, "h", 1)                   = 1
2615  read(3, "o", 1)                   = 1
2615  read(3, "s", 1)                   = 1
2615  read(3, "t", 1)                   = 1
2615  read(3, " ", 1)                   = 1
2615  read(3, "m", 1)                   = 1
2615  read(3, "a", 1)                   = 1
2615  read(3, "c", 1)                   = 1
2615  read(3, "h", 1)                   = 1
2615  read(3, "i", 1)                   = 1
2615  read(3, "n", 1)                   = 1
2615  read(3, "e", 1)                   = 1
2615  read(3, " ", 1)                   = 1
2615  read(3, "t", 1)                   = 1
2615  read(3, "o", 1)                   = 1
2615  read(3, " ", 1)                   = 1
2615  read(3, "a", 1)                   = 1
2615  read(3, "c", 1)                   = 1
2615  read(3, "c", 1)                   = 1
2615  read(3, "e", 1)                   = 1
2615  read(3, "s", 1)                   = 1
2615  read(3, "s", 1)                   = 1
2615  read(3, " ", 1)                   = 1
2615  read(3, "{", 1)                   = 1
2615  read(3, "\\", 1)                  = 1
2615  read(3, "t", 1)                   = 1
2615  read(3, "t", 1)                   = 1
2615  read(3, " ", 1)                   = 1
2615  read(3, "m", 1)                   = 1
2615  read(3, "a", 1)                   = 1
2615  read(3, "n", 1)                   = 1
2615  read(3, "}", 1)                   = 1
2615  read(3, " ", 1)                   = 1
2615  read(3, "p", 1)                   = 1
2615  read(3, "a", 1)                   = 1
2615  read(3, "g", 1)                   = 1
2615  read(3, "e", 1)                   = 1
2615  read(3, "s", 1)                   = 1
2615  read(3, " ", 1)                   = 1
2615  read(3, "a", 1)                   = 1
2615  read(3, "n", 1)                   = 1
2615  read(3, "d", 1)                   = 1
2615  read(3, " ", 1)                   = 1
2615  read(3, "o", 1)                   = 1
2615  read(3, "p", 1)                   = 1
2615  read(3, "e", 1)                   = 1
2615  read(3, "n", 1)                   = 1
2615  read(3, " ", 1)                   = 1
2615  read(3, "e", 1)                   = 1
2615  read(3, "x", 1)                   = 1
2615  read(3, "e", 1)                   = 1
2615  read(3, "r", 1)                   = 1
2615  read(3, "c", 1)                   = 1
2615  read(3, "i", 1)                   = 1
2615  read(3, "s", 1)                   = 1
2615  read(3, "e", 1)                   = 1
2615  read(3, " ", 1)                   = 1
2615  read(3, "d", 1)                   = 1
2615  read(3, "o", 1)                   = 1
2615  read(3, "c", 1)                   = 1
2615  read(3, "u", 1)                   = 1
2615  read(3, "m", 1)                   = 1
2615  read(3, "e", 1)                   = 1
2615  read(3, "n", 1)                   = 1
2615  read(3, "t", 1)                   = 1
2615  read(3, " ", 1)                   = 1
2615  read(3, "u", 1)                   = 1
2615  read(3, "s", 1)                   = 1
2615  read(3, "i", 1)                   = 1
2615  read(3, "n", 1)                   = 1
2615  read(3, "g", 1)                   = 1
2615  read(3, "\n", 1)                  = 1
2615  write(6, "88\n", 3)               = 3
2615  write(6, "You may use the host machine to "..., 88) = 88
2615  read(3, "G", 1)                   = 1
2615  read(3, "U", 1)                   = 1
2615  read(3, "I", 1)                   = 1
2615  read(3, " ", 1)                   = 1
2615  read(3, "a", 1)                   = 1
2615  read(3, "p", 1)                   = 1
2615  read(3, "p", 1)                   = 1
2615  read(3, "l", 1)                   = 1
2615  read(3, "i", 1)                   = 1
2615  read(3, "c", 1)                   = 1
2615  read(3, "a", 1)                   = 1
2615  read(3, "t", 1)                   = 1
2615  read(3, "i", 1)                   = 1
2615  read(3, "o", 1)                   = 1
2615  read(3, "n", 1)                   = 1
2615  read(3, "s", 1)                   = 1
2615  read(3, " ", 1)                   = 1
2615  read(3, "s", 1)                   = 1
2615  read(3, "u", 1)                   = 1
2615  read(3, "c", 1)                   = 1
2615  read(3, "h", 1)                   = 1
2615  read(3, " ", 1)                   = 1
2615  read(3, "a", 1)                   = 1
2615  read(3, "s", 1)                   = 1
2615  read(3, " ", 1)                   = 1
2615  read(3, "t", 1)                   = 1
2615  read(3, "h", 1)                   = 1
2615  read(3, "e", 1)                   = 1
2615  read(3, " ", 1)                   = 1
2615  read(3, "P", 1)                   = 1
2615  read(3, "D", 1)                   = 1
2615  read(3, "F", 1)                   = 1
2615  read(3, " ", 1)                   = 1
2615  read(3, "v", 1)                   = 1
2615  read(3, "i", 1)                   = 1
2615  read(3, "e", 1)                   = 1
2615  read(3, "w", 1)                   = 1
2615  read(3, "e", 1)                   = 1
2615  read(3, "r", 1)                   = 1
2615  read(3, ".", 1)                   = 1
2615  read(3, "\n", 1)                  = 1
2615  write(6, "41\n", 3)               = 3
2615  write(6, "GUI applications such as the PDF"..., 41) = 41
2615  read(3, "\n", 1)                  = 1
2615  write(6, "1\n", 2)                = 2
2615  write(6, "\n", 1)                 = 1
2615  read(3, "\\", 1)                  = 1
2615  read(3, "s", 1)                   = 1
2615  read(3, "u", 1)                   = 1
2615  read(3, "b", 1)                   = 1
2615  read(3, "s", 1)                   = 1
2615  read(3, "e", 1)                   = 1
2615  read(3, "c", 1)                   = 1
2615  read(3, "t", 1)                   = 1
2615  read(3, "i", 1)                   = 1
2615  read(3, "o", 1)                   = 1
2615  read(3, "n", 1)                   = 1
2615  read(3, "*", 1)                   = 1
2615  read(3, "{", 1)                   = 1
2615  read(3, "I", 1)                   = 1
2615  read(3, "n", 1)                   = 1
2615  read(3, "t", 1)                   = 1
2615  read(3, "e", 1)                   = 1
2615  read(3, "r", 1)                   = 1
2615  read(3, "a", 1)                   = 1
2615  read(3, "c", 1)                   = 1
2615  read(3, "t", 1)                   = 1
2615  read(3, "i", 1)                   = 1
2615  read(3, "n", 1)                   = 1
2615  read(3, "g", 1)                   = 1
2615  read(3, " ", 1)                   = 1
2615  read(3, "w", 1)                   = 1
2615  read(3, "i", 1)                   = 1
2615  read(3, "t", 1)                   = 1
2615  read(3, "h", 1)                   = 1
2615  read(3, " ", 1)                   = 1
2615  read(3, "t", 1)                   = 1
2615  read(3, "h", 1)                   = 1
2615  read(3, "e", 1)                   = 1
2615  read(3, " ", 1)                   = 1
2615  read(3, "`", 1)                   = 1
2615  read(3, "`", 1)                   = 1
2615  read(3, "L", 1)                   = 1
2615  read(3, "a", 1)                   = 1
2615  read(3, "b", 1)                   = 1
2615  read(3, "e", 1)                   = 1
2615  read(3, "x", 1)                   = 1
2615  read(3, "\"", 1)                  = 1
2615  read(3, " ", 1)                   = 1
2615  read(3, "s", 1)                   = 1
2615  read(3, "y", 1)                   = 1
2615  read(3, "s", 1)                   = 1
2615  read(3, "t", 1)                   = 1
2615  read(3, "e", 1)                   = 1
2615  read(3, "m", 1)                   = 1
2615  read(3, "}", 1)                   = 1
2615  read(3, "\n", 1)                  = 1
2615  write(6, "51\n", 3)               = 3
2615  write(6, "\\subsection*{Interacting with th"..., 51) = 51
2615  read(3, "%", 1)                   = 1
2615  read(3, "\n", 1)                  = 1
2615  write(6, "2\n", 2)                = 2
2615  write(6, "%\n", 2)                = 2
2615  read(3, "\n", 1)                  = 1
2615  write(6, "1\n", 2)                = 2
2615  write(6, "\n", 1)                 = 1
2615  read(3, "{", 1)                   = 1
2615  read(3, "\\", 1)                  = 1
2615  read(3, "b", 1)                   = 1
2615  read(3, "f", 1)                   = 1
2615  read(3, " ", 1)                   = 1
2615  read(3, "L", 1)                   = 1
2615  read(3, "o", 1)                   = 1
2615  read(3, "g", 1)                   = 1
2615  read(3, "i", 1)                   = 1
2615  read(3, "n", 1)                   = 1
2615  read(3, " ", 1)                   = 1
2615  read(3, "i", 1)                   = 1
2615  read(3, "n", 1)                   = 1
2615  read(3, "t", 1)                   = 1
2615  read(3, "o", 1)                   = 1
2615  read(3, " ", 1)                   = 1
2615  read(3, "t", 1)                   = 1
2615  read(3, "h", 1)                   = 1
2615  read(3, "e", 1)                   = 1
2615  read(3, " ", 1)                   = 1
2615  read(3, "L", 1)                   = 1
2615  read(3, "a", 1)                   = 1
2615  read(3, "b", 1)                   = 1
2615  read(3, "e", 1)                   = 1
2615  read(3, "x", 1)                   = 1
2615  read(3, " ", 1)                   = 1
2615  read(3, "s", 1)                   = 1
2615  read(3, "y", 1)                   = 1
2615  read(3, "s", 1)                   = 1
2615  read(3, "t", 1)                   = 1
2615  read(3, "e", 1)                   = 1
2615  read(3, "m", 1)                   = 1
2615  read(3, "}", 1)                   = 1
2615  read(3, "\n", 1)                  = 1
2615  write(6, "34\n", 3)               = 3
2615  write(6, "{\\bf Login into the Labex system"..., 34) = 34
2615  read(3, "\n", 1)                  = 1
2615  write(6, "1\n", 2)                = 2
2615  write(6, "\n", 1)                 = 1
2615  read(3, "\\", 1)                  = 1
2615  read(3, "b", 1)                   = 1
2615  read(3, "e", 1)                   = 1
2615  read(3, "g", 1)                   = 1
2615  read(3, "i", 1)                   = 1
2615  read(3, "n", 1)                   = 1
2615  read(3, "{", 1)                   = 1
2615  read(3, "i", 1)                   = 1
2615  read(3, "t", 1)                   = 1
2615  read(3, "e", 1)                   = 1
2615  read(3, "m", 1)                   = 1
2615  read(3, "i", 1)                   = 1
2615  read(3, "z", 1)                   = 1
2615  read(3, "e", 1)                   = 1
2615  read(3, "}", 1)                   = 1
2615  read(3, "\n", 1)                  = 1
2615  write(6, "16\n", 3)               = 3
2615  write(6, "\\begin{itemize}\n", 16) = 16
2615  read(3, "\t", 1)                  = 1
2615  read(3, "\\", 1)                  = 1
2615  read(3, "i", 1)                   = 1
2615  read(3, "t", 1)                   = 1
2615  read(3, "e", 1)                   = 1
2615  read(3, "m", 1)                   = 1
2615  read(3, "[", 1)                   = 1
2615  read(3, "1", 1)                   = 1
2615  read(3, ".", 1)                   = 1
2615  read(3, "]", 1)                   = 1
2615  read(3, " ", 1)                   = 1
2615  read(3, "O", 1)                   = 1
2615  read(3, "p", 1)                   = 1
2615  read(3, "e", 1)                   = 1
2615  read(3, "n", 1)                   = 1
2615  read(3, " ", 1)                   = 1
2615  read(3, "t", 1)                   = 1
2615  read(3, "h", 1)                   = 1
2615  read(3, "e", 1)                   = 1
2615  read(3, " ", 1)                   = 1
2615  read(3, "t", 1)                   = 1
2615  read(3, "e", 1)                   = 1
2615  read(3, "r", 1)                   = 1
2615  read(3, "m", 1)                   = 1
2615  read(3, "i", 1)                   = 1
2615  read(3, "n", 1)                   = 1
2615  read(3, "a", 1)                   = 1
2615  read(3, "l", 1)                   = 1
2615  read(3, " ", 1)                   = 1
2615  read(3, "a", 1)                   = 1
2615  read(3, "p", 1)                   = 1
2615  read(3, "p", 1)                   = 1
2615  read(3, "l", 1)                   = 1
2615  read(3, "i", 1)                   = 1
2615  read(3, "c", 1)                   = 1
2615  read(3, "a", 1)                   = 1
2615  read(3, "t", 1)                   = 1
2615  read(3, "i", 1)                   = 1
2615  read(3, "o", 1)                   = 1
2615  read(3, "n", 1)                   = 1
2615  read(3, " ", 1)                   = 1
2615  read(3, "o", 1)                   = 1
2615  read(3, "n", 1)                   = 1
2615  read(3, " ", 1)                   = 1
2615  read(3, "t", 1)                   = 1
2615  read(3, "h", 1)                   = 1
2615  read(3, "e", 1)                   = 1
2615  read(3, " ", 1)                   = 1
2615  read(3, "H", 1)                   = 1
2615  read(3, "o", 1)                   = 1
2615  read(3, "s", 1)                   = 1
2615  read(3, "t", 1)                   = 1
2615  read(3, " ", 1)                   = 1
2615  read(3, "s", 1)                   = 1
2615  read(3, "y", 1)                   = 1
2615  read(3, "s", 1)                   = 1
2615  read(3, "t", 1)                   = 1
2615  read(3, "e", 1)                   = 1
2615  read(3, "m", 1)                   = 1
2615  read(3, ".", 1)                   = 1
2615  read(3, " ", 1)                   = 1
2615  read(3, "Y", 1)                   = 1
2615  read(3, "o", 1)                   = 1
2615  read(3, "u", 1)                   = 1
2615  read(3, " ", 1)                   = 1
2615  read(3, "c", 1)                   = 1
2615  read(3, "a", 1)                   = 1
2615  read(3, "n", 1)                   = 1
2615  read(3, " ", 1)                   = 1
2615  read(3, "a", 1)                   = 1
2615  read(3, "l", 1)                   = 1
2615  read(3, "s", 1)                   = 1
2615  read(3, "o", 1)                   = 1
2615  read(3, " ", 1)                   = 1
2615  read(3, "u", 1)                   = 1
2615  read(3, "s", 1)                   = 1
2615  read(3, "e", 1)                   = 1
2615  read(3, " ", 1)                   = 1
2615  read(3, "`", 1)                   = 1
2615  read(3, "A", 1)                   = 1
2615  read(3, "L", 1)                   = 1
2615  read(3, "T", 1)                   = 1
2615  read(3, "+", 1)                   = 1
2615  read(3, "C", 1)                   = 1
2615  read(3, "T", 1)                   = 1
2615  read(3, "R", 1)                   = 1
2615  read(3, "L", 1)                   = 1
2615  read(3, "+", 1)                   = 1
2615  read(3, "t", 1)                   = 1
2615  read(3, "'", 1)                   = 1
2615  read(3, " ", 1)                   = 1
2615  read(3, "a", 1)                   = 1
2615  read(3, "n", 1)                   = 1
2615  read(3, "d", 1)                   = 1
2615  read(3, " ", 1)                   = 1
2615  read(3, "`", 1)                   = 1
2615  read(3, "A", 1)                   = 1
2615  read(3, "L", 1)                   = 1
2615  read(3, "T", 1)                   = 1
2615  read(3, "+", 1)                   = 1
2615  read(3, "C", 1)                   = 1
2615  read(3, "T", 1)                   = 1
2615  read(3, "R", 1)                   = 1
2615  read(3, "L", 1)                   = 1
2615  read(3, "+", 1)                   = 1
2615  read(3, "n", 1)                   = 1
2615  read(3, "'", 1)                   = 1
2615  read(3, " ", 1)                   = 1
2615  read(3, "t", 1)                   = 1
2615  read(3, "o", 1)                   = 1
2615  read(3, " ", 1)                   = 1
2615  read(3, "o", 1)                   = 1
2615  read(3, "p", 1)                   = 1
2615  read(3, "e", 1)                   = 1
2615  read(3, "n", 1)                   = 1
2615  read(3, " ", 1)                   = 1
2615  read(3, "a", 1)                   = 1
2615  read(3, " ", 1)                   = 1
2615  read(3, "n", 1)                   = 1
2615  read(3, "e", 1)                   = 1
2615  read(3, "w", 1)                   = 1
2615  read(3, "\n", 1)                  = 1
2615  write(6, "122\n", 4)              = 4
2615  write(6, "\t\\item[1.] Open the terminal app"..., 122) = 122
2615  read(3, "\t", 1)                  = 1
2615  read(3, "\t", 1)                  = 1
2615  read(3, "t", 1)                   = 1
2615  read(3, "a", 1)                   = 1
2615  read(3, "b", 1)                   = 1
2615  read(3, " ", 1)                   = 1
2615  read(3, "i", 1)                   = 1
2615  read(3, "n", 1)                   = 1
2615  read(3, " ", 1)                   = 1
2615  read(3, "o", 1)                   = 1
2615  read(3, "r", 1)                   = 1
2615  read(3, " ", 1)                   = 1
2615  read(3, "a", 1)                   = 1
2615  read(3, " ", 1)                   = 1
2615  read(3, "n", 1)                   = 1
2615  read(3, "e", 1)                   = 1
2615  read(3, "w", 1)                   = 1
2615  read(3, " ", 1)                   = 1
2615  read(3, "t", 1)                   = 1
2615  read(3, "e", 1)                   = 1
2615  read(3, "r", 1)                   = 1
2615  read(3, "m", 1)                   = 1
2615  read(3, "i", 1)                   = 1
2615  read(3, "n", 1)                   = 1
2615  read(3, "a", 1)                   = 1
2615  read(3, "l", 1)                   = 1
2615  read(3, " ", 1)                   = 1
2615  read(3, "f", 1)                   = 1
2615  read(3, "r", 1)                   = 1
2615  read(3, "o", 1)                   = 1
2615  read(3, "m", 1)                   = 1
2615  read(3, " ", 1)                   = 1
2615  read(3, "a", 1)                   = 1
2615  read(3, "n", 1)                   = 1
2615  read(3, " ", 1)                   = 1
2615  read(3, "e", 1)                   = 1
2615  read(3, "x", 1)                   = 1
2615  read(3, "i", 1)                   = 1
2615  read(3, "s", 1)                   = 1
2615  read(3, "t", 1)                   = 1
2615  read(3, "i", 1)                   = 1
2615  read(3, "n", 1)                   = 1
2615  read(3, "g", 1)                   = 1
2615  read(3, " ", 1)                   = 1
2615  read(3, "t", 1)                   = 1
2615  read(3, "e", 1)                   = 1
2615  read(3, "r", 1)                   = 1
2615  read(3, "m", 1)                   = 1
2615  read(3, "i", 1)                   = 1
2615  read(3, "n", 1)                   = 1
2615  read(3, "a", 1)                   = 1
2615  read(3, "l", 1)                   = 1
2615  read(3, ".", 1)                   = 1
2615  read(3, " ", 1)                   = 1
2615  read(3, "{", 1)                   = 1
2615  read(3, "\\", 1)                  = 1
2615  read(3, "e", 1)                   = 1
2615  read(3, "m", 1)                   = 1
2615  read(3, " ", 1)                   = 1
2615  read(3, "N", 1)                   = 1
2615  read(3, "o", 1)                   = 1
2615  read(3, "t", 1)                   = 1
2615  read(3, "e", 1)                   = 1
2615  read(3, " ", 1)                   = 1
2615  read(3, "t", 1)                   = 1
2615  read(3, "h", 1)                   = 1
2615  read(3, "a", 1)                   = 1
2615  read(3, "t", 1)                   = 1
2615  read(3, ",", 1)                   = 1
2615  read(3, " ", 1)                   = 1
2615  read(3, "t", 1)                   = 1
2615  read(3, "h", 1)                   = 1
2615  read(3, "i", 1)                   = 1
2615  read(3, "s", 1)                   = 1
2615  read(3, " ", 1)                   = 1
2615  read(3, "s", 1)                   = 1
2615  read(3, "h", 1)                   = 1
2615  read(3, "e", 1)                   = 1
2615  read(3, "l", 1)                   = 1
2615  read(3, "l", 1)                   = 1
2615  read(3, " ", 1)                   = 1
2615  read(3, "i", 1)                   = 1
2615  read(3, "n", 1)                   = 1
2615  read(3, " ", 1)                   = 1
2615  read(3, "t", 1)                   = 1
2615  read(3, "h", 1)                   = 1
2615  read(3, "i", 1)                   = 1
2615  read(3, "s", 1)                   = 1
2615  read(3, " ", 1)                   = 1
2615  read(3, "t", 1)                   = 1
2615  read(3, "e", 1)                   = 1
2615  read(3, "r", 1)                   = 1
2615  read(3, "m", 1)                   = 1
2615  read(3, "i", 1)                   = 1
2615  read(3, "n", 1)                   = 1
2615  read(3, "a", 1)                   = 1
2615  read(3, "l", 1)                   = 1
2615  read(3, " ", 1)                   = 1
2615  read(3, "r", 1)                   = 1
2615  read(3, "e", 1)                   = 1
2615  read(3, "f", 1)                   = 1
2615  read(3, "e", 1)                   = 1
2615  read(3, "r", 1)                   = 1
2615  read(3, "s", 1)                   = 1
2615  read(3, " ", 1)                   = 1
2615  read(3, "t", 1)                   = 1
2615  read(3, "o", 1)                   = 1
2615  read(3, " ", 1)                   = 1
2615  read(3, "t", 1)                   = 1
2615  read(3, "h", 1)                   = 1
2615  read(3, "e", 1)                   = 1
2615  read(3, " ", 1)                   = 1
2615  read(3, "\n", 1)                  = 1
2615  write(6, "113\n", 4)              = 4
2615  write(6, "\t\ttab in or a new terminal from "..., 113) = 113
2615  read(3, "\t", 1)                  = 1
2615  read(3, "\t", 1)                  = 1
2615  read(3, "H", 1)                   = 1
2615  read(3, "o", 1)                   = 1
2615  read(3, "s", 1)                   = 1
2615  read(3, "t", 1)                   = 1
2615  read(3, " ", 1)                   = 1
2615  read(3, "s", 1)                   = 1
2615  read(3, "y", 1)                   = 1
2615  read(3, "s", 1)                   = 1
2615  read(3, "t", 1)                   = 1
2615  read(3, "e", 1)                   = 1
2615  read(3, "m", 1)                   = 1
2615  read(3, "}", 1)                   = 1
2615  read(3, ".", 1)                   = 1
2615  read(3, "\n", 1)                  = 1
2615  write(6, "16\n", 3)               = 3
2615  write(6, "\t\tHost system}.\n", 16) = 16
2615  read(3, "\n", 1)                  = 1
2615  write(6, "1\n", 2)                = 2
2615  write(6, "\n", 1)                 = 1
2615  read(3, "\t", 1)                  = 1
2615  read(3, "\\", 1)                  = 1
2615  read(3, "i", 1)                   = 1
2615  read(3, "t", 1)                   = 1
2615  read(3, "e", 1)                   = 1
2615  read(3, "m", 1)                   = 1
2615  read(3, "[", 1)                   = 1
2615  read(3, "2", 1)                   = 1
2615  read(3, ".", 1)                   = 1
2615  read(3, "]", 1)                   = 1
2615  read(3, " ", 1)                   = 1
2615  read(3, "O", 1)                   = 1
2615  read(3, "n", 1)                   = 1
2615  read(3, " ", 1)                   = 1
2615  read(3, "t", 1)                   = 1
2615  read(3, "h", 1)                   = 1
2615  read(3, "e", 1)                   = 1
2615  read(3, " ", 1)                   = 1
2615  read(3, "t", 1)                   = 1
2615  read(3, "e", 1)                   = 1
2615  read(3, "r", 1)                   = 1
2615  read(3, "m", 1)                   = 1
2615  read(3, "i", 1)                   = 1
2615  read(3, "n", 1)                   = 1
2615  read(3, "a", 1)                   = 1
2615  read(3, "l", 1)                   = 1
2615  read(3, ",", 1)                   = 1
2615  read(3, " ", 1)                   = 1
2615  read(3, "e", 1)                   = 1
2615  read(3, "x", 1)                   = 1
2615  read(3, "e", 1)                   = 1
2615  read(3, "c", 1)                   = 1
2615  read(3, "u", 1)                   = 1
2615  read(3, "t", 1)                   = 1
2615  read(3, "e", 1)                   = 1
2615  read(3, " ", 1)                   = 1
2615  read(3, "{", 1)                   = 1
2615  read(3, "\\", 1)                  = 1
2615  read(3, "t", 1)                   = 1
2615  read(3, "t", 1)                   = 1
2615  read(3, " ", 1)                   = 1
2615  read(3, "s", 1)                   = 1
2615  read(3, "s", 1)                   = 1
2615  read(3, "h", 1)                   = 1
2615  read(3, " ", 1)                   = 1
2615  read(3, "-", 1)                   = 1
2615  read(3, "p", 1)                   = 1
2615  read(3, " ", 1)                   = 1
2615  read(3, "2", 1)                   = 1
2615  read(3, "0", 1)                   = 1
2615  read(3, "2", 1)                   = 1
2615  read(3, "0", 1)                   = 1
2615  read(3, " ", 1)                   = 1
2615  read(3, "o", 1)                   = 1
2615  read(3, "s", 1)                   = 1
2615  read(3, "w", 1)                   = 1
2615  read(3, "s", 1)                   = 1
2615  read(3, "@", 1)                   = 1
2615  read(3, "l", 1)                   = 1
2615  read(3, "o", 1)                   = 1
2615  read(3, "c", 1)                   = 1
2615  read(3, "a", 1)                   = 1
2615  read(3, "l", 1)                   = 1
2615  read(3, "h", 1)                   = 1
2615  read(3, "o", 1)                   = 1
2615  read(3, "s", 1)                   = 1
2615  read(3, "t", 1)                   = 1
2615  read(3, "}", 1)                   = 1
2615  read(3, ".", 1)                   = 1
2615  read(3, " ", 1)                   = 1
2615  read(3, "I", 1)                   = 1
2615  read(3, "t", 1)                   = 1
2615  read(3, " ", 1)                   = 1
2615  read(3, "w", 1)                   = 1
2615  read(3, "i", 1)                   = 1
2615  read(3, "l", 1)                   = 1
2615  read(3, "l", 1)                   = 1
2615  read(3, " ", 1)                   = 1
2615  read(3, "p", 1)                   = 1
2615  read(3, "r", 1)                   = 1
2615  read(3, "o", 1)                   = 1
2615  read(3, "m", 1)                   = 1
2615  read(3, "p", 1)                   = 1
2615  read(3, "t", 1)                   = 1
2615  read(3, " ", 1)                   = 1
2615  read(3, "f", 1)                   = 1
2615  read(3, "o", 1)                   = 1
2615  read(3, "r", 1)                   = 1
2615  read(3, " ", 1)                   = 1
2615  read(3, "t", 1)                   = 1
2615  read(3, "h", 1)                   = 1
2615  read(3, "e", 1)                   = 1
2615  read(3, " ", 1)                   = 1
2615  read(3, "p", 1)                   = 1
2615  read(3, "a", 1)                   = 1
2615  read(3, "s", 1)                   = 1
2615  read(3, "s", 1)                   = 1
2615  read(3, "w", 1)                   = 1
2615  read(3, "o", 1)                   = 1
2615  read(3, "r", 1)                   = 1
2615  read(3, "d", 1)                   = 1
2615  read(3, ".", 1)                   = 1
2615  read(3, " ", 1)                   = 1
2615  read(3, "O", 1)                   = 1
2615  read(3, "n", 1)                   = 1
2615  read(3, "c", 1)                   = 1
2615  read(3, "e", 1)                   = 1
2615  read(3, " ", 1)                   = 1
2615  read(3, "y", 1)                   = 1
2615  read(3, "o", 1)                   = 1
2615  read(3, "u", 1)                   = 1
2615  read(3, " ", 1)                   = 1
2615  read(3, "h", 1)                   = 1
2615  read(3, "a", 1)                   = 1
2615  read(3, "v", 1)                   = 1
2615  read(3, "e", 1)                   = 1
2615  read(3, " ", 1)                   = 1
2615  read(3, "e", 1)                   = 1
2615  read(3, "n", 1)                   = 1
2615  read(3, "t", 1)                   = 1
2615  read(3, "e", 1)                   = 1
2615  read(3, "r", 1)                   = 1
2615  read(3, "e", 1)                   = 1
2615  read(3, "d", 1)                   = 1
2615  read(3, "\n", 1)                  = 1
2615  write(6, "125\n", 4)              = 4
2615  write(6, "\t\\item[2.] On the terminal, exec"..., 125) = 125
2615  read(3, "\t", 1)                  = 1
2615  read(3, "\t", 1)                  = 1
2615  read(3, " ", 1)                   = 1
2615  read(3, " ", 1)                   = 1
2615  read(3, "t", 1)                   = 1
2615  read(3, "h", 1)                   = 1
2615  read(3, "e", 1)                   = 1
2615  read(3, " ", 1)                   = 1
2615  read(3, "p", 1)                   = 1
2615  read(3, "a", 1)                   = 1
2615  read(3, "s", 1)                   = 1
2615  read(3, "s", 1)                   = 1
2615  read(3, "w", 1)                   = 1
2615  read(3, "o", 1)                   = 1
2615  read(3, "r", 1)                   = 1
2615  read(3, "d", 1)                   = 1
2615  read(3, ",", 1)                   = 1
2615  read(3, " ", 1)                   = 1
2615  read(3, "y", 1)                   = 1
2615  read(3, "o", 1)                   = 1
2615  read(3, "u", 1)                   = 1
2615  read(3, " ", 1)                   = 1
2615  read(3, "w", 1)                   = 1
2615  read(3, "i", 1)                   = 1
2615  read(3, "l", 1)                   = 1
2615  read(3, "l", 1)                   = 1
2615  read(3, " ", 1)                   = 1
2615  read(3, "g", 1)                   = 1
2615  read(3, "e", 1)                   = 1
2615  read(3, "t", 1)                   = 1
2615  read(3, " ", 1)                   = 1
2615  read(3, "t", 1)                   = 1
2615  read(3, "h", 1)                   = 1
2615  read(3, "e", 1)                   = 1
2615  read(3, " ", 1)                   = 1
2615  read(3, "s", 1)                   = 1
2615  read(3, "h", 1)                   = 1
2615  read(3, "e", 1)                   = 1
2615  read(3, "l", 1)                   = 1
2615  read(3, "l", 1)                   = 1
2615  read(3, " ", 1)                   = 1
2615  read(3, "t", 1)                   = 1
2615  read(3, "o", 1)                   = 1
2615  read(3, " ", 1)                   = 1
2615  read(3, "t", 1)                   = 1
2615  read(3, "h", 1)                   = 1
2615  read(3, "e", 1)                   = 1
2615  read(3, " ", 1)                   = 1
2615  read(3, "L", 1)                   = 1
2615  read(3, "a", 1)                   = 1
2615  read(3, "b", 1)                   = 1
2615  read(3, "e", 1)                   = 1
2615  read(3, "x", 1)                   = 1
2615  read(3, " ", 1)                   = 1
2615  read(3, "s", 1)                   = 1
2615  read(3, "y", 1)                   = 1
2615  read(3, "s", 1)                   = 1
2615  read(3, "t", 1)                   = 1
2615  read(3, "e", 1)                   = 1
2615  read(3, "m", 1)                   = 1
2615  read(3, ".", 1)                   = 1
2615  read(3, "\n", 1)                  = 1
2615  write(6, "62\n", 3)               = 3
2615  write(6, "\t\t  the password, you will get t"..., 62) = 62
2615  read(3, "\t", 1)                  = 1
2615  read(3, "\n", 1)                  = 1
2615  write(6, "2\n", 2)                = 2
2615  write(6, "\t\n", 2)               = 2
2615  read(3, "\t", 1)                  = 1
2615  read(3, "\\", 1)                  = 1
2615  read(3, "i", 1)                   = 1
2615  read(3, "t", 1)                   = 1
2615  read(3, "e", 1)                   = 1
2615  read(3, "m", 1)                   = 1
2615  read(3, "[", 1)                   = 1
2615  read(3, "3", 1)                   = 1
2615  read(3, ".", 1)                   = 1
2615  read(3, "]", 1)                   = 1
2615  read(3, " ", 1)                   = 1
2615  read(3, "C", 1)                   = 1
2615  read(3, "h", 1)                   = 1
2615  read(3, "e", 1)                   = 1
2615  read(3, "c", 1)                   = 1
2615  read(3, "k", 1)                   = 1
2615  read(3, " ", 1)                   = 1
2615  read(3, "t", 1)                   = 1
2615  read(3, "h", 1)                   = 1
2615  read(3, "e", 1)                   = 1
2615  read(3, " ", 1)                   = 1
2615  read(3, "t", 1)                   = 1
2615  read(3, "e", 1)                   = 1
2615  read(3, "r", 1)                   = 1
2615  read(3, "m", 1)                   = 1
2615  read(3, "i", 1)                   = 1
2615  read(3, "n", 1)                   = 1
2615  read(3, "a", 1)                   = 1
2615  read(3, "l", 1)                   = 1
2615  read(3, " ", 1)                   = 1
2615  read(3, "h", 1)                   = 1
2615  read(3, "e", 1)                   = 1
2615  read(3, "a", 1)                   = 1
2615  read(3, "d", 1)                   = 1
2615  read(3, "i", 1)                   = 1
2615  read(3, "n", 1)                   = 1
2615  read(3, "g", 1)                   = 1
2615  read(3, " ", 1)                   = 1
2615  read(3, "o", 1)                   = 1
2615  read(3, "r", 1)                   = 1
2615  read(3, " ", 1)                   = 1
2615  read(3, "t", 1)                   = 1
2615  read(3, "h", 1)                   = 1
2615  read(3, "e", 1)                   = 1
2615  read(3, " ", 1)                   = 1
2615  read(3, "s", 1)                   = 1
2615  read(3, "h", 1)                   = 1
2615  read(3, "e", 1)                   = 1
2615  read(3, "l", 1)                   = 1
2615  read(3, "l", 1)                   = 1
2615  read(3, " ", 1)                   = 1
2615  read(3, "p", 1)                   = 1
2615  read(3, "r", 1)                   = 1
2615  read(3, "o", 1)                   = 1
2615  read(3, "m", 1)                   = 1
2615  read(3, "p", 1)                   = 1
2615  read(3, "t", 1)                   = 1
2615  read(3, ".", 1)                   = 1
2615  read(3, " ", 1)                   = 1
2615  read(3, "I", 1)                   = 1
2615  read(3, "f", 1)                   = 1
2615  read(3, " ", 1)                   = 1
2615  read(3, "y", 1)                   = 1
2615  read(3, "o", 1)                   = 1
2615  read(3, "u", 1)                   = 1
2615  read(3, " ", 1)                   = 1
2615  read(3, "s", 1)                   = 1
2615  read(3, "e", 1)                   = 1
2615  read(3, "e", 1)                   = 1
2615  read(3, " ", 1)                   = 1
2615  read(3, "{", 1)                   = 1
2615  read(3, "\\", 1)                  = 1
2615  read(3, "t", 1)                   = 1
2615  read(3, "t", 1)                   = 1
2615  read(3, " ", 1)                   = 1
2615  read(3, "o", 1)                   = 1
2615  read(3, "s", 1)                   = 1
2615  read(3, "w", 1)                   = 1
2615  read(3, "s", 1)                   = 1
2615  read(3, "@", 1)                   = 1
2615  read(3, "}", 1)                   = 1
2615  read(3, ",", 1)                   = 1
2615  read(3, " ", 1)                   = 1
2615  read(3, "y", 1)                   = 1
2615  read(3, "o", 1)                   = 1
2615  read(3, "u", 1)                   = 1
2615  read(3, " ", 1)                   = 1
2615  read(3, "a", 1)                   = 1
2615  read(3, "r", 1)                   = 1
2615  read(3, "e", 1)                   = 1
2615  read(3, " ", 1)                   = 1
2615  read(3, "i", 1)                   = 1
2615  read(3, "n", 1)                   = 1
2615  read(3, " ", 1)                   = 1
2615  read(3, "t", 1)                   = 1
2615  read(3, "h", 1)                   = 1
2615  read(3, "e", 1)                   = 1
2615  read(3, " ", 1)                   = 1
2615  read(3, "L", 1)                   = 1
2615  read(3, "a", 1)                   = 1
2615  read(3, "b", 1)                   = 1
2615  read(3, "e", 1)                   = 1
2615  read(3, "x", 1)                   = 1
2615  read(3, " ", 1)                   = 1
2615  read(3, "s", 1)                   = 1
2615  read(3, "y", 1)                   = 1
2615  read(3, "s", 1)                   = 1
2615  read(3, "t", 1)                   = 1
2615  read(3, "e", 1)                   = 1
2615  read(3, "m", 1)                   = 1
2615  read(3, " ", 1)                   = 1
2615  read(3, "w", 1)                   = 1
2615  read(3, "h", 1)                   = 1
2615  read(3, "e", 1)                   = 1
2615  read(3, "r", 1)                   = 1
2615  read(3, "e", 1)                   = 1
2615  read(3, "a", 1)                   = 1
2615  read(3, "s", 1)                   = 1
2615  read(3, " ", 1)                   = 1
2615  read(3, "i", 1)                   = 1
2615  read(3, "f", 1)                   = 1
2615  read(3, " ", 1)                   = 1
2615  read(3, "y", 1)                   = 1
2615  read(3, "o", 1)                   = 1
2615  read(3, "u", 1)                   = 1
2615  read(3, "\n", 1)                  = 1
2615  write(6, "126\n", 4)              = 4
2615  write(6, "\t\\item[3.] Check the terminal he"..., 126) = 126
2615  read(3, "\t", 1)                  = 1
2615  read(3, "\t", 1)                  = 1
2615  read(3, "s", 1)                   = 1
2615  read(3, "e", 1)                   = 1
2615  read(3, "e", 1)                   = 1
2615  read(3, " ", 1)                   = 1
2615  read(3, "{", 1)                   = 1
2615  read(3, "\\", 1)                  = 1
2615  read(3, "t", 1)                   = 1
2615  read(3, "t", 1)                   = 1
2615  read(3, " ", 1)                   = 1
2615  read(3, "c", 1)                   = 1
2615  read(3, "s", 1)                   = 1
2615  read(3, "3", 1)                   = 1
2615  read(3, "3", 1)                   = 1
2615  read(3, "0", 1)                   = 1
2615  read(3, "a", 1)                   = 1
2615  read(3, "@", 1)                   = 1
2615  read(3, "}", 1)                   = 1
2615  read(3, ",", 1)                   = 1
2615  read(3, " ", 1)                   = 1
2615  read(3, "y", 1)                   = 1
2615  read(3, "o", 1)                   = 1
2615  read(3, "u", 1)                   = 1
2615  read(3, " ", 1)                   = 1
2615  read(3, "a", 1)                   = 1
2615  read(3, "r", 1)                   = 1
2615  read(3, "e", 1)                   = 1
2615  read(3, " ", 1)                   = 1
2615  read(3, "i", 1)                   = 1
2615  read(3, "n", 1)                   = 1
2615  read(3, " ", 1)                   = 1
2615  read(3, "t", 1)                   = 1
2615  read(3, "h", 1)                   = 1
2615  read(3, "e", 1)                   = 1
2615  read(3, " ", 1)                   = 1
2615  read(3, "h", 1)                   = 1
2615  read(3, "o", 1)                   = 1
2615  read(3, "s", 1)                   = 1
2615  read(3, "t", 1)                   = 1
2615  read(3, " ", 1)                   = 1
2615  read(3, "s", 1)                   = 1
2615  read(3, "y", 1)                   = 1
2615  read(3, "s", 1)                   = 1
2615  read(3, "t", 1)                   = 1
2615  read(3, "e", 1)                   = 1
2615  read(3, "m", 1)                   = 1
2615  read(3, ".", 1)                   = 1
2615  read(3, "\n", 1)                  = 1
2615  write(6, "49\n", 3)               = 3
2615  write(6, "\t\tsee {\\tt cs330a@}, you are in "..., 49) = 49
2615  read(3, "\\", 1)                  = 1
2615  read(3, "e", 1)                   = 1
2615  read(3, "n", 1)                   = 1
2615  read(3, "d", 1)                   = 1
2615  read(3, "{", 1)                   = 1
2615  read(3, "i", 1)                   = 1
2615  read(3, "t", 1)                   = 1
2615  read(3, "e", 1)                   = 1
2615  read(3, "m", 1)                   = 1
2615  read(3, "i", 1)                   = 1
2615  read(3, "z", 1)                   = 1
2615  read(3, "e", 1)                   = 1
2615  read(3, "}", 1)                   = 1
2615  read(3, "\n", 1)                  = 1
2615  write(6, "14\n", 3)               = 3
2615  write(6, "\\end{itemize}\n", 14)  = 14
2615  read(3, "\n", 1)                  = 1
2615  write(6, "1\n", 2)                = 2
2615  write(6, "\n", 1)                 = 1
2615  read(3, "\\", 1)                  = 1
2615  read(3, "v", 1)                   = 1
2615  read(3, "s", 1)                   = 1
2615  read(3, "p", 1)                   = 1
2615  read(3, "a", 1)                   = 1
2615  read(3, "c", 1)                   = 1
2615  read(3, "e", 1)                   = 1
2615  read(3, "{", 1)                   = 1
2615  read(3, "0", 1)                   = 1
2615  read(3, ".", 1)                   = 1
2615  read(3, "2", 1)                   = 1
2615  read(3, "5", 1)                   = 1
2615  read(3, "c", 1)                   = 1
2615  read(3, "m", 1)                   = 1
2615  read(3, "}", 1)                   = 1
2615  read(3, "\n", 1)                  = 1
2615  write(6, "16\n", 3)               = 3
2615  write(6, "\\vspace{0.25cm}\n", 16) = 16
2615  read(3, "\\", 1)                  = 1
2615  read(3, "n", 1)                   = 1
2615  read(3, "o", 1)                   = 1
2615  read(3, "i", 1)                   = 1
2615  read(3, "n", 1)                   = 1
2615  read(3, "d", 1)                   = 1
2615  read(3, "e", 1)                   = 1
2615  read(3, "n", 1)                   = 1
2615  read(3, "t", 1)                   = 1
2615  read(3, "\n", 1)                  = 1
2615  write(6, "10\n", 3)               = 3
2615  write(6, "\\noindent\n", 10)      = 10
2615  read(3, "{", 1)                   = 1
2615  read(3, "\\", 1)                  = 1
2615  read(3, "b", 1)                   = 1
2615  read(3, "f", 1)                   = 1
2615  read(3, " ", 1)                   = 1
2615  read(3, "E", 1)                   = 1
2615  read(3, "x", 1)                   = 1
2615  read(3, "c", 1)                   = 1
2615  read(3, "h", 1)                   = 1
2615  read(3, "a", 1)                   = 1
2615  read(3, "n", 1)                   = 1
2615  read(3, "g", 1)                   = 1
2615  read(3, "e", 1)                   = 1
2615  read(3, " ", 1)                   = 1
2615  read(3, "f", 1)                   = 1
2615  read(3, "i", 1)                   = 1
2615  read(3, "l", 1)                   = 1
2615  read(3, "e", 1)                   = 1
2615  read(3, "s", 1)                   = 1
2615  read(3, " ", 1)                   = 1
2615  read(3, "b", 1)                   = 1
2615  read(3, "e", 1)                   = 1
2615  read(3, "t", 1)                   = 1
2615  read(3, "w", 1)                   = 1
2615  read(3, "e", 1)                   = 1
2615  read(3, "e", 1)                   = 1
2615  read(3, "n", 1)                   = 1
2615  read(3, " ", 1)                   = 1
2615  read(3, "t", 1)                   = 1
2615  read(3, "h", 1)                   = 1
2615  read(3, "e", 1)                   = 1
2615  read(3, " ", 1)                   = 1
2615  read(3, "H", 1)                   = 1
2615  read(3, "o", 1)                   = 1
2615  read(3, "s", 1)                   = 1
2615  read(3, "t", 1)                   = 1
2615  read(3, " ", 1)                   = 1
2615  read(3, "a", 1)                   = 1
2615  read(3, "n", 1)                   = 1
2615  read(3, "d", 1)                   = 1
2615  read(3, " ", 1)                   = 1
2615  read(3, "L", 1)                   = 1
2615  read(3, "a", 1)                   = 1
2615  read(3, "b", 1)                   = 1
2615  read(3, "e", 1)                   = 1
2615  read(3, "x", 1)                   = 1
2615  read(3, " ", 1)                   = 1
2615  read(3, "s", 1)                   = 1
2615  read(3, "y", 1)                   = 1
2615  read(3, "s", 1)                   = 1
2615  read(3, "t", 1)                   = 1
2615  read(3, "e", 1)                   = 1
2615  read(3, "m", 1)                   = 1
2615  read(3, "s", 1)                   = 1
2615  read(3, "}", 1)                   = 1
2615  read(3, "\n", 1)                  = 1
2615  write(6, "56\n", 3)               = 3
2615  write(6, "{\\bf Exchange files between the "..., 56) = 56
2615  read(3, "\n", 1)                  = 1
2615  write(6, "1\n", 2)                = 2
2615  write(6, "\n", 1)                 = 1
2615  read(3, "\\", 1)                  = 1
2615  read(3, "b", 1)                   = 1
2615  read(3, "e", 1)                   = 1
2615  read(3, "g", 1)                   = 1
2615  read(3, "i", 1)                   = 1
2615  read(3, "n", 1)                   = 1
2615  read(3, "{", 1)                   = 1
2615  read(3, "i", 1)                   = 1
2615  read(3, "t", 1)                   = 1
2615  read(3, "e", 1)                   = 1
2615  read(3, "m", 1)                   = 1
2615  read(3, "i", 1)                   = 1
2615  read(3, "z", 1)                   = 1
2615  read(3, "e", 1)                   = 1
2615  read(3, "}", 1)                   = 1
2615  read(3, "\n", 1)                  = 1
2615  write(6, "16\n", 3)               = 3
2615  write(6, "\\begin{itemize}\n", 16) = 16
2615  read(3, "\t", 1)                  = 1
2615  read(3, "\\", 1)                  = 1
2615  read(3, "i", 1)                   = 1
2615  read(3, "t", 1)                   = 1
2615  read(3, "e", 1)                   = 1
2615  read(3, "m", 1)                   = 1
2615  read(3, "[", 1)                   = 1
2615  read(3, "1", 1)                   = 1
2615  read(3, ".", 1)                   = 1
2615  read(3, "]", 1)                   = 1
2615  read(3, " ", 1)                   = 1
2615  read(3, "O", 1)                   = 1
2615  read(3, "p", 1)                   = 1
2615  read(3, "e", 1)                   = 1
2615  read(3, "n", 1)                   = 1
2615  read(3, " ", 1)                   = 1
2615  read(3, "t", 1)                   = 1
2615  read(3, "h", 1)                   = 1
2615  read(3, "e", 1)                   = 1
2615  read(3, " ", 1)                   = 1
2615  read(3, "t", 1)                   = 1
2615  read(3, "e", 1)                   = 1
2615  read(3, "r", 1)                   = 1
2615  read(3, "m", 1)                   = 1
2615  read(3, "i", 1)                   = 1
2615  read(3, "n", 1)                   = 1
2615  read(3, "a", 1)                   = 1
2615  read(3, "l", 1)                   = 1
2615  read(3, " ", 1)                   = 1
2615  read(3, "a", 1)                   = 1
2615  read(3, "p", 1)                   = 1
2615  read(3, "p", 1)                   = 1
2615  read(3, "l", 1)                   = 1
2615  read(3, "i", 1)                   = 1
2615  read(3, "c", 1)                   = 1
2615  read(3, "a", 1)                   = 1
2615  read(3, "t", 1)                   = 1
2615  read(3, "i", 1)                   = 1
2615  read(3, "o", 1)                   = 1
2615  read(3, "n", 1)                   = 1
2615  read(3, " ", 1)                   = 1
2615  read(3, "o", 1)                   = 1
2615  read(3, "n", 1)                   = 1
2615  read(3, " ", 1)                   = 1
2615  read(3, "t", 1)                   = 1
2615  read(3, "h", 1)                   = 1
2615  read(3, "e", 1)                   = 1
2615  read(3, " ", 1)                   = 1
2615  read(3, "H", 1)                   = 1
2615  read(3, "o", 1)                   = 1
2615  read(3, "s", 1)                   = 1
2615  read(3, "t", 1)                   = 1
2615  read(3, " ", 1)                   = 1
2615  read(3, "s", 1)                   = 1
2615  read(3, "y", 1)                   = 1
2615  read(3, "s", 1)                   = 1
2615  read(3, "t", 1)                   = 1
2615  read(3, "e", 1)                   = 1
2615  read(3, "m", 1)                   = 1
2615  read(3, ".", 1)                   = 1
2615  read(3, " ", 1)                   = 1
2615  read(3, "C", 1)                   = 1
2615  read(3, "h", 1)                   = 1
2615  read(3, "a", 1)                   = 1
2615  read(3, "n", 1)                   = 1
2615  read(3, "g", 1)                   = 1
2615  read(3, "e", 1)                   = 1
2615  read(3, " ", 1)                   = 1
2615  read(3, "y", 1)                   = 1
2615  read(3, "o", 1)                   = 1
2615  read(3, "u", 1)                   = 1
2615  read(3, "r", 1)                   = 1
2615  read(3, " ", 1)                   = 1
2615  read(3, "d", 1)                   = 1
2615  read(3, "i", 1)                   = 1
2615  read(3, "r", 1)                   = 1
2615  read(3, "e", 1)                   = 1
2615  read(3, "c", 1)                   = 1
2615  read(3, "t", 1)                   = 1
2615  read(3, "o", 1)                   = 1
2615  read(3, "r", 1)                   = 1
2615  read(3, "y", 1)                   = 1
2615  read(3, " ", 1)                   = 1
2615  read(3, "t", 1)                   = 1
2615  read(3, "o", 1)                   = 1
2615  read(3, " ", 1)                   = 1
2615  read(3, "`", 1)                   = 1
2615  read(3, "`", 1)                   = 1
2615  read(3, "D", 1)                   = 1
2615  read(3, "e", 1)                   = 1
2615  read(3, "s", 1)                   = 1
2615  read(3, "k", 1)                   = 1
2615  read(3, "t", 1)                   = 1
2615  read(3, "o", 1)                   = 1
2615  read(3, "p", 1)                   = 1
2615  read(3, "\"", 1)                  = 1
2615  read(3, " ", 1)                   = 1
2615  read(3, "(", 1)                   = 1
2615  read(3, "u", 1)                   = 1
2615  read(3, "s", 1)                   = 1
2615  read(3, "i", 1)                   = 1
2615  read(3, "n", 1)                   = 1
2615  read(3, "g", 1)                   = 1
2615  read(3, " ", 1)                   = 1
2615  read(3, "{", 1)                   = 1
2615  read(3, "\\", 1)                  = 1
2615  read(3, "t", 1)                   = 1
2615  read(3, "t", 1)                   = 1
2615  read(3, " ", 1)                   = 1
2615  read(3, "c", 1)                   = 1
2615  read(3, "d", 1)                   = 1
2615  read(3, " ", 1)                   = 1
2615  read(3, "D", 1)                   = 1
2615  read(3, "e", 1)                   = 1
2615  read(3, "s", 1)                   = 1
2615  read(3, "k", 1)                   = 1
2615  read(3, "t", 1)                   = 1
2615  read(3, "o", 1)                   = 1
2615  read(3, "p", 1)                   = 1
2615  read(3, "}", 1)                   = 1
2615  read(3, " ", 1)                   = 1
2615  read(3, "\n", 1)                  = 1
2615  write(6, "122\n", 4)              = 4
2615  write(6, "\t\\item[1.] Open the terminal app"..., 122) = 122
2615  read(3, "\t", 1)                  = 1
2615  read(3, "\t", 1)                  = 1
2615  read(3, " ", 1)                   = 1
2615  read(3, " ", 1)                   = 1
2615  read(3, "i", 1)                   = 1
2615  read(3, "f", 1)                   = 1
2615  read(3, " ", 1)                   = 1
2615  read(3, "y", 1)                   = 1
2615  read(3, "o", 1)                   = 1
2615  read(3, "u", 1)                   = 1
2615  read(3, " ", 1)                   = 1
2615  read(3, "w", 1)                   = 1
2615  read(3, "a", 1)                   = 1
2615  read(3, "n", 1)                   = 1
2615  read(3, "t", 1)                   = 1
2615  read(3, " ", 1)                   = 1
2615  read(3, "t", 1)                   = 1
2615  read(3, "o", 1)                   = 1
2615  read(3, " ", 1)                   = 1
2615  read(3, "d", 1)                   = 1
2615  read(3, "o", 1)                   = 1
2615  read(3, "w", 1)                   = 1
2615  read(3, "n", 1)                   = 1
2615  read(3, "l", 1)                   = 1
2615  read(3, "o", 1)                   = 1
2615  read(3, "a", 1)                   = 1
2615  read(3, "d", 1)                   = 1
2615  read(3, "/", 1)                   = 1
2615  read(3, "t", 1)                   = 1
2615  read(3, "r", 1)                   = 1
2615  read(3, "a", 1)                   = 1
2615  read(3, "n", 1)                   = 1
2615  read(3, "s", 1)                   = 1
2615  read(3, "f", 1)                   = 1
2615  read(3, "e", 1)                   = 1
2615  read(3, "r", 1)                   = 1
2615  read(3, " ", 1)                   = 1
2615  read(3, "f", 1)                   = 1
2615  read(3, "i", 1)                   = 1
2615  read(3, "l", 1)                   = 1
2615  read(3, "e", 1)                   = 1
2615  read(3, "s", 1)                   = 1
2615  read(3, " ", 1)                   = 1
2615  read(3, "s", 1)                   = 1
2615  read(3, "t", 1)                   = 1
2615  read(3, "o", 1)                   = 1
2615  read(3, "r", 1)                   = 1
2615  read(3, "e", 1)                   = 1
2615  read(3, "d", 1)                   = 1
2615  read(3, " ", 1)                   = 1
2615  read(3, "i", 1)                   = 1
2615  read(3, "n", 1)                   = 1
2615  read(3, " ", 1)                   = 1
2615  read(3, "t", 1)                   = 1
2615  read(3, "h", 1)                   = 1
2615  read(3, "e", 1)                   = 1
2615  read(3, " ", 1)                   = 1
2615  read(3, "h", 1)                   = 1
2615  read(3, "o", 1)                   = 1
2615  read(3, "s", 1)                   = 1
2615  read(3, "t", 1)                   = 1
2615  read(3, " ", 1)                   = 1
2615  read(3, "s", 1)                   = 1
2615  read(3, "y", 1)                   = 1
2615  read(3, "s", 1)                   = 1
2615  read(3, "t", 1)                   = 1
2615  read(3, "e", 1)                   = 1
2615  read(3, "m", 1)                   = 1
2615  read(3, " ", 1)                   = 1
2615  read(3, "D", 1)                   = 1
2615  read(3, "e", 1)                   = 1
2615  read(3, "s", 1)                   = 1
2615  read(3, "k", 1)                   = 1
2615  read(3, "t", 1)                   = 1
2615  read(3, "o", 1)                   = 1
2615  read(3, "p", 1)                   = 1
2615  read(3, ".", 1)                   = 1
2615  read(3, "\n", 1)                  = 1
2615  write(6, "78\n", 3)               = 3
2615  write(6, "\t\t  if you want to download/tran"..., 78) = 78
2615  read(3, "\n", 1)                  = 1
2615  write(6, "1\n", 2)                = 2
2615  write(6, "\n", 1)                 = 1
2615  read(3, "\t", 1)                  = 1
2615  read(3, " ", 1)                   = 1
2615  read(3, " ", 1)                   = 1
2615  read(3, "\\", 1)                  = 1
2615  read(3, "i", 1)                   = 1
2615  read(3, "t", 1)                   = 1
2615  read(3, "e", 1)                   = 1
2615  read(3, "m", 1)                   = 1
2615  read(3, "[", 1)                   = 1
2615  read(3, "2", 1)                   = 1
2615  read(3, ".", 1)                   = 1
2615  read(3, "]", 1)                   = 1
2615  read(3, " ", 1)                   = 1
2615  read(3, "T", 1)                   = 1
2615  read(3, "o", 1)                   = 1
2615  read(3, " ", 1)                   = 1
2615  read(3, "d", 1)                   = 1
2615  read(3, "o", 1)                   = 1
2615  read(3, "w", 1)                   = 1
2615  read(3, "n", 1)                   = 1
2615  read(3, "l", 1)                   = 1
2615  read(3, "o", 1)                   = 1
2615  read(3, "a", 1)                   = 1
2615  read(3, "d", 1)                   = 1
2615  read(3, " ", 1)                   = 1
2615  read(3, "{", 1)                   = 1
2615  read(3, "\\", 1)                  = 1
2615  read(3, "t", 1)                   = 1
2615  read(3, "t", 1)                   = 1
2615  read(3, " ", 1)                   = 1
2615  read(3, "C", 1)                   = 1
2615  read(3, "S", 1)                   = 1
2615  read(3, "3", 1)                   = 1
2615  read(3, "3", 1)                   = 1
2615  read(3, "0", 1)                   = 1
2615  read(3, "-", 1)                   = 1
2615  read(3, "2", 1)                   = 1
2615  read(3, "0", 1)                   = 1
2615  read(3, "2", 1)                   = 1
2615  read(3, "5", 1)                   = 1
2615  read(3, "-", 1)                   = 1
2615  read(3, "L", 1)                   = 1
2615  read(3, "a", 1)                   = 1
2615  read(3, "b", 1)                   = 1
2615  read(3, "1", 1)                   = 1
2615  read(3, ".", 1)                   = 1
2615  read(3, "p", 1)                   = 1
2615  read(3, "d", 1)                   = 1
2615  read(3, "f", 1)                   = 1
2615  read(3, "}", 1)                   = 1
2615  read(3, " ", 1)                   = 1
2615  read(3, "f", 1)                   = 1
2615  read(3, "r", 1)                   = 1
2615  read(3, "o", 1)                   = 1
2615  read(3, "m", 1)                   = 1
2615  read(3, " ", 1)                   = 1
2615  read(3, "L", 1)                   = 1
2615  read(3, "a", 1)                   = 1
2615  read(3, "b", 1)                   = 1
2615  read(3, "e", 1)                   = 1
2615  read(3, "x", 1)                   = 1
2615  read(3, " ", 1)                   = 1
2615  read(3, "t", 1)                   = 1
2615  read(3, "o", 1)                   = 1
2615  read(3, " ", 1)                   = 1
2615  read(3, "t", 1)                   = 1
2615  read(3, "h", 1)                   = 1
2615  read(3, "e", 1)                   = 1
2615  read(3, " ", 1)                   = 1
2615  read(3, "c", 1)                   = 1
2615  read(3, "u", 1)                   = 1
2615  read(3, "r", 1)                   = 1
2615  read(3, "r", 1)                   = 1
2615  read(3, "e", 1)                   = 1
2615  read(3, "n", 1)                   = 1
2615  read(3, "t", 1)                   = 1
2615  read(3, " ", 1)                   = 1
2615  read(3, "d", 1)                   = 1
2615  read(3, "i", 1)                   = 1
2615  read(3, "r", 1)                   = 1
2615  read(3, "e", 1)                   = 1
2615  read(3, "c", 1)                   = 1
2615  read(3, "t", 1)                   = 1
2615  read(3, "o", 1)                   = 1
2615  read(3, "r", 1)                   = 1
2615  read(3, "y", 1)                   = 1
2615  read(3, " ", 1)                   = 1
2615  read(3, "o", 1)                   = 1
2615  read(3, "n", 1)                   = 1
2615  read(3, " ", 1)                   = 1
2615  read(3, "t", 1)                   = 1
2615  read(3, "h", 1)                   = 1
2615  read(3, "e", 1)                   = 1
2615  read(3, " ", 1)                   = 1
2615  read(3, "h", 1)                   = 1
2615  read(3, "o", 1)                   = 1
2615  read(3, "s", 1)                   = 1
2615  read(3, "t", 1)                   = 1
2615  read(3, ",", 1)                   = 1
2615  read(3, " ", 1)                   = 1
2615  read(3, "\n", 1)                  = 1
2615  write(6, "101\n", 4)              = 4
2615  write(6, "\t  \\item[2.] To download {\\tt CS"..., 101) = 101
2615  read(3, "\t", 1)                  = 1
2615  read(3, "\t", 1)                  = 1
2615  read(3, " ", 1)                   = 1
2615  read(3, " ", 1)                   = 1
2615  read(3, "r", 1)                   = 1
2615  read(3, "u", 1)                   = 1
2615  read(3, "n", 1)                   = 1
2615  read(3, " ", 1)                   = 1
2615  read(3, "{", 1)                   = 1
2615  read(3, "\\", 1)                  = 1
2615  read(3, "t", 1)                   = 1
2615  read(3, "t", 1)                   = 1
2615  read(3, " ", 1)                   = 1
2615  read(3, "s", 1)                   = 1
2615  read(3, "c", 1)                   = 1
2615  read(3, "p", 1)                   = 1
2615  read(3, " ", 1)                   = 1
2615  read(3, "-", 1)                   = 1
2615  read(3, "P", 1)                   = 1
2615  read(3, " ", 1)                   = 1
2615  read(3, "2", 1)                   = 1
2615  read(3, "0", 1)                   = 1
2615  read(3, "2", 1)                   = 1
2615  read(3, "0", 1)                   = 1
2615  read(3, " ", 1)                   = 1
2615  read(3, "-", 1)                   = 1
2615  read(3, "r", 1)                   = 1
2615  read(3, " ", 1)                   = 1
2615  read(3, "o", 1)                   = 1
2615  read(3, "s", 1)                   = 1
2615  read(3, "w", 1)                   = 1
2615  read(3, "s", 1)                   = 1
2615  read(3, "@", 1)                   = 1
2615  read(3, "l", 1)                   = 1
2615  read(3, "o", 1)                   = 1
2615  read(3, "c", 1)                   = 1
2615  read(3, "a", 1)                   = 1
2615  read(3, "l", 1)                   = 1
2615  read(3, "h", 1)                   = 1
2615  read(3, "o", 1)                   = 1
2615  read(3, "s", 1)                   = 1
2615  read(3, "t", 1)                   = 1
2615  read(3, ":", 1)                   = 1
2615  read(3, "l", 1)                   = 1
2615  read(3, "a", 1)                   = 1
2615  read(3, "b", 1)                   = 1
2615  read(3, "-", 1)                   = 1
2615  read(3, "1", 1)                   = 1
2615  read(3, "/", 1)                   = 1
2615  read(3, "C", 1)                   = 1
2615  read(3, "S", 1)                   = 1
2615  read(3, "3", 1)                   = 1
2615  read(3, "3", 1)                   = 1
2615  read(3, "0", 1)                   = 1
2615  read(3, "-", 1)                   = 1
2615  read(3, "2", 1)                   = 1
2615  read(3, "0", 1)                   = 1
2615  read(3, "2", 1)                   = 1
2615  read(3, "5", 1)                   = 1
2615  read(3, "-", 1)                   = 1
2615  read(3, "L", 1)                   = 1
2615  read(3, "a", 1)                   = 1
2615  read(3, "b", 1)                   = 1
2615  read(3, "1", 1)                   = 1
2615  read(3, ".", 1)                   = 1
2615  read(3, "p", 1)                   = 1
2615  read(3, "d", 1)                   = 1
2615  read(3, "f", 1)                   = 1
2615  read(3, " ", 1)                   = 1
2615  read(3, ".", 1)                   = 1
2615  read(3, "/", 1)                   = 1
2615  read(3, "}", 1)                   = 1
2615  read(3, ".", 1)                   = 1
2615  read(3, " ", 1)                   = 1
2615  read(3, "\n", 1)                  = 1
2615  write(6, "75\n", 3)               = 3
2615  write(6, "\t\t  run {\\tt scp -P 2020 -r osws"..., 75) = 75
2615  read(3, "\t", 1)                  = 1
2615  read(3, "\t", 1)                  = 1
2615  read(3, " ", 1)                   = 1
2615  read(3, " ", 1)                   = 1
2615  read(3, "I", 1)                   = 1
2615  read(3, "t", 1)                   = 1
2615  read(3, " ", 1)                   = 1
2615  read(3, "w", 1)                   = 1
2615  read(3, "i", 1)                   = 1
2615  read(3, "l", 1)                   = 1
2615  read(3, "l", 1)                   = 1
2615  read(3, " ", 1)                   = 1
2615  read(3, "p", 1)                   = 1
2615  read(3, "r", 1)                   = 1
2615  read(3, "o", 1)                   = 1
2615  read(3, "m", 1)                   = 1
2615  read(3, "p", 1)                   = 1
2615  read(3, "t", 1)                   = 1
2615  read(3, " ", 1)                   = 1
2615  read(3, "f", 1)                   = 1
2615  read(3, "o", 1)                   = 1
2615  read(3, "r", 1)                   = 1
2615  read(3, " ", 1)                   = 1
2615  read(3, "t", 1)                   = 1
2615  read(3, "h", 1)                   = 1
2615  read(3, "e", 1)                   = 1
2615  read(3, " ", 1)                   = 1
2615  read(3, "p", 1)                   = 1
2615  read(3, "a", 1)                   = 1
2615  read(3, "s", 1)                   = 1
2615  read(3, "s", 1)                   = 1
2615  read(3, "w", 1)                   = 1
2615  read(3, "o", 1)                   = 1
2615  read(3, "r", 1)                   = 1
2615  read(3, "d", 1)                   = 1
2615  read(3, ".", 1)                   = 1
2615  read(3, " ", 1)                   = 1
2615  read(3, "O", 1)                   = 1
2615  read(3, "n", 1)                   = 1
2615  read(3, "c", 1)                   = 1
2615  read(3, "e", 1)                   = 1
2615  read(3, " ", 1)                   = 1
2615  read(3, "y", 1)                   = 1
2615  read(3, "o", 1)                   = 1
2615  read(3, "u", 1)                   = 1
2615  read(3, " ", 1)                   = 1
2615  read(3, "h", 1)                   = 1
2615  read(3, "a", 1)                   = 1
2615  read(3, "v", 1)                   = 1
2615  read(3, "e", 1)                   = 1
2615  read(3, " ", 1)                   = 1
2615  read(3, "e", 1)                   = 1
2615  read(3, "n", 1)                   = 1
2615  read(3, "t", 1)                   = 1
2615  read(3, "e", 1)                   = 1
2615  read(3, "r", 1)                   = 1
2615  read(3, "e", 1)                   = 1
2615  read(3, "d", 1)                   = 1
2615  read(3, " ", 1)                   = 1
2615  read(3, "t", 1)                   = 1
2615  read(3, "h", 1)                   = 1
2615  read(3, "e", 1)                   = 1
2615  read(3, " ", 1)                   = 1
2615  read(3, "p", 1)                   = 1
2615  read(3, "a", 1)                   = 1
2615  read(3, "s", 1)                   = 1
2615  read(3, "s", 1)                   = 1
2615  read(3, "w", 1)                   = 1
2615  read(3, "o", 1)                   = 1
2615  read(3, "r", 1)                   = 1
2615  read(3, "d", 1)                   = 1
2615  read(3, ",", 1)                   = 1
2615  read(3, " ", 1)                   = 1
2615  read(3, "y", 1)                   = 1
2615  read(3, "o", 1)                   = 1
2615  read(3, "u", 1)                   = 1
2615  read(3, " ", 1)                   = 1
2615  read(3, "w", 1)                   = 1
2615  read(3, "i", 1)                   = 1
2615  read(3, "l", 1)                   = 1
2615  read(3, "l", 1)                   = 1
2615  read(3, " ", 1)                   = 1
2615  read(3, "s", 1)                   = 1
2615  read(3, "e", 1)                   = 1
2615  read(3, "e", 1)                   = 1
2615  read(3, " ", 1)                   = 1
2615  read(3, "t", 1)                   = 1
2615  read(3, "h", 1)                   = 1
2615  read(3, "a", 1)                   = 1
2615  read(3, "t", 1)                   = 1
2615  read(3, " ", 1)                   = 1
2615  read(3, "t", 1)                   = 1
2615  read(3, "h", 1)                   = 1
2615  read(3, "e", 1)                   = 1
2615  read(3, " ", 1)                   = 1
2615  read(3, "f", 1)                   = 1
2615  read(3, "i", 1)                   = 1
2615  read(3, "l", 1)                   = 1
2615  read(3, "e", 1)                   = 1
2615  read(3, " ", 1)                   = 1
2615  read(3, "i", 1)                   = 1
2615  read(3, "s", 1)                   = 1
2615  read(3, " ", 1)                   = 1
2615  read(3, "d", 1)                   = 1
2615  read(3, "o", 1)                   = 1
2615  read(3, "w", 1)                   = 1
2615  read(3, "n", 1)                   = 1
2615  read(3, "l", 1)                   = 1
2615  read(3, "o", 1)                   = 1
2615  read(3, "a", 1)                   = 1
2615  read(3, "d", 1)                   = 1
2615  read(3, "e", 1)                   = 1
2615  read(3, "d", 1)                   = 1
2615  read(3, ".", 1)                   = 1
2615  read(3, "\n", 1)                  = 1
2615  write(6, "115\n", 4)              = 4
2615  write(6, "\t\t  It will prompt for the passw"..., 115) = 115
2615  read(3, "\t", 1)                  = 1
2615  read(3, "\t", 1)                  = 1
2615  read(3, " ", 1)                   = 1
2615  read(3, " ", 1)                   = 1
2615  read(3, "Y", 1)                   = 1
2615  read(3, "o", 1)                   = 1
2615  read(3, "u", 1)                   = 1
2615  read(3, " ", 1)                   = 1
2615  read(3, "c", 1)                   = 1
2615  read(3, "a", 1)                   = 1
2615  read(3, "n", 1)                   = 1
2615  read(3, " ", 1)                   = 1
2615  read(3, "a", 1)                   = 1
2615  read(3, "l", 1)                   = 1
2615  read(3, "s", 1)                   = 1
2615  read(3, "o", 1)                   = 1
2615  read(3, " ", 1)                   = 1
2615  read(3, "a", 1)                   = 1
2615  read(3, "c", 1)                   = 1
2615  read(3, "c", 1)                   = 1
2615  read(3, "e", 1)                   = 1
2615  read(3, "s", 1)                   = 1
2615  read(3, "s", 1)                   = 1
2615  read(3, " ", 1)                   = 1
2615  read(3, "t", 1)                   = 1
2615  read(3, "h", 1)                   = 1
2615  read(3, "e", 1)                   = 1
2615  read(3, " ", 1)                   = 1
2615  read(3, "P", 1)                   = 1
2615  read(3, "D", 1)                   = 1
2615  read(3, "F", 1)                   = 1
2615  read(3, " ", 1)                   = 1
2615  read(3, "f", 1)                   = 1
2615  read(3, "r", 1)                   = 1
2615  read(3, "o", 1)                   = 1
2615  read(3, "m", 1)                   = 1
2615  read(3, " ", 1)                   = 1
2615  read(3, "t", 1)                   = 1
2615  read(3, "h", 1)                   = 1
2615  read(3, "e", 1)                   = 1
2615  read(3, " ", 1)                   = 1
2615  read(3, "{", 1)                   = 1
2615  read(3, "\\", 1)                  = 1
2615  read(3, "e", 1)                   = 1
2615  read(3, "m", 1)                   = 1
2615  read(3, " ", 1)                   = 1
2615  read(3, "h", 1)                   = 1
2615  read(3, "o", 1)                   = 1
2615  read(3, "s", 1)                   = 1
2615  read(3, "t", 1)                   = 1
2615  read(3, "}", 1)                   = 1
2615  read(3, " ", 1)                   = 1
2615  read(3, "b", 1)                   = 1
2615  read(3, "r", 1)                   = 1
2615  read(3, "o", 1)                   = 1
2615  read(3, "w", 1)                   = 1
2615  read(3, "s", 1)                   = 1
2615  read(3, "e", 1)                   = 1
2615  read(3, "r", 1)                   = 1
2615  read(3, " ", 1)                   = 1
2615  read(3, "u", 1)                   = 1
2615  read(3, "s", 1)                   = 1
2615  read(3, "i", 1)                   = 1
2615  read(3, "n", 1)                   = 1
2615  read(3, "g", 1)                   = 1
2615  read(3, " ", 1)                   = 1
2615  read(3, "t", 1)                   = 1
2615  read(3, "h", 1)                   = 1
2615  read(3, "e", 1)                   = 1
2615  read(3, " ", 1)                   = 1
2615  read(3, "c", 1)                   = 1
2615  read(3, "l", 1)                   = 1
2615  read(3, "a", 1)                   = 1
2615  read(3, "s", 1)                   = 1
2615  read(3, "s", 1)                   = 1
2615  read(3, " ", 1)                   = 1
2615  read(3, "l", 1)                   = 1
2615  read(3, "a", 1)                   = 1
2615  read(3, "b", 1)                   = 1
2615  read(3, " ", 1)                   = 1
2615  read(3, "p", 1)                   = 1
2615  read(3, "a", 1)                   = 1
2615  read(3, "g", 1)                   = 1
2615  read(3, "e", 1)                   = 1
2615  read(3, ":", 1)                   = 1
2615  read(3, " ", 1)                   = 1
2615  read(3, "h", 1)                   = 1
2615  read(3, "t", 1)                   = 1
2615  read(3, "t", 1)                   = 1
2615  read(3, "p", 1)                   = 1
2615  read(3, ":", 1)                   = 1
2615  read(3, "/", 1)                   = 1
2615  read(3, "/", 1)                   = 1
2615  read(3, "1", 1)                   = 1
2615  read(3, "7", 1)                   = 1
2615  read(3, "2", 1)                   = 1
2615  read(3, ".", 1)                   = 1
2615  read(3, "2", 1)                   = 1
2615  read(3, "7", 1)                   = 1
2615  read(3, ".", 1)                   = 1
2615  read(3, "2", 1)                   = 1
2615  read(3, "1", 1)                   = 1
2615  read(3, ".", 1)                   = 1
2615  read(3, "2", 1)                   = 1
2615  read(3, "1", 1)                   = 1
2615  read(3, "5", 1)                   = 1
2615  read(3, "\n", 1)                  = 1
2615  write(6, "107\n", 4)              = 4
2615  write(6, "\t\t  You can also access the PDF "..., 107) = 107
2615  read(3, "\t", 1)                  = 1
2615  read(3, "\n", 1)                  = 1
2615  write(6, "2\n", 2)                = 2
2615  write(6, "\t\n", 2)               = 2
2615  read(3, "\t", 1)                  = 1
2615  read(3, " ", 1)                   = 1
2615  read(3, " ", 1)                   = 1
2615  read(3, "\\", 1)                  = 1
2615  read(3, "i", 1)                   = 1
2615  read(3, "t", 1)                   = 1
2615  read(3, "e", 1)                   = 1
2615  read(3, "m", 1)                   = 1
2615  read(3, "[", 1)                   = 1
2615  read(3, "3", 1)                   = 1
2615  read(3, ".", 1)                   = 1
2615  read(3, "]", 1)                   = 1
2615  read(3, " ", 1)                   = 1
2615  read(3, "T", 1)                   = 1
2615  read(3, "o", 1)                   = 1
2615  read(3, " ", 1)                   = 1
2615  read(3, "u", 1)                   = 1
2615  read(3, "p", 1)                   = 1
2615  read(3, "l", 1)                   = 1
2615  read(3, "o", 1)                   = 1
2615  read(3, "a", 1)                   = 1
2615  read(3, "d", 1)                   = 1
2615  read(3, " ", 1)                   = 1
2615  read(3, "`", 1)                   = 1
2615  read(3, "a", 1)                   = 1
2615  read(3, "b", 1)                   = 1
2615  read(3, "c", 1)                   = 1
2615  read(3, ".", 1)                   = 1
2615  read(3, "c", 1)                   = 1
2615  read(3, "'", 1)                   = 1
2615  read(3, " ", 1)                   = 1
2615  read(3, "f", 1)                   = 1
2615  read(3, "r", 1)                   = 1
2615  read(3, "o", 1)                   = 1
2615  read(3, "m", 1)                   = 1
2615  read(3, " ", 1)                   = 1
2615  read(3, "t", 1)                   = 1
2615  read(3, "h", 1)                   = 1
2615  read(3, "e", 1)                   = 1
2615  read(3, " ", 1)                   = 1
2615  read(3, "c", 1)                   = 1
2615  read(3, "u", 1)                   = 1
2615  read(3, "r", 1)                   = 1
2615  read(3, "r", 1)                   = 1
2615  read(3, "e", 1)                   = 1
2615  read(3, "n", 1)                   = 1
2615  read(3, "t", 1)                   = 1
2615  read(3, " ", 1)                   = 1
2615  read(3, "d", 1)                   = 1
2615  read(3, "i", 1)                   = 1
2615  read(3, "r", 1)                   = 1
2615  read(3, "e", 1)                   = 1
2615  read(3, "c", 1)                   = 1
2615  read(3, "t", 1)                   = 1
2615  read(3, "o", 1)                   = 1
2615  read(3, "r", 1)                   = 1
2615  read(3, "y", 1)                   = 1
2615  read(3, " ", 1)                   = 1
2615  read(3, "i", 1)                   = 1
2615  read(3, "n", 1)                   = 1
2615  read(3, " ", 1)                   = 1
2615  read(3, "t", 1)                   = 1
2615  read(3, "h", 1)                   = 1
2615  read(3, "e", 1)                   = 1
2615  read(3, " ", 1)                   = 1
2615  read(3, "h", 1)                   = 1
2615  read(3, "o", 1)                   = 1
2615  read(3, "s", 1)                   = 1
2615  read(3, "t", 1)                   = 1
2615  read(3, " ", 1)                   = 1
2615  read(3, "t", 1)                   = 1
2615  read(3, "o", 1)                   = 1
2615  read(3, " ", 1)                   = 1
2615  read(3, "t", 1)                   = 1
2615  read(3, "h", 1)                   = 1
2615  read(3, "e", 1)                   = 1
2615  read(3, " ", 1)                   = 1
2615  read(3, "L", 1)                   = 1
2615  read(3, "a", 1)                   = 1
2615  read(3, "b", 1)                   = 1
2615  read(3, "e", 1)                   = 1
2615  read(3, "x", 1)                   = 1
2615  read(3, " ", 1)                   = 1
2615  read(3, "s", 1)                   = 1
2615  read(3, "y", 1)                   = 1
2615  read(3, "s", 1)                   = 1
2615  read(3, "t", 1)                   = 1
2615  read(3, "e", 1)                   = 1
2615  read(3, "m", 1)                   = 1
2615  read(3, " ", 1)                   = 1
2615  read(3, "l", 1)                   = 1
2615  read(3, "a", 1)                   = 1
2615  read(3, "b", 1)                   = 1
2615  read(3, "-", 1)                   = 1
2615  read(3, "2", 1)                   = 1
2615  read(3, "/", 1)                   = 1
2615  read(3, "l", 1)                   = 1
2615  read(3, "a", 1)                   = 1
2615  read(3, "b", 1)                   = 1
2615  read(3, "e", 1)                   = 1
2615  read(3, "x", 1)                   = 1
2615  read(3, " ", 1)                   = 1
2615  read(3, "d", 1)                   = 1
2615  read(3, "i", 1)                   = 1
2615  read(3, "r", 1)                   = 1
2615  read(3, "e", 1)                   = 1
2615  read(3, "c", 1)                   = 1
2615  read(3, "t", 1)                   = 1
2615  read(3, "o", 1)                   = 1
2615  read(3, "r", 1)                   = 1
2615  read(3, "y", 1)                   = 1
2615  read(3, ",", 1)                   = 1
2615  read(3, " ", 1)                   = 1
2615  read(3, "e", 1)                   = 1
2615  read(3, "x", 1)                   = 1
2615  read(3, "e", 1)                   = 1
2615  read(3, "c", 1)                   = 1
2615  read(3, "u", 1)                   = 1
2615  read(3, "t", 1)                   = 1
2615  read(3, "e", 1)                   = 1
2615  read(3, " ", 1)                   = 1
2615  read(3, "\n", 1)                  = 1
2615  write(6, "122\n", 4)              = 4
2615  write(6, "\t  \\item[3.] To upload `abc.c' f"..., 122) = 122
2615  read(3, "\t", 1)                  = 1
2615  read(3, "\t", 1)                  = 1
2615  read(3, " ", 1)                   = 1
2615  read(3, " ", 1)                   = 1
2615  read(3, "{", 1)                   = 1
2615  read(3, "\\", 1)                  = 1
2615  read(3, "t", 1)                   = 1
2615  read(3, "t", 1)                   = 1
2615  read(3, " ", 1)                   = 1
2615  read(3, "s", 1)                   = 1
2615  read(3, "c", 1)                   = 1
2615  read(3, "p", 1)                   = 1
2615  read(3, " ", 1)                   = 1
2615  read(3, "-", 1)                   = 1
2615  read(3, "P", 1)                   = 1
2615  read(3, " ", 1)                   = 1
2615  read(3, "2", 1)                   = 1
2615  read(3, "0", 1)                   = 1
2615  read(3, "2", 1)                   = 1
2615  read(3, "0", 1)                   = 1
2615  read(3, " ", 1)                   = 1
2615  read(3, "-", 1)                   = 1
2615  read(3, "r", 1)                   = 1
2615  read(3, " ", 1)                   = 1
2615  read(3, "a", 1)                   = 1
2615  read(3, "b", 1)                   = 1
2615  read(3, "c", 1)                   = 1
2615  read(3, ".", 1)                   = 1
2615  read(3, "c", 1)                   = 1
2615  read(3, " ", 1)                   = 1
2615  read(3, "o", 1)                   = 1
2615  read(3, "s", 1)                   = 1
2615  read(3, "w", 1)                   = 1
2615  read(3, "s", 1)                   = 1
2615  read(3, "@", 1)                   = 1
2615  read(3, "l", 1)                   = 1
2615  read(3, "o", 1)                   = 1
2615  read(3, "c", 1)                   = 1
2615  read(3, "a", 1)                   = 1
2615  read(3, "l", 1)                   = 1
2615  read(3, "h", 1)                   = 1
2615  read(3, "o", 1)                   = 1
2615  read(3, "s", 1)                   = 1
2615  read(3, "t", 1)                   = 1
2615  read(3, ":", 1)                   = 1
2615  read(3, "l", 1)                   = 1
2615  read(3, "a", 1)                   = 1
2615  read(3, "b", 1)                   = 1
2615  read(3, "-", 1)                   = 1
2615  read(3, "1", 1)                   = 1
2615  read(3, "/", 1)                   = 1
2615  read(3, "l", 1)                   = 1
2615  read(3, "a", 1)                   = 1
2615  read(3, "b", 1)                   = 1
2615  read(3, "e", 1)                   = 1
2615  read(3, "x", 1)                   = 1
2615  read(3, "/", 1)                   = 1
2615  read(3, "}", 1)                   = 1
2615  read(3, ".", 1)                   = 1
2615  read(3, "\n", 1)                  = 1
2615  write(6, "60\n", 3)               = 3
2615  write(6, "\t\t  {\\tt scp -P 2020 -r abc.c os"..., 60) = 60
2615  read(3, "\t", 1)                  = 1
2615  read(3, "\t", 1)                  = 1
2615  read(3, " ", 1)                   = 1
2615  read(3, " ", 1)                   = 1
2615  read(3, "I", 1)                   = 1
2615  read(3, "t", 1)                   = 1
2615  read(3, " ", 1)                   = 1
2615  read(3, "w", 1)                   = 1
2615  read(3, "i", 1)                   = 1
2615  read(3, "l", 1)                   = 1
2615  read(3, "l", 1)                   = 1
2615  read(3, " ", 1)                   = 1
2615  read(3, "p", 1)                   = 1
2615  read(3, "r", 1)                   = 1
2615  read(3, "o", 1)                   = 1
2615  read(3, "m", 1)                   = 1
2615  read(3, "p", 1)                   = 1
2615  read(3, "t", 1)                   = 1
2615  read(3, " ", 1)                   = 1
2615  read(3, "f", 1)                   = 1
2615  read(3, "o", 1)                   = 1
2615  read(3, "r", 1)                   = 1
2615  read(3, " ", 1)                   = 1
2615  read(3, "t", 1)                   = 1
2615  read(3, "h", 1)                   = 1
2615  read(3, "e", 1)                   = 1
2615  read(3, " ", 1)                   = 1
2615  read(3, "p", 1)                   = 1
2615  read(3, "a", 1)                   = 1
2615  read(3, "s", 1)                   = 1
2615  read(3, "s", 1)                   = 1
2615  read(3, "w", 1)                   = 1
2615  read(3, "o", 1)                   = 1
2615  read(3, "r", 1)                   = 1
2615  read(3, "d", 1)                   = 1
2615  read(3, ".", 1)                   = 1
2615  read(3, " ", 1)                   = 1
2615  read(3, "O", 1)                   = 1
2615  read(3, "n", 1)                   = 1
2615  read(3, "c", 1)                   = 1
2615  read(3, "e", 1)                   = 1
2615  read(3, " ", 1)                   = 1
2615  read(3, "y", 1)                   = 1
2615  read(3, "o", 1)                   = 1
2615  read(3, "u", 1)                   = 1
2615  read(3, " ", 1)                   = 1
2615  read(3, "h", 1)                   = 1
2615  read(3, "a", 1)                   = 1
2615  read(3, "v", 1)                   = 1
2615  read(3, "e", 1)                   = 1
2615  read(3, " ", 1)                   = 1
2615  read(3, "e", 1)                   = 1
2615  read(3, "n", 1)                   = 1
2615  read(3, "t", 1)                   = 1
2615  read(3, "e", 1)                   = 1
2615  read(3, "r", 1)                   = 1
2615  read(3, "e", 1)                   = 1
2615  read(3, "d", 1)                   = 1
2615  read(3, " ", 1)                   = 1
2615  read(3, "t", 1)                   = 1
2615  read(3, "h", 1)                   = 1
2615  read(3, "e", 1)                   = 1
2615  read(3, " ", 1)                   = 1
2615  read(3, "p", 1)                   = 1
2615  read(3, "a", 1)                   = 1
2615  read(3, "s", 1)                   = 1
2615  read(3, "s", 1)                   = 1
2615  read(3, "w", 1)                   = 1
2615  read(3, "o", 1)                   = 1
2615  read(3, "r", 1)                   = 1
2615  read(3, "d", 1)                   = 1
2615  read(3, ",", 1)                   = 1
2615  read(3, " ", 1)                   = 1
2615  read(3, "y", 1)                   = 1
2615  read(3, "o", 1)                   = 1
2615  read(3, "u", 1)                   = 1
2615  read(3, " ", 1)                   = 1
2615  read(3, "w", 1)                   = 1
2615  read(3, "i", 1)                   = 1
2615  read(3, "l", 1)                   = 1
2615  read(3, "l", 1)                   = 1
2615  read(3, " ", 1)                   = 1
2615  read(3, "s", 1)                   = 1
2615  read(3, "e", 1)                   = 1
2615  read(3, "e", 1)                   = 1
2615  read(3, " ", 1)                   = 1
2615  read(3, "t", 1)                   = 1
2615  read(3, "h", 1)                   = 1
2615  read(3, "a", 1)                   = 1
2615  read(3, "t", 1)                   = 1
2615  read(3, " ", 1)                   = 1
2615  read(3, "t", 1)                   = 1
2615  read(3, "h", 1)                   = 1
2615  read(3, "e", 1)                   = 1
2615  read(3, " ", 1)                   = 1
2615  read(3, "f", 1)                   = 1
2615  read(3, "i", 1)                   = 1
2615  read(3, "l", 1)                   = 1
2615  read(3, "e", 1)                   = 1
2615  read(3, " ", 1)                   = 1
2615  read(3, "i", 1)                   = 1
2615  read(3, "s", 1)                   = 1
2615  read(3, " ", 1)                   = 1
2615  read(3, "u", 1)                   = 1
2615  read(3, "p", 1)                   = 1
2615  read(3, "l", 1)                   = 1
2615  read(3, "o", 1)                   = 1
2615  read(3, "a", 1)                   = 1
2615  read(3, "d", 1)                   = 1
2615  read(3, "e", 1)                   = 1
2615  read(3, "d", 1)                   = 1
2615  read(3, ".", 1)                   = 1
2615  read(3, "\n", 1)                  = 1
2615  write(6, "113\n", 4)              = 4
2615  write(6, "\t\t  It will prompt for the passw"..., 113) = 113
2615  read(3, "\\", 1)                  = 1
2615  read(3, "e", 1)                   = 1
2615  read(3, "n", 1)                   = 1
2615  read(3, "d", 1)                   = 1
2615  read(3, "{", 1)                   = 1
2615  read(3, "i", 1)                   = 1
2615  read(3, "t", 1)                   = 1
2615  read(3, "e", 1)                   = 1
2615  read(3, "m", 1)                   = 1
2615  read(3, "i", 1)                   = 1
2615  read(3, "z", 1)                   = 1
2615  read(3, "e", 1)                   = 1
2615  read(3, "}", 1)                   = 1
2615  read(3, "\n", 1)                  = 1
2615  write(6, "14\n", 3)               = 3
2615  write(6, "\\end{itemize}\n", 14)  = 14
2615  read(3, "\n", 1)                  = 1
2615  write(6, "1\n", 2)                = 2
2615  write(6, "\n", 1)                 = 1
2615  read(3, "\n", 1)                  = 1
2615  write(6, "1\n", 2)                = 2
2615  write(6, "\n", 1)                 = 1
2615  read(3, "\\", 1)                  = 1
2615  read(3, "s", 1)                   = 1
2615  read(3, "e", 1)                   = 1
2615  read(3, "c", 1)                   = 1
2615  read(3, "t", 1)                   = 1
2615  read(3, "i", 1)                   = 1
2615  read(3, "o", 1)                   = 1
2615  read(3, "n", 1)                   = 1
2615  read(3, "*", 1)                   = 1
2615  read(3, "{", 1)                   = 1
2615  read(3, "L", 1)                   = 1
2615  read(3, "a", 1)                   = 1
2615  read(3, "b", 1)                   = 1
2615  read(3, " ", 1)                   = 1
2615  read(3, "A", 1)                   = 1
2615  read(3, "c", 1)                   = 1
2615  read(3, "t", 1)                   = 1
2615  read(3, "i", 1)                   = 1
2615  read(3, "o", 1)                   = 1
2615  read(3, "n", 1)                   = 1
2615  read(3, "s", 1)                   = 1
2615  read(3, "}", 1)                   = 1
2615  read(3, "\n", 1)                  = 1
2615  write(6, "23\n", 3)               = 3
2615  write(6, "\\section*{Lab Actions}\n", 23) = 23
2615  read(3, "\n", 1)                  = 1
2615  write(6, "1\n", 2)                = 2
2615  write(6, "\n", 1)                 = 1
2615  read(3, "T", 1)                   = 1
2615  read(3, "h", 1)                   = 1
2615  read(3, "e", 1)                   = 1
2615  read(3, " ", 1)                   = 1
2615  read(3, "c", 1)                   = 1
2615  read(3, "u", 1)                   = 1
2615  read(3, "r", 1)                   = 1
2615  read(3, "r", 1)                   = 1
2615  read(3, "e", 1)                   = 1
2615  read(3, "n", 1)                   = 1
2615  read(3, "t", 1)                   = 1
2615  read(3, " ", 1)                   = 1
2615  read(3, "w", 1)                   = 1
2615  read(3, "o", 1)                   = 1
2615  read(3, "r", 1)                   = 1
2615  read(3, "k", 1)                   = 1
2615  read(3, "i", 1)                   = 1
2615  read(3, "n", 1)                   = 1
2615  read(3, "g", 1)                   = 1
2615  read(3, " ", 1)                   = 1
2615  read(3, "d", 1)                   = 1
2615  read(3, "i", 1)                   = 1
2615  read(3, "r", 1)                   = 1
2615  read(3, "e", 1)                   = 1
2615  read(3, "c", 1)                   = 1
2615  read(3, "t", 1)                   = 1
2615  read(3, "o", 1)                   = 1
2615  read(3, "r", 1)                   = 1
2615  read(3, "y", 1)                   = 1
2615  read(3, " ", 1)                   = 1
2615  read(3, "{", 1)                   = 1
2615  read(3, "\\", 1)                  = 1
2615  read(3, "e", 1)                   = 1
2615  read(3, "m", 1)                   = 1
2615  read(3, " ", 1)                   = 1
2615  read(3, "m", 1)                   = 1
2615  read(3, "u", 1)                   = 1
2615  read(3, "s", 1)                   = 1
2615  read(3, "t", 1)                   = 1
2615  read(3, " ", 1)                   = 1
2615  read(3, "b", 1)                   = 1
2615  read(3, "e", 1)                   = 1
2615  read(3, "}", 1)                   = 1
2615  read(3, " ", 1)                   = 1
2615  read(3, "t", 1)                   = 1
2615  read(3, "h", 1)                   = 1
2615  read(3, "e", 1)                   = 1
2615  read(3, " ", 1)                   = 1
2615  read(3, "h", 1)                   = 1
2615  read(3, "o", 1)                   = 1
2615  read(3, "m", 1)                   = 1
2615  read(3, "e", 1)                   = 1
2615  read(3, " ", 1)                   = 1
2615  read(3, "d", 1)                   = 1
2615  read(3, "i", 1)                   = 1
2615  read(3, "r", 1)                   = 1
2615  read(3, "e", 1)                   = 1
2615  read(3, "c", 1)                   = 1
2615  read(3, "t", 1)                   = 1
2615  read(3, "o", 1)                   = 1
2615  read(3, "r", 1)                   = 1
2615  read(3, "y", 1)                   = 1
2615  read(3, " ", 1)                   = 1
2615  read(3, "o", 1)                   = 1
2615  read(3, "f", 1)                   = 1
2615  read(3, " ", 1)                   = 1
2615  read(3, "t", 1)                   = 1
2615  read(3, "h", 1)                   = 1
2615  read(3, "e", 1)                   = 1
2615  read(3, " ", 1)                   = 1
2615  read(3, "L", 1)                   = 1
2615  read(3, "a", 1)                   = 1
2615  read(3, "b", 1)                   = 1
2615  read(3, "e", 1)                   = 1
2615  read(3, "x", 1)                   = 1
2615  read(3, " ", 1)                   = 1
2615  read(3, "e", 1)                   = 1
2615  read(3, "n", 1)                   = 1
2615  read(3, "v", 1)                   = 1
2615  read(3, "i", 1)                   = 1
2615  read(3, "r", 1)                   = 1
2615  read(3, "o", 1)                   = 1
2615  read(3, "n", 1)                   = 1
2615  read(3, "m", 1)                   = 1
2615  read(3, "e", 1)                   = 1
2615  read(3, "n", 1)                   = 1
2615  read(3, "t", 1)                   = 1
2615  read(3, " ", 1)                   = 1
2615  read(3, "t", 1)                   = 1
2615  read(3, "o", 1)                   = 1
2615  read(3, " ", 1)                   = 1
2615  read(3, "e", 1)                   = 1
2615  read(3, "x", 1)                   = 1
2615  read(3, "e", 1)                   = 1
2615  read(3, "c", 1)                   = 1
2615  read(3, "u", 1)                   = 1
2615  read(3, "t", 1)                   = 1
2615  read(3, "e", 1)                   = 1
2615  read(3, " ", 1)                   = 1
2615  read(3, "d", 1)                   = 1
2615  read(3, "i", 1)                   = 1
2615  read(3, "f", 1)                   = 1
2615  read(3, "f", 1)                   = 1
2615  read(3, "e", 1)                   = 1
2615  read(3, "r", 1)                   = 1
2615  read(3, "e", 1)                   = 1
2615  read(3, "n", 1)                   = 1
2615  read(3, "t", 1)                   = 1
2615  read(3, " ", 1)                   = 1
2615  read(3, "l", 1)                   = 1
2615  read(3, "a", 1)                   = 1
2615  read(3, "b", 1)                   = 1
2615  read(3, " ", 1)                   = 1
2615  read(3, "a", 1)                   = 1
2615  read(3, "c", 1)                   = 1
2615  read(3, "t", 1)                   = 1
2615  read(3, "i", 1)                   = 1
2615  read(3, "o", 1)                   = 1
2615  read(3, "n", 1)                   = 1
2615  read(3, "s", 1)                   = 1
2615  read(3, " ", 1)                   = 1
2615  read(3, "t", 1)                   = 1
2615  read(3, "h", 1)                   = 1
2615  read(3, "r", 1)                   = 1
2615  read(3, "o", 1)                   = 1
2615  read(3, "u", 1)                   = 1
2615  read(3, "g", 1)                   = 1
2615  read(3, "h", 1)                   = 1
2615  read(3, " ", 1)                   = 1
2615  read(3, "\n", 1)                  = 1
2615  write(6, "130\n", 4)              = 4
2615  write(6, "The current working directory {\\"..., 130) = 130
2615  read(3, "t", 1)                   = 1
2615  read(3, "h", 1)                   = 1
2615  read(3, "e", 1)                   = 1
2615  read(3, " ", 1)                   = 1
2615  read(3, "{", 1)                   = 1
2615  read(3, "\\", 1)                  = 1
2615  read(3, "t", 1)                   = 1
2615  read(3, "t", 1)                   = 1
2615  read(3, " ", 1)                   = 1
2615  read(3, "l", 1)                   = 1
2615  read(3, "a", 1)                   = 1
2615  read(3, "b", 1)                   = 1
2615  read(3, ".", 1)                   = 1
2615  read(3, "s", 1)                   = 1
2615  read(3, "h", 1)                   = 1
2615  read(3, "}", 1)                   = 1
2615  read(3, " ", 1)                   = 1
2615  read(3, "u", 1)                   = 1
2615  read(3, "t", 1)                   = 1
2615  read(3, "i", 1)                   = 1
2615  read(3, "l", 1)                   = 1
2615  read(3, "i", 1)                   = 1
2615  read(3, "t", 1)                   = 1
2615  read(3, "y", 1)                   = 1
2615  read(3, ".", 1)                   = 1
2615  read(3, " ", 1)                   = 1
2615  read(3, "\n", 1)                  = 1
2615  write(6, "27\n", 3)               = 3
2615  write(6, "the {\\tt lab.sh} utility. \n", 27) = 27
2615  read(3, "%", 1)                   = 1
2615  read(3, "\n", 1)                  = 1
2615  write(6, "2\n", 2)                = 2
2615  write(6, "%\n", 2)                = 2
2615  read(3, "E", 1)                   = 1
2615  read(3, "x", 1)                   = 1
2615  read(3, "e", 1)                   = 1
2615  read(3, "c", 1)                   = 1
2615  read(3, "u", 1)                   = 1
2615  read(3, "t", 1)                   = 1
2615  read(3, "i", 1)                   = 1
2615  read(3, "n", 1)                   = 1
2615  read(3, "g", 1)                   = 1
2615  read(3, " ", 1)                   = 1
2615  read(3, "{", 1)                   = 1
2615  read(3, "\\", 1)                  = 1
2615  read(3, "t", 1)                   = 1
2615  read(3, "t", 1)                   = 1
2615  read(3, " ", 1)                   = 1
2615  read(3, "c", 1)                   = 1
2615  read(3, "d", 1)                   = 1
2615  read(3, " ", 1)                   = 1
2615  read(3, "/", 1)                   = 1
2615  read(3, "h", 1)                   = 1
2615  read(3, "o", 1)                   = 1
2615  read(3, "m", 1)                   = 1
2615  read(3, "e", 1)                   = 1
2615  read(3, "/", 1)                   = 1
2615  read(3, "o", 1)                   = 1
2615  read(3, "s", 1)                   = 1
2615  read(3, "w", 1)                   = 1
2615  read(3, "s", 1)                   = 1
2615  read(3, "}", 1)                   = 1
2615  read(3, " ", 1)                   = 1
2615  read(3, "o", 1)                   = 1
2615  read(3, "r", 1)                   = 1
2615  read(3, " ", 1)                   = 1
2615  read(3, "s", 1)                   = 1
2615  read(3, "i", 1)                   = 1
2615  read(3, "m", 1)                   = 1
2615  read(3, "p", 1)                   = 1
2615  read(3, "l", 1)                   = 1
2615  read(3, "y", 1)                   = 1
2615  read(3, " ", 1)                   = 1
2615  read(3, "{", 1)                   = 1
2615  read(3, "\\", 1)                  = 1
2615  read(3, "t", 1)                   = 1
2615  read(3, "t", 1)                   = 1
2615  read(3, " ", 1)                   = 1
2615  read(3, "c", 1)                   = 1
2615  read(3, "d", 1)                   = 1
2615  read(3, "}", 1)                   = 1
2615  read(3, ")", 1)                   = 1
2615  read(3, " ", 1)                   = 1
2615  read(3, "w", 1)                   = 1
2615  read(3, "i", 1)                   = 1
2615  read(3, "l", 1)                   = 1
2615  read(3, "l", 1)                   = 1
2615  read(3, " ", 1)                   = 1
2615  read(3, "t", 1)                   = 1
2615  read(3, "a", 1)                   = 1
2615  read(3, "k", 1)                   = 1
2615  read(3, "e", 1)                   = 1
2615  read(3, " ", 1)                   = 1
2615  read(3, "y", 1)                   = 1
2615  read(3, "o", 1)                   = 1
2615  read(3, "u", 1)                   = 1
2615  read(3, " ", 1)                   = 1
2615  read(3, "t", 1)                   = 1
2615  read(3, "o", 1)                   = 1
2615  read(3, " ", 1)                   = 1
2615  read(3, "t", 1)                   = 1
2615  read(3, "h", 1)                   = 1
2615  read(3, "e", 1)                   = 1
2615  read(3, " ", 1)                   = 1
2615  read(3, "h", 1)                   = 1
2615  read(3, "o", 1)                   = 1
2615  read(3, "m", 1)                   = 1
2615  read(3, "e", 1)                   = 1
2615  read(3, " ", 1)                   = 1
2615  read(3, "d", 1)                   = 1
2615  read(3, "i", 1)                   = 1
2615  read(3, "r", 1)                   = 1
2615  read(3, "e", 1)                   = 1
2615  read(3, "c", 1)                   = 1
2615  read(3, "t", 1)                   = 1
2615  read(3, "o", 1)                   = 1
2615  read(3, "r", 1)                   = 1
2615  read(3, "y", 1)                   = 1
2615  read(3, " ", 1)                   = 1
2615  read(3, "o", 1)                   = 1
2615  read(3, "f", 1)                   = 1
2615  read(3, " ", 1)                   = 1
2615  read(3, "t", 1)                   = 1
2615  read(3, "h", 1)                   = 1
2615  read(3, "e", 1)                   = 1
2615  read(3, " ", 1)                   = 1
2615  read(3, "L", 1)                   = 1
2615  read(3, "a", 1)                   = 1
2615  read(3, "b", 1)                   = 1
2615  read(3, "e", 1)                   = 1
2615  read(3, "x", 1)                   = 1
2615  read(3, " ", 1)                   = 1
2615  read(3, "e", 1)                   = 1
2615  read(3, "n", 1)                   = 1
2615  read(3, "v", 1)                   = 1
2615  read(3, "i", 1)                   = 1
2615  read(3, "r", 1)                   = 1
2615  read(3, "o", 1)                   = 1
2615  read(3, "n", 1)                   = 1
2615  read(3, "m", 1)                   = 1
2615  read(3, "e", 1)                   = 1
2615  read(3, "n", 1)                   = 1
2615  read(3, "t", 1)                   = 1
2615  read(3, ".", 1)                   = 1
2615  read(3, " ", 1)                   = 1
2615  read(3, "\n", 1)                  = 1
2615  write(6, "113\n", 4)              = 4
2615  write(6, "Executing {\\tt cd /home/osws} or"..., 113) = 113
2615  read(3, "%", 1)                   = 1
2615  read(3, "\n", 1)                  = 1
2615  write(6, "2\n", 2)                = 2
2615  write(6, "%\n", 2)                = 2
2615  read(3, "T", 1)                   = 1
2615  read(3, "h", 1)                   = 1
2615  read(3, "e", 1)                   = 1
2615  read(3, " ", 1)                   = 1
2615  read(3, "u", 1)                   = 1
2615  read(3, "s", 1)                   = 1
2615  read(3, "a", 1)                   = 1
2615  read(3, "g", 1)                   = 1
2615  read(3, "e", 1)                   = 1
2615  read(3, " ", 1)                   = 1
2615  read(3, "s", 1)                   = 1
2615  read(3, "e", 1)                   = 1
2615  read(3, "m", 1)                   = 1
2615  read(3, "a", 1)                   = 1
2615  read(3, "n", 1)                   = 1
2615  read(3, "t", 1)                   = 1
2615  read(3, "i", 1)                   = 1
2615  read(3, "c", 1)                   = 1
2615  read(3, " ", 1)                   = 1
2615  read(3, "o", 1)                   = 1
2615  read(3, "f", 1)                   = 1
2615  read(3, " ", 1)                   = 1
2615  read(3, "{", 1)                   = 1
2615  read(3, "\\", 1)                  = 1
2615  read(3, "t", 1)                   = 1
2615  read(3, "t", 1)                   = 1
2615  read(3, " ", 1)                   = 1
2615  read(3, "l", 1)                   = 1
2615  read(3, "a", 1)                   = 1
2615  read(3, "b", 1)                   = 1
2615  read(3, ".", 1)                   = 1
2615  read(3, "s", 1)                   = 1
2615  read(3, "h", 1)                   = 1
2615  read(3, "}", 1)                   = 1
2615  read(3, " ", 1)                   = 1
2615  read(3, "s", 1)                   = 1
2615  read(3, "c", 1)                   = 1
2615  read(3, "r", 1)                   = 1
2615  read(3, "i", 1)                   = 1
2615  read(3, "p", 1)                   = 1
2615  read(3, "t", 1)                   = 1
2615  read(3, " ", 1)                   = 1
2615  read(3, "i", 1)                   = 1
2615  read(3, "s", 1)                   = 1
2615  read(3, " ", 1)                   = 1
2615  read(3, "s", 1)                   = 1
2615  read(3, "h", 1)                   = 1
2615  read(3, "o", 1)                   = 1
2615  read(3, "w", 1)                   = 1
2615  read(3, "n", 1)                   = 1
2615  read(3, " ", 1)                   = 1
2615  read(3, "b", 1)                   = 1
2615  read(3, "e", 1)                   = 1
2615  read(3, "l", 1)                   = 1
2615  read(3, "o", 1)                   = 1
2615  read(3, "w", 1)                   = 1
2615  read(3, ".", 1)                   = 1
2615  read(3, "\n", 1)                  = 1
2615  write(6, "58\n", 3)               = 3
2615  write(6, "The usage semantic of {\\tt lab.s"..., 58) = 58
2615  read(3, "\n", 1)                  = 1
2615  write(6, "1\n", 2)                = 2
2615  write(6, "\n", 1)                 = 1
2615  read(3, "\\", 1)                  = 1
2615  read(3, "b", 1)                   = 1
2615  read(3, "e", 1)                   = 1
2615  read(3, "g", 1)                   = 1
2615  read(3, "i", 1)                   = 1
2615  read(3, "n", 1)                   = 1
2615  read(3, "{", 1)                   = 1
2615  read(3, "v", 1)                   = 1
2615  read(3, "e", 1)                   = 1
2615  read(3, "r", 1)                   = 1
2615  read(3, "b", 1)                   = 1
2615  read(3, "a", 1)                   = 1
2615  read(3, "t", 1)                   = 1
2615  read(3, "i", 1)                   = 1
2615  read(3, "m", 1)                   = 1
2615  read(3, "}", 1)                   = 1
2615  read(3, "\n", 1)                  = 1
2615  write(6, "17\n", 3)               = 3
2615  write(6, "\\begin{verbatim}\n", 17) = 17
2615  read(3, "U", 1)                   = 1
2615  read(3, "S", 1)                   = 1
2615  read(3, "E", 1)                   = 1
2615  read(3, " ", 1)                   = 1
2615  read(3, ".", 1)                   = 1
2615  read(3, "/", 1)                   = 1
2615  read(3, "l", 1)                   = 1
2615  read(3, "a", 1)                   = 1
2615  read(3, "b", 1)                   = 1
2615  read(3, ".", 1)                   = 1
2615  read(3, "s", 1)                   = 1
2615  read(3, "h", 1)                   = 1
2615  read(3, " ", 1)                   = 1
2615  read(3, "t", 1)                   = 1
2615  read(3, "o", 1)                   = 1
2615  read(3, " ", 1)                   = 1
2615  read(3, "i", 1)                   = 1
2615  read(3, "n", 1)                   = 1
2615  read(3, "i", 1)                   = 1
2615  read(3, "t", 1)                   = 1
2615  read(3, "i", 1)                   = 1
2615  read(3, "a", 1)                   = 1
2615  read(3, "l", 1)                   = 1
2615  read(3, "i", 1)                   = 1
2615  read(3, "z", 1)                   = 1
2615  read(3, "e", 1)                   = 1
2615  read(3, " ", 1)                   = 1
2615  read(3, "t", 1)                   = 1
2615  read(3, "h", 1)                   = 1
2615  read(3, "e", 1)                   = 1
2615  read(3, " ", 1)                   = 1
2615  read(3, "s", 1)                   = 1
2615  read(3, "e", 1)                   = 1
2615  read(3, "s", 1)                   = 1
2615  read(3, "s", 1)                   = 1
2615  read(3, "i", 1)                   = 1
2615  read(3, "o", 1)                   = 1
2615  read(3, "n", 1)                   = 1
2615  read(3, " ", 1)                   = 1
2615  read(3, "a", 1)                   = 1
2615  read(3, "n", 1)                   = 1
2615  read(3, "d", 1)                   = 1
2615  read(3, " ", 1)                   = 1
2615  read(3, "g", 1)                   = 1
2615  read(3, "e", 1)                   = 1
2615  read(3, "t", 1)                   = 1
2615  read(3, " ", 1)                   = 1
2615  read(3, "s", 1)                   = 1
2615  read(3, "t", 1)                   = 1
2615  read(3, "a", 1)                   = 1
2615  read(3, "r", 1)                   = 1
2615  read(3, "t", 1)                   = 1
2615  read(3, "e", 1)                   = 1
2615  read(3, "d", 1)                   = 1
2615  read(3, ".", 1)                   = 1
2615  read(3, "\n", 1)                  = 1
2615  write(6, "56\n", 3)               = 3
2615  write(6, "USE ./lab.sh to initialize the s"..., 56) = 56
2615  read(3, "\n", 1)                  = 1
2615  write(6, "1\n", 2)                = 2
2615  write(6, "\n", 1)                 = 1
2615  read(3, "u", 1)                   = 1
2615  read(3, "s", 1)                   = 1
2615  read(3, "a", 1)                   = 1
2615  read(3, "g", 1)                   = 1
2615  read(3, "e", 1)                   = 1
2615  read(3, ":", 1)                   = 1
2615  read(3, "\n", 1)                  = 1
2615  write(6, "7\n", 2)                = 2
2615  write(6, "usage:\n", 7)           = 7
2615  read(3, "\n", 1)                  = 1
2615  write(6, "1\n", 2)                = 2
2615  write(6, "\n", 1)                 = 1
2615  read(3, ".", 1)                   = 1
2615  read(3, "/", 1)                   = 1
2615  read(3, "l", 1)                   = 1
2615  read(3, "a", 1)                   = 1
2615  read(3, "b", 1)                   = 1
2615  read(3, ".", 1)                   = 1
2615  read(3, "s", 1)                   = 1
2615  read(3, "h", 1)                   = 1
2615  read(3, " ", 1)                   = 1
2615  read(3, "-", 1)                   = 1
2615  read(3, "-", 1)                   = 1
2615  read(3, "r", 1)                   = 1
2615  read(3, "o", 1)                   = 1
2615  read(3, "l", 1)                   = 1
2615  read(3, "l", 1)                   = 1
2615  read(3, "|", 1)                   = 1
2615  read(3, "-", 1)                   = 1
2615  read(3, "r", 1)                   = 1
2615  read(3, " ", 1)                   = 1
2615  read(3, " ", 1)                   = 1
2615  read(3, "<", 1)                   = 1
2615  read(3, "r", 1)                   = 1
2615  read(3, "o", 1)                   = 1
2615  read(3, "l", 1)                   = 1
2615  read(3, "l", 1)                   = 1
2615  read(3, "1", 1)                   = 1
2615  read(3, "_", 1)                   = 1
2615  read(3, "r", 1)                   = 1
2615  read(3, "o", 1)                   = 1
2615  read(3, "l", 1)                   = 1
2615  read(3, "l", 1)                   = 1
2615  read(3, "2", 1)                   = 1
2615  read(3, ">", 1)                   = 1
2615  read(3, " ", 1)                   = 1
2615  read(3, "-", 1)                   = 1
2615  read(3, "-", 1)                   = 1
2615  read(3, "l", 1)                   = 1
2615  read(3, "a", 1)                   = 1
2615  read(3, "b", 1)                   = 1
2615  read(3, "n", 1)                   = 1
2615  read(3, "u", 1)                   = 1
2615  read(3, "m", 1)                   = 1
2615  read(3, "|", 1)                   = 1
2615  read(3, "-", 1)                   = 1
2615  read(3, "n", 1)                   = 1
2615  read(3, " ", 1)                   = 1
2615  read(3, "<", 1)                   = 1
2615  read(3, "l", 1)                   = 1
2615  read(3, "a", 1)                   = 1
2615  read(3, "b", 1)                   = 1
2615  read(3, " ", 1)                   = 1
2615  read(3, "n", 1)                   = 1
2615  read(3, "u", 1)                   = 1
2615  read(3, "m", 1)                   = 1
2615  read(3, "b", 1)                   = 1
2615  read(3, "e", 1)                   = 1
2615  read(3, "r", 1)                   = 1
2615  read(3, ">", 1)                   = 1
2615  read(3, " ", 1)                   = 1
2615  read(3, "-", 1)                   = 1
2615  read(3, "-", 1)                   = 1
2615  read(3, "a", 1)                   = 1
2615  read(3, "c", 1)                   = 1
2615  read(3, "t", 1)                   = 1
2615  read(3, "i", 1)                   = 1
2615  read(3, "o", 1)                   = 1
2615  read(3, "n", 1)                   = 1
2615  read(3, "|", 1)                   = 1
2615  read(3, "-", 1)                   = 1
2615  read(3, "a", 1)                   = 1
2615  read(3, " ", 1)                   = 1
2615  read(3, "<", 1)                   = 1
2615  read(3, "i", 1)                   = 1
2615  read(3, "n", 1)                   = 1
2615  read(3, "i", 1)                   = 1
2615  read(3, "t", 1)                   = 1
2615  read(3, "|", 1)                   = 1
2615  read(3, "g", 1)                   = 1
2615  read(3, "e", 1)                   = 1
2615  read(3, "t", 1)                   = 1
2615  read(3, "|", 1)                   = 1
2615  read(3, "e", 1)                   = 1
2615  read(3, "v", 1)                   = 1
2615  read(3, "a", 1)                   = 1
2615  read(3, "l", 1)                   = 1
2615  read(3, "u", 1)                   = 1
2615  read(3, "a", 1)                   = 1
2615  read(3, "t", 1)                   = 1
2615  read(3, "e", 1)                   = 1
2615  read(3, "|", 1)                   = 1
2615  read(3, "\n", 1)                  = 1
2615  write(6, "91\n", 3)               = 3
2615  write(6, "./lab.sh --roll|-r  <roll1_roll2"..., 91) = 91
2615  read(3, " ", 1)                   = 1
2615  read(3, " ", 1)                   = 1
2615  read(3, " ", 1)                   = 1
2615  read(3, " ", 1)                   = 1
2615  read(3, " ", 1)                   = 1
2615  read(3, " ", 1)                   = 1
2615  read(3, " ", 1)                   = 1
2615  read(3, " ", 1)                   = 1
2615  read(3, " ", 1)                   = 1
2615  read(3, " ", 1)                   = 1
2615  read(3, " ", 1)                   = 1
2615  read(3, " ", 1)                   = 1
2615  read(3, " ", 1)                   = 1
2615  read(3, " ", 1)                   = 1
2615  read(3, " ", 1)                   = 1
2615  read(3, " ", 1)                   = 1
2615  read(3, " ", 1)                   = 1
2615  read(3, " ", 1)                   = 1
2615  read(3, " ", 1)                   = 1
2615  read(3, " ", 1)                   = 1
2615  read(3, " ", 1)                   = 1
2615  read(3, " ", 1)                   = 1
2615  read(3, " ", 1)                   = 1
2615  read(3, " ", 1)                   = 1
2615  read(3, " ", 1)                   = 1
2615  read(3, " ", 1)                   = 1
2615  read(3, " ", 1)                   = 1
2615  read(3, " ", 1)                   = 1
2615  read(3, " ", 1)                   = 1
2615  read(3, " ", 1)                   = 1
2615  read(3, " ", 1)                   = 1
2615  read(3, " ", 1)                   = 1
2615  read(3, " ", 1)                   = 1
2615  read(3, " ", 1)                   = 1
2615  read(3, " ", 1)                   = 1
2615  read(3, " ", 1)                   = 1
2615  read(3, " ", 1)                   = 1
2615  read(3, " ", 1)                   = 1
2615  read(3, " ", 1)                   = 1
2615  read(3, " ", 1)                   = 1
2615  read(3, " ", 1)                   = 1
2615  read(3, " ", 1)                   = 1
2615  read(3, " ", 1)                   = 1
2615  read(3, " ", 1)                   = 1
2615  read(3, " ", 1)                   = 1
2615  read(3, " ", 1)                   = 1
2615  read(3, " ", 1)                   = 1
2615  read(3, " ", 1)                   = 1
2615  read(3, " ", 1)                   = 1
2615  read(3, " ", 1)                   = 1
2615  read(3, " ", 1)                   = 1
2615  read(3, " ", 1)                   = 1
2615  read(3, " ", 1)                   = 1
2615  read(3, " ", 1)                   = 1
2615  read(3, " ", 1)                   = 1
2615  read(3, " ", 1)                   = 1
2615  read(3, " ", 1)                   = 1
2615  read(3, " ", 1)                   = 1
2615  read(3, " ", 1)                   = 1
2615  read(3, " ", 1)                   = 1
2615  read(3, " ", 1)                   = 1
2615  read(3, " ", 1)                   = 1
2615  read(3, " ", 1)                   = 1
2615  read(3, " ", 1)                   = 1
2615  read(3, " ", 1)                   = 1
2615  read(3, " ", 1)                   = 1
2615  read(3, " ", 1)                   = 1
2615  read(3, " ", 1)                   = 1
2615  read(3, " ", 1)                   = 1
2615  read(3, " ", 1)                   = 1
2615  read(3, "p", 1)                   = 1
2615  read(3, "r", 1)                   = 1
2615  read(3, "e", 1)                   = 1
2615  read(3, "p", 1)                   = 1
2615  read(3, "a", 1)                   = 1
2615  read(3, "r", 1)                   = 1
2615  read(3, "e", 1)                   = 1
2615  read(3, "|", 1)                   = 1
2615  read(3, "p", 1)                   = 1
2615  read(3, "r", 1)                   = 1
2615  read(3, "e", 1)                   = 1
2615  read(3, "p", 1)                   = 1
2615  read(3, "a", 1)                   = 1
2615  read(3, "r", 1)                   = 1
2615  read(3, "e", 1)                   = 1
2615  read(3, "-", 1)                   = 1
2615  read(3, "s", 1)                   = 1
2615  read(3, "a", 1)                   = 1
2615  read(3, "v", 1)                   = 1
2615  read(3, "e", 1)                   = 1
2615  read(3, "|", 1)                   = 1
2615  read(3, "\n", 1)                  = 1
2615  write(6, "92\n", 3)               = 3
2615  write(6, "                                "..., 92) = 92
2615  read(3, " ", 1)                   = 1
2615  read(3, " ", 1)                   = 1
2615  read(3, " ", 1)                   = 1
2615  read(3, " ", 1)                   = 1
2615  read(3, " ", 1)                   = 1
2615  read(3, " ", 1)                   = 1
2615  read(3, " ", 1)                   = 1
2615  read(3, " ", 1)                   = 1
2615  read(3, " ", 1)                   = 1
2615  read(3, " ", 1)                   = 1
2615  read(3, " ", 1)                   = 1
2615  read(3, " ", 1)                   = 1
2615  read(3, " ", 1)                   = 1
2615  read(3, " ", 1)                   = 1
2615  read(3, " ", 1)                   = 1
2615  read(3, " ", 1)                   = 1
2615  read(3, " ", 1)                   = 1
2615  read(3, " ", 1)                   = 1
2615  read(3, " ", 1)                   = 1
2615  read(3, " ", 1)                   = 1
2615  read(3, " ", 1)                   = 1
2615  read(3, " ", 1)                   = 1
2615  read(3, " ", 1)                   = 1
2615  read(3, " ", 1)                   = 1
2615  read(3, " ", 1)                   = 1
2615  read(3, " ", 1)                   = 1
2615  read(3, " ", 1)                   = 1
2615  read(3, " ", 1)                   = 1
2615  read(3, " ", 1)                   = 1
2615  read(3, " ", 1)                   = 1
2615  read(3, " ", 1)                   = 1
2615  read(3, " ", 1)                   = 1
2615  read(3, " ", 1)                   = 1
2615  read(3, " ", 1)                   = 1
2615  read(3, " ", 1)                   = 1
2615  read(3, " ", 1)                   = 1
2615  read(3, " ", 1)                   = 1
2615  read(3, " ", 1)                   = 1
2615  read(3, " ", 1)                   = 1
2615  read(3, " ", 1)                   = 1
2615  read(3, " ", 1)                   = 1
2615  read(3, " ", 1)                   = 1
2615  read(3, " ", 1)                   = 1
2615  read(3, " ", 1)                   = 1
2615  read(3, " ", 1)                   = 1
2615  read(3, " ", 1)                   = 1
2615  read(3, " ", 1)                   = 1
2615  read(3, " ", 1)                   = 1
2615  read(3, " ", 1)                   = 1
2615  read(3, " ", 1)                   = 1
2615  read(3, " ", 1)                   = 1
2615  read(3, " ", 1)                   = 1
2615  read(3, " ", 1)                   = 1
2615  read(3, " ", 1)                   = 1
2615  read(3, " ", 1)                   = 1
2615  read(3, " ", 1)                   = 1
2615  read(3, " ", 1)                   = 1
2615  read(3, " ", 1)                   = 1
2615  read(3, " ", 1)                   = 1
2615  read(3, " ", 1)                   = 1
2615  read(3, " ", 1)                   = 1
2615  read(3, " ", 1)                   = 1
2615  read(3, " ", 1)                   = 1
2615  read(3, " ", 1)                   = 1
2615  read(3, " ", 1)                   = 1
2615  read(3, " ", 1)                   = 1
2615  read(3, " ", 1)                   = 1
2615  read(3, " ", 1)                   = 1
2615  read(3, " ", 1)                   = 1
2615  read(3, " ", 1)                   = 1
2615  read(3, "s", 1)                   = 1
2615  read(3, "u", 1)                   = 1
2615  read(3, "b", 1)                   = 1
2615  read(3, "m", 1)                   = 1
2615  read(3, "i", 1)                   = 1
2615  read(3, "t", 1)                   = 1
2615  read(3, "|", 1)                   = 1
2615  read(3, "s", 1)                   = 1
2615  read(3, "a", 1)                   = 1
2615  read(3, "v", 1)                   = 1
2615  read(3, "e", 1)                   = 1
2615  read(3, "|", 1)                   = 1
2615  read(3, "r", 1)                   = 1
2615  read(3, "e", 1)                   = 1
2615  read(3, "l", 1)                   = 1
2615  read(3, "o", 1)                   = 1
2615  read(3, "a", 1)                   = 1
2615  read(3, "d", 1)                   = 1
2615  read(3, "|", 1)                   = 1
2615  read(3, "\n", 1)                  = 1
2615  write(6, "90\n", 3)               = 3
2615  write(6, "                                "..., 90) = 90
2615  read(3, " ", 1)                   = 1
2615  read(3, " ", 1)                   = 1
2615  read(3, " ", 1)                   = 1
2615  read(3, " ", 1)                   = 1
2615  read(3, " ", 1)                   = 1
2615  read(3, " ", 1)                   = 1
2615  read(3, " ", 1)                   = 1
2615  read(3, " ", 1)                   = 1
2615  read(3, " ", 1)                   = 1
2615  read(3, " ", 1)                   = 1
2615  read(3, " ", 1)                   = 1
2615  read(3, " ", 1)                   = 1
2615  read(3, " ", 1)                   = 1
2615  read(3, " ", 1)                   = 1
2615  read(3, " ", 1)                   = 1
2615  read(3, " ", 1)                   = 1
2615  read(3, " ", 1)                   = 1
2615  read(3, " ", 1)                   = 1
2615  read(3, " ", 1)                   = 1
2615  read(3, " ", 1)                   = 1
2615  read(3, " ", 1)                   = 1
2615  read(3, " ", 1)                   = 1
2615  read(3, " ", 1)                   = 1
2615  read(3, " ", 1)                   = 1
2615  read(3, " ", 1)                   = 1
2615  read(3, " ", 1)                   = 1
2615  read(3, " ", 1)                   = 1
2615  read(3, " ", 1)                   = 1
2615  read(3, " ", 1)                   = 1
2615  read(3, " ", 1)                   = 1
2615  read(3, " ", 1)                   = 1
2615  read(3, " ", 1)                   = 1
2615  read(3, " ", 1)                   = 1
2615  read(3, " ", 1)                   = 1
2615  read(3, " ", 1)                   = 1
2615  read(3, " ", 1)                   = 1
2615  read(3, " ", 1)                   = 1
2615  read(3, " ", 1)                   = 1
2615  read(3, " ", 1)                   = 1
2615  read(3, " ", 1)                   = 1
2615  read(3, " ", 1)                   = 1
2615  read(3, " ", 1)                   = 1
2615  read(3, " ", 1)                   = 1
2615  read(3, " ", 1)                   = 1
2615  read(3, " ", 1)                   = 1
2615  read(3, " ", 1)                   = 1
2615  read(3, " ", 1)                   = 1
2615  read(3, " ", 1)                   = 1
2615  read(3, " ", 1)                   = 1
2615  read(3, " ", 1)                   = 1
2615  read(3, " ", 1)                   = 1
2615  read(3, " ", 1)                   = 1
2615  read(3, " ", 1)                   = 1
2615  read(3, " ", 1)                   = 1
2615  read(3, " ", 1)                   = 1
2615  read(3, " ", 1)                   = 1
2615  read(3, " ", 1)                   = 1
2615  read(3, " ", 1)                   = 1
2615  read(3, " ", 1)                   = 1
2615  read(3, " ", 1)                   = 1
2615  read(3, " ", 1)                   = 1
2615  read(3, " ", 1)                   = 1
2615  read(3, " ", 1)                   = 1
2615  read(3, " ", 1)                   = 1
2615  read(3, " ", 1)                   = 1
2615  read(3, " ", 1)                   = 1
2615  read(3, " ", 1)                   = 1
2615  read(3, " ", 1)                   = 1
2615  read(3, " ", 1)                   = 1
2615  read(3, " ", 1)                   = 1
2615  read(3, "d", 1)                   = 1
2615  read(3, "e", 1)                   = 1
2615  read(3, "t", 1)                   = 1
2615  read(3, "a", 1)                   = 1
2615  read(3, "c", 1)                   = 1
2615  read(3, "h", 1)                   = 1
2615  read(3, "|", 1)                   = 1
2615  read(3, "s", 1)                   = 1
2615  read(3, "w", 1)                   = 1
2615  read(3, "u", 1)                   = 1
2615  read(3, "p", 1)                   = 1
2615  read(3, "d", 1)                   = 1
2615  read(3, "a", 1)                   = 1
2615  read(3, "t", 1)                   = 1
2615  read(3, "e", 1)                   = 1
2615  read(3, "|", 1)                   = 1
2615  read(3, "\n", 1)                  = 1
2615  write(6, "87\n", 3)               = 3
2615  write(6, "                                "..., 87) = 87
2615  read(3, " ", 1)                   = 1
2615  read(3, " ", 1)                   = 1
2615  read(3, " ", 1)                   = 1
2615  read(3, " ", 1)                   = 1
2615  read(3, " ", 1)                   = 1
2615  read(3, " ", 1)                   = 1
2615  read(3, " ", 1)                   = 1
2615  read(3, " ", 1)                   = 1
2615  read(3, " ", 1)                   = 1
2615  read(3, " ", 1)                   = 1
2615  read(3, " ", 1)                   = 1
2615  read(3, " ", 1)                   = 1
2615  read(3, " ", 1)                   = 1
2615  read(3, " ", 1)                   = 1
2615  read(3, " ", 1)                   = 1
2615  read(3, " ", 1)                   = 1
2615  read(3, " ", 1)                   = 1
2615  read(3, " ", 1)                   = 1
2615  read(3, " ", 1)                   = 1
2615  read(3, " ", 1)                   = 1
2615  read(3, " ", 1)                   = 1
2615  read(3, " ", 1)                   = 1
2615  read(3, " ", 1)                   = 1
2615  read(3, " ", 1)                   = 1
2615  read(3, " ", 1)                   = 1
2615  read(3, " ", 1)                   = 1
2615  read(3, " ", 1)                   = 1
2615  read(3, " ", 1)                   = 1
2615  read(3, " ", 1)                   = 1
2615  read(3, " ", 1)                   = 1
2615  read(3, " ", 1)                   = 1
2615  read(3, " ", 1)                   = 1
2615  read(3, " ", 1)                   = 1
2615  read(3, " ", 1)                   = 1
2615  read(3, " ", 1)                   = 1
2615  read(3, " ", 1)                   = 1
2615  read(3, " ", 1)                   = 1
2615  read(3, " ", 1)                   = 1
2615  read(3, " ", 1)                   = 1
2615  read(3, " ", 1)                   = 1
2615  read(3, " ", 1)                   = 1
2615  read(3, " ", 1)                   = 1
2615  read(3, " ", 1)                   = 1
2615  read(3, " ", 1)                   = 1
2615  read(3, " ", 1)                   = 1
2615  read(3, " ", 1)                   = 1
2615  read(3, " ", 1)                   = 1
2615  read(3, " ", 1)                   = 1
2615  read(3, " ", 1)                   = 1
2615  read(3, " ", 1)                   = 1
2615  read(3, " ", 1)                   = 1
2615  read(3, " ", 1)                   = 1
2615  read(3, " ", 1)                   = 1
2615  read(3, " ", 1)                   = 1
2615  read(3, " ", 1)                   = 1
2615  read(3, " ", 1)                   = 1
2615  read(3, " ", 1)                   = 1
2615  read(3, " ", 1)                   = 1
2615  read(3, " ", 1)                   = 1
2615  read(3, " ", 1)                   = 1
2615  read(3, " ", 1)                   = 1
2615  read(3, " ", 1)                   = 1
2615  read(3, " ", 1)                   = 1
2615  read(3, " ", 1)                   = 1
2615  read(3, " ", 1)                   = 1
2615  read(3, " ", 1)                   = 1
2615  read(3, " ", 1)                   = 1
2615  read(3, " ", 1)                   = 1
2615  read(3, " ", 1)                   = 1
2615  read(3, " ", 1)                   = 1
2615  read(3, "s", 1)                   = 1
2615  read(3, "i", 1)                   = 1
2615  read(3, "g", 1)                   = 1
2615  read(3, "n", 1)                   = 1
2615  read(3, "o", 1)                   = 1
2615  read(3, "f", 1)                   = 1
2615  read(3, "f", 1)                   = 1
2615  read(3, ">", 1)                   = 1
2615  read(3, "\n", 1)                  = 1
2615  write(6, "79\n", 3)               = 3
2615  write(6, "                                "..., 79) = 79
2615  read(3, " ", 1)                   = 1
2615  read(3, " ", 1)                   = 1
2615  read(3, " ", 1)                   = 1
2615  read(3, " ", 1)                   = 1
2615  read(3, " ", 1)                   = 1
2615  read(3, " ", 1)                   = 1
2615  read(3, " ", 1)                   = 1
2615  read(3, " ", 1)                   = 1
2615  read(3, "\n", 1)                  = 1
2615  write(6, "9\n", 2)                = 2
2615  write(6, "        \n", 9)         = 9
2615  read(3, "\t", 1)                  = 1
2615  read(3, "N", 1)                   = 1
2615  read(3, "o", 1)                   = 1
2615  read(3, "t", 1)                   = 1
2615  read(3, "e", 1)                   = 1
2615  read(3, " ", 1)                   = 1
2615  read(3, "y", 1)                   = 1
2615  read(3, "o", 1)                   = 1
2615  read(3, "u", 1)                   = 1
2615  read(3, "r", 1)                   = 1
2615  read(3, " ", 1)                   = 1
2615  read(3, "r", 1)                   = 1
2615  read(3, "o", 1)                   = 1
2615  read(3, "l", 1)                   = 1
2615  read(3, "l", 1)                   = 1
2615  read(3, " ", 1)                   = 1
2615  read(3, "n", 1)                   = 1
2615  read(3, "u", 1)                   = 1
2615  read(3, "m", 1)                   = 1
2615  read(3, "b", 1)                   = 1
2615  read(3, "e", 1)                   = 1
2615  read(3, "r", 1)                   = 1
2615  read(3, " ", 1)                   = 1
2615  read(3, "s", 1)                   = 1
2615  read(3, "t", 1)                   = 1
2615  read(3, "r", 1)                   = 1
2615  read(3, "i", 1)                   = 1
2615  read(3, "n", 1)                   = 1
2615  read(3, "g", 1)                   = 1
2615  read(3, ".", 1)                   = 1
2615  read(3, " ", 1)                   = 1
2615  read(3, "N", 1)                   = 1
2615  read(3, "e", 1)                   = 1
2615  read(3, "v", 1)                   = 1
2615  read(3, "e", 1)                   = 1
2615  read(3, "r", 1)                   = 1
2615  read(3, " ", 1)                   = 1
2615  read(3, "f", 1)                   = 1
2615  read(3, "o", 1)                   = 1
2615  read(3, "r", 1)                   = 1
2615  read(3, "g", 1)                   = 1
2615  read(3, "e", 1)                   = 1
2615  read(3, "t", 1)                   = 1
2615  read(3, " ", 1)                   = 1
2615  read(3, "o", 1)                   = 1
2615  read(3, "r", 1)                   = 1
2615  read(3, " ", 1)                   = 1
2615  read(3, "f", 1)                   = 1
2615  read(3, "o", 1)                   = 1
2615  read(3, "r", 1)                   = 1
2615  read(3, "g", 1)                   = 1
2615  read(3, "e", 1)                   = 1
2615  read(3, "!", 1)                   = 1
2615  read(3, "\n", 1)                  = 1
2615  write(6, "54\n", 3)               = 3
2615  write(6, "\tNote your roll number string. N"..., 54) = 54
2615  read(3, "\n", 1)                  = 1
2615  write(6, "1\n", 2)                = 2
2615  write(6, "\n", 1)                 = 1
2615  read(3, " ", 1)                   = 1
2615  read(3, " ", 1)                   = 1
2615  read(3, " ", 1)                   = 1
2615  read(3, " ", 1)                   = 1
2615  read(3, " ", 1)                   = 1
2615  read(3, " ", 1)                   = 1
2615  read(3, " ", 1)                   = 1
2615  read(3, " ", 1)                   = 1
2615  read(3, "[", 1)                   = 1
2615  read(3, "-", 1)                   = 1
2615  read(3, "-", 1)                   = 1
2615  read(3, "a", 1)                   = 1
2615  read(3, "c", 1)                   = 1
2615  read(3, "t", 1)                   = 1
2615  read(3, "i", 1)                   = 1
2615  read(3, "o", 1)                   = 1
2615  read(3, "n", 1)                   = 1
2615  read(3, "]", 1)                   = 1
2615  read(3, " ", 1)                   = 1
2615  read(3, "c", 1)                   = 1
2615  read(3, "a", 1)                   = 1
2615  read(3, "n", 1)                   = 1
2615  read(3, " ", 1)                   = 1
2615  read(3, "b", 1)                   = 1
2615  read(3, "e", 1)                   = 1
2615  read(3, " ", 1)                   = 1
2615  read(3, "o", 1)                   = 1
2615  read(3, "n", 1)                   = 1
2615  read(3, "e", 1)                   = 1
2615  read(3, " ", 1)                   = 1
2615  read(3, "o", 1)                   = 1
2615  read(3, "f", 1)                   = 1
2615  read(3, " ", 1)                   = 1
2615  read(3, "t", 1)                   = 1
2615  read(3, "h", 1)                   = 1
2615  read(3, "e", 1)                   = 1
2615  read(3, " ", 1)                   = 1
2615  read(3, "f", 1)                   = 1
2615  read(3, "o", 1)                   = 1
2615  read(3, "l", 1)                   = 1
2615  read(3, "l", 1)                   = 1
2615  read(3, "o", 1)                   = 1
2615  read(3, "w", 1)                   = 1
2615  read(3, "i", 1)                   = 1
2615  read(3, "n", 1)                   = 1
2615  read(3, "g", 1)                   = 1
2615  read(3, "\n", 1)                  = 1
2615  write(6, "47\n", 3)               = 3
2615  write(6, "        [--action] can be one of"..., 47) = 47
2615  read(3, "\n", 1)                  = 1
2615  write(6, "1\n", 2)                = 2
2615  write(6, "\n", 1)                 = 1
2615  read(3, " ", 1)                   = 1
2615  read(3, " ", 1)                   = 1
2615  read(3, " ", 1)                   = 1
2615  read(3, " ", 1)                   = 1
2615  read(3, " ", 1)                   = 1
2615  read(3, " ", 1)                   = 1
2615  read(3, " ", 1)                   = 1
2615  read(3, " ", 1)                   = 1
2615  read(3, "i", 1)                   = 1
2615  read(3, "n", 1)                   = 1
2615  read(3, "i", 1)                   = 1
2615  read(3, "t", 1)                   = 1
2615  read(3, ":", 1)                   = 1
2615  read(3, " ", 1)                   = 1
2615  read(3, "I", 1)                   = 1
2615  read(3, "n", 1)                   = 1
2615  read(3, "i", 1)                   = 1
2615  read(3, "t", 1)                   = 1
2615  read(3, "i", 1)                   = 1
2615  read(3, "a", 1)                   = 1
2615  read(3, "l", 1)                   = 1
2615  read(3, "i", 1)                   = 1
2615  read(3, "z", 1)                   = 1
2615  read(3, "e", 1)                   = 1
2615  read(3, " ", 1)                   = 1
2615  read(3, "t", 1)                   = 1
2615  read(3, "h", 1)                   = 1
2615  read(3, "e", 1)                   = 1
2615  read(3, " ", 1)                   = 1
2615  read(3, "l", 1)                   = 1
2615  read(3, "a", 1)                   = 1
2615  read(3, "b", 1)                   = 1
2615  read(3, " ", 1)                   = 1
2615  read(3, "s", 1)                   = 1
2615  read(3, "e", 1)                   = 1
2615  read(3, "s", 1)                   = 1
2615  read(3, "s", 1)                   = 1
2615  read(3, "i", 1)                   = 1
2615  read(3, "o", 1)                   = 1
2615  read(3, "n", 1)                   = 1
2615  read(3, "\n", 1)                  = 1
2615  write(6, "41\n", 3)               = 3
2615  write(6, "        init: Initialize the lab"..., 41) = 41
2615  read(3, " ", 1)                   = 1
2615  read(3, " ", 1)                   = 1
2615  read(3, " ", 1)                   = 1
2615  read(3, " ", 1)                   = 1
2615  read(3, " ", 1)                   = 1
2615  read(3, " ", 1)                   = 1
2615  read(3, " ", 1)                   = 1
2615  read(3, " ", 1)                   = 1
2615  read(3, "g", 1)                   = 1
2615  read(3, "e", 1)                   = 1
2615  read(3, "t", 1)                   = 1
2615  read(3, ":", 1)                   = 1
2615  read(3, " ", 1)                   = 1
2615  read(3, "D", 1)                   = 1
2615  read(3, "o", 1)                   = 1
2615  read(3, "w", 1)                   = 1
2615  read(3, "n", 1)                   = 1
2615  read(3, "l", 1)                   = 1
2615  read(3, "o", 1)                   = 1
2615  read(3, "a", 1)                   = 1
2615  read(3, "d", 1)                   = 1
2615  read(3, " ", 1)                   = 1
2615  read(3, "t", 1)                   = 1
2615  read(3, "h", 1)                   = 1
2615  read(3, "e", 1)                   = 1
2615  read(3, " ", 1)                   = 1
2615  read(3, "a", 1)                   = 1
2615  read(3, "s", 1)                   = 1
2615  read(3, "s", 1)                   = 1
2615  read(3, "i", 1)                   = 1
2615  read(3, "g", 1)                   = 1
2615  read(3, "n", 1)                   = 1
2615  read(3, "m", 1)                   = 1
2615  read(3, "e", 1)                   = 1
2615  read(3, "n", 1)                   = 1
2615  read(3, "t", 1)                   = 1
2615  read(3, "\n", 1)                  = 1
2615  write(6, "37\n", 3)               = 3
2615  write(6, "        get: Download the assign"..., 37) = 37
2615  read(3, " ", 1)                   = 1
2615  read(3, " ", 1)                   = 1
2615  read(3, " ", 1)                   = 1
2615  read(3, " ", 1)                   = 1
2615  read(3, " ", 1)                   = 1
2615  read(3, " ", 1)                   = 1
2615  read(3, " ", 1)                   = 1
2615  read(3, " ", 1)                   = 1
2615  read(3, "e", 1)                   = 1
2615  read(3, "v", 1)                   = 1
2615  read(3, "a", 1)                   = 1
2615  read(3, "l", 1)                   = 1
2615  read(3, "u", 1)                   = 1
2615  read(3, "a", 1)                   = 1
2615  read(3, "t", 1)                   = 1
2615  read(3, "e", 1)                   = 1
2615  read(3, ":", 1)                   = 1
2615  read(3, " ", 1)                   = 1
2615  read(3, "E", 1)                   = 1
2615  read(3, "v", 1)                   = 1
2615  read(3, "a", 1)                   = 1
2615  read(3, "l", 1)                   = 1
2615  read(3, "u", 1)                   = 1
2615  read(3, "a", 1)                   = 1
2615  read(3, "t", 1)                   = 1
2615  read(3, "e", 1)                   = 1
2615  read(3, " ", 1)                   = 1
2615  read(3, "t", 1)                   = 1
2615  read(3, "h", 1)                   = 1
2615  read(3, "e", 1)                   = 1
2615  read(3, " ", 1)                   = 1
2615  read(3, "a", 1)                   = 1
2615  read(3, "s", 1)                   = 1
2615  read(3, "s", 1)                   = 1
2615  read(3, "i", 1)                   = 1
2615  read(3, "g", 1)                   = 1
2615  read(3, "n", 1)                   = 1
2615  read(3, "m", 1)                   = 1
2615  read(3, "e", 1)                   = 1
2615  read(3, "n", 1)                   = 1
2615  read(3, "t", 1)                   = 1
2615  read(3, "\n", 1)                  = 1
2615  write(6, "42\n", 3)               = 3
2615  write(6, "        evaluate: Evaluate the a"..., 42) = 42
2615  read(3, " ", 1)                   = 1
2615  read(3, " ", 1)                   = 1
2615  read(3, " ", 1)                   = 1
2615  read(3, " ", 1)                   = 1
2615  read(3, " ", 1)                   = 1
2615  read(3, " ", 1)                   = 1
2615  read(3, " ", 1)                   = 1
2615  read(3, " ", 1)                   = 1
2615  read(3, "p", 1)                   = 1
2615  read(3, "r", 1)                   = 1
2615  read(3, "e", 1)                   = 1
2615  read(3, "p", 1)                   = 1
2615  read(3, "a", 1)                   = 1
2615  read(3, "r", 1)                   = 1
2615  read(3, "e", 1)                   = 1
2615  read(3, ":", 1)                   = 1
2615  read(3, " ", 1)                   = 1
2615  read(3, "P", 1)                   = 1
2615  read(3, "r", 1)                   = 1
2615  read(3, "e", 1)                   = 1
2615  read(3, "p", 1)                   = 1
2615  read(3, "a", 1)                   = 1
2615  read(3, "r", 1)                   = 1
2615  read(3, "e", 1)                   = 1
2615  read(3, " ", 1)                   = 1
2615  read(3, "a", 1)                   = 1
2615  read(3, " ", 1)                   = 1
2615  read(3, "s", 1)                   = 1
2615  read(3, "u", 1)                   = 1
2615  read(3, "b", 1)                   = 1
2615  read(3, "m", 1)                   = 1
2615  read(3, "i", 1)                   = 1
2615  read(3, "s", 1)                   = 1
2615  read(3, "s", 1)                   = 1
2615  read(3, "i", 1)                   = 1
2615  read(3, "o", 1)                   = 1
2615  read(3, "n", 1)                   = 1
2615  read(3, " ", 1)                   = 1
2615  read(3, "a", 1)                   = 1
2615  read(3, "r", 1)                   = 1
2615  read(3, "c", 1)                   = 1
2615  read(3, "h", 1)                   = 1
2615  read(3, "i", 1)                   = 1
2615  read(3, "v", 1)                   = 1
2615  read(3, "e", 1)                   = 1
2615  read(3, "\n", 1)                  = 1
2615  write(6, "46\n", 3)               = 3
2615  write(6, "        prepare: Prepare a submi"..., 46) = 46
2615  read(3, " ", 1)                   = 1
2615  read(3, " ", 1)                   = 1
2615  read(3, " ", 1)                   = 1
2615  read(3, " ", 1)                   = 1
2615  read(3, " ", 1)                   = 1
2615  read(3, " ", 1)                   = 1
2615  read(3, " ", 1)                   = 1
2615  read(3, " ", 1)                   = 1
2615  read(3, "p", 1)                   = 1
2615  read(3, "r", 1)                   = 1
2615  read(3, "e", 1)                   = 1
2615  read(3, "p", 1)                   = 1
2615  read(3, "a", 1)                   = 1
2615  read(3, "r", 1)                   = 1
2615  read(3, "e", 1)                   = 1
2615  read(3, "-", 1)                   = 1
2615  read(3, "s", 1)                   = 1
2615  read(3, "a", 1)                   = 1
2615  read(3, "v", 1)                   = 1
2615  read(3, "e", 1)                   = 1
2615  read(3, ":", 1)                   = 1
2615  read(3, " ", 1)                   = 1
2615  read(3, "P", 1)                   = 1
2615  read(3, "r", 1)                   = 1
2615  read(3, "e", 1)                   = 1
2615  read(3, "p", 1)                   = 1
2615  read(3, "a", 1)                   = 1
2615  read(3, "r", 1)                   = 1
2615  read(3, "e", 1)                   = 1
2615  read(3, " ", 1)                   = 1
2615  read(3, "a", 1)                   = 1
2615  read(3, "n", 1)                   = 1
2615  read(3, " ", 1)                   = 1
2615  read(3, "a", 1)                   = 1
2615  read(3, "r", 1)                   = 1
2615  read(3, "c", 1)                   = 1
2615  read(3, "h", 1)                   = 1
2615  read(3, "i", 1)                   = 1
2615  read(3, "v", 1)                   = 1
2615  read(3, "e", 1)                   = 1
2615  read(3, " ", 1)                   = 1
2615  read(3, "t", 1)                   = 1
2615  read(3, "o", 1)                   = 1
2615  read(3, " ", 1)                   = 1
2615  read(3, "s", 1)                   = 1
2615  read(3, "a", 1)                   = 1
2615  read(3, "v", 1)                   = 1
2615  read(3, "e", 1)                   = 1
2615  read(3, "\n", 1)                  = 1
2615  write(6, "49\n", 3)               = 3
2615  write(6, "        prepare-save: Prepare an"..., 49) = 49
2615  read(3, " ", 1)                   = 1
2615  read(3, " ", 1)                   = 1
2615  read(3, " ", 1)                   = 1
2615  read(3, " ", 1)                   = 1
2615  read(3, " ", 1)                   = 1
2615  read(3, " ", 1)                   = 1
2615  read(3, " ", 1)                   = 1
2615  read(3, " ", 1)                   = 1
2615  read(3, "s", 1)                   = 1
2615  read(3, "u", 1)                   = 1
2615  read(3, "b", 1)                   = 1
2615  read(3, "m", 1)                   = 1
2615  read(3, "i", 1)                   = 1
2615  read(3, "t", 1)                   = 1
2615  read(3, ":", 1)                   = 1
2615  read(3, " ", 1)                   = 1
2615  read(3, "S", 1)                   = 1
2615  read(3, "u", 1)                   = 1
2615  read(3, "b", 1)                   = 1
2615  read(3, "m", 1)                   = 1
2615  read(3, "i", 1)                   = 1
2615  read(3, "t", 1)                   = 1
2615  read(3, " ", 1)                   = 1
2615  read(3, "t", 1)                   = 1
2615  read(3, "h", 1)                   = 1
2615  read(3, "e", 1)                   = 1
2615  read(3, " ", 1)                   = 1
2615  read(3, "a", 1)                   = 1
2615  read(3, "s", 1)                   = 1
2615  read(3, "s", 1)                   = 1
2615  read(3, "i", 1)                   = 1
2615  read(3, "g", 1)                   = 1
2615  read(3, "n", 1)                   = 1
2615  read(3, "m", 1)                   = 1
2615  read(3, "e", 1)                   = 1
2615  read(3, "n", 1)                   = 1
2615  read(3, "t", 1)                   = 1
2615  read(3, ".", 1)                   = 1
2615  read(3, " ", 1)                   = 1
2615  read(3, "C", 1)                   = 1
2615  read(3, "a", 1)                   = 1
2615  read(3, "n", 1)                   = 1
2615  read(3, " ", 1)                   = 1
2615  read(3, "b", 1)                   = 1
2615  read(3, "e", 1)                   = 1
2615  read(3, " ", 1)                   = 1
2615  read(3, "p", 1)                   = 1
2615  read(3, "e", 1)                   = 1
2615  read(3, "r", 1)                   = 1
2615  read(3, "f", 1)                   = 1
2615  read(3, "o", 1)                   = 1
2615  read(3, "m", 1)                   = 1
2615  read(3, "e", 1)                   = 1
2615  read(3, "d", 1)                   = 1
2615  read(3, " ", 1)                   = 1
2615  read(3, "o", 1)                   = 1
2615  read(3, "n", 1)                   = 1
2615  read(3, "l", 1)                   = 1
2615  read(3, "y", 1)                   = 1
2615  read(3, " ", 1)                   = 1
2615  read(3, "o", 1)                   = 1
2615  read(3, "n", 1)                   = 1
2615  read(3, "c", 1)                   = 1
2615  read(3, "e", 1)                   = 1
2615  read(3, "!", 1)                   = 1
2615  read(3, "\n", 1)                  = 1
2615  write(6, "66\n", 3)               = 3
2615  write(6, "        submit: Submit the assig"..., 66) = 66
2615  read(3, " ", 1)                   = 1
2615  read(3, " ", 1)                   = 1
2615  read(3, " ", 1)                   = 1
2615  read(3, " ", 1)                   = 1
2615  read(3, " ", 1)                   = 1
2615  read(3, " ", 1)                   = 1
2615  read(3, " ", 1)                   = 1
2615  read(3, " ", 1)                   = 1
2615  read(3, "s", 1)                   = 1
2615  read(3, "a", 1)                   = 1
2615  read(3, "v", 1)                   = 1
2615  read(3, "e", 1)                   = 1
2615  read(3, ":", 1)                   = 1
2615  read(3, " ", 1)                   = 1
2615  read(3, "S", 1)                   = 1
2615  read(3, "a", 1)                   = 1
2615  read(3, "v", 1)                   = 1
2615  read(3, "e", 1)                   = 1
2615  read(3, " ", 1)                   = 1
2615  read(3, "t", 1)                   = 1
2615  read(3, "h", 1)                   = 1
2615  read(3, "e", 1)                   = 1
2615  read(3, " ", 1)                   = 1
2615  read(3, "a", 1)                   = 1
2615  read(3, "s", 1)                   = 1
2615  read(3, "s", 1)                   = 1
2615  read(3, "i", 1)                   = 1
2615  read(3, "g", 1)                   = 1
2615  read(3, "n", 1)                   = 1
2615  read(3, "m", 1)                   = 1
2615  read(3, "e", 1)                   = 1
2615  read(3, "n", 1)                   = 1
2615  read(3, "t", 1)                   = 1
2615  read(3, "\n", 1)                  = 1
2615  write(6, "34\n", 3)               = 3
2615  write(6, "        save: Save the assignmen"..., 34) = 34
2615  read(3, " ", 1)                   = 1
2615  read(3, " ", 1)                   = 1
2615  read(3, " ", 1)                   = 1
2615  read(3, " ", 1)                   = 1
2615  read(3, " ", 1)                   = 1
2615  read(3, " ", 1)                   = 1
2615  read(3, " ", 1)                   = 1
2615  read(3, " ", 1)                   = 1
2615  read(3, "r", 1)                   = 1
2615  read(3, "e", 1)                   = 1
2615  read(3, "l", 1)                   = 1
2615  read(3, "o", 1)                   = 1
2615  read(3, "a", 1)                   = 1
2615  read(3, "d", 1)                   = 1
2615  read(3, ":", 1)                   = 1
2615  read(3, " ", 1)                   = 1
2615  read(3, "R", 1)                   = 1
2615  read(3, "e", 1)                   = 1
2615  read(3, "l", 1)                   = 1
2615  read(3, "o", 1)                   = 1
2615  read(3, "a", 1)                   = 1
2615  read(3, "d", 1)                   = 1
2615  read(3, " ", 1)                   = 1
2615  read(3, "t", 1)                   = 1
2615  read(3, "h", 1)                   = 1
2615  read(3, "e", 1)                   = 1
2615  read(3, " ", 1)                   = 1
2615  read(3, "l", 1)                   = 1
2615  read(3, "a", 1)                   = 1
2615  read(3, "s", 1)                   = 1
2615  read(3, "t", 1)                   = 1
2615  read(3, " ", 1)                   = 1
2615  read(3, "s", 1)                   = 1
2615  read(3, "a", 1)                   = 1
2615  read(3, "v", 1)                   = 1
2615  read(3, "e", 1)                   = 1
2615  read(3, "d", 1)                   = 1
2615  read(3, " ", 1)                   = 1
2615  read(3, "s", 1)                   = 1
2615  read(3, "o", 1)                   = 1
2615  read(3, "l", 1)                   = 1
2615  read(3, "u", 1)                   = 1
2615  read(3, "t", 1)                   = 1
2615  read(3, "i", 1)                   = 1
2615  read(3, "o", 1)                   = 1
2615  read(3, "n", 1)                   = 1
2615  read(3, " ", 1)                   = 1
2615  read(3, "a", 1)                   = 1
2615  read(3, "n", 1)                   = 1
2615  read(3, "d", 1)                   = 1
2615  read(3, " ", 1)                   = 1
2615  read(3, "a", 1)                   = 1
2615  read(3, "p", 1)                   = 1
2615  read(3, "p", 1)                   = 1
2615  read(3, "l", 1)                   = 1
2615  read(3, "y", 1)                   = 1
2615  read(3, " ", 1)                   = 1
2615  read(3, "i", 1)                   = 1
2615  read(3, "t", 1)                   = 1
2615  read(3, " ", 1)                   = 1
2615  read(3, "t", 1)                   = 1
2615  read(3, "o", 1)                   = 1
2615  read(3, " ", 1)                   = 1
2615  read(3, "a", 1)                   = 1
2615  read(3, " ", 1)                   = 1
2615  read(3, "f", 1)                   = 1
2615  read(3, "r", 1)                   = 1
2615  read(3, "e", 1)                   = 1
2615  read(3, "s", 1)                   = 1
2615  read(3, "h", 1)                   = 1
2615  read(3, " ", 1)                   = 1
2615  read(3, "l", 1)                   = 1
2615  read(3, "a", 1)                   = 1
2615  read(3, "b", 1)                   = 1
2615  read(3, " ", 1)                   = 1
2615  read(3, "a", 1)                   = 1
2615  read(3, "r", 1)                   = 1
2615  read(3, "c", 1)                   = 1
2615  read(3, "h", 1)                   = 1
2615  read(3, "i", 1)                   = 1
2615  read(3, "v", 1)                   = 1
2615  read(3, "e", 1)                   = 1
2615  read(3, "\n", 1)                  = 1
2615  write(6, "83\n", 3)               = 3
2615  write(6, "        reload: Reload the last "..., 83) = 83
2615  read(3, " ", 1)                   = 1
2615  read(3, " ", 1)                   = 1
2615  read(3, " ", 1)                   = 1
2615  read(3, " ", 1)                   = 1
2615  read(3, " ", 1)                   = 1
2615  read(3, " ", 1)                   = 1
2615  read(3, " ", 1)                   = 1
2615  read(3, " ", 1)                   = 1
2615  read(3, "d", 1)                   = 1
2615  read(3, "e", 1)                   = 1
2615  read(3, "t", 1)                   = 1
2615  read(3, "a", 1)                   = 1
2615  read(3, "c", 1)                   = 1
2615  read(3, "h", 1)                   = 1
2615  read(3, ":", 1)                   = 1
2615  read(3, " ", 1)                   = 1
2615  read(3, "T", 1)                   = 1
2615  read(3, "h", 1)                   = 1
2615  read(3, "e", 1)                   = 1
2615  read(3, " ", 1)                   = 1
2615  read(3, "l", 1)                   = 1
2615  read(3, "a", 1)                   = 1
2615  read(3, "b", 1)                   = 1
2615  read(3, " ", 1)                   = 1
2615  read(3, "s", 1)                   = 1
2615  read(3, "e", 1)                   = 1
2615  read(3, "s", 1)                   = 1
2615  read(3, "s", 1)                   = 1
2615  read(3, "i", 1)                   = 1
2615  read(3, "o", 1)                   = 1
2615  read(3, "n", 1)                   = 1
2615  read(3, " ", 1)                   = 1
2615  read(3, "i", 1)                   = 1
2615  read(3, "s", 1)                   = 1
2615  read(3, " ", 1)                   = 1
2615  read(3, "d", 1)                   = 1
2615  read(3, "e", 1)                   = 1
2615  read(3, "t", 1)                   = 1
2615  read(3, "a", 1)                   = 1
2615  read(3, "c", 1)                   = 1
2615  read(3, "h", 1)                   = 1
2615  read(3, "e", 1)                   = 1
2615  read(3, "d", 1)                   = 1
2615  read(3, ".", 1)                   = 1
2615  read(3, " ", 1)                   = 1
2615  read(3, "C", 1)                   = 1
2615  read(3, "a", 1)                   = 1
2615  read(3, "n", 1)                   = 1
2615  read(3, " ", 1)                   = 1
2615  read(3, "b", 1)                   = 1
2615  read(3, "e", 1)                   = 1
2615  read(3, " ", 1)                   = 1
2615  read(3, "r", 1)                   = 1
2615  read(3, "e", 1)                   = 1
2615  read(3, "l", 1)                   = 1
2615  read(3, "o", 1)                   = 1
2615  read(3, "a", 1)                   = 1
2615  read(3, "d", 1)                   = 1
2615  read(3, "e", 1)                   = 1
2615  read(3, "d", 1)                   = 1
2615  read(3, " ", 1)                   = 1
2615  read(3, "u", 1)                   = 1
2615  read(3, "s", 1)                   = 1
2615  read(3, "i", 1)                   = 1
2615  read(3, "n", 1)                   = 1
2615  read(3, "g", 1)                   = 1
2615  read(3, " ", 1)                   = 1
2615  read(3, "`", 1)                   = 1
2615  read(3, "r", 1)                   = 1
2615  read(3, "e", 1)                   = 1
2615  read(3, "l", 1)                   = 1
2615  read(3, "o", 1)                   = 1
2615  read(3, "a", 1)                   = 1
2615  read(3, "d", 1)                   = 1
2615  read(3, "'", 1)                   = 1
2615  read(3, ",", 1)                   = 1
2615  read(3, " ", 1)                   = 1
2615  read(3, "i", 1)                   = 1
2615  read(3, "f", 1)                   = 1
2615  read(3, " ", 1)                   = 1
2615  read(3, "s", 1)                   = 1
2615  read(3, "u", 1)                   = 1
2615  read(3, "p", 1)                   = 1
2615  read(3, "p", 1)                   = 1
2615  read(3, "o", 1)                   = 1
2615  read(3, "r", 1)                   = 1
2615  read(3, "t", 1)                   = 1
2615  read(3, "e", 1)                   = 1
2615  read(3, "d", 1)                   = 1
2615  read(3, "\n", 1)                  = 1
2615  write(6, "90\n", 3)               = 3
2615  write(6, "        detach: The lab session "..., 90) = 90
2615  read(3, " ", 1)                   = 1
2615  read(3, " ", 1)                   = 1
2615  read(3, " ", 1)                   = 1
2615  read(3, " ", 1)                   = 1
2615  read(3, " ", 1)                   = 1
2615  read(3, " ", 1)                   = 1
2615  read(3, " ", 1)                   = 1
2615  read(3, " ", 1)                   = 1
2615  read(3, "s", 1)                   = 1
2615  read(3, "w", 1)                   = 1
2615  read(3, "u", 1)                   = 1
2615  read(3, "p", 1)                   = 1
2615  read(3, "d", 1)                   = 1
2615  read(3, "a", 1)                   = 1
2615  read(3, "t", 1)                   = 1
2615  read(3, "e", 1)                   = 1
2615  read(3, ":", 1)                   = 1
2615  read(3, " ", 1)                   = 1
2615  read(3, "P", 1)                   = 1
2615  read(3, "e", 1)                   = 1
2615  read(3, "f", 1)                   = 1
2615  read(3, "o", 1)                   = 1
2615  read(3, "r", 1)                   = 1
2615  read(3, "m", 1)                   = 1
2615  read(3, " ", 1)                   = 1
2615  read(3, "s", 1)                   = 1
2615  read(3, "o", 1)                   = 1
2615  read(3, "f", 1)                   = 1
2615  read(3, "t", 1)                   = 1
2615  read(3, "w", 1)                   = 1
2615  read(3, "a", 1)                   = 1
2615  read(3, "r", 1)                   = 1
2615  read(3, "e", 1)                   = 1
2615  read(3, " ", 1)                   = 1
2615  read(3, "u", 1)                   = 1
2615  read(3, "p", 1)                   = 1
2615  read(3, "d", 1)                   = 1
2615  read(3, "a", 1)                   = 1
2615  read(3, "t", 1)                   = 1
2615  read(3, "e", 1)                   = 1
2615  read(3, " ", 1)                   = 1
2615  read(3, "a", 1)                   = 1
2615  read(3, "c", 1)                   = 1
2615  read(3, "t", 1)                   = 1
2615  read(3, "i", 1)                   = 1
2615  read(3, "v", 1)                   = 1
2615  read(3, "i", 1)                   = 1
2615  read(3, "t", 1)                   = 1
2615  read(3, "i", 1)                   = 1
2615  read(3, "e", 1)                   = 1
2615  read(3, "s", 1)                   = 1
2615  read(3, ".", 1)                   = 1
2615  read(3, " ", 1)                   = 1
2615  read(3, "C", 1)                   = 1
2615  read(3, "a", 1)                   = 1
2615  read(3, "u", 1)                   = 1
2615  read(3, "t", 1)                   = 1
2615  read(3, "i", 1)                   = 1
2615  read(3, "o", 1)                   = 1
2615  read(3, "n", 1)                   = 1
2615  read(3, ":", 1)                   = 1
2615  read(3, " ", 1)                   = 1
2615  read(3, "U", 1)                   = 1
2615  read(3, "s", 1)                   = 1
2615  read(3, "e", 1)                   = 1
2615  read(3, " ", 1)                   = 1
2615  read(3, "o", 1)                   = 1
2615  read(3, "n", 1)                   = 1
2615  read(3, "l", 1)                   = 1
2615  read(3, "y", 1)                   = 1
2615  read(3, " ", 1)                   = 1
2615  read(3, "i", 1)                   = 1
2615  read(3, "f", 1)                   = 1
2615  read(3, " ", 1)                   = 1
2615  read(3, "i", 1)                   = 1
2615  read(3, "n", 1)                   = 1
2615  read(3, "s", 1)                   = 1
2615  read(3, "t", 1)                   = 1
2615  read(3, "r", 1)                   = 1
2615  read(3, "u", 1)                   = 1
2615  read(3, "c", 1)                   = 1
2615  read(3, "t", 1)                   = 1
2615  read(3, "e", 1)                   = 1
2615  read(3, "d", 1)                   = 1
2615  read(3, "\n", 1)                  = 1
2615  write(6, "85\n", 3)               = 3
2615  write(6, "        swupdate: Peform softwar"..., 85) = 85
2615  read(3, " ", 1)                   = 1
2615  read(3, " ", 1)                   = 1
2615  read(3, " ", 1)                   = 1
2615  read(3, " ", 1)                   = 1
2615  read(3, " ", 1)                   = 1
2615  read(3, " ", 1)                   = 1
2615  read(3, " ", 1)                   = 1
2615  read(3, " ", 1)                   = 1
2615  read(3, "s", 1)                   = 1
2615  read(3, "i", 1)                   = 1
2615  read(3, "g", 1)                   = 1
2615  read(3, "n", 1)                   = 1
2615  read(3, "o", 1)                   = 1
2615  read(3, "f", 1)                   = 1
2615  read(3, "f", 1)                   = 1
2615  read(3, ":", 1)                   = 1
2615  read(3, " ", 1)                   = 1
2615  read(3, "Y", 1)                   = 1
2615  read(3, "o", 1)                   = 1
2615  read(3, "u", 1)                   = 1
2615  read(3, " ", 1)                   = 1
2615  read(3, "a", 1)                   = 1
2615  read(3, "r", 1)                   = 1
2615  read(3, "e", 1)                   = 1
2615  read(3, " ", 1)                   = 1
2615  read(3, "d", 1)                   = 1
2615  read(3, "o", 1)                   = 1
2615  read(3, "n", 1)                   = 1
2615  read(3, "e", 1)                   = 1
2615  read(3, " ", 1)                   = 1
2615  read(3, "f", 1)                   = 1
2615  read(3, "o", 1)                   = 1
2615  read(3, "r", 1)                   = 1
2615  read(3, " ", 1)                   = 1
2615  read(3, "t", 1)                   = 1
2615  read(3, "h", 1)                   = 1
2615  read(3, "e", 1)                   = 1
2615  read(3, " ", 1)                   = 1
2615  read(3, "l", 1)                   = 1
2615  read(3, "a", 1)                   = 1
2615  read(3, "b", 1)                   = 1
2615  read(3, " ", 1)                   = 1
2615  read(3, "s", 1)                   = 1
2615  read(3, "e", 1)                   = 1
2615  read(3, "s", 1)                   = 1
2615  read(3, "s", 1)                   = 1
2615  read(3, "i", 1)                   = 1
2615  read(3, "o", 1)                   = 1
2615  read(3, "n", 1)                   = 1
2615  read(3, ".", 1)                   = 1
2615  read(3, " ", 1)                   = 1
2615  read(3, "C", 1)                   = 1
2615  read(3, "a", 1)                   = 1
2615  read(3, "u", 1)                   = 1
2615  read(3, "t", 1)                   = 1
2615  read(3, "i", 1)                   = 1
2615  read(3, "o", 1)                   = 1
2615  read(3, "n", 1)                   = 1
2615  read(3, ":", 1)                   = 1
2615  read(3, " ", 1)                   = 1
2615  read(3, "A", 1)                   = 1
2615  read(3, "f", 1)                   = 1
2615  read(3, "t", 1)                   = 1
2615  read(3, "e", 1)                   = 1
2615  read(3, "r", 1)                   = 1
2615  read(3, " ", 1)                   = 1
2615  read(3, "s", 1)                   = 1
2615  read(3, "i", 1)                   = 1
2615  read(3, "g", 1)                   = 1
2615  read(3, "n", 1)                   = 1
2615  read(3, "o", 1)                   = 1
2615  read(3, "f", 1)                   = 1
2615  read(3, "f", 1)                   = 1
2615  read(3, ",", 1)                   = 1
2615  read(3, " ", 1)                   = 1
2615  read(3, "y", 1)                   = 1
2615  read(3, "o", 1)                   = 1
2615  read(3, "u", 1)                   = 1
2615  read(3, " ", 1)                   = 1
2615  read(3, "w", 1)                   = 1
2615  read(3, "i", 1)                   = 1
2615  read(3, "l", 1)                   = 1
2615  read(3, "l", 1)                   = 1
2615  read(3, " ", 1)                   = 1
2615  read(3, "n", 1)                   = 1
2615  read(3, "o", 1)                   = 1
2615  read(3, "t", 1)                   = 1
2615  read(3, " ", 1)                   = 1
2615  read(3, "b", 1)                   = 1
2615  read(3, "e", 1)                   = 1
2615  read(3, " ", 1)                   = 1
2615  read(3, "\n", 1)                  = 1
2615  write(6, "92\n", 3)               = 3
2615  write(6, "        signoff: You are done fo"..., 92) = 92
2615  read(3, " ", 1)                   = 1
2615  read(3, " ", 1)                   = 1
2615  read(3, " ", 1)                   = 1
2615  read(3, " ", 1)                   = 1
2615  read(3, " ", 1)                   = 1
2615  read(3, " ", 1)                   = 1
2615  read(3, " ", 1)                   = 1
2615  read(3, " ", 1)                   = 1
2615  read(3, " ", 1)                   = 1
2615  read(3, " ", 1)                   = 1
2615  read(3, " ", 1)                   = 1
2615  read(3, " ", 1)                   = 1
2615  read(3, " ", 1)                   = 1
2615  read(3, " ", 1)                   = 1
2615  read(3, " ", 1)                   = 1
2615  read(3, " ", 1)                   = 1
2615  read(3, " ", 1)                   = 1
2615  read(3, "a", 1)                   = 1
2615  read(3, "l", 1)                   = 1
2615  read(3, "l", 1)                   = 1
2615  read(3, "o", 1)                   = 1
2615  read(3, "w", 1)                   = 1
2615  read(3, "e", 1)                   = 1
2615  read(3, "d", 1)                   = 1
2615  read(3, " ", 1)                   = 1
2615  read(3, "t", 1)                   = 1
2615  read(3, "o", 1)                   = 1
2615  read(3, " ", 1)                   = 1
2615  read(3, "s", 1)                   = 1
2615  read(3, "u", 1)                   = 1
2615  read(3, "b", 1)                   = 1
2615  read(3, "m", 1)                   = 1
2615  read(3, "i", 1)                   = 1
2615  read(3, "t", 1)                   = 1
2615  read(3, " ", 1)                   = 1
2615  read(3, "a", 1)                   = 1
2615  read(3, "n", 1)                   = 1
2615  read(3, "y", 1)                   = 1
2615  read(3, "m", 1)                   = 1
2615  read(3, "o", 1)                   = 1
2615  read(3, "r", 1)                   = 1
2615  read(3, "e", 1)                   = 1
2615  read(3, "\n", 1)                  = 1
2615  write(6, "43\n", 3)               = 3
2615  write(6, "                 allowed to subm"..., 43) = 43
2615  read(3, "\n", 1)                  = 1
2615  write(6, "1\n", 2)                = 2
2615  write(6, "\n", 1)                 = 1
2615  read(3, "E", 1)                   = 1
2615  read(3, "X", 1)                   = 1
2615  read(3, "A", 1)                   = 1
2615  read(3, "M", 1)                   = 1
2615  read(3, "P", 1)                   = 1
2615  read(3, "L", 1)                   = 1
2615  read(3, "E", 1)                   = 1
2615  read(3, "\n", 1)                  = 1
2615  write(6, "8\n", 2)                = 2
2615  write(6, "EXAMPLE\n", 8)          = 8
2615  read(3, "=", 1)                   = 1
2615  read(3, "=", 1)                   = 1
2615  read(3, "=", 1)                   = 1
2615  read(3, "=", 1)                   = 1
2615  read(3, "=", 1)                   = 1
2615  read(3, "=", 1)                   = 1
2615  read(3, "=", 1)                   = 1
2615  read(3, "\n", 1)                  = 1
2615  write(6, "8\n", 2)                = 2
2615  write(6, "=======\n", 8)          = 8
2615  read(3, "A", 1)                   = 1
2615  read(3, "s", 1)                   = 1
2615  read(3, "s", 1)                   = 1
2615  read(3, "u", 1)                   = 1
2615  read(3, "m", 1)                   = 1
2615  read(3, "e", 1)                   = 1
2615  read(3, " ", 1)                   = 1
2615  read(3, "t", 1)                   = 1
2615  read(3, "h", 1)                   = 1
2615  read(3, "a", 1)                   = 1
2615  read(3, "t", 1)                   = 1
2615  read(3, " ", 1)                   = 1
2615  read(3, "y", 1)                   = 1
2615  read(3, "o", 1)                   = 1
2615  read(3, "u", 1)                   = 1
2615  read(3, "r", 1)                   = 1
2615  read(3, " ", 1)                   = 1
2615  read(3, "g", 1)                   = 1
2615  read(3, "r", 1)                   = 1
2615  read(3, "o", 1)                   = 1
2615  read(3, "u", 1)                   = 1
2615  read(3, "p", 1)                   = 1
2615  read(3, " ", 1)                   = 1
2615  read(3, "m", 1)                   = 1
2615  read(3, "e", 1)                   = 1
2615  read(3, "m", 1)                   = 1
2615  read(3, "b", 1)                   = 1
2615  read(3, "e", 1)                   = 1
2615  read(3, "r", 1)                   = 1
2615  read(3, "s", 1)                   = 1
2615  read(3, " ", 1)                   = 1
2615  read(3, "h", 1)                   = 1
2615  read(3, "a", 1)                   = 1
2615  read(3, "v", 1)                   = 1
2615  read(3, "e", 1)                   = 1
2615  read(3, " ", 1)                   = 1
2615  read(3, "t", 1)                   = 1
2615  read(3, "h", 1)                   = 1
2615  read(3, "e", 1)                   = 1
2615  read(3, " ", 1)                   = 1
2615  read(3, "r", 1)                   = 1
2615  read(3, "o", 1)                   = 1
2615  read(3, "l", 1)                   = 1
2615  read(3, "l", 1)                   = 1
2615  read(3, " ", 1)                   = 1
2615  read(3, "n", 1)                   = 1
2615  read(3, "o", 1)                   = 1
2615  read(3, "s", 1)                   = 1
2615  read(3, " ", 1)                   = 1
2615  read(3, "2", 1)                   = 1
2615  read(3, "1", 1)                   = 1
2615  read(3, "0", 1)                   = 1
2615  read(3, "0", 1)                   = 1
2615  read(3, "1", 1)                   = 1
2615  read(3, "0", 1)                   = 1
2615  read(3, " ", 1)                   = 1
2615  read(3, "a", 1)                   = 1
2615  read(3, "n", 1)                   = 1
2615  read(3, "d", 1)                   = 1
2615  read(3, " ", 1)                   = 1
2615  read(3, "2", 1)                   = 1
2615  read(3, "1", 1)                   = 1
2615  read(3, "1", 1)                   = 1
2615  read(3, "1", 1)                   = 1
2615  read(3, "0", 1)                   = 1
2615  read(3, "1", 1)                   = 1
2615  read(3, ".", 1)                   = 1
2615  read(3, "\n", 1)                  = 1
2615  write(6, "68\n", 3)               = 3
2615  write(6, "Assume that your group members h"..., 68) = 68
2615  read(3, "E", 1)                   = 1
2615  read(3, "v", 1)                   = 1
2615  read(3, "e", 1)                   = 1
2615  read(3, "r", 1)                   = 1
2615  read(3, "y", 1)                   = 1
2615  read(3, " ", 1)                   = 1
2615  read(3, "l", 1)                   = 1
2615  read(3, "a", 1)                   = 1
2615  read(3, "b", 1)                   = 1
2615  read(3, " ", 1)                   = 1
2615  read(3, "w", 1)                   = 1
2615  read(3, "i", 1)                   = 1
2615  read(3, "l", 1)                   = 1
2615  read(3, "l", 1)                   = 1
2615  read(3, " ", 1)                   = 1
2615  read(3, "h", 1)                   = 1
2615  read(3, "a", 1)                   = 1
2615  read(3, "v", 1)                   = 1
2615  read(3, "e", 1)                   = 1
2615  read(3, " ", 1)                   = 1
2615  read(3, "a", 1)                   = 1
2615  read(3, " ", 1)                   = 1
2615  read(3, "l", 1)                   = 1
2615  read(3, "a", 1)                   = 1
2615  read(3, "b", 1)                   = 1
2615  read(3, " ", 1)                   = 1
2615  read(3, "n", 1)                   = 1
2615  read(3, "u", 1)                   = 1
2615  read(3, "m", 1)                   = 1
2615  read(3, "b", 1)                   = 1
2615  read(3, "e", 1)                   = 1
2615  read(3, "r", 1)                   = 1
2615  read(3, " ", 1)                   = 1
2615  read(3, "(", 1)                   = 1
2615  read(3, "a", 1)                   = 1
2615  read(3, "n", 1)                   = 1
2615  read(3, "n", 1)                   = 1
2615  read(3, "o", 1)                   = 1
2615  read(3, "u", 1)                   = 1
2615  read(3, "n", 1)                   = 1
2615  read(3, "c", 1)                   = 1
2615  read(3, "e", 1)                   = 1
2615  read(3, "d", 1)                   = 1
2615  read(3, " ", 1)                   = 1
2615  read(3, "b", 1)                   = 1
2615  read(3, "y", 1)                   = 1
2615  read(3, " ", 1)                   = 1
2615  read(3, "t", 1)                   = 1
2615  read(3, "h", 1)                   = 1
2615  read(3, "e", 1)                   = 1
2615  read(3, " ", 1)                   = 1
2615  read(3, "T", 1)                   = 1
2615  read(3, "A", 1)                   = 1
2615  read(3, "s", 1)                   = 1
2615  read(3, ")", 1)                   = 1
2615  read(3, ".", 1)                   = 1
2615  read(3, " ", 1)                   = 1
2615  read(3, "\n", 1)                  = 1
2615  write(6, "58\n", 3)               = 3
2615  write(6, "Every lab will have a lab number"..., 58) = 58
2615  read(3, "A", 1)                   = 1
2615  read(3, "s", 1)                   = 1
2615  read(3, "s", 1)                   = 1
2615  read(3, "u", 1)                   = 1
2615  read(3, "m", 1)                   = 1
2615  read(3, "e", 1)                   = 1
2615  read(3, " ", 1)                   = 1
2615  read(3, "l", 1)                   = 1
2615  read(3, "a", 1)                   = 1
2615  read(3, "b", 1)                   = 1
2615  read(3, " ", 1)                   = 1
2615  read(3, "n", 1)                   = 1
2615  read(3, "o", 1)                   = 1
2615  read(3, " ", 1)                   = 1
2615  read(3, "t", 1)                   = 1
2615  read(3, "o", 1)                   = 1
2615  read(3, " ", 1)                   = 1
2615  read(3, "b", 1)                   = 1
2615  read(3, "e", 1)                   = 1
2615  read(3, " ", 1)                   = 1
2615  read(3, "5", 1)                   = 1
2615  read(3, " ", 1)                   = 1
2615  read(3, "f", 1)                   = 1
2615  read(3, "o", 1)                   = 1
2615  read(3, "r", 1)                   = 1
2615  read(3, " ", 1)                   = 1
2615  read(3, "t", 1)                   = 1
2615  read(3, "h", 1)                   = 1
2615  read(3, "e", 1)                   = 1
2615  read(3, " ", 1)                   = 1
2615  read(3, "e", 1)                   = 1
2615  read(3, "x", 1)                   = 1
2615  read(3, "a", 1)                   = 1
2615  read(3, "m", 1)                   = 1
2615  read(3, "p", 1)                   = 1
2615  read(3, "l", 1)                   = 1
2615  read(3, "e", 1)                   = 1
2615  read(3, "s", 1)                   = 1
2615  read(3, " ", 1)                   = 1
2615  read(3, "s", 1)                   = 1
2615  read(3, "h", 1)                   = 1
2615  read(3, "o", 1)                   = 1
2615  read(3, "w", 1)                   = 1
2615  read(3, "n", 1)                   = 1
2615  read(3, " ", 1)                   = 1
2615  read(3, "b", 1)                   = 1
2615  read(3, "e", 1)                   = 1
2615  read(3, "l", 1)                   = 1
2615  read(3, "o", 1)                   = 1
2615  read(3, "w", 1)                   = 1
2615  read(3, ".", 1)                   = 1
2615  read(3, "\n", 1)                  = 1
2615  write(6, "52\n", 3)               = 3
2615  write(6, "Assume lab no to be 5 for the ex"..., 52) = 52
2615  read(3, "\n", 1)                  = 1
2615  write(6, "1\n", 2)                = 2
2615  write(6, "\n", 1)                 = 1
2615  read(3, "\n", 1)                  = 1
2615  write(6, "1\n", 2)                = 2
2615  write(6, "\n", 1)                 = 1
2615  read(3, "\n", 1)                  = 1
2615  write(6, "1\n", 2)                = 2
2615  write(6, "\n", 1)                 = 1
2615  read(3, "F", 1)                   = 1
2615  read(3, "r", 1)                   = 1
2615  read(3, "e", 1)                   = 1
2615  read(3, "s", 1)                   = 1
2615  read(3, "h", 1)                   = 1
2615  read(3, " ", 1)                   = 1
2615  read(3, "L", 1)                   = 1
2615  read(3, "a", 1)                   = 1
2615  read(3, "b", 1)                   = 1
2615  read(3, "?", 1)                   = 1
2615  read(3, " ", 1)                   = 1
2615  read(3, "[", 1)                   = 1
2615  read(3, "Y", 1)                   = 1
2615  read(3, "e", 1)                   = 1
2615  read(3, "s", 1)                   = 1
2615  read(3, "]", 1)                   = 1
2615  read(3, "\n", 1)                  = 1
2615  write(6, "17\n", 3)               = 3
2615  write(6, "Fresh Lab? [Yes]\n", 17) = 17
2615  read(3, "{", 1)                   = 1
2615  read(3, "\n", 1)                  = 1
2615  write(6, "2\n", 2)                = 2
2615  write(6, "{\n", 2)                = 2
2615  read(3, "\n", 1)                  = 1
2615  write(6, "1\n", 2)                = 2
2615  write(6, "\n", 1)                 = 1
2615  read(3, " ", 1)                   = 1
2615  read(3, " ", 1)                   = 1
2615  read(3, " ", 1)                   = 1
2615  read(3, " ", 1)                   = 1
2615  read(3, "S", 1)                   = 1
2615  read(3, "T", 1)                   = 1
2615  read(3, "E", 1)                   = 1
2615  read(3, "P", 1)                   = 1
2615  read(3, " ", 1)                   = 1
2615  read(3, "1", 1)                   = 1
2615  read(3, " ", 1)                   = 1
2615  read(3, " ", 1)                   = 1
2615  read(3, " ", 1)                   = 1
2615  read(3, " ", 1)                   = 1
2615  read(3, " ", 1)                   = 1
2615  read(3, " ", 1)                   = 1
2615  read(3, " ", 1)                   = 1
2615  read(3, " ", 1)                   = 1
2615  read(3, "I", 1)                   = 1
2615  read(3, "n", 1)                   = 1
2615  read(3, "i", 1)                   = 1
2615  read(3, "t", 1)                   = 1
2615  read(3, "i", 1)                   = 1
2615  read(3, "a", 1)                   = 1
2615  read(3, "l", 1)                   = 1
2615  read(3, "i", 1)                   = 1
2615  read(3, "z", 1)                   = 1
2615  read(3, "e", 1)                   = 1
2615  read(3, " ", 1)                   = 1
2615  read(3, "s", 1)                   = 1
2615  read(3, "e", 1)                   = 1
2615  read(3, "s", 1)                   = 1
2615  read(3, "s", 1)                   = 1
2615  read(3, "i", 1)                   = 1
2615  read(3, "o", 1)                   = 1
2615  read(3, "n", 1)                   = 1
2615  read(3, " ", 1)                   = 1
2615  read(3, " ", 1)                   = 1
2615  read(3, "-", 1)                   = 1
2615  read(3, "-", 1)                   = 1
2615  read(3, ">", 1)                   = 1
2615  read(3, " ", 1)                   = 1
2615  read(3, " ", 1)                   = 1
2615  read(3, "$", 1)                   = 1
2615  read(3, ".", 1)                   = 1
2615  read(3, "/", 1)                   = 1
2615  read(3, "l", 1)                   = 1
2615  read(3, "a", 1)                   = 1
2615  read(3, "b", 1)                   = 1
2615  read(3, ".", 1)                   = 1
2615  read(3, "s", 1)                   = 1
2615  read(3, "h", 1)                   = 1
2615  read(3, " ", 1)                   = 1
2615  read(3, "-", 1)                   = 1
2615  read(3, "r", 1)                   = 1
2615  read(3, " ", 1)                   = 1
2615  read(3, "2", 1)                   = 1
2615  read(3, "1", 1)                   = 1
2615  read(3, "0", 1)                   = 1
2615  read(3, "0", 1)                   = 1
2615  read(3, "1", 1)                   = 1
2615  read(3, "0", 1)                   = 1
2615  read(3, "_", 1)                   = 1
2615  read(3, "2", 1)                   = 1
2615  read(3, "1", 1)                   = 1
2615  read(3, "1", 1)                   = 1
2615  read(3, "1", 1)                   = 1
2615  read(3, "0", 1)                   = 1
2615  read(3, "1", 1)                   = 1
2615  read(3, " ", 1)                   = 1
2615  read(3, "-", 1)                   = 1
2615  read(3, "n", 1)                   = 1
2615  read(3, " ", 1)                   = 1
2615  read(3, "5", 1)                   = 1
2615  read(3, " ", 1)                   = 1
2615  read(3, "-", 1)                   = 1
2615  read(3, "a", 1)                   = 1
2615  read(3, " ", 1)                   = 1
2615  read(3, "i", 1)                   = 1
2615  read(3, "n", 1)                   = 1
2615  read(3, "i", 1)                   = 1
2615  read(3, "t", 1)                   = 1
2615  read(3, "\n", 1)                  = 1
2615  write(6, "83\n", 3)               = 3
2615  write(6, "    STEP 1        Initialize ses"..., 83) = 83
2615  read(3, " ", 1)                   = 1
2615  read(3, " ", 1)                   = 1
2615  read(3, " ", 1)                   = 1
2615  read(3, " ", 1)                   = 1
2615  read(3, "S", 1)                   = 1
2615  read(3, "T", 1)                   = 1
2615  read(3, "E", 1)                   = 1
2615  read(3, "P", 1)                   = 1
2615  read(3, " ", 1)                   = 1
2615  read(3, "2", 1)                   = 1
2615  read(3, " ", 1)                   = 1
2615  read(3, " ", 1)                   = 1
2615  read(3, " ", 1)                   = 1
2615  read(3, " ", 1)                   = 1
2615  read(3, " ", 1)                   = 1
2615  read(3, " ", 1)                   = 1
2615  read(3, " ", 1)                   = 1
2615  read(3, " ", 1)                   = 1
2615  read(3, "D", 1)                   = 1
2615  read(3, "o", 1)                   = 1
2615  read(3, "w", 1)                   = 1
2615  read(3, "n", 1)                   = 1
2615  read(3, "l", 1)                   = 1
2615  read(3, "o", 1)                   = 1
2615  read(3, "a", 1)                   = 1
2615  read(3, "d", 1)                   = 1
2615  read(3, " ", 1)                   = 1
2615  read(3, "t", 1)                   = 1
2615  read(3, "h", 1)                   = 1
2615  read(3, "e", 1)                   = 1
2615  read(3, " ", 1)                   = 1
2615  read(3, "l", 1)                   = 1
2615  read(3, "a", 1)                   = 1
2615  read(3, "b", 1)                   = 1
2615  read(3, " ", 1)                   = 1
2615  read(3, " ", 1)                   = 1
2615  read(3, "-", 1)                   = 1
2615  read(3, "-", 1)                   = 1
2615  read(3, ">", 1)                   = 1
2615  read(3, " ", 1)                   = 1
2615  read(3, " ", 1)                   = 1
2615  read(3, "$", 1)                   = 1
2615  read(3, ".", 1)                   = 1
2615  read(3, "/", 1)                   = 1
2615  read(3, "l", 1)                   = 1
2615  read(3, "a", 1)                   = 1
2615  read(3, "b", 1)                   = 1
2615  read(3, ".", 1)                   = 1
2615  read(3, "s", 1)                   = 1
2615  read(3, "h", 1)                   = 1
2615  read(3, " ", 1)                   = 1
2615  read(3, "-", 1)                   = 1
2615  read(3, "r", 1)                   = 1
2615  read(3, " ", 1)                   = 1
2615  read(3, "2", 1)                   = 1
2615  read(3, "1", 1)                   = 1
2615  read(3, "0", 1)                   = 1
2615  read(3, "0", 1)                   = 1
2615  read(3, "1", 1)                   = 1
2615  read(3, "0", 1)                   = 1
2615  read(3, "_", 1)                   = 1
2615  read(3, "2", 1)                   = 1
2615  read(3, "1", 1)                   = 1
2615  read(3, "1", 1)                   = 1
2615  read(3, "1", 1)                   = 1
2615  read(3, "0", 1)                   = 1
2615  read(3, "1", 1)                   = 1
2615  read(3, " ", 1)                   = 1
2615  read(3, "-", 1)                   = 1
2615  read(3, "n", 1)                   = 1
2615  read(3, " ", 1)                   = 1
2615  read(3, "5", 1)                   = 1
2615  read(3, " ", 1)                   = 1
2615  read(3, "-", 1)                   = 1
2615  read(3, "a", 1)                   = 1
2615  read(3, " ", 1)                   = 1
2615  read(3, "g", 1)                   = 1
2615  read(3, "e", 1)                   = 1
2615  read(3, "t", 1)                   = 1
2615  read(3, "\n", 1)                  = 1
2615  write(6, "80\n", 3)               = 3
2615  write(6, "    STEP 2        Download the l"..., 80) = 80
2615  read(3, "\n", 1)                  = 1
2615  write(6, "1\n", 2)                = 2
2615  write(6, "\n", 1)                 = 1
2615  read(3, " ", 1)                   = 1
2615  read(3, " ", 1)                   = 1
2615  read(3, " ", 1)                   = 1
2615  read(3, "S", 1)                   = 1
2615  read(3, "T", 1)                   = 1
2615  read(3, "E", 1)                   = 1
2615  read(3, "P", 1)                   = 1
2615  read(3, " ", 1)                   = 1
2615  read(3, "{", 1)                   = 1
2615  read(3, "3", 1)                   = 1
2615  read(3, " ", 1)                   = 1
2615  read(3, "t", 1)                   = 1
2615  read(3, "o", 1)                   = 1
2615  read(3, " ", 1)                   = 1
2615  read(3, "L", 1)                   = 1
2615  read(3, "}", 1)                   = 1
2615  read(3, " ", 1)                   = 1
2615  read(3, " ", 1)                   = 1
2615  read(3, " ", 1)                   = 1
2615  read(3, "-", 1)                   = 1
2615  read(3, "-", 1)                   = 1
2615  read(3, "-", 1)                   = 1
2615  read(3, "-", 1)                   = 1
2615  read(3, "-", 1)                   = 1
2615  read(3, " ", 1)                   = 1
2615  read(3, "W", 1)                   = 1
2615  read(3, "O", 1)                   = 1
2615  read(3, "R", 1)                   = 1
2615  read(3, "K", 1)                   = 1
2615  read(3, " ", 1)                   = 1
2615  read(3, "O", 1)                   = 1
2615  read(3, "N", 1)                   = 1
2615  read(3, " ", 1)                   = 1
2615  read(3, "T", 1)                   = 1
2615  read(3, "H", 1)                   = 1
2615  read(3, "E", 1)                   = 1
2615  read(3, " ", 1)                   = 1
2615  read(3, "E", 1)                   = 1
2615  read(3, "X", 1)                   = 1
2615  read(3, "E", 1)                   = 1
2615  read(3, "R", 1)                   = 1
2615  read(3, "C", 1)                   = 1
2615  read(3, "I", 1)                   = 1
2615  read(3, "S", 1)                   = 1
2615  read(3, "E", 1)                   = 1
2615  read(3, " ", 1)                   = 1
2615  read(3, "-", 1)                   = 1
2615  read(3, "-", 1)                   = 1
2615  read(3, "-", 1)                   = 1
2615  read(3, "-", 1)                   = 1
2615  read(3, "-", 1)                   = 1
2615  read(3, "-", 1)                   = 1
2615  read(3, "\n", 1)                  = 1
2615  write(6, "53\n", 3)               = 3
2615  write(6, "   STEP {3 to L}   ----- WORK ON"..., 53) = 53
2615  read(3, "\n", 1)                  = 1
2615  write(6, "1\n", 2)                = 2
2615  write(6, "\n", 1)                 = 1
2615  read(3, " ", 1)                   = 1
2615  read(3, " ", 1)                   = 1
2615  read(3, " ", 1)                   = 1
2615  read(3, "C", 1)                   = 1
2615  read(3, "o", 1)                   = 1
2615  read(3, "m", 1)                   = 1
2615  read(3, "p", 1)                   = 1
2615  read(3, "l", 1)                   = 1
2615  read(3, "e", 1)                   = 1
2615  read(3, "t", 1)                   = 1
2615  read(3, "e", 1)                   = 1
2615  read(3, "d", 1)                   = 1
2615  read(3, "?", 1)                   = 1
2615  read(3, " ", 1)                   = 1
2615  read(3, "[", 1)                   = 1
2615  read(3, "Y", 1)                   = 1
2615  read(3, "e", 1)                   = 1
2615  read(3, "s", 1)                   = 1
2615  read(3, "]", 1)                   = 1
2615  read(3, "\n", 1)                  = 1
2615  write(6, "20\n", 3)               = 3
2615  write(6, "   Completed? [Yes]\n", 20) = 20
2615  read(3, "\n", 1)                  = 1
2615  write(6, "1\n", 2)                = 2
2615  write(6, "\n", 1)                 = 1
2615  read(3, " ", 1)                   = 1
2615  read(3, " ", 1)                   = 1
2615  read(3, " ", 1)                   = 1
2615  read(3, " ", 1)                   = 1
2615  read(3, " ", 1)                   = 1
2615  read(3, " ", 1)                   = 1
2615  read(3, " ", 1)                   = 1
2615  read(3, " ", 1)                   = 1
2615  read(3, "S", 1)                   = 1
2615  read(3, "T", 1)                   = 1
2615  read(3, "E", 1)                   = 1
2615  read(3, "P", 1)                   = 1
2615  read(3, " ", 1)                   = 1
2615  read(3, "L", 1)                   = 1
2615  read(3, " ", 1)                   = 1
2615  read(3, " ", 1)                   = 1
2615  read(3, " ", 1)                   = 1
2615  read(3, " ", 1)                   = 1
2615  read(3, " ", 1)                   = 1
2615  read(3, "E", 1)                   = 1
2615  read(3, "v", 1)                   = 1
2615  read(3, "a", 1)                   = 1
2615  read(3, "l", 1)                   = 1
2615  read(3, "u", 1)                   = 1
2615  read(3, "a", 1)                   = 1
2615  read(3, "t", 1)                   = 1
2615  read(3, "e", 1)                   = 1
2615  read(3, " ", 1)                   = 1
2615  read(3, "t", 1)                   = 1
2615  read(3, "h", 1)                   = 1
2615  read(3, "e", 1)                   = 1
2615  read(3, " ", 1)                   = 1
2615  read(3, "e", 1)                   = 1
2615  read(3, "x", 1)                   = 1
2615  read(3, "e", 1)                   = 1
2615  read(3, "r", 1)                   = 1
2615  read(3, "c", 1)                   = 1
2615  read(3, "i", 1)                   = 1
2615  read(3, "s", 1)                   = 1
2615  read(3, "e", 1)                   = 1
2615  read(3, " ", 1)                   = 1
2615  read(3, "-", 1)                   = 1
2615  read(3, "-", 1)                   = 1
2615  read(3, ">", 1)                   = 1
2615  read(3, " ", 1)                   = 1
2615  read(3, "$", 1)                   = 1
2615  read(3, ".", 1)                   = 1
2615  read(3, "/", 1)                   = 1
2615  read(3, "l", 1)                   = 1
2615  read(3, "a", 1)                   = 1
2615  read(3, "b", 1)                   = 1
2615  read(3, ".", 1)                   = 1
2615  read(3, "s", 1)                   = 1
2615  read(3, "h", 1)                   = 1
2615  read(3, " ", 1)                   = 1
2615  read(3, "-", 1)                   = 1
2615  read(3, "r", 1)                   = 1
2615  read(3, " ", 1)                   = 1
2615  read(3, "2", 1)                   = 1
2615  read(3, "1", 1)                   = 1
2615  read(3, "0", 1)                   = 1
2615  read(3, "0", 1)                   = 1
2615  read(3, "1", 1)                   = 1
2615  read(3, "0", 1)                   = 1
2615  read(3, "_", 1)                   = 1
2615  read(3, "2", 1)                   = 1
2615  read(3, "1", 1)                   = 1
2615  read(3, "1", 1)                   = 1
2615  read(3, "1", 1)                   = 1
2615  read(3, "0", 1)                   = 1
2615  read(3, "1", 1)                   = 1
2615  read(3, " ", 1)                   = 1
2615  read(3, "-", 1)                   = 1
2615  read(3, "n", 1)                   = 1
2615  read(3, " ", 1)                   = 1
2615  read(3, "5", 1)                   = 1
2615  read(3, " ", 1)                   = 1
2615  read(3, "-", 1)                   = 1
2615  read(3, "a", 1)                   = 1
2615  read(3, " ", 1)                   = 1
2615  read(3, "e", 1)                   = 1
2615  read(3, "v", 1)                   = 1
2615  read(3, "a", 1)                   = 1
2615  read(3, "l", 1)                   = 1
2615  read(3, "u", 1)                   = 1
2615  read(3, "a", 1)                   = 1
2615  read(3, "t", 1)                   = 1
2615  read(3, "e", 1)                   = 1
2615  read(3, "\n", 1)                  = 1
2615  write(6, "89\n", 3)               = 3
2615  write(6, "        STEP L     Evaluate the "..., 89) = 89
2615  read(3, " ", 1)                   = 1
2615  read(3, " ", 1)                   = 1
2615  read(3, " ", 1)                   = 1
2615  read(3, " ", 1)                   = 1
2615  read(3, " ", 1)                   = 1
2615  read(3, " ", 1)                   = 1
2615  read(3, " ", 1)                   = 1
2615  read(3, " ", 1)                   = 1
2615  read(3, "S", 1)                   = 1
2615  read(3, "T", 1)                   = 1
2615  read(3, "E", 1)                   = 1
2615  read(3, "P", 1)                   = 1
2615  read(3, " ", 1)                   = 1
2615  read(3, "L", 1)                   = 1
2615  read(3, "+", 1)                   = 1
2615  read(3, "1", 1)                   = 1
2615  read(3, " ", 1)                   = 1
2615  read(3, " ", 1)                   = 1
2615  read(3, " ", 1)                   = 1
2615  read(3, "P", 1)                   = 1
2615  read(3, "r", 1)                   = 1
2615  read(3, "e", 1)                   = 1
2615  read(3, "p", 1)                   = 1
2615  read(3, "a", 1)                   = 1
2615  read(3, "r", 1)                   = 1
2615  read(3, "e", 1)                   = 1
2615  read(3, " ", 1)                   = 1
2615  read(3, "s", 1)                   = 1
2615  read(3, "u", 1)                   = 1
2615  read(3, "b", 1)                   = 1
2615  read(3, "m", 1)                   = 1
2615  read(3, "i", 1)                   = 1
2615  read(3, "s", 1)                   = 1
2615  read(3, "s", 1)                   = 1
2615  read(3, "i", 1)                   = 1
2615  read(3, "o", 1)                   = 1
2615  read(3, "n", 1)                   = 1
2615  read(3, " ", 1)                   = 1
2615  read(3, "-", 1)                   = 1
2615  read(3, "-", 1)                   = 1
2615  read(3, ">", 1)                   = 1
2615  read(3, " ", 1)                   = 1
2615  read(3, " ", 1)                   = 1
2615  read(3, "$", 1)                   = 1
2615  read(3, ".", 1)                   = 1
2615  read(3, "/", 1)                   = 1
2615  read(3, "l", 1)                   = 1
2615  read(3, "a", 1)                   = 1
2615  read(3, "b", 1)                   = 1
2615  read(3, ".", 1)                   = 1
2615  read(3, "s", 1)                   = 1
2615  read(3, "h", 1)                   = 1
2615  read(3, " ", 1)                   = 1
2615  read(3, "-", 1)                   = 1
2615  read(3, "r", 1)                   = 1
2615  read(3, " ", 1)                   = 1
2615  read(3, "2", 1)                   = 1
2615  read(3, "1", 1)                   = 1
2615  read(3, "0", 1)                   = 1
2615  read(3, "0", 1)                   = 1
2615  read(3, "1", 1)                   = 1
2615  read(3, "0", 1)                   = 1
2615  read(3, "_", 1)                   = 1
2615  read(3, "2", 1)                   = 1
2615  read(3, "1", 1)                   = 1
2615  read(3, "1", 1)                   = 1
2615  read(3, "1", 1)                   = 1
2615  read(3, "0", 1)                   = 1
2615  read(3, "1", 1)                   = 1
2615  read(3, " ", 1)                   = 1
2615  read(3, "-", 1)                   = 1
2615  read(3, "n", 1)                   = 1
2615  read(3, " ", 1)                   = 1
2615  read(3, "5", 1)                   = 1
2615  read(3, " ", 1)                   = 1
2615  read(3, "-", 1)                   = 1
2615  read(3, "a", 1)                   = 1
2615  read(3, " ", 1)                   = 1
2615  read(3, "p", 1)                   = 1
2615  read(3, "r", 1)                   = 1
2615  read(3, "e", 1)                   = 1
2615  read(3, "p", 1)                   = 1
2615  read(3, "a", 1)                   = 1
2615  read(3, "r", 1)                   = 1
2615  read(3, "e", 1)                   = 1
2615  read(3, "\n", 1)                  = 1
2615  write(6, "86\n", 3)               = 3
2615  write(6, "        STEP L+1   Prepare submi"..., 86) = 86
2615  read(3, " ", 1)                   = 1
2615  read(3, " ", 1)                   = 1
2615  read(3, " ", 1)                   = 1
2615  read(3, " ", 1)                   = 1
2615  read(3, " ", 1)                   = 1
2615  read(3, " ", 1)                   = 1
2615  read(3, " ", 1)                   = 1
2615  read(3, " ", 1)                   = 1
2615  read(3, "S", 1)                   = 1
2615  read(3, "T", 1)                   = 1
2615  read(3, "E", 1)                   = 1
2615  read(3, "P", 1)                   = 1
2615  read(3, " ", 1)                   = 1
2615  read(3, "L", 1)                   = 1
2615  read(3, "+", 1)                   = 1
2615  read(3, "2", 1)                   = 1
2615  read(3, " ", 1)                   = 1
2615  read(3, " ", 1)                   = 1
2615  read(3, " ", 1)                   = 1
2615  read(3, "S", 1)                   = 1
2615  read(3, "u", 1)                   = 1
2615  read(3, "b", 1)                   = 1
2615  read(3, "m", 1)                   = 1
2615  read(3, "i", 1)                   = 1
2615  read(3, "t", 1)                   = 1
2615  read(3, " ", 1)                   = 1
2615  read(3, "-", 1)                   = 1
2615  read(3, "-", 1)                   = 1
2615  read(3, ">", 1)                   = 1
2615  read(3, " ", 1)                   = 1
2615  read(3, " ", 1)                   = 1
2615  read(3, "$", 1)                   = 1
2615  read(3, ".", 1)                   = 1
2615  read(3, "/", 1)                   = 1
2615  read(3, "l", 1)                   = 1
2615  read(3, "a", 1)                   = 1
2615  read(3, "b", 1)                   = 1
2615  read(3, ".", 1)                   = 1
2615  read(3, "s", 1)                   = 1
2615  read(3, "h", 1)                   = 1
2615  read(3, " ", 1)                   = 1
2615  read(3, "-", 1)                   = 1
2615  read(3, "r", 1)                   = 1
2615  read(3, " ", 1)                   = 1
2615  read(3, "2", 1)                   = 1
2615  read(3, "1", 1)                   = 1
2615  read(3, "0", 1)                   = 1
2615  read(3, "0", 1)                   = 1
2615  read(3, "1", 1)                   = 1
2615  read(3, "0", 1)                   = 1
2615  read(3, "_", 1)                   = 1
2615  read(3, "2", 1)                   = 1
2615  read(3, "1", 1)                   = 1
2615  read(3, "1", 1)                   = 1
2615  read(3, "1", 1)                   = 1
2615  read(3, "0", 1)                   = 1
2615  read(3, "1", 1)                   = 1
2615  read(3, " ", 1)                   = 1
2615  read(3, "-", 1)                   = 1
2615  read(3, "n", 1)                   = 1
2615  read(3, " ", 1)                   = 1
2615  read(3, "5", 1)                   = 1
2615  read(3, " ", 1)                   = 1
2615  read(3, "-", 1)                   = 1
2615  read(3, "a", 1)                   = 1
2615  read(3, " ", 1)                   = 1
2615  read(3, "s", 1)                   = 1
2615  read(3, "u", 1)                   = 1
2615  read(3, "b", 1)                   = 1
2615  read(3, "m", 1)                   = 1
2615  read(3, "i", 1)                   = 1
2615  read(3, "t", 1)                   = 1
2615  read(3, "\n", 1)                  = 1
2615  write(6, "73\n", 3)               = 3
2615  write(6, "        STEP L+2   Submit -->  $"..., 73) = 73
2615  read(3, " ", 1)                   = 1
2615  read(3, " ", 1)                   = 1
2615  read(3, " ", 1)                   = 1
2615  read(3, " ", 1)                   = 1
2615  read(3, " ", 1)                   = 1
2615  read(3, " ", 1)                   = 1
2615  read(3, " ", 1)                   = 1
2615  read(3, " ", 1)                   = 1
2615  read(3, "S", 1)                   = 1
2615  read(3, "T", 1)                   = 1
2615  read(3, "E", 1)                   = 1
2615  read(3, "P", 1)                   = 1
2615  read(3, " ", 1)                   = 1
2615  read(3, "L", 1)                   = 1
2615  read(3, "+", 1)                   = 1
2615  read(3, "3", 1)                   = 1
2615  read(3, " ", 1)                   = 1
2615  read(3, " ", 1)                   = 1
2615  read(3, " ", 1)                   = 1
2615  read(3, "S", 1)                   = 1
2615  read(3, "i", 1)                   = 1
2615  read(3, "g", 1)                   = 1
2615  read(3, "n", 1)                   = 1
2615  read(3, "o", 1)                   = 1
2615  read(3, "f", 1)                   = 1
2615  read(3, "f", 1)                   = 1
2615  read(3, " ", 1)                   = 1
2615  read(3, "-", 1)                   = 1
2615  read(3, "-", 1)                   = 1
2615  read(3, ">", 1)                   = 1
2615  read(3, " ", 1)                   = 1
2615  read(3, "$", 1)                   = 1
2615  read(3, ".", 1)                   = 1
2615  read(3, "/", 1)                   = 1
2615  read(3, "l", 1)                   = 1
2615  read(3, "a", 1)                   = 1
2615  read(3, "b", 1)                   = 1
2615  read(3, ".", 1)                   = 1
2615  read(3, "s", 1)                   = 1
2615  read(3, "h", 1)                   = 1
2615  read(3, " ", 1)                   = 1
2615  read(3, "-", 1)                   = 1
2615  read(3, "r", 1)                   = 1
2615  read(3, " ", 1)                   = 1
2615  read(3, "2", 1)                   = 1
2615  read(3, "1", 1)                   = 1
2615  read(3, "0", 1)                   = 1
2615  read(3, "0", 1)                   = 1
2615  read(3, "1", 1)                   = 1
2615  read(3, "0", 1)                   = 1
2615  read(3, "_", 1)                   = 1
2615  read(3, "2", 1)                   = 1
2615  read(3, "1", 1)                   = 1
2615  read(3, "1", 1)                   = 1
2615  read(3, "1", 1)                   = 1
2615  read(3, "0", 1)                   = 1
2615  read(3, "1", 1)                   = 1
2615  read(3, " ", 1)                   = 1
2615  read(3, "-", 1)                   = 1
2615  read(3, "n", 1)                   = 1
2615  read(3, " ", 1)                   = 1
2615  read(3, "5", 1)                   = 1
2615  read(3, " ", 1)                   = 1
2615  read(3, "-", 1)                   = 1
2615  read(3, "a", 1)                   = 1
2615  read(3, " ", 1)                   = 1
2615  read(3, "s", 1)                   = 1
2615  read(3, "i", 1)                   = 1
2615  read(3, "g", 1)                   = 1
2615  read(3, "n", 1)                   = 1
2615  read(3, "o", 1)                   = 1
2615  read(3, "f", 1)                   = 1
2615  read(3, "f", 1)                   = 1
2615  read(3, "\n", 1)                  = 1
2615  write(6, "74\n", 3)               = 3
2615  write(6, "        STEP L+3   Signoff --> $"..., 74) = 74
2615  read(3, "\n", 1)                  = 1
2615  write(6, "1\n", 2)                = 2
2615  write(6, "\n", 1)                 = 1
2615  read(3, " ", 1)                   = 1
2615  read(3, " ", 1)                   = 1
2615  read(3, " ", 1)                   = 1
2615  read(3, "C", 1)                   = 1
2615  read(3, "o", 1)                   = 1
2615  read(3, "m", 1)                   = 1
2615  read(3, "p", 1)                   = 1
2615  read(3, "l", 1)                   = 1
2615  read(3, "e", 1)                   = 1
2615  read(3, "t", 1)                   = 1
2615  read(3, "e", 1)                   = 1
2615  read(3, "d", 1)                   = 1
2615  read(3, "?", 1)                   = 1
2615  read(3, " ", 1)                   = 1
2615  read(3, "[", 1)                   = 1
2615  read(3, "N", 1)                   = 1
2615  read(3, "o", 1)                   = 1
2615  read(3, "]", 1)                   = 1
2615  read(3, "\n", 1)                  = 1
2615  write(6, "19\n", 3)               = 3
2615  write(6, "   Completed? [No]\n", 19) = 19
2615  read(3, "\n", 1)                  = 1
2615  write(6, "1\n", 2)                = 2
2615  write(6, "\n", 1)                 = 1
2615  read(3, " ", 1)                   = 1
2615  read(3, " ", 1)                   = 1
2615  read(3, " ", 1)                   = 1
2615  read(3, " ", 1)                   = 1
2615  read(3, " ", 1)                   = 1
2615  read(3, " ", 1)                   = 1
2615  read(3, " ", 1)                   = 1
2615  read(3, " ", 1)                   = 1
2615  read(3, "S", 1)                   = 1
2615  read(3, "T", 1)                   = 1
2615  read(3, "E", 1)                   = 1
2615  read(3, "P", 1)                   = 1
2615  read(3, " ", 1)                   = 1
2615  read(3, "L", 1)                   = 1
2615  read(3, "+", 1)                   = 1
2615  read(3, "1", 1)                   = 1
2615  read(3, " ", 1)                   = 1
2615  read(3, " ", 1)                   = 1
2615  read(3, " ", 1)                   = 1
2615  read(3, "P", 1)                   = 1
2615  read(3, "r", 1)                   = 1
2615  read(3, "e", 1)                   = 1
2615  read(3, "p", 1)                   = 1
2615  read(3, "a", 1)                   = 1
2615  read(3, "r", 1)                   = 1
2615  read(3, "e", 1)                   = 1
2615  read(3, " ", 1)                   = 1
2615  read(3, "t", 1)                   = 1
2615  read(3, "o", 1)                   = 1
2615  read(3, " ", 1)                   = 1
2615  read(3, "s", 1)                   = 1
2615  read(3, "a", 1)                   = 1
2615  read(3, "v", 1)                   = 1
2615  read(3, "e", 1)                   = 1
2615  read(3, " ", 1)                   = 1
2615  read(3, "-", 1)                   = 1
2615  read(3, "-", 1)                   = 1
2615  read(3, ">", 1)                   = 1
2615  read(3, " ", 1)                   = 1
2615  read(3, " ", 1)                   = 1
2615  read(3, "$", 1)                   = 1
2615  read(3, ".", 1)                   = 1
2615  read(3, "/", 1)                   = 1
2615  read(3, "l", 1)                   = 1
2615  read(3, "a", 1)                   = 1
2615  read(3, "b", 1)                   = 1
2615  read(3, ".", 1)                   = 1
2615  read(3, "s", 1)                   = 1
2615  read(3, "h", 1)                   = 1
2615  read(3, " ", 1)                   = 1
2615  read(3, "-", 1)                   = 1
2615  read(3, "r", 1)                   = 1
2615  read(3, " ", 1)                   = 1
2615  read(3, "2", 1)                   = 1
2615  read(3, "1", 1)                   = 1
2615  read(3, "0", 1)                   = 1
2615  read(3, "0", 1)                   = 1
2615  read(3, "1", 1)                   = 1
2615  read(3, "0", 1)                   = 1
2615  read(3, "_", 1)                   = 1
2615  read(3, "2", 1)                   = 1
2615  read(3, "1", 1)                   = 1
2615  read(3, "1", 1)                   = 1
2615  read(3, "1", 1)                   = 1
2615  read(3, "0", 1)                   = 1
2615  read(3, "1", 1)                   = 1
2615  read(3, " ", 1)                   = 1
2615  read(3, "-", 1)                   = 1
2615  read(3, "n", 1)                   = 1
2615  read(3, " ", 1)                   = 1
2615  read(3, "5", 1)                   = 1
2615  read(3, " ", 1)                   = 1
2615  read(3, "-", 1)                   = 1
2615  read(3, "a", 1)                   = 1
2615  read(3, " ", 1)                   = 1
2615  read(3, "p", 1)                   = 1
2615  read(3, "r", 1)                   = 1
2615  read(3, "e", 1)                   = 1
2615  read(3, "p", 1)                   = 1
2615  read(3, "a", 1)                   = 1
2615  read(3, "r", 1)                   = 1
2615  read(3, "e", 1)                   = 1
2615  read(3, "-", 1)                   = 1
2615  read(3, "s", 1)                   = 1
2615  read(3, "a", 1)                   = 1
2615  read(3, "v", 1)                   = 1
2615  read(3, "e", 1)                   = 1
2615  read(3, "\n", 1)                  = 1
2615  write(6, "88\n", 3)               = 3
2615  write(6, "        STEP L+1   Prepare to sa"..., 88) = 88
2615  read(3, " ", 1)                   = 1
2615  read(3, " ", 1)                   = 1
2615  read(3, " ", 1)                   = 1
2615  read(3, " ", 1)                   = 1
2615  read(3, " ", 1)                   = 1
2615  read(3, " ", 1)                   = 1
2615  read(3, " ", 1)                   = 1
2615  read(3, " ", 1)                   = 1
2615  read(3, "S", 1)                   = 1
2615  read(3, "T", 1)                   = 1
2615  read(3, "E", 1)                   = 1
2615  read(3, "P", 1)                   = 1
2615  read(3, " ", 1)                   = 1
2615  read(3, "L", 1)                   = 1
2615  read(3, "+", 1)                   = 1
2615  read(3, "2", 1)                   = 1
2615  read(3, " ", 1)                   = 1
2615  read(3, " ", 1)                   = 1
2615  read(3, " ", 1)                   = 1
2615  read(3, "S", 1)                   = 1
2615  read(3, "a", 1)                   = 1
2615  read(3, "v", 1)                   = 1
2615  read(3, "e", 1)                   = 1
2615  read(3, " ", 1)                   = 1
2615  read(3, "y", 1)                   = 1
2615  read(3, "o", 1)                   = 1
2615  read(3, "u", 1)                   = 1
2615  read(3, "r", 1)                   = 1
2615  read(3, " ", 1)                   = 1
2615  read(3, "w", 1)                   = 1
2615  read(3, "o", 1)                   = 1
2615  read(3, "r", 1)                   = 1
2615  read(3, "k", 1)                   = 1
2615  read(3, " ", 1)                   = 1
2615  read(3, " ", 1)                   = 1
2615  read(3, "-", 1)                   = 1
2615  read(3, "-", 1)                   = 1
2615  read(3, ">", 1)                   = 1
2615  read(3, " ", 1)                   = 1
2615  read(3, " ", 1)                   = 1
2615  read(3, "$", 1)                   = 1
2615  read(3, ".", 1)                   = 1
2615  read(3, "/", 1)                   = 1
2615  read(3, "l", 1)                   = 1
2615  read(3, "a", 1)                   = 1
2615  read(3, "b", 1)                   = 1
2615  read(3, ".", 1)                   = 1
2615  read(3, "s", 1)                   = 1
2615  read(3, "h", 1)                   = 1
2615  read(3, " ", 1)                   = 1
2615  read(3, "-", 1)                   = 1
2615  read(3, "r", 1)                   = 1
2615  read(3, " ", 1)                   = 1
2615  read(3, "2", 1)                   = 1
2615  read(3, "1", 1)                   = 1
2615  read(3, "0", 1)                   = 1
2615  read(3, "0", 1)                   = 1
2615  read(3, "1", 1)                   = 1
2615  read(3, "0", 1)                   = 1
2615  read(3, "_", 1)                   = 1
2615  read(3, "2", 1)                   = 1
2615  read(3, "1", 1)                   = 1
2615  read(3, "1", 1)                   = 1
2615  read(3, "1", 1)                   = 1
2615  read(3, "0", 1)                   = 1
2615  read(3, "1", 1)                   = 1
2615  read(3, " ", 1)                   = 1
2615  read(3, "-", 1)                   = 1
2615  read(3, "n", 1)                   = 1
2615  read(3, " ", 1)                   = 1
2615  read(3, "5", 1)                   = 1
2615  read(3, " ", 1)                   = 1
2615  read(3, "-", 1)                   = 1
2615  read(3, "a", 1)                   = 1
2615  read(3, " ", 1)                   = 1
2615  read(3, "s", 1)                   = 1
2615  read(3, "a", 1)                   = 1
2615  read(3, "v", 1)                   = 1
2615  read(3, "e", 1)                   = 1
2615  read(3, "\n", 1)                  = 1
2615  write(6, "80\n", 3)               = 3
2615  write(6, "        STEP L+2   Save your wor"..., 80) = 80
2615  read(3, " ", 1)                   = 1
2615  read(3, " ", 1)                   = 1
2615  read(3, " ", 1)                   = 1
2615  read(3, " ", 1)                   = 1
2615  read(3, " ", 1)                   = 1
2615  read(3, " ", 1)                   = 1
2615  read(3, " ", 1)                   = 1
2615  read(3, " ", 1)                   = 1
2615  read(3, "S", 1)                   = 1
2615  read(3, "T", 1)                   = 1
2615  read(3, "E", 1)                   = 1
2615  read(3, "P", 1)                   = 1
2615  read(3, " ", 1)                   = 1
2615  read(3, "L", 1)                   = 1
2615  read(3, "+", 1)                   = 1
2615  read(3, "3", 1)                   = 1
2615  read(3, " ", 1)                   = 1
2615  read(3, " ", 1)                   = 1
2615  read(3, " ", 1)                   = 1
2615  read(3, "D", 1)                   = 1
2615  read(3, "e", 1)                   = 1
2615  read(3, "t", 1)                   = 1
2615  read(3, "a", 1)                   = 1
2615  read(3, "c", 1)                   = 1
2615  read(3, "h", 1)                   = 1
2615  read(3, " ", 1)                   = 1
2615  read(3, "-", 1)                   = 1
2615  read(3, "-", 1)                   = 1
2615  read(3, ">", 1)                   = 1
2615  read(3, " ", 1)                   = 1
2615  read(3, "$", 1)                   = 1
2615  read(3, ".", 1)                   = 1
2615  read(3, "/", 1)                   = 1
2615  read(3, "l", 1)                   = 1
2615  read(3, "a", 1)                   = 1
2615  read(3, "b", 1)                   = 1
2615  read(3, ".", 1)                   = 1
2615  read(3, "s", 1)                   = 1
2615  read(3, "h", 1)                   = 1
2615  read(3, " ", 1)                   = 1
2615  read(3, "-", 1)                   = 1
2615  read(3, "r", 1)                   = 1
2615  read(3, " ", 1)                   = 1
2615  read(3, "2", 1)                   = 1
2615  read(3, "1", 1)                   = 1
2615  read(3, "0", 1)                   = 1
2615  read(3, "0", 1)                   = 1
2615  read(3, "1", 1)                   = 1
2615  read(3, "0", 1)                   = 1
2615  read(3, "_", 1)                   = 1
2615  read(3, "2", 1)                   = 1
2615  read(3, "1", 1)                   = 1
2615  read(3, "1", 1)                   = 1
2615  read(3, "1", 1)                   = 1
2615  read(3, "0", 1)                   = 1
2615  read(3, "1", 1)                   = 1
2615  read(3, " ", 1)                   = 1
2615  read(3, "-", 1)                   = 1
2615  read(3, "n", 1)                   = 1
2615  read(3, " ", 1)                   = 1
2615  read(3, "5", 1)                   = 1
2615  read(3, " ", 1)                   = 1
2615  read(3, "-", 1)                   = 1
2615  read(3, "a", 1)                   = 1
2615  read(3, " ", 1)                   = 1
2615  read(3, "d", 1)                   = 1
2615  read(3, "e", 1)                   = 1
2615  read(3, "t", 1)                   = 1
2615  read(3, "a", 1)                   = 1
2615  read(3, "c", 1)                   = 1
2615  read(3, "h", 1)                   = 1
2615  read(3, "\n", 1)                  = 1
2615  write(6, "72\n", 3)               = 3
2615  write(6, "        STEP L+3   Detach --> $."..., 72) = 72
2615  read(3, "}", 1)                   = 1
2615  read(3, "\n", 1)                  = 1
2615  write(6, "2\n", 2)                = 2
2615  write(6, "}\n", 2)                = 2
2615  read(3, "S", 1)                   = 1
2615  read(3, "a", 1)                   = 1
2615  read(3, "v", 1)                   = 1
2615  read(3, "e", 1)                   = 1
2615  read(3, "d", 1)                   = 1
2615  read(3, " ", 1)                   = 1
2615  read(3, "L", 1)                   = 1
2615  read(3, "a", 1)                   = 1
2615  read(3, "b", 1)                   = 1
2615  read(3, "?", 1)                   = 1
2615  read(3, " ", 1)                   = 1
2615  read(3, "[", 1)                   = 1
2615  read(3, "Y", 1)                   = 1
2615  read(3, "e", 1)                   = 1
2615  read(3, "s", 1)                   = 1
2615  read(3, "]", 1)                   = 1
2615  read(3, "\n", 1)                  = 1
2615  write(6, "17\n", 3)               = 3
2615  write(6, "Saved Lab? [Yes]\n", 17) = 17
2615  read(3, "{", 1)                   = 1
2615  read(3, "\n", 1)                  = 1
2615  write(6, "2\n", 2)                = 2
2615  write(6, "{\n", 2)                = 2
2615  read(3, " ", 1)                   = 1
2615  read(3, " ", 1)                   = 1
2615  read(3, " ", 1)                   = 1
2615  read(3, "S", 1)                   = 1
2615  read(3, "T", 1)                   = 1
2615  read(3, "E", 1)                   = 1
2615  read(3, "P", 1)                   = 1
2615  read(3, " ", 1)                   = 1
2615  read(3, "1", 1)                   = 1
2615  read(3, " ", 1)                   = 1
2615  read(3, " ", 1)                   = 1
2615  read(3, " ", 1)                   = 1
2615  read(3, " ", 1)                   = 1
2615  read(3, " ", 1)                   = 1
2615  read(3, " ", 1)                   = 1
2615  read(3, " ", 1)                   = 1
2615  read(3, " ", 1)                   = 1
2615  read(3, "R", 1)                   = 1
2615  read(3, "e", 1)                   = 1
2615  read(3, "l", 1)                   = 1
2615  read(3, "o", 1)                   = 1
2615  read(3, "a", 1)                   = 1
2615  read(3, "d", 1)                   = 1
2615  read(3, " ", 1)                   = 1
2615  read(3, "t", 1)                   = 1
2615  read(3, "h", 1)                   = 1
2615  read(3, "e", 1)                   = 1
2615  read(3, " ", 1)                   = 1
2615  read(3, "l", 1)                   = 1
2615  read(3, "a", 1)                   = 1
2615  read(3, "b", 1)                   = 1
2615  read(3, " ", 1)                   = 1
2615  read(3, " ", 1)                   = 1
2615  read(3, " ", 1)                   = 1
2615  read(3, "-", 1)                   = 1
2615  read(3, "-", 1)                   = 1
2615  read(3, ">", 1)                   = 1
2615  read(3, " ", 1)                   = 1
2615  read(3, " ", 1)                   = 1
2615  read(3, "$", 1)                   = 1
2615  read(3, ".", 1)                   = 1
2615  read(3, "/", 1)                   = 1
2615  read(3, "l", 1)                   = 1
2615  read(3, "a", 1)                   = 1
2615  read(3, "b", 1)                   = 1
2615  read(3, ".", 1)                   = 1
2615  read(3, "s", 1)                   = 1
2615  read(3, "h", 1)                   = 1
2615  read(3, " ", 1)                   = 1
2615  read(3, "-", 1)                   = 1
2615  read(3, "r", 1)                   = 1
2615  read(3, " ", 1)                   = 1
2615  read(3, "2", 1)                   = 1
2615  read(3, "1", 1)                   = 1
2615  read(3, "0", 1)                   = 1
2615  read(3, "0", 1)                   = 1
2615  read(3, "1", 1)                   = 1
2615  read(3, "0", 1)                   = 1
2615  read(3, "_", 1)                   = 1
2615  read(3, "2", 1)                   = 1
2615  read(3, "1", 1)                   = 1
2615  read(3, "1", 1)                   = 1
2615  read(3, "1", 1)                   = 1
2615  read(3, "0", 1)                   = 1
2615  read(3, "1", 1)                   = 1
2615  read(3, " ", 1)                   = 1
2615  read(3, "-", 1)                   = 1
2615  read(3, "n", 1)                   = 1
2615  read(3, " ", 1)                   = 1
2615  read(3, "5", 1)                   = 1
2615  read(3, " ", 1)                   = 1
2615  read(3, "-", 1)                   = 1
2615  read(3, "a", 1)                   = 1
2615  read(3, " ", 1)                   = 1
2615  read(3, "r", 1)                   = 1
2615  read(3, "e", 1)                   = 1
2615  read(3, "l", 1)                   = 1
2615  read(3, "o", 1)                   = 1
2615  read(3, "a", 1)                   = 1
2615  read(3, "d", 1)                   = 1
2615  read(3, "\n", 1)                  = 1
2615  write(6, "81\n", 3)               = 3
2615  write(6, "   STEP 1        Reload the lab "..., 81) = 81
2615  read(3, "\n", 1)                  = 1
2615  write(6, "1\n", 2)                = 2
2615  write(6, "\n", 1)                 = 1
2615  read(3, " ", 1)                   = 1
2615  read(3, " ", 1)                   = 1
2615  read(3, " ", 1)                   = 1
2615  read(3, "S", 1)                   = 1
2615  read(3, "T", 1)                   = 1
2615  read(3, "E", 1)                   = 1
2615  read(3, "P", 1)                   = 1
2615  read(3, " ", 1)                   = 1
2615  read(3, "{", 1)                   = 1
2615  read(3, "2", 1)                   = 1
2615  read(3, " ", 1)                   = 1
2615  read(3, "t", 1)                   = 1
2615  read(3, "o", 1)                   = 1
2615  read(3, " ", 1)                   = 1
2615  read(3, "L", 1)                   = 1
2615  read(3, "}", 1)                   = 1
2615  read(3, " ", 1)                   = 1
2615  read(3, " ", 1)                   = 1
2615  read(3, " ", 1)                   = 1
2615  read(3, "-", 1)                   = 1
2615  read(3, "-", 1)                   = 1
2615  read(3, "-", 1)                   = 1
2615  read(3, "-", 1)                   = 1
2615  read(3, "-", 1)                   = 1
2615  read(3, " ", 1)                   = 1
2615  read(3, "W", 1)                   = 1
2615  read(3, "O", 1)                   = 1
2615  read(3, "R", 1)                   = 1
2615  read(3, "K", 1)                   = 1
2615  read(3, " ", 1)                   = 1
2615  read(3, "O", 1)                   = 1
2615  read(3, "N", 1)                   = 1
2615  read(3, " ", 1)                   = 1
2615  read(3, "T", 1)                   = 1
2615  read(3, "H", 1)                   = 1
2615  read(3, "E", 1)                   = 1
2615  read(3, " ", 1)                   = 1
2615  read(3, "E", 1)                   = 1
2615  read(3, "X", 1)                   = 1
2615  read(3, "E", 1)                   = 1
2615  read(3, "R", 1)                   = 1
2615  read(3, "C", 1)                   = 1
2615  read(3, "I", 1)                   = 1
2615  read(3, "S", 1)                   = 1
2615  read(3, "E", 1)                   = 1
2615  read(3, " ", 1)                   = 1
2615  read(3, "-", 1)                   = 1
2615  read(3, "-", 1)                   = 1
2615  read(3, "-", 1)                   = 1
2615  read(3, "-", 1)                   = 1
2615  read(3, "-", 1)                   = 1
2615  read(3, "-", 1)                   = 1
2615  read(3, " ", 1)                   = 1
2615  read(3, "\n", 1)                  = 1
2615  write(6, "54\n", 3)               = 3
2615  write(6, "   STEP {2 to L}   ----- WORK ON"..., 54) = 54
2615  read(3, " ", 1)                   = 1
2615  read(3, " ", 1)                   = 1
2615  read(3, " ", 1)                   = 1
2615  read(3, " ", 1)                   = 1
2615  read(3, " ", 1)                   = 1
2615  read(3, " ", 1)                   = 1
2615  read(3, " ", 1)                   = 1
2615  read(3, " ", 1)                   = 1
2615  read(3, "\n", 1)                  = 1
2615  write(6, "9\n", 2)                = 2
2615  write(6, "        \n", 9)         = 9
2615  read(3, " ", 1)                   = 1
2615  read(3, " ", 1)                   = 1
2615  read(3, " ", 1)                   = 1
2615  read(3, "C", 1)                   = 1
2615  read(3, "o", 1)                   = 1
2615  read(3, "m", 1)                   = 1
2615  read(3, "p", 1)                   = 1
2615  read(3, "l", 1)                   = 1
2615  read(3, "e", 1)                   = 1
2615  read(3, "t", 1)                   = 1
2615  read(3, "e", 1)                   = 1
2615  read(3, "d", 1)                   = 1
2615  read(3, "?", 1)                   = 1
2615  read(3, " ", 1)                   = 1
2615  read(3, "[", 1)                   = 1
2615  read(3, "Y", 1)                   = 1
2615  read(3, "e", 1)                   = 1
2615  read(3, "s", 1)                   = 1
2615  read(3, "]", 1)                   = 1
2615  read(3, " ", 1)                   = 1
2615  read(3, "\n", 1)                  = 1
2615  write(6, "21\n", 3)               = 3
2615  write(6, "   Completed? [Yes] \n", 21) = 21
2615  read(3, "\n", 1)                  = 1
2615  write(6, "1\n", 2)                = 2
2615  write(6, "\n", 1)                 = 1
2615  read(3, " ", 1)                   = 1
2615  read(3, " ", 1)                   = 1
2615  read(3, " ", 1)                   = 1
2615  read(3, " ", 1)                   = 1
2615  read(3, " ", 1)                   = 1
2615  read(3, " ", 1)                   = 1
2615  read(3, " ", 1)                   = 1
2615  read(3, " ", 1)                   = 1
2615  read(3, "S", 1)                   = 1
2615  read(3, "T", 1)                   = 1
2615  read(3, "E", 1)                   = 1
2615  read(3, "P", 1)                   = 1
2615  read(3, " ", 1)                   = 1
2615  read(3, "L", 1)                   = 1
2615  read(3, " ", 1)                   = 1
2615  read(3, " ", 1)                   = 1
2615  read(3, " ", 1)                   = 1
2615  read(3, " ", 1)                   = 1
2615  read(3, "E", 1)                   = 1
2615  read(3, "v", 1)                   = 1
2615  read(3, "a", 1)                   = 1
2615  read(3, "l", 1)                   = 1
2615  read(3, "u", 1)                   = 1
2615  read(3, "a", 1)                   = 1
2615  read(3, "t", 1)                   = 1
2615  read(3, "e", 1)                   = 1
2615  read(3, " ", 1)                   = 1
2615  read(3, "t", 1)                   = 1
2615  read(3, "h", 1)                   = 1
2615  read(3, "e", 1)                   = 1
2615  read(3, " ", 1)                   = 1
2615  read(3, "e", 1)                   = 1
2615  read(3, "x", 1)                   = 1
2615  read(3, "e", 1)                   = 1
2615  read(3, "r", 1)                   = 1
2615  read(3, "c", 1)                   = 1
2615  read(3, "i", 1)                   = 1
2615  read(3, "s", 1)                   = 1
2615  read(3, "e", 1)                   = 1
2615  read(3, " ", 1)                   = 1
2615  read(3, "-", 1)                   = 1
2615  read(3, "-", 1)                   = 1
2615  read(3, ">", 1)                   = 1
2615  read(3, " ", 1)                   = 1
2615  read(3, "$", 1)                   = 1
2615  read(3, ".", 1)                   = 1
2615  read(3, "/", 1)                   = 1
2615  read(3, "l", 1)                   = 1
2615  read(3, "a", 1)                   = 1
2615  read(3, "b", 1)                   = 1
2615  read(3, ".", 1)                   = 1
2615  read(3, "s", 1)                   = 1
2615  read(3, "h", 1)                   = 1
2615  read(3, " ", 1)                   = 1
2615  read(3, "-", 1)                   = 1
2615  read(3, "r", 1)                   = 1
2615  read(3, " ", 1)                   = 1
2615  read(3, "2", 1)                   = 1
2615  read(3, "1", 1)                   = 1
2615  read(3, "0", 1)                   = 1
2615  read(3, "0", 1)                   = 1
2615  read(3, "1", 1)                   = 1
2615  read(3, "0", 1)                   = 1
2615  read(3, "_", 1)                   = 1
2615  read(3, "2", 1)                   = 1
2615  read(3, "1", 1)                   = 1
2615  read(3, "1", 1)                   = 1
2615  read(3, "1", 1)                   = 1
2615  read(3, "0", 1)                   = 1
2615  read(3, "1", 1)                   = 1
2615  read(3, " ", 1)                   = 1
2615  read(3, "-", 1)                   = 1
2615  read(3, "n", 1)                   = 1
2615  read(3, " ", 1)                   = 1
2615  read(3, "5", 1)                   = 1
2615  read(3, " ", 1)                   = 1
2615  read(3, "-", 1)                   = 1
2615  read(3, "a", 1)                   = 1
2615  read(3, " ", 1)                   = 1
2615  read(3, "e", 1)                   = 1
2615  read(3, "v", 1)                   = 1
2615  read(3, "a", 1)                   = 1
2615  read(3, "l", 1)                   = 1
2615  read(3, "u", 1)                   = 1
2615  read(3, "a", 1)                   = 1
2615  read(3, "t", 1)                   = 1
2615  read(3, "e", 1)                   = 1
2615  read(3, "\n", 1)                  = 1
2615  write(6, "88\n", 3)               = 3
2615  write(6, "        STEP L    Evaluate the e"..., 88) = 88
2615  read(3, " ", 1)                   = 1
2615  read(3, " ", 1)                   = 1
2615  read(3, " ", 1)                   = 1
2615  read(3, " ", 1)                   = 1
2615  read(3, " ", 1)                   = 1
2615  read(3, " ", 1)                   = 1
2615  read(3, " ", 1)                   = 1
2615  read(3, " ", 1)                   = 1
2615  read(3, "S", 1)                   = 1
2615  read(3, "T", 1)                   = 1
2615  read(3, "E", 1)                   = 1
2615  read(3, "P", 1)                   = 1
2615  read(3, " ", 1)                   = 1
2615  read(3, "L", 1)                   = 1
2615  read(3, "+", 1)                   = 1
2615  read(3, "1", 1)                   = 1
2615  read(3, " ", 1)                   = 1
2615  read(3, " ", 1)                   = 1
2615  read(3, "P", 1)                   = 1
2615  read(3, "r", 1)                   = 1
2615  read(3, "e", 1)                   = 1
2615  read(3, "p", 1)                   = 1
2615  read(3, "a", 1)                   = 1
2615  read(3, "r", 1)                   = 1
2615  read(3, "e", 1)                   = 1
2615  read(3, " ", 1)                   = 1
2615  read(3, "s", 1)                   = 1
2615  read(3, "u", 1)                   = 1
2615  read(3, "b", 1)                   = 1
2615  read(3, "m", 1)                   = 1
2615  read(3, "i", 1)                   = 1
2615  read(3, "s", 1)                   = 1
2615  read(3, "s", 1)                   = 1
2615  read(3, "i", 1)                   = 1
2615  read(3, "o", 1)                   = 1
2615  read(3, "n", 1)                   = 1
2615  read(3, " ", 1)                   = 1
2615  read(3, "-", 1)                   = 1
2615  read(3, "-", 1)                   = 1
2615  read(3, ">", 1)                   = 1
2615  read(3, " ", 1)                   = 1
2615  read(3, " ", 1)                   = 1
2615  read(3, "$", 1)                   = 1
2615  read(3, ".", 1)                   = 1
2615  read(3, "/", 1)                   = 1
2615  read(3, "l", 1)                   = 1
2615  read(3, "a", 1)                   = 1
2615  read(3, "b", 1)                   = 1
2615  read(3, ".", 1)                   = 1
2615  read(3, "s", 1)                   = 1
2615  read(3, "h", 1)                   = 1
2615  read(3, " ", 1)                   = 1
2615  read(3, "-", 1)                   = 1
2615  read(3, "r", 1)                   = 1
2615  read(3, " ", 1)                   = 1
2615  read(3, "2", 1)                   = 1
2615  read(3, "1", 1)                   = 1
2615  read(3, "0", 1)                   = 1
2615  read(3, "0", 1)                   = 1
2615  read(3, "1", 1)                   = 1
2615  read(3, "0", 1)                   = 1
2615  read(3, "_", 1)                   = 1
2615  read(3, "2", 1)                   = 1
2615  read(3, "1", 1)                   = 1
2615  read(3, "1", 1)                   = 1
2615  read(3, "1", 1)                   = 1
2615  read(3, "0", 1)                   = 1
2615  read(3, "1", 1)                   = 1
2615  read(3, " ", 1)                   = 1
2615  read(3, "-", 1)                   = 1
2615  read(3, "n", 1)                   = 1
2615  read(3, " ", 1)                   = 1
2615  read(3, "5", 1)                   = 1
2615  read(3, " ", 1)                   = 1
2615  read(3, "-", 1)                   = 1
2615  read(3, "a", 1)                   = 1
2615  read(3, " ", 1)                   = 1
2615  read(3, "p", 1)                   = 1
2615  read(3, "r", 1)                   = 1
2615  read(3, "e", 1)                   = 1
2615  read(3, "p", 1)                   = 1
2615  read(3, "a", 1)                   = 1
2615  read(3, "r", 1)                   = 1
2615  read(3, "e", 1)                   = 1
2615  read(3, " ", 1)                   = 1
2615  read(3, " ", 1)                   = 1
2615  read(3, " ", 1)                   = 1
2615  read(3, " ", 1)                   = 1
2615  read(3, " ", 1)                   = 1
2615  read(3, " ", 1)                   = 1
2615  read(3, " ", 1)                   = 1
2615  read(3, " ", 1)                   = 1
2615  read(3, "\n", 1)                  = 1
2615  write(6, "93\n", 3)               = 3
2615  write(6, "        STEP L+1  Prepare submis"..., 93) = 93
2615  read(3, " ", 1)                   = 1
2615  read(3, " ", 1)                   = 1
2615  read(3, " ", 1)                   = 1
2615  read(3, " ", 1)                   = 1
2615  read(3, " ", 1)                   = 1
2615  read(3, " ", 1)                   = 1
2615  read(3, " ", 1)                   = 1
2615  read(3, " ", 1)                   = 1
2615  read(3, "S", 1)                   = 1
2615  read(3, "T", 1)                   = 1
2615  read(3, "E", 1)                   = 1
2615  read(3, "P", 1)                   = 1
2615  read(3, " ", 1)                   = 1
2615  read(3, "L", 1)                   = 1
2615  read(3, "+", 1)                   = 1
2615  read(3, "2", 1)                   = 1
2615  read(3, " ", 1)                   = 1
2615  read(3, " ", 1)                   = 1
2615  read(3, "S", 1)                   = 1
2615  read(3, "u", 1)                   = 1
2615  read(3, "b", 1)                   = 1
2615  read(3, "m", 1)                   = 1
2615  read(3, "i", 1)                   = 1
2615  read(3, "t", 1)                   = 1
2615  read(3, " ", 1)                   = 1
2615  read(3, "-", 1)                   = 1
2615  read(3, "-", 1)                   = 1
2615  read(3, ">", 1)                   = 1
2615  read(3, " ", 1)                   = 1
2615  read(3, " ", 1)                   = 1
2615  read(3, "$", 1)                   = 1
2615  read(3, ".", 1)                   = 1
2615  read(3, "/", 1)                   = 1
2615  read(3, "l", 1)                   = 1
2615  read(3, "a", 1)                   = 1
2615  read(3, "b", 1)                   = 1
2615  read(3, ".", 1)                   = 1
2615  read(3, "s", 1)                   = 1
2615  read(3, "h", 1)                   = 1
2615  read(3, " ", 1)                   = 1
2615  read(3, "-", 1)                   = 1
2615  read(3, "r", 1)                   = 1
2615  read(3, " ", 1)                   = 1
2615  read(3, "2", 1)                   = 1
2615  read(3, "1", 1)                   = 1
2615  read(3, "0", 1)                   = 1
2615  read(3, "0", 1)                   = 1
2615  read(3, "1", 1)                   = 1
2615  read(3, "0", 1)                   = 1
2615  read(3, "_", 1)                   = 1
2615  read(3, "2", 1)                   = 1
2615  read(3, "1", 1)                   = 1
2615  read(3, "1", 1)                   = 1
2615  read(3, "1", 1)                   = 1
2615  read(3, "0", 1)                   = 1
2615  read(3, "1", 1)                   = 1
2615  read(3, " ", 1)                   = 1
2615  read(3, "-", 1)                   = 1
2615  read(3, "n", 1)                   = 1
2615  read(3, " ", 1)                   = 1
2615  read(3, "5", 1)                   = 1
2615  read(3, " ", 1)                   = 1
2615  read(3, "-", 1)                   = 1
2615  read(3, "a", 1)                   = 1
2615  read(3, " ", 1)                   = 1
2615  read(3, "s", 1)                   = 1
2615  read(3, "u", 1)                   = 1
2615  read(3, "b", 1)                   = 1
2615  read(3, "m", 1)                   = 1
2615  read(3, "i", 1)                   = 1
2615  read(3, "t", 1)                   = 1
2615  read(3, "\n", 1)                  = 1
2615  write(6, "72\n", 3)               = 3
2615  write(6, "        STEP L+2  Submit -->  $."..., 72) = 72
2615  read(3, " ", 1)                   = 1
2615  read(3, " ", 1)                   = 1
2615  read(3, " ", 1)                   = 1
2615  read(3, " ", 1)                   = 1
2615  read(3, " ", 1)                   = 1
2615  read(3, " ", 1)                   = 1
2615  read(3, " ", 1)                   = 1
2615  read(3, " ", 1)                   = 1
2615  read(3, "S", 1)                   = 1
2615  read(3, "T", 1)                   = 1
2615  read(3, "E", 1)                   = 1
2615  read(3, "P", 1)                   = 1
2615  read(3, " ", 1)                   = 1
2615  read(3, "L", 1)                   = 1
2615  read(3, "+", 1)                   = 1
2615  read(3, "3", 1)                   = 1
2615  read(3, " ", 1)                   = 1
2615  read(3, " ", 1)                   = 1
2615  read(3, "S", 1)                   = 1
2615  read(3, "i", 1)                   = 1
2615  read(3, "g", 1)                   = 1
2615  read(3, "n", 1)                   = 1
2615  read(3, "o", 1)                   = 1
2615  read(3, "f", 1)                   = 1
2615  read(3, "f", 1)                   = 1
2615  read(3, " ", 1)                   = 1
2615  read(3, "-", 1)                   = 1
2615  read(3, "-", 1)                   = 1
2615  read(3, ">", 1)                   = 1
2615  read(3, " ", 1)                   = 1
2615  read(3, "$", 1)                   = 1
2615  read(3, ".", 1)                   = 1
2615  read(3, "/", 1)                   = 1
2615  read(3, "l", 1)                   = 1
2615  read(3, "a", 1)                   = 1
2615  read(3, "b", 1)                   = 1
2615  read(3, ".", 1)                   = 1
2615  read(3, "s", 1)                   = 1
2615  read(3, "h", 1)                   = 1
2615  read(3, " ", 1)                   = 1
2615  read(3, "-", 1)                   = 1
2615  read(3, "r", 1)                   = 1
2615  read(3, " ", 1)                   = 1
2615  read(3, "2", 1)                   = 1
2615  read(3, "1", 1)                   = 1
2615  read(3, "0", 1)                   = 1
2615  read(3, "0", 1)                   = 1
2615  read(3, "1", 1)                   = 1
2615  read(3, "0", 1)                   = 1
2615  read(3, "_", 1)                   = 1
2615  read(3, "2", 1)                   = 1
2615  read(3, "1", 1)                   = 1
2615  read(3, "1", 1)                   = 1
2615  read(3, "1", 1)                   = 1
2615  read(3, "0", 1)                   = 1
2615  read(3, "1", 1)                   = 1
2615  read(3, " ", 1)                   = 1
2615  read(3, "-", 1)                   = 1
2615  read(3, "n", 1)                   = 1
2615  read(3, " ", 1)                   = 1
2615  read(3, "5", 1)                   = 1
2615  read(3, " ", 1)                   = 1
2615  read(3, "-", 1)                   = 1
2615  read(3, "a", 1)                   = 1
2615  read(3, " ", 1)                   = 1
2615  read(3, "s", 1)                   = 1
2615  read(3, "i", 1)                   = 1
2615  read(3, "g", 1)                   = 1
2615  read(3, "n", 1)                   = 1
2615  read(3, "o", 1)                   = 1
2615  read(3, "f", 1)                   = 1
2615  read(3, "f", 1)                   = 1
2615  read(3, " ", 1)                   = 1
2615  read(3, " ", 1)                   = 1
2615  read(3, " ", 1)                   = 1
2615  read(3, " ", 1)                   = 1
2615  read(3, " ", 1)                   = 1
2615  read(3, " ", 1)                   = 1
2615  read(3, "\n", 1)                  = 1
2615  write(6, "79\n", 3)               = 3
2615  write(6, "        STEP L+3  Signoff --> $."..., 79) = 79
2615  read(3, "\n", 1)                  = 1
2615  write(6, "1\n", 2)                = 2
2615  write(6, "\n", 1)                 = 1
2615  read(3, " ", 1)                   = 1
2615  read(3, " ", 1)                   = 1
2615  read(3, " ", 1)                   = 1
2615  read(3, "C", 1)                   = 1
2615  read(3, "o", 1)                   = 1
2615  read(3, "m", 1)                   = 1
2615  read(3, "p", 1)                   = 1
2615  read(3, "l", 1)                   = 1
2615  read(3, "e", 1)                   = 1
2615  read(3, "t", 1)                   = 1
2615  read(3, "e", 1)                   = 1
2615  read(3, "d", 1)                   = 1
2615  read(3, "?", 1)                   = 1
2615  read(3, " ", 1)                   = 1
2615  read(3, "[", 1)                   = 1
2615  read(3, "N", 1)                   = 1
2615  read(3, "o", 1)                   = 1
2615  read(3, "]", 1)                   = 1
2615  read(3, " ", 1)                   = 1
2615  read(3, "\n", 1)                  = 1
2615  write(6, "20\n", 3)               = 3
2615  write(6, "   Completed? [No] \n", 20) = 20
2615  read(3, "\n", 1)                  = 1
2615  write(6, "1\n", 2)                = 2
2615  write(6, "\n", 1)                 = 1
2615  read(3, " ", 1)                   = 1
2615  read(3, " ", 1)                   = 1
2615  read(3, " ", 1)                   = 1
2615  read(3, " ", 1)                   = 1
2615  read(3, " ", 1)                   = 1
2615  read(3, " ", 1)                   = 1
2615  read(3, " ", 1)                   = 1
2615  read(3, " ", 1)                   = 1
2615  read(3, "S", 1)                   = 1
2615  read(3, "T", 1)                   = 1
2615  read(3, "E", 1)                   = 1
2615  read(3, "P", 1)                   = 1
2615  read(3, " ", 1)                   = 1
2615  read(3, "L", 1)                   = 1
2615  read(3, "+", 1)                   = 1
2615  read(3, "1", 1)                   = 1
2615  read(3, " ", 1)                   = 1
2615  read(3, " ", 1)                   = 1
2615  read(3, "P", 1)                   = 1
2615  read(3, "r", 1)                   = 1
2615  read(3, "e", 1)                   = 1
2615  read(3, "p", 1)                   = 1
2615  read(3, "a", 1)                   = 1
2615  read(3, "r", 1)                   = 1
2615  read(3, "e", 1)                   = 1
2615  read(3, " ", 1)                   = 1
2615  read(3, "t", 1)                   = 1
2615  read(3, "o", 1)                   = 1
2615  read(3, " ", 1)                   = 1
2615  read(3, "s", 1)                   = 1
2615  read(3, "a", 1)                   = 1
2615  read(3, "v", 1)                   = 1
2615  read(3, "e", 1)                   = 1
2615  read(3, " ", 1)                   = 1
2615  read(3, "-", 1)                   = 1
2615  read(3, "-", 1)                   = 1
2615  read(3, ">", 1)                   = 1
2615  read(3, " ", 1)                   = 1
2615  read(3, " ", 1)                   = 1
2615  read(3, "$", 1)                   = 1
2615  read(3, ".", 1)                   = 1
2615  read(3, "/", 1)                   = 1
2615  read(3, "l", 1)                   = 1
2615  read(3, "a", 1)                   = 1
2615  read(3, "b", 1)                   = 1
2615  read(3, ".", 1)                   = 1
2615  read(3, "s", 1)                   = 1
2615  read(3, "h", 1)                   = 1
2615  read(3, " ", 1)                   = 1
2615  read(3, "-", 1)                   = 1
2615  read(3, "r", 1)                   = 1
2615  read(3, " ", 1)                   = 1
2615  read(3, "2", 1)                   = 1
2615  read(3, "1", 1)                   = 1
2615  read(3, "0", 1)                   = 1
2615  read(3, "0", 1)                   = 1
2615  read(3, "1", 1)                   = 1
2615  read(3, "0", 1)                   = 1
2615  read(3, "_", 1)                   = 1
2615  read(3, "2", 1)                   = 1
2615  read(3, "1", 1)                   = 1
2615  read(3, "1", 1)                   = 1
2615  read(3, "1", 1)                   = 1
2615  read(3, "0", 1)                   = 1
2615  read(3, "1", 1)                   = 1
2615  read(3, " ", 1)                   = 1
2615  read(3, "-", 1)                   = 1
2615  read(3, "n", 1)                   = 1
2615  read(3, " ", 1)                   = 1
2615  read(3, "5", 1)                   = 1
2615  read(3, " ", 1)                   = 1
2615  read(3, "-", 1)                   = 1
2615  read(3, "a", 1)                   = 1
2615  read(3, " ", 1)                   = 1
2615  read(3, "p", 1)                   = 1
2615  read(3, "r", 1)                   = 1
2615  read(3, "e", 1)                   = 1
2615  read(3, "p", 1)                   = 1
2615  read(3, "a", 1)                   = 1
2615  read(3, "r", 1)                   = 1
2615  read(3, "e", 1)                   = 1
2615  read(3, "-", 1)                   = 1
2615  read(3, "s", 1)                   = 1
2615  read(3, "a", 1)                   = 1
2615  read(3, "v", 1)                   = 1
2615  read(3, "e", 1)                   = 1
2615  read(3, "\n", 1)                  = 1
2615  write(6, "87\n", 3)               = 3
2615  write(6, "        STEP L+1  Prepare to sav"..., 87) = 87
2615  read(3, " ", 1)                   = 1
2615  read(3, " ", 1)                   = 1
2615  read(3, " ", 1)                   = 1
2615  read(3, " ", 1)                   = 1
2615  read(3, " ", 1)                   = 1
2615  read(3, " ", 1)                   = 1
2615  read(3, " ", 1)                   = 1
2615  read(3, " ", 1)                   = 1
2615  read(3, "S", 1)                   = 1
2615  read(3, "T", 1)                   = 1
2615  read(3, "E", 1)                   = 1
2615  read(3, "P", 1)                   = 1
2615  read(3, " ", 1)                   = 1
2615  read(3, "L", 1)                   = 1
2615  read(3, "+", 1)                   = 1
2615  read(3, "2", 1)                   = 1
2615  read(3, " ", 1)                   = 1
2615  read(3, " ", 1)                   = 1
2615  read(3, "S", 1)                   = 1
2615  read(3, "a", 1)                   = 1
2615  read(3, "v", 1)                   = 1
2615  read(3, "e", 1)                   = 1
2615  read(3, " ", 1)                   = 1
2615  read(3, "y", 1)                   = 1
2615  read(3, "o", 1)                   = 1
2615  read(3, "u", 1)                   = 1
2615  read(3, "r", 1)                   = 1
2615  read(3, " ", 1)                   = 1
2615  read(3, "w", 1)                   = 1
2615  read(3, "o", 1)                   = 1
2615  read(3, "r", 1)                   = 1
2615  read(3, "k", 1)                   = 1
2615  read(3, " ", 1)                   = 1
2615  read(3, " ", 1)                   = 1
2615  read(3, "-", 1)                   = 1
2615  read(3, "-", 1)                   = 1
2615  read(3, ">", 1)                   = 1
2615  read(3, " ", 1)                   = 1
2615  read(3, " ", 1)                   = 1
2615  read(3, "$", 1)                   = 1
2615  read(3, ".", 1)                   = 1
2615  read(3, "/", 1)                   = 1
2615  read(3, "l", 1)                   = 1
2615  read(3, "a", 1)                   = 1
2615  read(3, "b", 1)                   = 1
2615  read(3, ".", 1)                   = 1
2615  read(3, "s", 1)                   = 1
2615  read(3, "h", 1)                   = 1
2615  read(3, " ", 1)                   = 1
2615  read(3, "-", 1)                   = 1
2615  read(3, "r", 1)                   = 1
2615  read(3, " ", 1)                   = 1
2615  read(3, "2", 1)                   = 1
2615  read(3, "1", 1)                   = 1
2615  read(3, "0", 1)                   = 1
2615  read(3, "0", 1)                   = 1
2615  read(3, "1", 1)                   = 1
2615  read(3, "0", 1)                   = 1
2615  read(3, "_", 1)                   = 1
2615  read(3, "2", 1)                   = 1
2615  read(3, "1", 1)                   = 1
2615  read(3, "1", 1)                   = 1
2615  read(3, "1", 1)                   = 1
2615  read(3, "0", 1)                   = 1
2615  read(3, "1", 1)                   = 1
2615  read(3, " ", 1)                   = 1
2615  read(3, "-", 1)                   = 1
2615  read(3, "n", 1)                   = 1
2615  read(3, " ", 1)                   = 1
2615  read(3, "5", 1)                   = 1
2615  read(3, " ", 1)                   = 1
2615  read(3, "-", 1)                   = 1
2615  read(3, "a", 1)                   = 1
2615  read(3, " ", 1)                   = 1
2615  read(3, "s", 1)                   = 1
2615  read(3, "a", 1)                   = 1
2615  read(3, "v", 1)                   = 1
2615  read(3, "e", 1)                   = 1
2615  read(3, "\n", 1)                  = 1
2615  write(6, "79\n", 3)               = 3
2615  write(6, "        STEP L+2  Save your work"..., 79) = 79
2615  read(3, " ", 1)                   = 1
2615  read(3, " ", 1)                   = 1
2615  read(3, " ", 1)                   = 1
2615  read(3, " ", 1)                   = 1
2615  read(3, " ", 1)                   = 1
2615  read(3, " ", 1)                   = 1
2615  read(3, " ", 1)                   = 1
2615  read(3, " ", 1)                   = 1
2615  read(3, "S", 1)                   = 1
2615  read(3, "T", 1)                   = 1
2615  read(3, "E", 1)                   = 1
2615  read(3, "P", 1)                   = 1
2615  read(3, " ", 1)                   = 1
2615  read(3, "L", 1)                   = 1
2615  read(3, "+", 1)                   = 1
2615  read(3, "3", 1)                   = 1
2615  read(3, " ", 1)                   = 1
2615  read(3, " ", 1)                   = 1
2615  read(3, "D", 1)                   = 1
2615  read(3, "e", 1)                   = 1
2615  read(3, "t", 1)                   = 1
2615  read(3, "a", 1)                   = 1
2615  read(3, "c", 1)                   = 1
2615  read(3, "h", 1)                   = 1
2615  read(3, " ", 1)                   = 1
2615  read(3, "-", 1)                   = 1
2615  read(3, "-", 1)                   = 1
2615  read(3, ">", 1)                   = 1
2615  read(3, " ", 1)                   = 1
2615  read(3, "$", 1)                   = 1
2615  read(3, ".", 1)                   = 1
2615  read(3, "/", 1)                   = 1
2615  read(3, "l", 1)                   = 1
2615  read(3, "a", 1)                   = 1
2615  read(3, "b", 1)                   = 1
2615  read(3, ".", 1)                   = 1
2615  read(3, "s", 1)                   = 1
2615  read(3, "h", 1)                   = 1
2615  read(3, " ", 1)                   = 1
2615  read(3, "-", 1)                   = 1
2615  read(3, "r", 1)                   = 1
2615  read(3, " ", 1)                   = 1
2615  read(3, "2", 1)                   = 1
2615  read(3, "1", 1)                   = 1
2615  read(3, "0", 1)                   = 1
2615  read(3, "0", 1)                   = 1
2615  read(3, "1", 1)                   = 1
2615  read(3, "0", 1)                   = 1
2615  read(3, "_", 1)                   = 1
2615  read(3, "2", 1)                   = 1
2615  read(3, "1", 1)                   = 1
2615  read(3, "1", 1)                   = 1
2615  read(3, "1", 1)                   = 1
2615  read(3, "0", 1)                   = 1
2615  read(3, "1", 1)                   = 1
2615  read(3, " ", 1)                   = 1
2615  read(3, "-", 1)                   = 1
2615  read(3, "n", 1)                   = 1
2615  read(3, " ", 1)                   = 1
2615  read(3, "5", 1)                   = 1
2615  read(3, " ", 1)                   = 1
2615  read(3, "-", 1)                   = 1
2615  read(3, "a", 1)                   = 1
2615  read(3, " ", 1)                   = 1
2615  read(3, "d", 1)                   = 1
2615  read(3, "e", 1)                   = 1
2615  read(3, "t", 1)                   = 1
2615  read(3, "a", 1)                   = 1
2615  read(3, "c", 1)                   = 1
2615  read(3, "h", 1)                   = 1
2615  read(3, "\n", 1)                  = 1
2615  write(6, "71\n", 3)               = 3
2615  write(6, "        STEP L+3  Detach --> $./"..., 71) = 71
2615  read(3, "\n", 1)                  = 1
2615  write(6, "1\n", 2)                = 2
2615  write(6, "\n", 1)                 = 1
2615  read(3, "}", 1)                   = 1
2615  read(3, "\n", 1)                  = 1
2615  write(6, "2\n", 2)                = 2
2615  write(6, "}\n", 2)                = 2
2615  read(3, "\n", 1)                  = 1
2615  write(6, "1\n", 2)                = 2
2615  write(6, "\n", 1)                 = 1
2615  read(3, "*", 1)                   = 1
2615  read(3, "*", 1)                   = 1
2615  read(3, "*", 1)                   = 1
2615  read(3, "*", 1)                   = 1
2615  read(3, "*", 1)                   = 1
2615  read(3, " ", 1)                   = 1
2615  read(3, "I", 1)                   = 1
2615  read(3, "M", 1)                   = 1
2615  read(3, "P", 1)                   = 1
2615  read(3, "O", 1)                   = 1
2615  read(3, "R", 1)                   = 1
2615  read(3, "T", 1)                   = 1
2615  read(3, "A", 1)                   = 1
2615  read(3, "N", 1)                   = 1
2615  read(3, "T", 1)                   = 1
2615  read(3, " ", 1)                   = 1
2615  read(3, "*", 1)                   = 1
2615  read(3, "*", 1)                   = 1
2615  read(3, "*", 1)                   = 1
2615  read(3, "*", 1)                   = 1
2615  read(3, "\n", 1)                  = 1
2615  write(6, "21\n", 3)               = 3
2615  write(6, "***** IMPORTANT ****\n", 21) = 21
2615  read(3, "-", 1)                   = 1
2615  read(3, " ", 1)                   = 1
2615  read(3, "C", 1)                   = 1
2615  read(3, "h", 1)                   = 1
2615  read(3, "e", 1)                   = 1
2615  read(3, "c", 1)                   = 1
2615  read(3, "k", 1)                   = 1
2615  read(3, " ", 1)                   = 1
2615  read(3, "t", 1)                   = 1
2615  read(3, "h", 1)                   = 1
2615  read(3, "e", 1)                   = 1
2615  read(3, " ", 1)                   = 1
2615  read(3, "e", 1)                   = 1
2615  read(3, "v", 1)                   = 1
2615  read(3, "a", 1)                   = 1
2615  read(3, "l", 1)                   = 1
2615  read(3, "u", 1)                   = 1
2615  read(3, "a", 1)                   = 1
2615  read(3, "t", 1)                   = 1
2615  read(3, "i", 1)                   = 1
2615  read(3, "o", 1)                   = 1
2615  read(3, "n", 1)                   = 1
2615  read(3, " ", 1)                   = 1
2615  read(3, "o", 1)                   = 1
2615  read(3, "u", 1)                   = 1
2615  read(3, "t", 1)                   = 1
2615  read(3, "p", 1)                   = 1
2615  read(3, "u", 1)                   = 1
2615  read(3, "t", 1)                   = 1
2615  read(3, "\n", 1)                  = 1
2615  write(6, "30\n", 3)               = 3
2615  write(6, "- Check the evaluation output\n", 30) = 30
2615  read(3, "-", 1)                   = 1
2615  read(3, " ", 1)                   = 1
2615  read(3, "M", 1)                   = 1
2615  read(3, "a", 1)                   = 1
2615  read(3, "k", 1)                   = 1
2615  read(3, "e", 1)                   = 1
2615  read(3, " ", 1)                   = 1
2615  read(3, "s", 1)                   = 1
2615  read(3, "u", 1)                   = 1
2615  read(3, "r", 1)                   = 1
2615  read(3, "e", 1)                   = 1
2615  read(3, " ", 1)                   = 1
2615  read(3, "y", 1)                   = 1
2615  read(3, "o", 1)                   = 1
2615  read(3, "u", 1)                   = 1
2615  read(3, " ", 1)                   = 1
2615  read(3, "s", 1)                   = 1
2615  read(3, "u", 1)                   = 1
2615  read(3, "b", 1)                   = 1
2615  read(3, "m", 1)                   = 1
2615  read(3, "i", 1)                   = 1
2615  read(3, "t", 1)                   = 1
2615  read(3, " ", 1)                   = 1
2615  read(3, "b", 1)                   = 1
2615  read(3, "e", 1)                   = 1
2615  read(3, "f", 1)                   = 1
2615  read(3, "o", 1)                   = 1
2615  read(3, "r", 1)                   = 1
2615  read(3, "e", 1)                   = 1
2615  read(3, " ", 1)                   = 1
2615  read(3, "s", 1)                   = 1
2615  read(3, "i", 1)                   = 1
2615  read(3, "g", 1)                   = 1
2615  read(3, "n", 1)                   = 1
2615  read(3, "i", 1)                   = 1
2615  read(3, "n", 1)                   = 1
2615  read(3, "g", 1)                   = 1
2615  read(3, " ", 1)                   = 1
2615  read(3, "o", 1)                   = 1
2615  read(3, "f", 1)                   = 1
2615  read(3, "f", 1)                   = 1
2615  read(3, "\n", 1)                  = 1
2615  write(6, "42\n", 3)               = 3
2615  write(6, "- Make sure you submit before si"..., 42) = 42
2615  read(3, "-", 1)                   = 1
2615  read(3, " ", 1)                   = 1
2615  read(3, "M", 1)                   = 1
2615  read(3, "a", 1)                   = 1
2615  read(3, "k", 1)                   = 1
2615  read(3, "e", 1)                   = 1
2615  read(3, " ", 1)                   = 1
2615  read(3, "s", 1)                   = 1
2615  read(3, "u", 1)                   = 1
2615  read(3, "r", 1)                   = 1
2615  read(3, "e", 1)                   = 1
2615  read(3, " ", 1)                   = 1
2615  read(3, "y", 1)                   = 1
2615  read(3, "o", 1)                   = 1
2615  read(3, "u", 1)                   = 1
2615  read(3, " ", 1)                   = 1
2615  read(3, "s", 1)                   = 1
2615  read(3, "a", 1)                   = 1
2615  read(3, "v", 1)                   = 1
2615  read(3, "e", 1)                   = 1
2615  read(3, " ", 1)                   = 1
2615  read(3, "t", 1)                   = 1
2615  read(3, "h", 1)                   = 1
2615  read(3, "e", 1)                   = 1
2615  read(3, " ", 1)                   = 1
2615  read(3, "l", 1)                   = 1
2615  read(3, "a", 1)                   = 1
2615  read(3, "b", 1)                   = 1
2615  read(3, " ", 1)                   = 1
2615  read(3, "b", 1)                   = 1
2615  read(3, "e", 1)                   = 1
2615  read(3, "f", 1)                   = 1
2615  read(3, "o", 1)                   = 1
2615  read(3, "r", 1)                   = 1
2615  read(3, "e", 1)                   = 1
2615  read(3, " ", 1)                   = 1
2615  read(3, "d", 1)                   = 1
2615  read(3, "e", 1)                   = 1
2615  read(3, "t", 1)                   = 1
2615  read(3, "a", 1)                   = 1
2615  read(3, "c", 1)                   = 1
2615  read(3, "h", 1)                   = 1
2615  read(3, "i", 1)                   = 1
2615  read(3, "n", 1)                   = 1
2615  read(3, "g", 1)                   = 1
2615  read(3, " ", 1)                   = 1
2615  read(3, "(", 1)                   = 1
2615  read(3, "i", 1)                   = 1
2615  read(3, "f", 1)                   = 1
2615  read(3, " ", 1)                   = 1
2615  read(3, "y", 1)                   = 1
2615  read(3, "o", 1)                   = 1
2615  read(3, "u", 1)                   = 1
2615  read(3, " ", 1)                   = 1
2615  read(3, "w", 1)                   = 1
2615  read(3, "a", 1)                   = 1
2615  read(3, "n", 1)                   = 1
2615  read(3, "t", 1)                   = 1
2615  read(3, " ", 1)                   = 1
2615  read(3, "t", 1)                   = 1
2615  read(3, "o", 1)                   = 1
2615  read(3, " ", 1)                   = 1
2615  read(3, "c", 1)                   = 1
2615  read(3, "o", 1)                   = 1
2615  read(3, "n", 1)                   = 1
2615  read(3, "t", 1)                   = 1
2615  read(3, "i", 1)                   = 1
2615  read(3, "n", 1)                   = 1
2615  read(3, "u", 1)                   = 1
2615  read(3, "e", 1)                   = 1
2615  read(3, " ", 1)                   = 1
2615  read(3, "n", 1)                   = 1
2615  read(3, "e", 1)                   = 1
2615  read(3, "x", 1)                   = 1
2615  read(3, "t", 1)                   = 1
2615  read(3, ")", 1)                   = 1
2615  read(3, "\n", 1)                  = 1
2615  write(6, "77\n", 3)               = 3
2615  write(6, "- Make sure you save the lab bef"..., 77) = 77
2615  read(3, "-", 1)                   = 1
2615  read(3, " ", 1)                   = 1
2615  read(3, "M", 1)                   = 1
2615  read(3, "a", 1)                   = 1
2615  read(3, "k", 1)                   = 1
2615  read(3, "e", 1)                   = 1
2615  read(3, " ", 1)                   = 1
2615  read(3, "s", 1)                   = 1
2615  read(3, "u", 1)                   = 1
2615  read(3, "r", 1)                   = 1
2615  read(3, "e", 1)                   = 1
2615  read(3, " ", 1)                   = 1
2615  read(3, "y", 1)                   = 1
2615  read(3, "o", 1)                   = 1
2615  read(3, "u", 1)                   = 1
2615  read(3, " ", 1)                   = 1
2615  read(3, "s", 1)                   = 1
2615  read(3, "i", 1)                   = 1
2615  read(3, "g", 1)                   = 1
2615  read(3, "n", 1)                   = 1
2615  read(3, "o", 1)                   = 1
2615  read(3, "f", 1)                   = 1
2615  read(3, "f", 1)                   = 1
2615  read(3, " ", 1)                   = 1
2615  read(3, "(", 1)                   = 1
2615  read(3, "S", 1)                   = 1
2615  read(3, "T", 1)                   = 1
2615  read(3, "E", 1)                   = 1
2615  read(3, "P", 1)                   = 1
2615  read(3, " ", 1)                   = 1
2615  read(3, "L", 1)                   = 1
2615  read(3, "+", 1)                   = 1
2615  read(3, "3", 1)                   = 1
2615  read(3, ")", 1)                   = 1
2615  read(3, " ", 1)                   = 1
2615  read(3, "o", 1)                   = 1
2615  read(3, "r", 1)                   = 1
2615  read(3, " ", 1)                   = 1
2615  read(3, "e", 1)                   = 1
2615  read(3, "l", 1)                   = 1
2615  read(3, "s", 1)                   = 1
2615  read(3, "e", 1)                   = 1
2615  read(3, " ", 1)                   = 1
2615  read(3, "y", 1)                   = 1
2615  read(3, "o", 1)                   = 1
2615  read(3, "u", 1)                   = 1
2615  read(3, " ", 1)                   = 1
2615  read(3, "w", 1)                   = 1
2615  read(3, "i", 1)                   = 1
2615  read(3, "l", 1)                   = 1
2615  read(3, "l", 1)                   = 1
2615  read(3, " ", 1)                   = 1
2615  read(3, "n", 1)                   = 1
2615  read(3, "o", 1)                   = 1
2615  read(3, "t", 1)                   = 1
2615  read(3, " ", 1)                   = 1
2615  read(3, "g", 1)                   = 1
2615  read(3, "e", 1)                   = 1
2615  read(3, "t", 1)                   = 1
2615  read(3, " ", 1)                   = 1
2615  read(3, "m", 1)                   = 1
2615  read(3, "a", 1)                   = 1
2615  read(3, "r", 1)                   = 1
2615  read(3, "k", 1)                   = 1
2615  read(3, "s", 1)                   = 1
2615  read(3, " ", 1)                   = 1
2615  read(3, "a", 1)                   = 1
2615  read(3, "n", 1)                   = 1
2615  read(3, "d", 1)                   = 1
2615  read(3, " ", 1)                   = 1
2615  read(3, "w", 1)                   = 1
2615  read(3, "i", 1)                   = 1
2615  read(3, "l", 1)                   = 1
2615  read(3, "l", 1)                   = 1
2615  read(3, " ", 1)                   = 1
2615  read(3, "n", 1)                   = 1
2615  read(3, "o", 1)                   = 1
2615  read(3, "t", 1)                   = 1
2615  read(3, " ", 1)                   = 1
2615  read(3, "g", 1)                   = 1
2615  read(3, "e", 1)                   = 1
2615  read(3, "t", 1)                   = 1
2615  read(3, " ", 1)                   = 1
2615  read(3, "\n", 1)                  = 1
2615  write(6, "84\n", 3)               = 3
2615  write(6, "- Make sure you signoff (STEP L+"..., 84) = 84
2615  read(3, " ", 1)                   = 1
2615  read(3, " ", 1)                   = 1
2615  read(3, "t", 1)                   = 1
2615  read(3, "h", 1)                   = 1
2615  read(3, "e", 1)                   = 1
2615  read(3, " ", 1)                   = 1
2615  read(3, "s", 1)                   = 1
2615  read(3, "u", 1)                   = 1
2615  read(3, "b", 1)                   = 1
2615  read(3, "m", 1)                   = 1
2615  read(3, "i", 1)                   = 1
2615  read(3, "s", 1)                   = 1
2615  read(3, "s", 1)                   = 1
2615  read(3, "i", 1)                   = 1
2615  read(3, "o", 1)                   = 1
2615  read(3, "n", 1)                   = 1
2615  read(3, "s", 1)                   = 1
2615  read(3, " ", 1)                   = 1
2615  read(3, "e", 1)                   = 1
2615  read(3, "m", 1)                   = 1
2615  read(3, "a", 1)                   = 1
2615  read(3, "i", 1)                   = 1
2615  read(3, "l", 1)                   = 1
2615  read(3, "e", 1)                   = 1
2615  read(3, "d", 1)                   = 1
2615  read(3, "\n", 1)                  = 1
2615  write(6, "26\n", 3)               = 3
2615  write(6, "  the submissions emailed\n", 26) = 26
2615  read(3, "-", 1)                   = 1
2615  read(3, " ", 1)                   = 1
2615  read(3, "M", 1)                   = 1
2615  read(3, "a", 1)                   = 1
2615  read(3, "k", 1)                   = 1
2615  read(3, "e", 1)                   = 1
2615  read(3, " ", 1)                   = 1
2615  read(3, "s", 1)                   = 1
2615  read(3, "u", 1)                   = 1
2615  read(3, "r", 1)                   = 1
2615  read(3, "e", 1)                   = 1
2615  read(3, " ", 1)                   = 1
2615  read(3, "y", 1)                   = 1
2615  read(3, "o", 1)                   = 1
2615  read(3, "u", 1)                   = 1
2615  read(3, " ", 1)                   = 1
2615  read(3, "l", 1)                   = 1
2615  read(3, "o", 1)                   = 1
2615  read(3, "g", 1)                   = 1
2615  read(3, "o", 1)                   = 1
2615  read(3, "u", 1)                   = 1
2615  read(3, "t", 1)                   = 1
2615  read(3, " ", 1)                   = 1
2615  read(3, "f", 1)                   = 1
2615  read(3, "r", 1)                   = 1
2615  read(3, "o", 1)                   = 1
2615  read(3, "m", 1)                   = 1
2615  read(3, " ", 1)                   = 1
2615  read(3, "t", 1)                   = 1
2615  read(3, "h", 1)                   = 1
2615  read(3, "e", 1)                   = 1
2615  read(3, " ", 1)                   = 1
2615  read(3, "s", 1)                   = 1
2615  read(3, "y", 1)                   = 1
2615  read(3, "s", 1)                   = 1
2615  read(3, "t", 1)                   = 1
2615  read(3, "e", 1)                   = 1
2615  read(3, "m", 1)                   = 1
2615  read(3, " ", 1)                   = 1
2615  read(3, "(", 1)                   = 1
2615  read(3, "n", 1)                   = 1
2615  read(3, "o", 1)                   = 1
2615  read(3, "t", 1)                   = 1
2615  read(3, " ", 1)                   = 1
2615  read(3, "j", 1)                   = 1
2615  read(3, "u", 1)                   = 1
2615  read(3, "s", 1)                   = 1
2615  read(3, "t", 1)                   = 1
2615  read(3, " ", 1)                   = 1
2615  read(3, "t", 1)                   = 1
2615  read(3, "h", 1)                   = 1
2615  read(3, "e", 1)                   = 1
2615  read(3, " ", 1)                   = 1
2615  read(3, "d", 1)                   = 1
2615  read(3, "o", 1)                   = 1
2615  read(3, "c", 1)                   = 1
2615  read(3, "k", 1)                   = 1
2615  read(3, "e", 1)                   = 1
2615  read(3, "r", 1)                   = 1
2615  read(3, " ", 1)                   = 1
2615  read(3, "c", 1)                   = 1
2615  read(3, "o", 1)                   = 1
2615  read(3, "n", 1)                   = 1
2615  read(3, "t", 1)                   = 1
2615  read(3, "a", 1)                   = 1
2615  read(3, "i", 1)                   = 1
2615  read(3, "n", 1)                   = 1
2615  read(3, "e", 1)                   = 1
2615  read(3, "r", 1)                   = 1
2615  read(3, ")", 1)                   = 1
2615  read(3, "\n", 1)                  = 1
2615  write(6, "71\n", 3)               = 3
2615  write(6, "- Make sure you logout from the "..., 71) = 71
2615  read(3, "\n", 1)                  = 1
2615  write(6, "1\n", 2)                = 2
2615  write(6, "\n", 1)                 = 1
2615  read(3, "*", 1)                   = 1
2615  read(3, "*", 1)                   = 1
2615  read(3, "*", 1)                   = 1
2615  read(3, "*", 1)                   = 1
2615  read(3, "*", 1)                   = 1
2615  read(3, " ", 1)                   = 1
2615  read(3, "C", 1)                   = 1
2615  read(3, "A", 1)                   = 1
2615  read(3, "U", 1)                   = 1
2615  read(3, "T", 1)                   = 1
2615  read(3, "I", 1)                   = 1
2615  read(3, "O", 1)                   = 1
2615  read(3, "N", 1)                   = 1
2615  read(3, " ", 1)                   = 1
2615  read(3, " ", 1)                   = 1
2615  read(3, "*", 1)                   = 1
2615  read(3, "*", 1)                   = 1
2615  read(3, "*", 1)                   = 1
2615  read(3, "*", 1)                   = 1
2615  read(3, "*", 1)                   = 1
2615  read(3, "\n", 1)                  = 1
2615  write(6, "21\n", 3)               = 3
2615  write(6, "***** CAUTION  *****\n", 21) = 21
2615  read(3, "D", 1)                   = 1
2615  read(3, "O", 1)                   = 1
2615  read(3, " ", 1)                   = 1
2615  read(3, "N", 1)                   = 1
2615  read(3, "O", 1)                   = 1
2615  read(3, "T", 1)                   = 1
2615  read(3, " ", 1)                   = 1
2615  read(3, "D", 1)                   = 1
2615  read(3, "E", 1)                   = 1
2615  read(3, "L", 1)                   = 1
2615  read(3, "E", 1)                   = 1
2615  read(3, "T", 1)                   = 1
2615  read(3, "E", 1)                   = 1
2615  read(3, " ", 1)                   = 1
2615  read(3, "l", 1)                   = 1
2615  read(3, "a", 1)                   = 1
2615  read(3, "b", 1)                   = 1
2615  read(3, ".", 1)                   = 1
2615  read(3, "s", 1)                   = 1
2615  read(3, "h", 1)                   = 1
2615  read(3, " ", 1)                   = 1
2615  read(3, "c", 1)                   = 1
2615  read(3, "o", 1)                   = 1
2615  read(3, "r", 1)                   = 1
2615  read(3, "e", 1)                   = 1
2615  read(3, " ", 1)                   = 1
2615  read(3, "o", 1)                   = 1
2615  read(3, "r", 1)                   = 1
2615  read(3, " ", 1)                   = 1
2615  read(3, "g", 1)                   = 1
2615  read(3, "e", 1)                   = 1
2615  read(3, "m", 1)                   = 1
2615  read(3, "5", 1)                   = 1
2615  read(3, "\n", 1)                  = 1
2615  write(6, "34\n", 3)               = 3
2615  write(6, "DO NOT DELETE lab.sh core or gem"..., 34) = 34
2615  read(3, "\n", 1)                  = 1
2615  write(6, "1\n", 2)                = 2
2615  write(6, "\n", 1)                 = 1
2615  read(3, "\\", 1)                  = 1
2615  read(3, "e", 1)                   = 1
2615  read(3, "n", 1)                   = 1
2615  read(3, "d", 1)                   = 1
2615  read(3, "{", 1)                   = 1
2615  read(3, "v", 1)                   = 1
2615  read(3, "e", 1)                   = 1
2615  read(3, "r", 1)                   = 1
2615  read(3, "b", 1)                   = 1
2615  read(3, "a", 1)                   = 1
2615  read(3, "t", 1)                   = 1
2615  read(3, "i", 1)                   = 1
2615  read(3, "m", 1)                   = 1
2615  read(3, "}", 1)                   = 1
2615  read(3, "\n", 1)                  = 1
2615  write(6, "15\n", 3)               = 3
2615  write(6, "\\end{verbatim}\n", 15) = 15
2615  read(3, "\n", 1)                  = 1
2615  write(6, "1\n", 2)                = 2
2615  write(6, "\n", 1)                 = 1
2615  read(3, "%", 1)                   = 1
2615  read(3, "%", 1)                   = 1
2615  read(3, "%", 1)                   = 1
2615  read(3, "%", 1)                   = 1
2615  read(3, "%", 1)                   = 1
2615  read(3, "%", 1)                   = 1
2615  read(3, "%", 1)                   = 1
2615  read(3, "%", 1)                   = 1
2615  read(3, "%", 1)                   = 1
2615  read(3, "%", 1)                   = 1
2615  read(3, "%", 1)                   = 1
2615  read(3, "%", 1)                   = 1
2615  read(3, "%", 1)                   = 1
2615  read(3, "%", 1)                   = 1
2615  read(3, "%", 1)                   = 1
2615  read(3, "%", 1)                   = 1
2615  read(3, "%", 1)                   = 1
2615  read(3, "%", 1)                   = 1
2615  read(3, "%", 1)                   = 1
2615  read(3, "%", 1)                   = 1
2615  read(3, "%", 1)                   = 1
2615  read(3, "%", 1)                   = 1
2615  read(3, "%", 1)                   = 1
2615  read(3, "%", 1)                   = 1
2615  read(3, "%", 1)                   = 1
2615  read(3, "%", 1)                   = 1
2615  read(3, "%", 1)                   = 1
2615  read(3, "%", 1)                   = 1
2615  read(3, "%", 1)                   = 1
2615  read(3, "\n", 1)                  = 1
2615  write(6, "30\n", 3)               = 3
2615  write(6, "%%%%%%%%%%%%%%%%%%%%%%%%%%%%%\n", 30) = 30
2615  read(3, "%", 1)                   = 1
2615  read(3, "%", 1)                   = 1
2615  read(3, "%", 1)                   = 1
2615  read(3, "%", 1)                   = 1
2615  read(3, "%", 1)                   = 1
2615  read(3, "%", 1)                   = 1
2615  read(3, "%", 1)                   = 1
2615  read(3, "%", 1)                   = 1
2615  read(3, "%", 1)                   = 1
2615  read(3, "%", 1)                   = 1
2615  read(3, "%", 1)                   = 1
2615  read(3, "%", 1)                   = 1
2615  read(3, "%", 1)                   = 1
2615  read(3, "%", 1)                   = 1
2615  read(3, "%", 1)                   = 1
2615  read(3, "%", 1)                   = 1
2615  read(3, "%", 1)                   = 1
2615  read(3, "%", 1)                   = 1
2615  read(3, "%", 1)                   = 1
2615  read(3, "%", 1)                   = 1
2615  read(3, "%", 1)                   = 1
2615  read(3, "%", 1)                   = 1
2615  read(3, "%", 1)                   = 1
2615  read(3, "%", 1)                   = 1
2615  read(3, "%", 1)                   = 1
2615  read(3, "%", 1)                   = 1
2615  read(3, "%", 1)                   = 1
2615  read(3, "%", 1)                   = 1
2615  read(3, "%", 1)                   = 1
2615  read(3, "\n", 1)                  = 1
2615  write(6, "30\n", 3)               = 3
2615  write(6, "%%%%%%%%%%%%%%%%%%%%%%%%%%%%%\n", 30) = 30
2615  read(3, "\\", 1)                  = 1
2615  read(3, "s", 1)                   = 1
2615  read(3, "e", 1)                   = 1
2615  read(3, "c", 1)                   = 1
2615  read(3, "t", 1)                   = 1
2615  read(3, "i", 1)                   = 1
2615  read(3, "o", 1)                   = 1
2615  read(3, "n", 1)                   = 1
2615  read(3, "*", 1)                   = 1
2615  read(3, "{", 1)                   = 1
2615  read(3, "T", 1)                   = 1
2615  read(3, "e", 1)                   = 1
2615  read(3, "s", 1)                   = 1
2615  read(3, "t", 1)                   = 1
2615  read(3, "i", 1)                   = 1
2615  read(3, "n", 1)                   = 1
2615  read(3, "g", 1)                   = 1
2615  read(3, "}", 1)                   = 1
2615  read(3, "\n", 1)                  = 1
2615  write(6, "19\n", 3)               = 3
2615  write(6, "\\section*{Testing}\n", 19) = 19
2615  read(3, "%", 1)                   = 1
2615  read(3, "%", 1)                   = 1
2615  read(3, "%", 1)                   = 1
2615  read(3, "%", 1)                   = 1
2615  read(3, "%", 1)                   = 1
2615  read(3, "%", 1)                   = 1
2615  read(3, "%", 1)                   = 1
2615  read(3, "%", 1)                   = 1
2615  read(3, "%", 1)                   = 1
2615  read(3, "%", 1)                   = 1
2615  read(3, "%", 1)                   = 1
2615  read(3, "%", 1)                   = 1
2615  read(3, "%", 1)                   = 1
2615  read(3, "%", 1)                   = 1
2615  read(3, "%", 1)                   = 1
2615  read(3, "%", 1)                   = 1
2615  read(3, "%", 1)                   = 1
2615  read(3, "%", 1)                   = 1
2615  read(3, "%", 1)                   = 1
2615  read(3, "%", 1)                   = 1
2615  read(3, "%", 1)                   = 1
2615  read(3, "%", 1)                   = 1
2615  read(3, "%", 1)                   = 1
2615  read(3, "%", 1)                   = 1
2615  read(3, "%", 1)                   = 1
2615  read(3, "%", 1)                   = 1
2615  read(3, "%", 1)                   = 1
2615  read(3, "%", 1)                   = 1
2615  read(3, "%", 1)                   = 1
2615  read(3, "\n", 1)                  = 1
2615  write(6, "30\n", 3)               = 3
2615  write(6, "%%%%%%%%%%%%%%%%%%%%%%%%%%%%%\n", 30) = 30
2615  read(3, "%", 1)                   = 1
2615  read(3, "%", 1)                   = 1
2615  read(3, "%", 1)                   = 1
2615  read(3, "%", 1)                   = 1
2615  read(3, "%", 1)                   = 1
2615  read(3, "%", 1)                   = 1
2615  read(3, "%", 1)                   = 1
2615  read(3, "%", 1)                   = 1
2615  read(3, "%", 1)                   = 1
2615  read(3, "%", 1)                   = 1
2615  read(3, "%", 1)                   = 1
2615  read(3, "%", 1)                   = 1
2615  read(3, "%", 1)                   = 1
2615  read(3, "%", 1)                   = 1
2615  read(3, "%", 1)                   = 1
2615  read(3, "%", 1)                   = 1
2615  read(3, "%", 1)                   = 1
2615  read(3, "%", 1)                   = 1
2615  read(3, "%", 1)                   = 1
2615  read(3, "%", 1)                   = 1
2615  read(3, "%", 1)                   = 1
2615  read(3, "%", 1)                   = 1
2615  read(3, "%", 1)                   = 1
2615  read(3, "%", 1)                   = 1
2615  read(3, "%", 1)                   = 1
2615  read(3, "%", 1)                   = 1
2615  read(3, "%", 1)                   = 1
2615  read(3, "%", 1)                   = 1
2615  read(3, "%", 1)                   = 1
2615  read(3, "\n", 1)                  = 1
2615  write(6, "30\n", 3)               = 3
2615  write(6, "%%%%%%%%%%%%%%%%%%%%%%%%%%%%%\n", 30) = 30
2615  read(3, "\n", 1)                  = 1
2615  write(6, "1\n", 2)                = 2
2615  write(6, "\n", 1)                 = 1
2615  read(3, "\n", 1)                  = 1
2615  write(6, "1\n", 2)                = 2
2615  write(6, "\n", 1)                 = 1
2615  read(3, "\n", 1)                  = 1
2615  write(6, "1\n", 2)                = 2
2615  write(6, "\n", 1)                 = 1
2615  read(3, "%", 1)                   = 1
2615  read(3, "%", 1)                   = 1
2615  read(3, "%", 1)                   = 1
2615  read(3, "%", 1)                   = 1
2615  read(3, "%", 1)                   = 1
2615  read(3, "%", 1)                   = 1
2615  read(3, "%", 1)                   = 1
2615  read(3, "%", 1)                   = 1
2615  read(3, "%", 1)                   = 1
2615  read(3, "%", 1)                   = 1
2615  read(3, "%", 1)                   = 1
2615  read(3, "%", 1)                   = 1
2615  read(3, "%", 1)                   = 1
2615  read(3, "%", 1)                   = 1
2615  read(3, "%", 1)                   = 1
2615  read(3, "%", 1)                   = 1
2615  read(3, "%", 1)                   = 1
2615  read(3, "%", 1)                   = 1
2615  read(3, "%", 1)                   = 1
2615  read(3, "%", 1)                   = 1
2615  read(3, "%", 1)                   = 1
2615  read(3, "%", 1)                   = 1
2615  read(3, "%", 1)                   = 1
2615  read(3, "%", 1)                   = 1
2615  read(3, "%", 1)                   = 1
2615  read(3, "%", 1)                   = 1
2615  read(3, "%", 1)                   = 1
2615  read(3, "%", 1)                   = 1
2615  read(3, "%", 1)                   = 1
2615  read(3, "\n", 1)                  = 1
2615  write(6, "30\n", 3)               = 3
2615  write(6, "%%%%%%%%%%%%%%%%%%%%%%%%%%%%%\n", 30) = 30
2615  read(3, "\\", 1)                  = 1
2615  read(3, "s", 1)                   = 1
2615  read(3, "u", 1)                   = 1
2615  read(3, "b", 1)                   = 1
2615  read(3, "s", 1)                   = 1
2615  read(3, "e", 1)                   = 1
2615  read(3, "c", 1)                   = 1
2615  read(3, "t", 1)                   = 1
2615  read(3, "i", 1)                   = 1
2615  read(3, "o", 1)                   = 1
2615  read(3, "n", 1)                   = 1
2615  read(3, "*", 1)                   = 1
2615  read(3, "{", 1)                   = 1
2615  read(3, "M", 1)                   = 1
2615  read(3, "a", 1)                   = 1
2615  read(3, "n", 1)                   = 1
2615  read(3, "u", 1)                   = 1
2615  read(3, "a", 1)                   = 1
2615  read(3, "l", 1)                   = 1
2615  read(3, " ", 1)                   = 1
2615  read(3, "T", 1)                   = 1
2615  read(3, "e", 1)                   = 1
2615  read(3, "s", 1)                   = 1
2615  read(3, "t", 1)                   = 1
2615  read(3, "i", 1)                   = 1
2615  read(3, "n", 1)                   = 1
2615  read(3, "g", 1)                   = 1
2615  read(3, "}", 1)                   = 1
2615  read(3, "\n", 1)                  = 1
2615  write(6, "29\n", 3)               = 3
2615  write(6, "\\subsection*{Manual Testing}\n", 29) = 29
2615  read(3, "%", 1)                   = 1
2615  read(3, "%", 1)                   = 1
2615  read(3, "%", 1)                   = 1
2615  read(3, "%", 1)                   = 1
2615  read(3, "%", 1)                   = 1
2615  read(3, "%", 1)                   = 1
2615  read(3, "%", 1)                   = 1
2615  read(3, "%", 1)                   = 1
2615  read(3, "%", 1)                   = 1
2615  read(3, "%", 1)                   = 1
2615  read(3, "%", 1)                   = 1
2615  read(3, "%", 1)                   = 1
2615  read(3, "%", 1)                   = 1
2615  read(3, "%", 1)                   = 1
2615  read(3, "%", 1)                   = 1
2615  read(3, "%", 1)                   = 1
2615  read(3, "%", 1)                   = 1
2615  read(3, "%", 1)                   = 1
2615  read(3, "%", 1)                   = 1
2615  read(3, "%", 1)                   = 1
2615  read(3, "%", 1)                   = 1
2615  read(3, "%", 1)                   = 1
2615  read(3, "%", 1)                   = 1
2615  read(3, "%", 1)                   = 1
2615  read(3, "%", 1)                   = 1
2615  read(3, "%", 1)                   = 1
2615  read(3, "%", 1)                   = 1
2615  read(3, "%", 1)                   = 1
2615  read(3, "%", 1)                   = 1
2615  read(3, "\n", 1)                  = 1
2615  write(6, "30\n", 3)               = 3
2615  write(6, "%%%%%%%%%%%%%%%%%%%%%%%%%%%%%\n", 30) = 30
2615  read(3, "Y", 1)                   = 1
2615  read(3, "o", 1)                   = 1
2615  read(3, "u", 1)                   = 1
2615  read(3, " ", 1)                   = 1
2615  read(3, "s", 1)                   = 1
2615  read(3, "h", 1)                   = 1
2615  read(3, "o", 1)                   = 1
2615  read(3, "u", 1)                   = 1
2615  read(3, "l", 1)                   = 1
2615  read(3, "d", 1)                   = 1
2615  read(3, " ", 1)                   = 1
2615  read(3, "u", 1)                   = 1
2615  read(3, "s", 1)                   = 1
2615  read(3, "e", 1)                   = 1
2615  read(3, " ", 1)                   = 1
2615  read(3, "t", 1)                   = 1
2615  read(3, "h", 1)                   = 1
2615  read(3, "i", 1)                   = 1
2615  read(3, "s", 1)                   = 1
2615  read(3, " ", 1)                   = 1
2615  read(3, "a", 1)                   = 1
2615  read(3, "p", 1)                   = 1
2615  read(3, "p", 1)                   = 1
2615  read(3, "r", 1)                   = 1
2615  read(3, "o", 1)                   = 1
2615  read(3, "a", 1)                   = 1
2615  read(3, "c", 1)                   = 1
2615  read(3, "h", 1)                   = 1
2615  read(3, " ", 1)                   = 1
2615  read(3, "t", 1)                   = 1
2615  read(3, "o", 1)                   = 1
2615  read(3, " ", 1)                   = 1
2615  read(3, "p", 1)                   = 1
2615  read(3, "e", 1)                   = 1
2615  read(3, "r", 1)                   = 1
2615  read(3, "f", 1)                   = 1
2615  read(3, "o", 1)                   = 1
2615  read(3, "r", 1)                   = 1
2615  read(3, "m", 1)                   = 1
2615  read(3, " ", 1)                   = 1
2615  read(3, "m", 1)                   = 1
2615  read(3, "a", 1)                   = 1
2615  read(3, "n", 1)                   = 1
2615  read(3, "u", 1)                   = 1
2615  read(3, "a", 1)                   = 1
2615  read(3, "l", 1)                   = 1
2615  read(3, " ", 1)                   = 1
2615  read(3, "c", 1)                   = 1
2615  read(3, "h", 1)                   = 1
2615  read(3, "e", 1)                   = 1
2615  read(3, "c", 1)                   = 1
2615  read(3, "k", 1)                   = 1
2615  read(3, "s", 1)                   = 1
2615  read(3, " ", 1)                   = 1
2615  read(3, "(", 1)                   = 1
2615  read(3, "w", 1)                   = 1
2615  read(3, "i", 1)                   = 1
2615  read(3, "t", 1)                   = 1
2615  read(3, "h", 1)                   = 1
2615  read(3, " ", 1)                   = 1
2615  read(3, "a", 1)                   = 1
2615  read(3, "d", 1)                   = 1
2615  read(3, "d", 1)                   = 1
2615  read(3, "i", 1)                   = 1
2615  read(3, "t", 1)                   = 1
2615  read(3, "i", 1)                   = 1
2615  read(3, "o", 1)                   = 1
2615  read(3, "n", 1)                   = 1
2615  read(3, "a", 1)                   = 1
2615  read(3, "l", 1)                   = 1
2615  read(3, " ", 1)                   = 1
2615  read(3, "d", 1)                   = 1
2615  read(3, "e", 1)                   = 1
2615  read(3, "b", 1)                   = 1
2615  read(3, "u", 1)                   = 1
2615  read(3, "g", 1)                   = 1
2615  read(3, " ", 1)                   = 1
2615  read(3, "s", 1)                   = 1
2615  read(3, "t", 1)                   = 1
2615  read(3, "a", 1)                   = 1
2615  read(3, "t", 1)                   = 1
2615  read(3, "e", 1)                   = 1
2615  read(3, "m", 1)                   = 1
2615  read(3, "e", 1)                   = 1
2615  read(3, "n", 1)                   = 1
2615  read(3, "t", 1)                   = 1
2615  read(3, "s", 1)                   = 1
2615  read(3, ")", 1)                   = 1
2615  read(3, " ", 1)                   = 1
2615  read(3, "w", 1)                   = 1
2615  read(3, "h", 1)                   = 1
2615  read(3, "i", 1)                   = 1
2615  read(3, "l", 1)                   = 1
2615  read(3, "e", 1)                   = 1
2615  read(3, " ", 1)                   = 1
2615  read(3, "y", 1)                   = 1
2615  read(3, "o", 1)                   = 1
2615  read(3, "u", 1)                   = 1
2615  read(3, " ", 1)                   = 1
2615  read(3, "a", 1)                   = 1
2615  read(3, "r", 1)                   = 1
2615  read(3, "e", 1)                   = 1
2615  read(3, " ", 1)                   = 1
2615  read(3, "d", 1)                   = 1
2615  read(3, "e", 1)                   = 1
2615  read(3, "v", 1)                   = 1
2615  read(3, "e", 1)                   = 1
2615  read(3, "l", 1)                   = 1
2615  read(3, "o", 1)                   = 1
2615  read(3, "p", 1)                   = 1
2615  read(3, "i", 1)                   = 1
2615  read(3, "n", 1)                   = 1
2615  read(3, "g", 1)                   = 1
2615  read(3, " ", 1)                   = 1
2615  read(3, "t", 1)                   = 1
2615  read(3, "h", 1)                   = 1
2615  read(3, "e", 1)                   = 1
2615  read(3, " ", 1)                   = 1
2615  read(3, "r", 1)                   = 1
2615  read(3, "e", 1)                   = 1
2615  read(3, "q", 1)                   = 1
2615  read(3, "u", 1)                   = 1
2615  read(3, "i", 1)                   = 1
2615  read(3, "r", 1)                   = 1
2615  read(3, "e", 1)                   = 1
2615  read(3, "d", 1)                   = 1
2615  read(3, " ", 1)                   = 1
2615  read(3, "f", 1)                   = 1
2615  read(3, "u", 1)                   = 1
2615  read(3, "n", 1)                   = 1
2615  read(3, "c", 1)                   = 1
2615  read(3, "t", 1)                   = 1
2615  read(3, "i", 1)                   = 1
2615  read(3, "o", 1)                   = 1
2615  read(3, "n", 1)                   = 1
2615  read(3, "a", 1)                   = 1
2615  read(3, "l", 1)                   = 1
2615  read(3, "i", 1)                   = 1
2615  read(3, "t", 1)                   = 1
2615  read(3, "y", 1)                   = 1
2615  read(3, ".", 1)                   = 1
2615  read(3, " ", 1)                   = 1
2615  read(3, "T", 1)                   = 1
2615  read(3, "h", 1)                   = 1
2615  read(3, "e", 1)                   = 1
2615  read(3, " ", 1)                   = 1
2615  read(3, "s", 1)                   = 1
2615  read(3, "t", 1)                   = 1
2615  read(3, "e", 1)                   = 1
2615  read(3, "p", 1)                   = 1
2615  read(3, "s", 1)                   = 1
2615  read(3, " ", 1)                   = 1
2615  read(3, "f", 1)                   = 1
2615  read(3, "o", 1)                   = 1
2615  read(3, "r", 1)                   = 1
2615  read(3, " ", 1)                   = 1
2615  read(3, "p", 1)                   = 1
2615  read(3, "e", 1)                   = 1
2615  read(3, "r", 1)                   = 1
2615  read(3, "f", 1)                   = 1
2615  read(3, "o", 1)                   = 1
2615  read(3, "r", 1)                   = 1
2615  read(3, "m", 1)                   = 1
2615  read(3, "i", 1)                   = 1
2615  read(3, "n", 1)                   = 1
2615  read(3, "g", 1)                   = 1
2615  read(3, " ", 1)                   = 1
2615  read(3, "t", 1)                   = 1
2615  read(3, "h", 1)                   = 1
2615  read(3, "i", 1)                   = 1
2615  read(3, "s", 1)                   = 1
2615  read(3, " ", 1)                   = 1
2615  read(3, "k", 1)                   = 1
2615  read(3, "i", 1)                   = 1
2615  read(3, "n", 1)                   = 1
2615  read(3, "d", 1)                   = 1
2615  read(3, " ", 1)                   = 1
2615  read(3, "o", 1)                   = 1
2615  read(3, "f", 1)                   = 1
2615  read(3, " ", 1)                   = 1
2615  read(3, "t", 1)                   = 1
2615  read(3, "e", 1)                   = 1
2615  read(3, "s", 1)                   = 1
2615  read(3, "t", 1)                   = 1
2615  read(3, "i", 1)                   = 1
2615  read(3, "n", 1)                   = 1
2615  read(3, "g", 1)                   = 1
2615  read(3, " ", 1)                   = 1
2615  read(3, "a", 1)                   = 1
2615  read(3, "r", 1)                   = 1
2615  read(3, "e", 1)                   = 1
2615  read(3, " ", 1)                   = 1
2615  read(3, "a", 1)                   = 1
2615  read(3, "s", 1)                   = 1
2615  read(3, " ", 1)                   = 1
2615  read(3, "f", 1)                   = 1
2615  read(3, "o", 1)                   = 1
2615  read(3, "l", 1)                   = 1
2615  read(3, "l", 1)                   = 1
2615  read(3, "o", 1)                   = 1
2615  read(3, "w", 1)                   = 1
2615  read(3, "s", 1)                   = 1
2615  read(3, ",", 1)                   = 1
2615  read(3, "\n", 1)                  = 1
2615  write(6, "204\n", 4)              = 4
2615  write(6, "You should use this approach to "..., 204) = 204
2615  read(3, "\\", 1)                  = 1
2615  read(3, "b", 1)                   = 1
2615  read(3, "e", 1)                   = 1
2615  read(3, "g", 1)                   = 1
2615  read(3, "i", 1)                   = 1
2615  read(3, "n", 1)                   = 1
2615  read(3, "{", 1)                   = 1
2615  read(3, "i", 1)                   = 1
2615  read(3, "t", 1)                   = 1
2615  read(3, "e", 1)                   = 1
2615  read(3, "m", 1)                   = 1
2615  read(3, "i", 1)                   = 1
2615  read(3, "z", 1)                   = 1
2615  read(3, "e", 1)                   = 1
2615  read(3, "}", 1)                   = 1
2615  read(3, "\n", 1)                  = 1
2615  write(6, "16\n", 3)               = 3
2615  write(6, "\\begin{itemize}\n", 16) = 16
2615  read(3, " ", 1)                   = 1
2615  read(3, " ", 1)                   = 1
2615  read(3, " ", 1)                   = 1
2615  read(3, " ", 1)                   = 1
2615  read(3, "\\", 1)                  = 1
2615  read(3, "i", 1)                   = 1
2615  read(3, "t", 1)                   = 1
2615  read(3, "e", 1)                   = 1
2615  read(3, "m", 1)                   = 1
2615  read(3, " ", 1)                   = 1
2615  read(3, "S", 1)                   = 1
2615  read(3, "t", 1)                   = 1
2615  read(3, "e", 1)                   = 1
2615  read(3, "p", 1)                   = 1
2615  read(3, " ", 1)                   = 1
2615  read(3, "1", 1)                   = 1
2615  read(3, ":", 1)                   = 1
2615  read(3, " ", 1)                   = 1
2615  read(3, "E", 1)                   = 1
2615  read(3, "n", 1)                   = 1
2615  read(3, "s", 1)                   = 1
2615  read(3, "u", 1)                   = 1
2615  read(3, "r", 1)                   = 1
2615  read(3, "e", 1)                   = 1
2615  read(3, " ", 1)                   = 1
2615  read(3, "y", 1)                   = 1
2615  read(3, "o", 1)                   = 1
2615  read(3, "u", 1)                   = 1
2615  read(3, " ", 1)                   = 1
2615  read(3, "a", 1)                   = 1
2615  read(3, "r", 1)                   = 1
2615  read(3, "e", 1)                   = 1
2615  read(3, " ", 1)                   = 1
2615  read(3, "l", 1)                   = 1
2615  read(3, "o", 1)                   = 1
2615  read(3, "g", 1)                   = 1
2615  read(3, "g", 1)                   = 1
2615  read(3, "e", 1)                   = 1
2615  read(3, "d", 1)                   = 1
2615  read(3, " ", 1)                   = 1
2615  read(3, "i", 1)                   = 1
2615  read(3, "n", 1)                   = 1
2615  read(3, "t", 1)                   = 1
2615  read(3, "o", 1)                   = 1
2615  read(3, " ", 1)                   = 1
2615  read(3, "t", 1)                   = 1
2615  read(3, "h", 1)                   = 1
2615  read(3, "e", 1)                   = 1
2615  read(3, " ", 1)                   = 1
2615  read(3, "`", 1)                   = 1
2615  read(3, "`", 1)                   = 1
2615  read(3, "L", 1)                   = 1
2615  read(3, "a", 1)                   = 1
2615  read(3, "b", 1)                   = 1
2615  read(3, "e", 1)                   = 1
2615  read(3, "x", 1)                   = 1
2615  read(3, "\"", 1)                  = 1
2615  read(3, " ", 1)                   = 1
2615  read(3, "e", 1)                   = 1
2615  read(3, "n", 1)                   = 1
2615  read(3, "v", 1)                   = 1
2615  read(3, "i", 1)                   = 1
2615  read(3, "r", 1)                   = 1
2615  read(3, "o", 1)                   = 1
2615  read(3, "n", 1)                   = 1
2615  read(3, "m", 1)                   = 1
2615  read(3, "e", 1)                   = 1
2615  read(3, "n", 1)                   = 1
2615  read(3, "t", 1)                   = 1
2615  read(3, " ", 1)                   = 1
2615  read(3, "(", 1)                   = 1
2615  read(3, "u", 1)                   = 1
2615  read(3, "s", 1)                   = 1
2615  read(3, "i", 1)                   = 1
2615  read(3, "n", 1)                   = 1
2615  read(3, "g", 1)                   = 1
2615  read(3, " ", 1)                   = 1
2615  read(3, "S", 1)                   = 1
2615  read(3, "S", 1)                   = 1
2615  read(3, "H", 1)                   = 1
2615  read(3, ")", 1)                   = 1
2615  read(3, " ", 1)                   = 1
2615  read(3, "u", 1)                   = 1
2615  read(3, "s", 1)                   = 1
2615  read(3, "i", 1)                   = 1
2615  read(3, "n", 1)                   = 1
2615  read(3, "g", 1)                   = 1
2615  read(3, " ", 1)                   = 1
2615  read(3, "a", 1)                   = 1
2615  read(3, " ", 1)                   = 1
2615  read(3, "t", 1)                   = 1
2615  read(3, "e", 1)                   = 1
2615  read(3, "r", 1)                   = 1
2615  read(3, "m", 1)                   = 1
2615  read(3, "i", 1)                   = 1
2615  read(3, "n", 1)                   = 1
2615  read(3, "a", 1)                   = 1
2615  read(3, "l", 1)                   = 1
2615  read(3, ".", 1)                   = 1
2615  read(3, "\n", 1)                  = 1
2615  write(6, "100\n", 4)              = 4
2615  write(6, "    \\item Step 1: Ensure you are"..., 100) = 100
2615  read(3, " ", 1)                   = 1
2615  read(3, " ", 1)                   = 1
2615  read(3, " ", 1)                   = 1
2615  read(3, " ", 1)                   = 1
2615  read(3, "\\", 1)                  = 1
2615  read(3, "i", 1)                   = 1
2615  read(3, "t", 1)                   = 1
2615  read(3, "e", 1)                   = 1
2615  read(3, "m", 1)                   = 1
2615  read(3, " ", 1)                   = 1
2615  read(3, "S", 1)                   = 1
2615  read(3, "t", 1)                   = 1
2615  read(3, "e", 1)                   = 1
2615  read(3, "p", 1)                   = 1
2615  read(3, " ", 1)                   = 1
2615  read(3, "2", 1)                   = 1
2615  read(3, ":", 1)                   = 1
2615  read(3, " ", 1)                   = 1
2615  read(3, "C", 1)                   = 1
2615  read(3, "h", 1)                   = 1
2615  read(3, "a", 1)                   = 1
2615  read(3, "n", 1)                   = 1
2615  read(3, "g", 1)                   = 1
2615  read(3, "e", 1)                   = 1
2615  read(3, " ", 1)                   = 1
2615  read(3, "d", 1)                   = 1
2615  read(3, "i", 1)                   = 1
2615  read(3, "r", 1)                   = 1
2615  read(3, "e", 1)                   = 1
2615  read(3, "c", 1)                   = 1
2615  read(3, "t", 1)                   = 1
2615  read(3, "o", 1)                   = 1
2615  read(3, "r", 1)                   = 1
2615  read(3, "y", 1)                   = 1
2615  read(3, " ", 1)                   = 1
2615  read(3, "t", 1)                   = 1
2615  read(3, "o", 1)                   = 1
2615  read(3, " ", 1)                   = 1
2615  read(3, "l", 1)                   = 1
2615  read(3, "a", 1)                   = 1
2615  read(3, "b", 1)                   = 1
2615  read(3, "-", 1)                   = 1
2615  read(3, "*", 1)                   = 1
2615  read(3, "/", 1)                   = 1
2615  read(3, "l", 1)                   = 1
2615  read(3, "a", 1)                   = 1
2615  read(3, "b", 1)                   = 1
2615  read(3, "e", 1)                   = 1
2615  read(3, "x", 1)                   = 1
2615  read(3, "/", 1)                   = 1
2615  read(3, "$", 1)                   = 1
2615  read(3, "Q", 1)                   = 1
2615  read(3, "_", 1)                   = 1
2615  read(3, "N", 1)                   = 1
2615  read(3, "$", 1)                   = 1
2615  read(3, " ", 1)                   = 1
2615  read(3, "u", 1)                   = 1
2615  read(3, "s", 1)                   = 1
2615  read(3, "i", 1)                   = 1
2615  read(3, "n", 1)                   = 1
2615  read(3, "g", 1)                   = 1
2615  read(3, " ", 1)                   = 1
2615  read(3, "t", 1)                   = 1
2615  read(3, "h", 1)                   = 1
2615  read(3, "e", 1)                   = 1
2615  read(3, " ", 1)                   = 1
2615  read(3, "{", 1)                   = 1
2615  read(3, "\\", 1)                  = 1
2615  read(3, "t", 1)                   = 1
2615  read(3, "t", 1)                   = 1
2615  read(3, " ", 1)                   = 1
2615  read(3, "c", 1)                   = 1
2615  read(3, "d", 1)                   = 1
2615  read(3, "}", 1)                   = 1
2615  read(3, " ", 1)                   = 1
2615  read(3, "c", 1)                   = 1
2615  read(3, "o", 1)                   = 1
2615  read(3, "m", 1)                   = 1
2615  read(3, "m", 1)                   = 1
2615  read(3, "a", 1)                   = 1
2615  read(3, "n", 1)                   = 1
2615  read(3, "d", 1)                   = 1
2615  read(3, ".", 1)                   = 1
2615  read(3, " ", 1)                   = 1
2615  read(3, "M", 1)                   = 1
2615  read(3, "a", 1)                   = 1
2615  read(3, "k", 1)                   = 1
2615  read(3, "e", 1)                   = 1
2615  read(3, " ", 1)                   = 1
2615  read(3, "m", 1)                   = 1
2615  read(3, "o", 1)                   = 1
2615  read(3, "d", 1)                   = 1
2615  read(3, "i", 1)                   = 1
2615  read(3, "f", 1)                   = 1
2615  read(3, "i", 1)                   = 1
2615  read(3, "c", 1)                   = 1
2615  read(3, "a", 1)                   = 1
2615  read(3, "t", 1)                   = 1
2615  read(3, "i", 1)                   = 1
2615  read(3, "o", 1)                   = 1
2615  read(3, "n", 1)                   = 1
2615  read(3, "s", 1)                   = 1
2615  read(3, " ", 1)                   = 1
2615  read(3, "t", 1)                   = 1
2615  read(3, "o", 1)                   = 1
2615  read(3, " ", 1)                   = 1
2615  read(3, "t", 1)                   = 1
2615  read(3, "h", 1)                   = 1
2615  read(3, "e", 1)                   = 1
2615  read(3, " ", 1)                   = 1
2615  read(3, "s", 1)                   = 1
2615  read(3, "o", 1)                   = 1
2615  read(3, "u", 1)                   = 1
2615  read(3, "r", 1)                   = 1
2615  read(3, "c", 1)                   = 1
2615  read(3, "e", 1)                   = 1
2615  read(3, " ", 1)                   = 1
2615  read(3, "c", 1)                   = 1
2615  read(3, "o", 1)                   = 1
2615  read(3, "d", 1)                   = 1
2615  read(3, "e", 1)                   = 1
2615  read(3, " ", 1)                   = 1
2615  read(3, "a", 1)                   = 1
2615  read(3, "s", 1)                   = 1
2615  read(3, " ", 1)                   = 1
2615  read(3, "p", 1)                   = 1
2615  read(3, "e", 1)                   = 1
2615  read(3, "r", 1)                   = 1
2615  read(3, " ", 1)                   = 1
2615  read(3, "t", 1)                   = 1
2615  read(3, "h", 1)                   = 1
2615  read(3, "e", 1)                   = 1
2615  read(3, " ", 1)                   = 1
2615  read(3, "s", 1)                   = 1
2615  read(3, "p", 1)                   = 1
2615  read(3, "e", 1)                   = 1
2615  read(3, "c", 1)                   = 1
2615  read(3, "i", 1)                   = 1
2615  read(3, "f", 1)                   = 1
2615  read(3, "i", 1)                   = 1
2615  read(3, "c", 1)                   = 1
2615  read(3, "a", 1)                   = 1
2615  read(3, "t", 1)                   = 1
2615  read(3, "i", 1)                   = 1
2615  read(3, "o", 1)                   = 1
2615  read(3, "n", 1)                   = 1
2615  read(3, "s", 1)                   = 1
2615  read(3, ".", 1)                   = 1
2615  read(3, "\n", 1)                  = 1
2615  write(6, "149\n", 4)              = 4
2615  write(6, "    \\item Step 2: Change directo"..., 149) = 149
2615  read(3, " ", 1)                   = 1
2615  read(3, " ", 1)                   = 1
2615  read(3, " ", 1)                   = 1
2615  read(3, " ", 1)                   = 1
2615  read(3, "\\", 1)                  = 1
2615  read(3, "i", 1)                   = 1
2615  read(3, "t", 1)                   = 1
2615  read(3, "e", 1)                   = 1
2615  read(3, "m", 1)                   = 1
2615  read(3, " ", 1)                   = 1
2615  read(3, "S", 1)                   = 1
2615  read(3, "t", 1)                   = 1
2615  read(3, "e", 1)                   = 1
2615  read(3, "p", 1)                   = 1
2615  read(3, " ", 1)                   = 1
2615  read(3, "3", 1)                   = 1
2615  read(3, ":", 1)                   = 1
2615  read(3, " ", 1)                   = 1
2615  read(3, "C", 1)                   = 1
2615  read(3, "o", 1)                   = 1
2615  read(3, "m", 1)                   = 1
2615  read(3, "p", 1)                   = 1
2615  read(3, "i", 1)                   = 1
2615  read(3, "l", 1)                   = 1
2615  read(3, "e", 1)                   = 1
2615  read(3, " ", 1)                   = 1
2615  read(3, "t", 1)                   = 1
2615  read(3, "h", 1)                   = 1
2615  read(3, "e", 1)                   = 1
2615  read(3, " ", 1)                   = 1
2615  read(3, "C", 1)                   = 1
2615  read(3, " ", 1)                   = 1
2615  read(3, "c", 1)                   = 1
2615  read(3, "o", 1)                   = 1
2615  read(3, "d", 1)                   = 1
2615  read(3, "e", 1)                   = 1
2615  read(3, " ", 1)                   = 1
2615  read(3, "u", 1)                   = 1
2615  read(3, "s", 1)                   = 1
2615  read(3, "i", 1)                   = 1
2615  read(3, "n", 1)                   = 1
2615  read(3, "g", 1)                   = 1
2615  read(3, " ", 1)                   = 1
2615  read(3, "{", 1)                   = 1
2615  read(3, "\\", 1)                  = 1
2615  read(3, "t", 1)                   = 1
2615  read(3, "t", 1)                   = 1
2615  read(3, " ", 1)                   = 1
2615  read(3, "g", 1)                   = 1
2615  read(3, "c", 1)                   = 1
2615  read(3, "c", 1)                   = 1
2615  read(3, "}", 1)                   = 1
2615  read(3, ".", 1)                   = 1
2615  read(3, " ", 1)                   = 1
2615  read(3, "R", 1)                   = 1
2615  read(3, "u", 1)                   = 1
2615  read(3, "n", 1)                   = 1
2615  read(3, " ", 1)                   = 1
2615  read(3, "t", 1)                   = 1
2615  read(3, "h", 1)                   = 1
2615  read(3, "e", 1)                   = 1
2615  read(3, " ", 1)                   = 1
2615  read(3, "p", 1)                   = 1
2615  read(3, "r", 1)                   = 1
2615  read(3, "o", 1)                   = 1
2615  read(3, "g", 1)                   = 1
2615  read(3, "r", 1)                   = 1
2615  read(3, "a", 1)                   = 1
2615  read(3, "m", 1)                   = 1
2615  read(3, " ", 1)                   = 1
2615  read(3, "w", 1)                   = 1
2615  read(3, "i", 1)                   = 1
2615  read(3, "t", 1)                   = 1
2615  read(3, "h", 1)                   = 1
2615  read(3, " ", 1)                   = 1
2615  read(3, "t", 1)                   = 1
2615  read(3, "h", 1)                   = 1
2615  read(3, "e", 1)                   = 1
2615  read(3, " ", 1)                   = 1
2615  read(3, "t", 1)                   = 1
2615  read(3, "e", 1)                   = 1
2615  read(3, "s", 1)                   = 1
2615  read(3, "t", 1)                   = 1
2615  read(3, " ", 1)                   = 1
2615  read(3, "c", 1)                   = 1
2615  read(3, "a", 1)                   = 1
2615  read(3, "s", 1)                   = 1
2615  read(3, "e", 1)                   = 1
2615  read(3, "s", 1)                   = 1
2615  read(3, " ", 1)                   = 1
2615  read(3, "s", 1)                   = 1
2615  read(3, "p", 1)                   = 1
2615  read(3, "e", 1)                   = 1
2615  read(3, "c", 1)                   = 1
2615  read(3, "i", 1)                   = 1
2615  read(3, "f", 1)                   = 1
2615  read(3, "i", 1)                   = 1
2615  read(3, "e", 1)                   = 1
2615  read(3, "d", 1)                   = 1
2615  read(3, " ", 1)                   = 1
2615  read(3, "i", 1)                   = 1
2615  read(3, "n", 1)                   = 1
2615  read(3, " ", 1)                   = 1
2615  read(3, "t", 1)                   = 1
2615  read(3, "h", 1)                   = 1
2615  read(3, "e", 1)                   = 1
2615  read(3, " ", 1)                   = 1
2615  read(3, "{", 1)                   = 1
2615  read(3, "\\", 1)                  = 1
2615  read(3, "t", 1)                   = 1
2615  read(3, "t", 1)                   = 1
2615  read(3, " ", 1)                   = 1
2615  read(3, "t", 1)                   = 1
2615  read(3, "e", 1)                   = 1
2615  read(3, "s", 1)                   = 1
2615  read(3, "t", 1)                   = 1
2615  read(3, "c", 1)                   = 1
2615  read(3, "a", 1)                   = 1
2615  read(3, "s", 1)                   = 1
2615  read(3, "e", 1)                   = 1
2615  read(3, "s", 1)                   = 1
2615  read(3, "}", 1)                   = 1
2615  read(3, " ", 1)                   = 1
2615  read(3, "d", 1)                   = 1
2615  read(3, "i", 1)                   = 1
2615  read(3, "r", 1)                   = 1
2615  read(3, "e", 1)                   = 1
2615  read(3, "c", 1)                   = 1
2615  read(3, "t", 1)                   = 1
2615  read(3, "o", 1)                   = 1
2615  read(3, "r", 1)                   = 1
2615  read(3, "y", 1)                   = 1
2615  read(3, ".", 1)                   = 1
2615  read(3, "\n", 1)                  = 1
2615  write(6, "134\n", 4)              = 4
2615  write(6, "    \\item Step 3: Compile the C "..., 134) = 134
2615  read(3, "\\", 1)                  = 1
2615  read(3, "e", 1)                   = 1
2615  read(3, "n", 1)                   = 1
2615  read(3, "d", 1)                   = 1
2615  read(3, "{", 1)                   = 1
2615  read(3, "i", 1)                   = 1
2615  read(3, "t", 1)                   = 1
2615  read(3, "e", 1)                   = 1
2615  read(3, "m", 1)                   = 1
2615  read(3, "i", 1)                   = 1
2615  read(3, "z", 1)                   = 1
2615  read(3, "e", 1)                   = 1
2615  read(3, "}", 1)                   = 1
2615  read(3, "\n", 1)                  = 1
2615  write(6, "14\n", 3)               = 3
2615  write(6, "\\end{itemize}\n", 14)  = 14
2615  read(3, "\n", 1)                  = 1
2615  write(6, "1\n", 2)                = 2
2615  write(6, "\n", 1)                 = 1
2615  read(3, "\n", 1)                  = 1
2615  write(6, "1\n", 2)                = 2
2615  write(6, "\n", 1)                 = 1
2615  read(3, "\n", 1)                  = 1
2615  write(6, "1\n", 2)                = 2
2615  write(6, "\n", 1)                 = 1
2615  read(3, "\\", 1)                  = 1
2615  read(3, "s", 1)                   = 1
2615  read(3, "u", 1)                   = 1
2615  read(3, "b", 1)                   = 1
2615  read(3, "s", 1)                   = 1
2615  read(3, "e", 1)                   = 1
2615  read(3, "c", 1)                   = 1
2615  read(3, "t", 1)                   = 1
2615  read(3, "i", 1)                   = 1
2615  read(3, "o", 1)                   = 1
2615  read(3, "n", 1)                   = 1
2615  read(3, "*", 1)                   = 1
2615  read(3, "{", 1)                   = 1
2615  read(3, "A", 1)                   = 1
2615  read(3, "u", 1)                   = 1
2615  read(3, "t", 1)                   = 1
2615  read(3, "o", 1)                   = 1
2615  read(3, "m", 1)                   = 1
2615  read(3, "a", 1)                   = 1
2615  read(3, "t", 1)                   = 1
2615  read(3, "e", 1)                   = 1
2615  read(3, "d", 1)                   = 1
2615  read(3, " ", 1)                   = 1
2615  read(3, "e", 1)                   = 1
2615  read(3, "v", 1)                   = 1
2615  read(3, "a", 1)                   = 1
2615  read(3, "l", 1)                   = 1
2615  read(3, "u", 1)                   = 1
2615  read(3, "a", 1)                   = 1
2615  read(3, "t", 1)                   = 1
2615  read(3, "i", 1)                   = 1
2615  read(3, "o", 1)                   = 1
2615  read(3, "n", 1)                   = 1
2615  read(3, "}", 1)                   = 1
2615  read(3, "\n", 1)                  = 1
2615  write(6, "35\n", 3)               = 3
2615  write(6, "\\subsection*{Automated evaluatio"..., 35) = 35
2615  read(3, "%", 1)                   = 1
2615  read(3, "\n", 1)                  = 1
2615  write(6, "2\n", 2)                = 2
2615  write(6, "%\n", 2)                = 2
2615  read(3, "{", 1)                   = 1
2615  read(3, "\\", 1)                  = 1
2615  read(3, "e", 1)                   = 1
2615  read(3, "m", 1)                   = 1
2615  read(3, " ", 1)                   = 1
2615  read(3, "N", 1)                   = 1
2615  read(3, "o", 1)                   = 1
2615  read(3, "t", 1)                   = 1
2615  read(3, "e", 1)                   = 1
2615  read(3, ":", 1)                   = 1
2615  read(3, " ", 1)                   = 1
2615  read(3, "R", 1)                   = 1
2615  read(3, "e", 1)                   = 1
2615  read(3, "m", 1)                   = 1
2615  read(3, "o", 1)                   = 1
2615  read(3, "v", 1)                   = 1
2615  read(3, "e", 1)                   = 1
2615  read(3, " ", 1)                   = 1
2615  read(3, "a", 1)                   = 1
2615  read(3, "d", 1)                   = 1
2615  read(3, "d", 1)                   = 1
2615  read(3, "i", 1)                   = 1
2615  read(3, "t", 1)                   = 1
2615  read(3, "i", 1)                   = 1
2615  read(3, "o", 1)                   = 1
2615  read(3, "n", 1)                   = 1
2615  read(3, "a", 1)                   = 1
2615  read(3, "l", 1)                   = 1
2615  read(3, " ", 1)                   = 1
2615  read(3, "d", 1)                   = 1
2615  read(3, "e", 1)                   = 1
2615  read(3, "b", 1)                   = 1
2615  read(3, "u", 1)                   = 1
2615  read(3, "g", 1)                   = 1
2615  read(3, " ", 1)                   = 1
2615  read(3, "p", 1)                   = 1
2615  read(3, "r", 1)                   = 1
2615  read(3, "i", 1)                   = 1
2615  read(3, "n", 1)                   = 1
2615  read(3, "t", 1)                   = 1
2615  read(3, "s", 1)                   = 1
2615  read(3, " ", 1)                   = 1
2615  read(3, "b", 1)                   = 1
2615  read(3, "e", 1)                   = 1
2615  read(3, "f", 1)                   = 1
2615  read(3, "o", 1)                   = 1
2615  read(3, "r", 1)                   = 1
2615  read(3, "e", 1)                   = 1
2615  read(3, " ", 1)                   = 1
2615  read(3, "p", 1)                   = 1
2615  read(3, "e", 1)                   = 1
2615  read(3, "r", 1)                   = 1
2615  read(3, "f", 1)                   = 1
2615  read(3, "o", 1)                   = 1
2615  read(3, "r", 1)                   = 1
2615  read(3, "m", 1)                   = 1
2615  read(3, "i", 1)                   = 1
2615  read(3, "n", 1)                   = 1
2615  read(3, "g", 1)                   = 1
2615  read(3, " ", 1)                   = 1
2615  read(3, "a", 1)                   = 1
2615  read(3, "u", 1)                   = 1
2615  read(3, "t", 1)                   = 1
2615  read(3, "o", 1)                   = 1
2615  read(3, "m", 1)                   = 1
2615  read(3, "a", 1)                   = 1
2615  read(3, "t", 1)                   = 1
2615  read(3, "e", 1)                   = 1
2615  read(3, "d", 1)                   = 1
2615  read(3, " ", 1)                   = 1
2615  read(3, "e", 1)                   = 1
2615  read(3, "v", 1)                   = 1
2615  read(3, "a", 1)                   = 1
2615  read(3, "l", 1)                   = 1
2615  read(3, "u", 1)                   = 1
2615  read(3, "a", 1)                   = 1
2615  read(3, "t", 1)                   = 1
2615  read(3, "i", 1)                   = 1
2615  read(3, "o", 1)                   = 1
2615  read(3, "n", 1)                   = 1
2615  read(3, "}", 1)                   = 1
2615  read(3, "\n", 1)                  = 1
2615  write(6, "82\n", 3)               = 3
2615  write(6, "{\\em Note: Remove additional deb"..., 82) = 82
2615  read(3, "\n", 1)                  = 1
2615  write(6, "1\n", 2)                = 2
2615  write(6, "\n", 1)                 = 1
2615  read(3, "T", 1)                   = 1
2615  read(3, "h", 1)                   = 1
2615  read(3, "i", 1)                   = 1
2615  read(3, "s", 1)                   = 1
2615  read(3, " ", 1)                   = 1
2615  read(3, "s", 1)                   = 1
2615  read(3, "t", 1)                   = 1
2615  read(3, "e", 1)                   = 1
2615  read(3, "p", 1)                   = 1
2615  read(3, " ", 1)                   = 1
2615  read(3, "c", 1)                   = 1
2615  read(3, "a", 1)                   = 1
2615  read(3, "n", 1)                   = 1
2615  read(3, " ", 1)                   = 1
2615  read(3, "b", 1)                   = 1
2615  read(3, "e", 1)                   = 1
2615  read(3, " ", 1)                   = 1
2615  read(3, "p", 1)                   = 1
2615  read(3, "e", 1)                   = 1
2615  read(3, "r", 1)                   = 1
2615  read(3, "f", 1)                   = 1
2615  read(3, "o", 1)                   = 1
2615  read(3, "r", 1)                   = 1
2615  read(3, "m", 1)                   = 1
2615  read(3, "e", 1)                   = 1
2615  read(3, "d", 1)                   = 1
2615  read(3, " ", 1)                   = 1
2615  read(3, "e", 1)                   = 1
2615  read(3, "i", 1)                   = 1
2615  read(3, "t", 1)                   = 1
2615  read(3, "h", 1)                   = 1
2615  read(3, "e", 1)                   = 1
2615  read(3, "r", 1)                   = 1
2615  read(3, " ", 1)                   = 1
2615  read(3, "c", 1)                   = 1
2615  read(3, "o", 1)                   = 1
2615  read(3, "m", 1)                   = 1
2615  read(3, "p", 1)                   = 1
2615  read(3, "l", 1)                   = 1
2615  read(3, "e", 1)                   = 1
2615  read(3, "t", 1)                   = 1
2615  read(3, "i", 1)                   = 1
2615  read(3, "n", 1)                   = 1
2615  read(3, "g", 1)                   = 1
2615  read(3, " ", 1)                   = 1
2615  read(3, "e", 1)                   = 1
2615  read(3, "a", 1)                   = 1
2615  read(3, "c", 1)                   = 1
2615  read(3, "h", 1)                   = 1
2615  read(3, " ", 1)                   = 1
2615  read(3, "p", 1)                   = 1
2615  read(3, "a", 1)                   = 1
2615  read(3, "r", 1)                   = 1
2615  read(3, "t", 1)                   = 1
2615  read(3, " ", 1)                   = 1
2615  read(3, "o", 1)                   = 1
2615  read(3, "f", 1)                   = 1
2615  read(3, " ", 1)                   = 1
2615  read(3, "t", 1)                   = 1
2615  read(3, "h", 1)                   = 1
2615  read(3, "e", 1)                   = 1
2615  read(3, " ", 1)                   = 1
2615  read(3, "e", 1)                   = 1
2615  read(3, "x", 1)                   = 1
2615  read(3, "e", 1)                   = 1
2615  read(3, "r", 1)                   = 1
2615  read(3, "c", 1)                   = 1
2615  read(3, "i", 1)                   = 1
2615  read(3, "s", 1)                   = 1
2615  read(3, "e", 1)                   = 1
2615  read(3, " ", 1)                   = 1
2615  read(3, "o", 1)                   = 1
2615  read(3, "r", 1)                   = 1
2615  read(3, " ", 1)                   = 1
2615  read(3, "b", 1)                   = 1
2615  read(3, "e", 1)                   = 1
2615  read(3, "f", 1)                   = 1
2615  read(3, "o", 1)                   = 1
2615  read(3, "r", 1)                   = 1
2615  read(3, "e", 1)                   = 1
2615  read(3, " ", 1)                   = 1
2615  read(3, "m", 1)                   = 1
2615  read(3, "a", 1)                   = 1
2615  read(3, "k", 1)                   = 1
2615  read(3, "i", 1)                   = 1
2615  read(3, "n", 1)                   = 1
2615  read(3, "g", 1)                   = 1
2615  read(3, " ", 1)                   = 1
2615  read(3, "\n", 1)                  = 1
2615  write(6, "89\n", 3)               = 3
2615  write(6, "This step can be performed eithe"..., 89) = 89
2615  read(3, "a", 1)                   = 1
2615  read(3, " ", 1)                   = 1
2615  read(3, "f", 1)                   = 1
2615  read(3, "i", 1)                   = 1
2615  read(3, "n", 1)                   = 1
2615  read(3, "a", 1)                   = 1
2615  read(3, "l", 1)                   = 1
2615  read(3, " ", 1)                   = 1
2615  read(3, "s", 1)                   = 1
2615  read(3, "u", 1)                   = 1
2615  read(3, "b", 1)                   = 1
2615  read(3, "m", 1)                   = 1
2615  read(3, "i", 1)                   = 1
2615  read(3, "s", 1)                   = 1
2615  read(3, "s", 1)                   = 1
2615  read(3, "i", 1)                   = 1
2615  read(3, "o", 1)                   = 1
2615  read(3, "n", 1)                   = 1
2615  read(3, ".", 1)                   = 1
2615  read(3, "\n", 1)                  = 1
2615  write(6, "20\n", 3)               = 3
2615  write(6, "a final submission.\n", 20) = 20
2615  read(3, "%", 1)                   = 1
2615  read(3, "\n", 1)                  = 1
2615  write(6, "2\n", 2)                = 2
2615  write(6, "%\n", 2)                = 2
2615  read(3, "T", 1)                   = 1
2615  read(3, "o", 1)                   = 1
2615  read(3, " ", 1)                   = 1
2615  read(3, "t", 1)                   = 1
2615  read(3, "e", 1)                   = 1
2615  read(3, "s", 1)                   = 1
2615  read(3, "t", 1)                   = 1
2615  read(3, " ", 1)                   = 1
2615  read(3, "a", 1)                   = 1
2615  read(3, " ", 1)                   = 1
2615  read(3, "p", 1)                   = 1
2615  read(3, "a", 1)                   = 1
2615  read(3, "r", 1)                   = 1
2615  read(3, "t", 1)                   = 1
2615  read(3, "i", 1)                   = 1
2615  read(3, "c", 1)                   = 1
2615  read(3, "u", 1)                   = 1
2615  read(3, "l", 1)                   = 1
2615  read(3, "a", 1)                   = 1
2615  read(3, "r", 1)                   = 1
2615  read(3, " ", 1)                   = 1
2615  read(3, "p", 1)                   = 1
2615  read(3, "a", 1)                   = 1
2615  read(3, "r", 1)                   = 1
2615  read(3, "t", 1)                   = 1
2615  read(3, " ", 1)                   = 1
2615  read(3, "(", 1)                   = 1
2615  read(3, "s", 1)                   = 1
2615  read(3, "a", 1)                   = 1
2615  read(3, "y", 1)                   = 1
2615  read(3, " ", 1)                   = 1
2615  read(3, "Q", 1)                   = 1
2615  read(3, "1", 1)                   = 1
2615  read(3, ")", 1)                   = 1
2615  read(3, ",", 1)                   = 1
2615  read(3, " ", 1)                   = 1
2615  read(3, "c", 1)                   = 1
2615  read(3, "h", 1)                   = 1
2615  read(3, "a", 1)                   = 1
2615  read(3, "n", 1)                   = 1
2615  read(3, "g", 1)                   = 1
2615  read(3, "e", 1)                   = 1
2615  read(3, " ", 1)                   = 1
2615  read(3, "y", 1)                   = 1
2615  read(3, "o", 1)                   = 1
2615  read(3, "u", 1)                   = 1
2615  read(3, "r", 1)                   = 1
2615  read(3, " ", 1)                   = 1
2615  read(3, "c", 1)                   = 1
2615  read(3, "u", 1)                   = 1
2615  read(3, "r", 1)                   = 1
2615  read(3, "r", 1)                   = 1
2615  read(3, "e", 1)                   = 1
2615  read(3, "n", 1)                   = 1
2615  read(3, "t", 1)                   = 1
2615  read(3, " ", 1)                   = 1
2615  read(3, "w", 1)                   = 1
2615  read(3, "o", 1)                   = 1
2615  read(3, "r", 1)                   = 1
2615  read(3, "k", 1)                   = 1
2615  read(3, "i", 1)                   = 1
2615  read(3, "n", 1)                   = 1
2615  read(3, "g", 1)                   = 1
2615  read(3, " ", 1)                   = 1
2615  read(3, "d", 1)                   = 1
2615  read(3, "i", 1)                   = 1
2615  read(3, "r", 1)                   = 1
2615  read(3, "e", 1)                   = 1
2615  read(3, "c", 1)                   = 1
2615  read(3, "t", 1)                   = 1
2615  read(3, "o", 1)                   = 1
2615  read(3, "r", 1)                   = 1
2615  read(3, "y", 1)                   = 1
2615  read(3, " ", 1)                   = 1
2615  read(3, "t", 1)                   = 1
2615  read(3, "o", 1)                   = 1
2615  read(3, " ", 1)                   = 1
2615  read(3, "{", 1)                   = 1
2615  read(3, "\\", 1)                  = 1
2615  read(3, "t", 1)                   = 1
2615  read(3, "t", 1)                   = 1
2615  read(3, " ", 1)                   = 1
2615  read(3, "l", 1)                   = 1
2615  read(3, "a", 1)                   = 1
2615  read(3, "b", 1)                   = 1
2615  read(3, "-", 1)                   = 1
2615  read(3, "1", 1)                   = 1
2615  read(3, "/", 1)                   = 1
2615  read(3, "l", 1)                   = 1
2615  read(3, "a", 1)                   = 1
2615  read(3, "b", 1)                   = 1
2615  read(3, "e", 1)                   = 1
2615  read(3, "x", 1)                   = 1
2615  read(3, "/", 1)                   = 1
2615  read(3, "Q", 1)                   = 1
2615  read(3, "1", 1)                   = 1
2615  read(3, "}", 1)                   = 1
2615  read(3, ".", 1)                   = 1
2615  read(3, "\n", 1)                  = 1
2615  write(6, "99\n", 3)               = 3
2615  write(6, "To test a particular part (say Q"..., 99) = 99
2615  read(3, "%", 1)                   = 1
2615  read(3, "\n", 1)                  = 1
2615  write(6, "2\n", 2)                = 2
2615  write(6, "%\n", 2)                = 2
2615  read(3, "E", 1)                   = 1
2615  read(3, "x", 1)                   = 1
2615  read(3, "e", 1)                   = 1
2615  read(3, "c", 1)                   = 1
2615  read(3, "u", 1)                   = 1
2615  read(3, "t", 1)                   = 1
2615  read(3, "e", 1)                   = 1
2615  read(3, " ", 1)                   = 1
2615  read(3, "{", 1)                   = 1
2615  read(3, "\\", 1)                  = 1
2615  read(3, "t", 1)                   = 1
2615  read(3, "t", 1)                   = 1
2615  read(3, " ", 1)                   = 1
2615  read(3, ".", 1)                   = 1
2615  read(3, "/", 1)                   = 1
2615  read(3, "r", 1)                   = 1
2615  read(3, "u", 1)                   = 1
2615  read(3, "n", 1)                   = 1
2615  read(3, "\\", 1)                  = 1
2615  read(3, "_", 1)                   = 1
2615  read(3, "t", 1)                   = 1
2615  read(3, "e", 1)                   = 1
2615  read(3, "s", 1)                   = 1
2615  read(3, "t", 1)                   = 1
2615  read(3, "s", 1)                   = 1
2615  read(3, ".", 1)                   = 1
2615  read(3, "s", 1)                   = 1
2615  read(3, "h", 1)                   = 1
2615  read(3, "}", 1)                   = 1
2615  read(3, ".", 1)                   = 1
2615  read(3, " ", 1)                   = 1
2615  read(3, "A", 1)                   = 1
2615  read(3, "f", 1)                   = 1
2615  read(3, "t", 1)                   = 1
2615  read(3, "e", 1)                   = 1
2615  read(3, "r", 1)                   = 1
2615  read(3, " ", 1)                   = 1
2615  read(3, "c", 1)                   = 1
2615  read(3, "o", 1)                   = 1
2615  read(3, "m", 1)                   = 1
2615  read(3, "p", 1)                   = 1
2615  read(3, "l", 1)                   = 1
2615  read(3, "e", 1)                   = 1
2615  read(3, "t", 1)                   = 1
2615  read(3, "i", 1)                   = 1
2615  read(3, "o", 1)                   = 1
2615  read(3, "n", 1)                   = 1
2615  read(3, " ", 1)                   = 1
2615  read(3, "o", 1)                   = 1
2615  read(3, "f", 1)                   = 1
2615  read(3, " ", 1)                   = 1
2615  read(3, "t", 1)                   = 1
2615  read(3, "h", 1)                   = 1
2615  read(3, "e", 1)                   = 1
2615  read(3, " ", 1)                   = 1
2615  read(3, "s", 1)                   = 1
2615  read(3, "c", 1)                   = 1
2615  read(3, "r", 1)                   = 1
2615  read(3, "i", 1)                   = 1
2615  read(3, "p", 1)                   = 1
2615  read(3, "t", 1)                   = 1
2615  read(3, ",", 1)                   = 1
2615  read(3, " ", 1)                   = 1
2615  read(3, "t", 1)                   = 1
2615  read(3, "h", 1)                   = 1
2615  read(3, "e", 1)                   = 1
2615  read(3, " ", 1)                   = 1
2615  read(3, "o", 1)                   = 1
2615  read(3, "u", 1)                   = 1
2615  read(3, "t", 1)                   = 1
2615  read(3, "p", 1)                   = 1
2615  read(3, "u", 1)                   = 1
2615  read(3, "t", 1)                   = 1
2615  read(3, " ", 1)                   = 1
2615  read(3, "p", 1)                   = 1
2615  read(3, "r", 1)                   = 1
2615  read(3, "o", 1)                   = 1
2615  read(3, "d", 1)                   = 1
2615  read(3, "u", 1)                   = 1
2615  read(3, "c", 1)                   = 1
2615  read(3, "e", 1)                   = 1
2615  read(3, "d", 1)                   = 1
2615  read(3, " ", 1)                   = 1
2615  read(3, "w", 1)                   = 1
2615  read(3, "i", 1)                   = 1
2615  read(3, "l", 1)                   = 1
2615  read(3, "l", 1)                   = 1
2615  read(3, " ", 1)                   = 1
2615  read(3, "b", 1)                   = 1
2615  read(3, "e", 1)                   = 1
2615  read(3, " ", 1)                   = 1
2615  read(3, "s", 1)                   = 1
2615  read(3, "t", 1)                   = 1
2615  read(3, "o", 1)                   = 1
2615  read(3, "r", 1)                   = 1
2615  read(3, "e", 1)                   = 1
2615  read(3, "d", 1)                   = 1
2615  read(3, "\n", 1)                  = 1
2615  write(6, "98\n", 3)               = 3
2615  write(6, "Execute {\\tt ./run\\_tests.sh}. A"..., 98) = 98
2615  read(3, "i", 1)                   = 1
2615  read(3, "n", 1)                   = 1
2615  read(3, " ", 1)                   = 1
2615  read(3, "t", 1)                   = 1
2615  read(3, "h", 1)                   = 1
2615  read(3, "e", 1)                   = 1
2615  read(3, " ", 1)                   = 1
2615  read(3, "{", 1)                   = 1
2615  read(3, "\\", 1)                  = 1
2615  read(3, "t", 1)                   = 1
2615  read(3, "t", 1)                   = 1
2615  read(3, " ", 1)                   = 1
2615  read(3, "o", 1)                   = 1
2615  read(3, "u", 1)                   = 1
2615  read(3, "t", 1)                   = 1
2615  read(3, "p", 1)                   = 1
2615  read(3, "u", 1)                   = 1
2615  read(3, "t", 1)                   = 1
2615  read(3, "}", 1)                   = 1
2615  read(3, " ", 1)                   = 1
2615  read(3, "d", 1)                   = 1
2615  read(3, "i", 1)                   = 1
2615  read(3, "r", 1)                   = 1
2615  read(3, "e", 1)                   = 1
2615  read(3, "c", 1)                   = 1
2615  read(3, "t", 1)                   = 1
2615  read(3, "o", 1)                   = 1
2615  read(3, "r", 1)                   = 1
2615  read(3, "y", 1)                   = 1
2615  read(3, ".", 1)                   = 1
2615  read(3, "\n", 1)                  = 1
2615  write(6, "31\n", 3)               = 3
2615  write(6, "in the {\\tt output} directory.\n", 31) = 31
2615  read(3, "%", 1)                   = 1
2615  read(3, "\n", 1)                  = 1
2615  write(6, "2\n", 2)                = 2
2615  write(6, "%\n", 2)                = 2
2615  read(3, "T", 1)                   = 1
2615  read(3, "o", 1)                   = 1
2615  read(3, " ", 1)                   = 1
2615  read(3, "e", 1)                   = 1
2615  read(3, "v", 1)                   = 1
2615  read(3, "a", 1)                   = 1
2615  read(3, "l", 1)                   = 1
2615  read(3, "u", 1)                   = 1
2615  read(3, "a", 1)                   = 1
2615  read(3, "t", 1)                   = 1
2615  read(3, "e", 1)                   = 1
2615  read(3, " ", 1)                   = 1
2615  read(3, "t", 1)                   = 1
2615  read(3, "h", 1)                   = 1
2615  read(3, "e", 1)                   = 1
2615  read(3, " ", 1)                   = 1
2615  read(3, "c", 1)                   = 1
2615  read(3, "o", 1)                   = 1
2615  read(3, "m", 1)                   = 1
2615  read(3, "p", 1)                   = 1
2615  read(3, "l", 1)                   = 1
2615  read(3, "e", 1)                   = 1
2615  read(3, "t", 1)                   = 1
2615  read(3, "e", 1)                   = 1
2615  read(3, " ", 1)                   = 1
2615  read(3, "e", 1)                   = 1
2615  read(3, "x", 1)                   = 1
2615  read(3, "e", 1)                   = 1
2615  read(3, "r", 1)                   = 1
2615  read(3, "c", 1)                   = 1
2615  read(3, "i", 1)                   = 1
2615  read(3, "s", 1)                   = 1
2615  read(3, "e", 1)                   = 1
2615  read(3, ",", 1)                   = 1
2615  read(3, " ", 1)                   = 1
2615  read(3, "u", 1)                   = 1
2615  read(3, "s", 1)                   = 1
2615  read(3, "e", 1)                   = 1
2615  read(3, " ", 1)                   = 1
2615  read(3, "t", 1)                   = 1
2615  read(3, "h", 1)                   = 1
2615  read(3, "e", 1)                   = 1
2615  read(3, " ", 1)                   = 1
2615  read(3, "u", 1)                   = 1
2615  read(3, "s", 1)                   = 1
2615  read(3, "u", 1)                   = 1
2615  read(3, "a", 1)                   = 1
2615  read(3, "l", 1)                   = 1
2615  read(3, " ", 1)                   = 1
2615  read(3, "p", 1)                   = 1
2615  read(3, "r", 1)                   = 1
2615  read(3, "o", 1)                   = 1
2615  read(3, "c", 1)                   = 1
2615  read(3, "e", 1)                   = 1
2615  read(3, "d", 1)                   = 1
2615  read(3, "u", 1)                   = 1
2615  read(3, "r", 1)                   = 1
2615  read(3, "e", 1)                   = 1
2615  read(3, " ", 1)                   = 1
2615  read(3, "o", 1)                   = 1
2615  read(3, "f", 1)                   = 1
2615  read(3, " ", 1)                   = 1
2615  read(3, "e", 1)                   = 1
2615  read(3, "x", 1)                   = 1
2615  read(3, "e", 1)                   = 1
2615  read(3, "c", 1)                   = 1
2615  read(3, "u", 1)                   = 1
2615  read(3, "t", 1)                   = 1
2615  read(3, "i", 1)                   = 1
2615  read(3, "n", 1)                   = 1
2615  read(3, "g", 1)                   = 1
2615  read(3, " ", 1)                   = 1
2615  read(3, "a", 1)                   = 1
2615  read(3, "n", 1)                   = 1
2615  read(3, " ", 1)                   = 1
2615  read(3, "`", 1)                   = 1
2615  read(3, "`", 1)                   = 1
2615  read(3, "e", 1)                   = 1
2615  read(3, "v", 1)                   = 1
2615  read(3, "a", 1)                   = 1
2615  read(3, "l", 1)                   = 1
2615  read(3, "u", 1)                   = 1
2615  read(3, "a", 1)                   = 1
2615  read(3, "t", 1)                   = 1
2615  read(3, "e", 1)                   = 1
2615  read(3, "\"", 1)                  = 1
2615  read(3, " ", 1)                   = 1
2615  read(3, "a", 1)                   = 1
2615  read(3, "c", 1)                   = 1
2615  read(3, "t", 1)                   = 1
2615  read(3, "i", 1)                   = 1
2615  read(3, "o", 1)                   = 1
2615  read(3, "n", 1)                   = 1
2615  read(3, "\n", 1)                  = 1
2615  write(6, "94\n", 3)               = 3
2615  write(6, "To evaluate the complete exercis"..., 94) = 94
2615  read(3, "u", 1)                   = 1
2615  read(3, "s", 1)                   = 1
2615  read(3, "i", 1)                   = 1
2615  read(3, "n", 1)                   = 1
2615  read(3, "g", 1)                   = 1
2615  read(3, " ", 1)                   = 1
2615  read(3, "t", 1)                   = 1
2615  read(3, "h", 1)                   = 1
2615  read(3, "e", 1)                   = 1
2615  read(3, " ", 1)                   = 1
2615  read(3, "{", 1)                   = 1
2615  read(3, "\\", 1)                  = 1
2615  read(3, "t", 1)                   = 1
2615  read(3, "t", 1)                   = 1
2615  read(3, " ", 1)                   = 1
2615  read(3, "l", 1)                   = 1
2615  read(3, "a", 1)                   = 1
2615  read(3, "b", 1)                   = 1
2615  read(3, ".", 1)                   = 1
2615  read(3, "s", 1)                   = 1
2615  read(3, "h", 1)                   = 1
2615  read(3, "}", 1)                   = 1
2615  read(3, " ", 1)                   = 1
2615  read(3, "s", 1)                   = 1
2615  read(3, "c", 1)                   = 1
2615  read(3, "r", 1)                   = 1
2615  read(3, "i", 1)                   = 1
2615  read(3, "p", 1)                   = 1
2615  read(3, "t", 1)                   = 1
2615  read(3, ".", 1)                   = 1
2615  read(3, "\n", 1)                  = 1
2615  write(6, "31\n", 3)               = 3
2615  write(6, "using the {\\tt lab.sh} script.\n", 31) = 31
2615  read(3, "\n", 1)                  = 1
2615  write(6, "1\n", 2)                = 2
2615  write(6, "\n", 1)                 = 1
2615  read(3, "F", 1)                   = 1
2615  read(3, "o", 1)                   = 1
2615  read(3, "r", 1)                   = 1
2615  read(3, " ", 1)                   = 1
2615  read(3, "t", 1)                   = 1
2615  read(3, "h", 1)                   = 1
2615  read(3, "i", 1)                   = 1
2615  read(3, "s", 1)                   = 1
2615  read(3, " ", 1)                   = 1
2615  read(3, "l", 1)                   = 1
2615  read(3, "a", 1)                   = 1
2615  read(3, "b", 1)                   = 1
2615  read(3, ",", 1)                   = 1
2615  read(3, " ", 1)                   = 1
2615  read(3, "y", 1)                   = 1
2615  read(3, "o", 1)                   = 1
2615  read(3, "u", 1)                   = 1
2615  read(3, " ", 1)                   = 1
2615  read(3, "c", 1)                   = 1
2615  read(3, "a", 1)                   = 1
2615  read(3, "n", 1)                   = 1
2615  read(3, " ", 1)                   = 1
2615  read(3, "p", 1)                   = 1
2615  read(3, "r", 1)                   = 1
2615  read(3, "i", 1)                   = 1
2615  read(3, "n", 1)                   = 1
2615  read(3, "t", 1)                   = 1
2615  read(3, " ", 1)                   = 1
2615  read(3, "d", 1)                   = 1
2615  read(3, "e", 1)                   = 1
2615  read(3, "b", 1)                   = 1
2615  read(3, "u", 1)                   = 1
2615  read(3, "g", 1)                   = 1
2615  read(3, "g", 1)                   = 1
2615  read(3, "i", 1)                   = 1
2615  read(3, "n", 1)                   = 1
2615  read(3, "g", 1)                   = 1
2615  read(3, "/", 1)                   = 1
2615  read(3, "s", 1)                   = 1
2615  read(3, "t", 1)                   = 1
2615  read(3, "a", 1)                   = 1
2615  read(3, "t", 1)                   = 1
2615  read(3, "u", 1)                   = 1
2615  read(3, "s", 1)                   = 1
2615  read(3, " ", 1)                   = 1
2615  read(3, "m", 1)                   = 1
2615  read(3, "e", 1)                   = 1
2615  read(3, "s", 1)                   = 1
2615  read(3, "s", 1)                   = 1
2615  read(3, "a", 1)                   = 1
2615  read(3, "g", 1)                   = 1
2615  read(3, "e", 1)                   = 1
2615  read(3, "s", 1)                   = 1
2615  read(3, " ", 1)                   = 1
2615  read(3, "t", 1)                   = 1
2615  read(3, "o", 1)                   = 1
2615  read(3, " ", 1)                   = 1
2615  read(3, "{", 1)                   = 1
2615  read(3, "\\", 1)                  = 1
2615  read(3, "t", 1)                   = 1
2615  read(3, "t", 1)                   = 1
2615  read(3, " ", 1)                   = 1
2615  read(3, "s", 1)                   = 1
2615  read(3, "t", 1)                   = 1
2615  read(3, "d", 1)                   = 1
2615  read(3, "e", 1)                   = 1
2615  read(3, "r", 1)                   = 1
2615  read(3, "r", 1)                   = 1
2615  read(3, "}", 1)                   = 1
2615  read(3, ".", 1)                   = 1
2615  read(3, " ", 1)                   = 1
2615  read(3, "W", 1)                   = 1
2615  read(3, "e", 1)                   = 1
2615  read(3, " ", 1)                   = 1
2615  read(3, "u", 1)                   = 1
2615  read(3, "s", 1)                   = 1
2615  read(3, "e", 1)                   = 1
2615  read(3, "\n", 1)                  = 1
2615  write(6, "78\n", 3)               = 3
2615  write(6, "For this lab, you can print debu"..., 78) = 78
2615  read(3, "U", 1)                   = 1
2615  read(3, "n", 1)                   = 1
2615  read(3, "i", 1)                   = 1
2615  read(3, "x", 1)                   = 1
2615  read(3, " ", 1)                   = 1
2615  read(3, "p", 1)                   = 1
2615  read(3, "i", 1)                   = 1
2615  read(3, "p", 1)                   = 1
2615  read(3, "e", 1)                   = 1
2615  read(3, "s", 1)                   = 1
2615  read(3, " ", 1)                   = 1
2615  read(3, "f", 1)                   = 1
2615  read(3, "o", 1)                   = 1
2615  read(3, "r", 1)                   = 1
2615  read(3, " ", 1)                   = 1
2615  read(3, "e", 1)                   = 1
2615  read(3, "v", 1)                   = 1
2615  read(3, "a", 1)                   = 1
2615  read(3, "l", 1)                   = 1
2615  read(3, "u", 1)                   = 1
2615  read(3, "a", 1)                   = 1
2615  read(3, "t", 1)                   = 1
2615  read(3, "i", 1)                   = 1
2615  read(3, "o", 1)                   = 1
2615  read(3, "n", 1)                   = 1
2615  read(3, ",", 1)                   = 1
2615  read(3, " ", 1)                   = 1
2615  read(3, "w", 1)                   = 1
2615  read(3, "h", 1)                   = 1
2615  read(3, "i", 1)                   = 1
2615  read(3, "c", 1)                   = 1
2615  read(3, "h", 1)                   = 1
2615  read(3, " ", 1)                   = 1
2615  read(3, "c", 1)                   = 1
2615  read(3, "a", 1)                   = 1
2615  read(3, "p", 1)                   = 1
2615  read(3, "t", 1)                   = 1
2615  read(3, "u", 1)                   = 1
2615  read(3, "r", 1)                   = 1
2615  read(3, "e", 1)                   = 1
2615  read(3, " ", 1)                   = 1
2615  read(3, "o", 1)                   = 1
2615  read(3, "n", 1)                   = 1
2615  read(3, "l", 1)                   = 1
2615  read(3, "y", 1)                   = 1
2615  read(3, " ", 1)                   = 1
2615  read(3, "{", 1)                   = 1
2615  read(3, "\\", 1)                  = 1
2615  read(3, "t", 1)                   = 1
2615  read(3, "t", 1)                   = 1
2615  read(3, " ", 1)                   = 1
2615  read(3, "s", 1)                   = 1
2615  read(3, "t", 1)                   = 1
2615  read(3, "d", 1)                   = 1
2615  read(3, "o", 1)                   = 1
2615  read(3, "u", 1)                   = 1
2615  read(3, "t", 1)                   = 1
2615  read(3, "}", 1)                   = 1
2615  read(3, ".", 1)                   = 1
2615  read(3, " ", 1)                   = 1
2615  read(3, "F", 1)                   = 1
2615  read(3, "o", 1)                   = 1
2615  read(3, "r", 1)                   = 1
2615  read(3, " ", 1)                   = 1
2615  read(3, "e", 1)                   = 1
2615  read(3, "a", 1)                   = 1
2615  read(3, "c", 1)                   = 1
2615  read(3, "h", 1)                   = 1
2615  read(3, " ", 1)                   = 1
2615  read(3, "q", 1)                   = 1
2615  read(3, "u", 1)                   = 1
2615  read(3, "e", 1)                   = 1
2615  read(3, "s", 1)                   = 1
2615  read(3, "t", 1)                   = 1
2615  read(3, "i", 1)                   = 1
2615  read(3, "o", 1)                   = 1
2615  read(3, "n", 1)                   = 1
2615  read(3, ",", 1)                   = 1
2615  read(3, "\n", 1)                  = 1
2615  write(6, "79\n", 3)               = 3
2615  write(6, "Unix pipes for evaluation, which"..., 79) = 79
2615  read(3, "t", 1)                   = 1
2615  read(3, "h", 1)                   = 1
2615  read(3, "e", 1)                   = 1
2615  read(3, " ", 1)                   = 1
2615  read(3, "t", 1)                   = 1
2615  read(3, "e", 1)                   = 1
2615  read(3, "m", 1)                   = 1
2615  read(3, "p", 1)                   = 1
2615  read(3, "l", 1)                   = 1
2615  read(3, "a", 1)                   = 1
2615  read(3, "t", 1)                   = 1
2615  read(3, "e", 1)                   = 1
2615  read(3, " ", 1)                   = 1
2615  read(3, "h", 1)                   = 1
2615  read(3, "a", 1)                   = 1
2615  read(3, "s", 1)                   = 1
2615  read(3, " ", 1)                   = 1
2615  read(3, "e", 1)                   = 1
2615  read(3, "x", 1)                   = 1
2615  read(3, "a", 1)                   = 1
2615  read(3, "m", 1)                   = 1
2615  read(3, "p", 1)                   = 1
2615  read(3, "l", 1)                   = 1
2615  read(3, "e", 1)                   = 1
2615  read(3, "s", 1)                   = 1
2615  read(3, ".", 1)                   = 1
2615  read(3, " ", 1)                   = 1
2615  read(3, "{", 1)                   = 1
2615  read(3, "\\", 1)                  = 1
2615  read(3, "i", 1)                   = 1
2615  read(3, "t", 1)                   = 1
2615  read(3, " ", 1)                   = 1
2615  read(3, "D", 1)                   = 1
2615  read(3, "o", 1)                   = 1
2615  read(3, " ", 1)                   = 1
2615  read(3, "n", 1)                   = 1
2615  read(3, "o", 1)                   = 1
2615  read(3, "t", 1)                   = 1
2615  read(3, " ", 1)                   = 1
2615  read(3, "c", 1)                   = 1
2615  read(3, "l", 1)                   = 1
2615  read(3, "u", 1)                   = 1
2615  read(3, "t", 1)                   = 1
2615  read(3, "t", 1)                   = 1
2615  read(3, "e", 1)                   = 1
2615  read(3, "r", 1)                   = 1
2615  read(3, " ", 1)                   = 1
2615  read(3, "{", 1)                   = 1
2615  read(3, "\\", 1)                  = 1
2615  read(3, "t", 1)                   = 1
2615  read(3, "t", 1)                   = 1
2615  read(3, " ", 1)                   = 1
2615  read(3, "s", 1)                   = 1
2615  read(3, "t", 1)                   = 1
2615  read(3, "d", 1)                   = 1
2615  read(3, "o", 1)                   = 1
2615  read(3, "u", 1)                   = 1
2615  read(3, "t", 1)                   = 1
2615  read(3, "}", 1)                   = 1
2615  read(3, "'", 1)                   = 1
2615  read(3, "s", 1)                   = 1
2615  read(3, " ", 1)                   = 1
2615  read(3, "c", 1)                   = 1
2615  read(3, "o", 1)                   = 1
2615  read(3, "n", 1)                   = 1
2615  read(3, "t", 1)                   = 1
2615  read(3, "e", 1)                   = 1
2615  read(3, "n", 1)                   = 1
2615  read(3, "t", 1)                   = 1
2615  read(3, "s", 1)                   = 1
2615  read(3, ".", 1)                   = 1
2615  read(3, "}", 1)                   = 1
2615  read(3, "\n", 1)                  = 1
2615  write(6, "73\n", 3)               = 3
2615  write(6, "the template has examples. {\\it "..., 73) = 73
2615  read(3, "\n", 1)                  = 1
2615  write(6, "1\n", 2)                = 2
2615  write(6, "\n", 1)                 = 1
2615  read(3, "\\", 1)                  = 1
2615  read(3, "s", 1)                   = 1
2615  read(3, "e", 1)                   = 1
2615  read(3, "c", 1)                   = 1
2615  read(3, "t", 1)                   = 1
2615  read(3, "i", 1)                   = 1
2615  read(3, "o", 1)                   = 1
2615  read(3, "n", 1)                   = 1
2615  read(3, "*", 1)                   = 1
2615  read(3, "{", 1)                   = 1
2615  read(3, "E", 1)                   = 1
2615  read(3, "x", 1)                   = 1
2615  read(3, "e", 1)                   = 1
2615  read(3, "r", 1)                   = 1
2615  read(3, "c", 1)                   = 1
2615  read(3, "i", 1)                   = 1
2615  read(3, "s", 1)                   = 1
2615  read(3, "e", 1)                   = 1
2615  read(3, " ", 1)                   = 1
2615  read(3, "O", 1)                   = 1
2615  read(3, "v", 1)                   = 1
2615  read(3, "e", 1)                   = 1
2615  read(3, "r", 1)                   = 1
2615  read(3, "v", 1)                   = 1
2615  read(3, "i", 1)                   = 1
2615  read(3, "e", 1)                   = 1
2615  read(3, "w", 1)                   = 1
2615  read(3, "}", 1)                   = 1
2615  read(3, "\n", 1)                  = 1
2615  write(6, "29\n", 3)               = 3
2615  write(6, "\\section*{Exercise Overview}\n", 29) = 29
2615  read(3, "\n", 1)                  = 1
2615  write(6, "1\n", 2)                = 2
2615  write(6, "\n", 1)                 = 1
2615  read(3, "I", 1)                   = 1
2615  read(3, "n", 1)                   = 1
2615  read(3, " ", 1)                   = 1
2615  read(3, "t", 1)                   = 1
2615  read(3, "h", 1)                   = 1
2615  read(3, "i", 1)                   = 1
2615  read(3, "s", 1)                   = 1
2615  read(3, " ", 1)                   = 1
2615  read(3, "l", 1)                   = 1
2615  read(3, "a", 1)                   = 1
2615  read(3, "b", 1)                   = 1
2615  read(3, ",", 1)                   = 1
2615  read(3, " ", 1)                   = 1
2615  read(3, "w", 1)                   = 1
2615  read(3, "e", 1)                   = 1
2615  read(3, " ", 1)                   = 1
2615  read(3, "w", 1)                   = 1
2615  read(3, "i", 1)                   = 1
2615  read(3, "l", 1)                   = 1
2615  read(3, "l", 1)                   = 1
2615  read(3, " ", 1)                   = 1
2615  read(3, "e", 1)                   = 1
2615  read(3, "x", 1)                   = 1
2615  read(3, "p", 1)                   = 1
2615  read(3, "l", 1)                   = 1
2615  read(3, "o", 1)                   = 1
2615  read(3, "r", 1)                   = 1
2615  read(3, "e", 1)                   = 1
2615  read(3, " ", 1)                   = 1
2615  read(3, "d", 1)                   = 1
2615  read(3, "i", 1)                   = 1
2615  read(3, "f", 1)                   = 1
2615  read(3, "f", 1)                   = 1
2615  read(3, "e", 1)                   = 1
2615  read(3, "r", 1)                   = 1
2615  read(3, "e", 1)                   = 1
2615  read(3, "n", 1)                   = 1
2615  read(3, "t", 1)                   = 1
2615  read(3, " ", 1)                   = 1
2615  read(3, "s", 1)                   = 1
2615  read(3, "y", 1)                   = 1
2615  read(3, "s", 1)                   = 1
2615  read(3, "t", 1)                   = 1
2615  read(3, "e", 1)                   = 1
2615  read(3, "m", 1)                   = 1
2615  read(3, " ", 1)                   = 1
2615  read(3, "c", 1)                   = 1
2615  read(3, "a", 1)                   = 1
2615  read(3, "l", 1)                   = 1
2615  read(3, "l", 1)                   = 1
2615  read(3, " ", 1)                   = 1
2615  read(3, "A", 1)                   = 1
2615  read(3, "P", 1)                   = 1
2615  read(3, "I", 1)                   = 1
2615  read(3, "s", 1)                   = 1
2615  read(3, " ", 1)                   = 1
2615  read(3, "r", 1)                   = 1
2615  read(3, "e", 1)                   = 1
2615  read(3, "l", 1)                   = 1
2615  read(3, "a", 1)                   = 1
2615  read(3, "t", 1)                   = 1
2615  read(3, "e", 1)                   = 1
2615  read(3, "d", 1)                   = 1
2615  read(3, " ", 1)                   = 1
2615  read(3, "t", 1)                   = 1
2615  read(3, "o", 1)                   = 1
2615  read(3, " ", 1)                   = 1
2615  read(3, "p", 1)                   = 1
2615  read(3, "r", 1)                   = 1
2615  read(3, "o", 1)                   = 1
2615  read(3, "c", 1)                   = 1
2615  read(3, "e", 1)                   = 1
2615  read(3, "s", 1)                   = 1
2615  read(3, "s", 1)                   = 1
2615  read(3, ",", 1)                   = 1
2615  read(3, " ", 1)                   = 1
2615  read(3, "f", 1)                   = 1
2615  read(3, "i", 1)                   = 1
2615  read(3, "l", 1)                   = 1
2615  read(3, "e", 1)                   = 1
2615  read(3, " ", 1)                   = 1
2615  read(3, "a", 1)                   = 1
2615  read(3, "n", 1)                   = 1
2615  read(3, "d", 1)                   = 1
2615  read(3, " ", 1)                   = 1
2615  read(3, "p", 1)                   = 1
2615  read(3, "i", 1)                   = 1
2615  read(3, "p", 1)                   = 1
2615  read(3, "e", 1)                   = 1
2615  read(3, "s", 1)                   = 1
2615  read(3, ".", 1)                   = 1
2615  read(3, "\n", 1)                  = 1
2615  write(6, "92\n", 3)               = 3
2615  write(6, "In this lab, we will explore dif"..., 92) = 92
2615  read(3, "%", 1)                   = 1
2615  read(3, "\n", 1)                  = 1
2615  write(6, "2\n", 2)                = 2
2615  write(6, "%\n", 2)                = 2
2615  read(3, "T", 1)                   = 1
2615  read(3, "h", 1)                   = 1
2615  read(3, "e", 1)                   = 1
2615  read(3, " ", 1)                   = 1
2615  read(3, "a", 1)                   = 1
2615  read(3, "s", 1)                   = 1
2615  read(3, "s", 1)                   = 1
2615  read(3, "i", 1)                   = 1
2615  read(3, "g", 1)                   = 1
2615  read(3, "n", 1)                   = 1
2615  read(3, "m", 1)                   = 1
2615  read(3, "e", 1)                   = 1
2615  read(3, "n", 1)                   = 1
2615  read(3, "t", 1)                   = 1
2615  read(3, " ", 1)                   = 1
2615  read(3, "w", 1)                   = 1
2615  read(3, "r", 1)                   = 1
2615  read(3, "i", 1)                   = 1
2615  read(3, "t", 1)                   = 1
2615  read(3, "e", 1)                   = 1
2615  read(3, "u", 1)                   = 1
2615  read(3, "p", 1)                   = 1
2615  read(3, " ", 1)                   = 1
2615  read(3, "a", 1)                   = 1
2615  read(3, "n", 1)                   = 1
2615  read(3, "d", 1)                   = 1
2615  read(3, " ", 1)                   = 1
2615  read(3, "o", 1)                   = 1
2615  read(3, "t", 1)                   = 1
2615  read(3, "h", 1)                   = 1
2615  read(3, "e", 1)                   = 1
2615  read(3, "r", 1)                   = 1
2615  read(3, " ", 1)                   = 1
2615  read(3, "h", 1)                   = 1
2615  read(3, "e", 1)                   = 1
2615  read(3, "l", 1)                   = 1
2615  read(3, "p", 1)                   = 1
2615  read(3, " ", 1)                   = 1
2615  read(3, "m", 1)                   = 1
2615  read(3, "a", 1)                   = 1
2615  read(3, "t", 1)                   = 1
2615  read(3, "e", 1)                   = 1
2615  read(3, "r", 1)                   = 1
2615  read(3, "i", 1)                   = 1
2615  read(3, "a", 1)                   = 1
2615  read(3, "l", 1)                   = 1
2615  read(3, " ", 1)                   = 1
2615  read(3, "c", 1)                   = 1
2615  read(3, "a", 1)                   = 1
2615  read(3, "n", 1)                   = 1
2615  read(3, " ", 1)                   = 1
2615  read(3, "b", 1)                   = 1
2615  read(3, "e", 1)                   = 1
2615  read(3, " ", 1)                   = 1
2615  read(3, "a", 1)                   = 1
2615  read(3, "c", 1)                   = 1
2615  read(3, "c", 1)                   = 1
2615  read(3, "e", 1)                   = 1
2615  read(3, "s", 1)                   = 1
2615  read(3, "s", 1)                   = 1
2615  read(3, "e", 1)                   = 1
2615  read(3, "d", 1)                   = 1
2615  read(3, " ", 1)                   = 1
2615  read(3, "u", 1)                   = 1
2615  read(3, "s", 1)                   = 1
2615  read(3, "i", 1)                   = 1
2615  read(3, "n", 1)                   = 1
2615  read(3, "g", 1)                   = 1
2615  read(3, " ", 1)                   = 1
2615  read(3, "t", 1)                   = 1
2615  read(3, "h", 1)                   = 1
2615  read(3, "e", 1)                   = 1
2615  read(3, " ", 1)                   = 1
2615  read(3, "f", 1)                   = 1
2615  read(3, "o", 1)                   = 1
2615  read(3, "l", 1)                   = 1
2615  read(3, "l", 1)                   = 1
2615  read(3, "o", 1)                   = 1
2615  read(3, "w", 1)                   = 1
2615  read(3, "i", 1)                   = 1
2615  read(3, "n", 1)                   = 1
2615  read(3, "g", 1)                   = 1
2615  read(3, " ", 1)                   = 1
2615  read(3, "\n", 1)                  = 1
2615  write(6, "84\n", 3)               = 3
2615  write(6, "The assignment writeup and other"..., 84) = 84
2615  read(3, "l", 1)                   = 1
2615  read(3, "i", 1)                   = 1
2615  read(3, "n", 1)                   = 1
2615  read(3, "k", 1)                   = 1
2615  read(3, ":", 1)                   = 1
2615  read(3, " ", 1)                   = 1
2615  read(3, "{", 1)                   = 1
2615  read(3, "\\", 1)                  = 1
2615  read(3, "u", 1)                   = 1
2615  read(3, "r", 1)                   = 1
2615  read(3, "l", 1)                   = 1
2615  read(3, "{", 1)                   = 1
2615  read(3, "h", 1)                   = 1
2615  read(3, "t", 1)                   = 1
2615  read(3, "t", 1)                   = 1
2615  read(3, "p", 1)                   = 1
2615  read(3, ":", 1)                   = 1
2615  read(3, "/", 1)                   = 1
2615  read(3, "/", 1)                   = 1
2615  read(3, "1", 1)                   = 1
2615  read(3, "7", 1)                   = 1
2615  read(3, "2", 1)                   = 1
2615  read(3, ".", 1)                   = 1
2615  read(3, "2", 1)                   = 1
2615  read(3, "7", 1)                   = 1
2615  read(3, ".", 1)                   = 1
2615  read(3, "2", 1)                   = 1
2615  read(3, "1", 1)                   = 1
2615  read(3, ".", 1)                   = 1
2615  read(3, "2", 1)                   = 1
2615  read(3, "1", 1)                   = 1
2615  read(3, "5", 1)                   = 1
2615  read(3, "}", 1)                   = 1
2615  read(3, "}", 1)                   = 1
2615  read(3, "\n", 1)                  = 1
2615  write(6, "35\n", 3)               = 3
2615  write(6, "link: {\\url{http://172.27.21.215"..., 35) = 35
2615  read(3, "\n", 1)                  = 1
2615  write(6, "1\n", 2)                = 2
2615  write(6, "\n", 1)                 = 1
2615  read(3, "%", 1)                   = 1
2615  read(3, "%", 1)                   = 1
2615  read(3, "%", 1)                   = 1
2615  read(3, "%", 1)                   = 1
2615  read(3, "%", 1)                   = 1
2615  read(3, "%", 1)                   = 1
2615  read(3, "%", 1)                   = 1
2615  read(3, "%", 1)                   = 1
2615  read(3, "%", 1)                   = 1
2615  read(3, "%", 1)                   = 1
2615  read(3, "%", 1)                   = 1
2615  read(3, "%", 1)                   = 1
2615  read(3, "%", 1)                   = 1
2615  read(3, "%", 1)                   = 1
2615  read(3, "%", 1)                   = 1
2615  read(3, "%", 1)                   = 1
2615  read(3, "%", 1)                   = 1
2615  read(3, "%", 1)                   = 1
2615  read(3, "%", 1)                   = 1
2615  read(3, "%", 1)                   = 1
2615  read(3, "%", 1)                   = 1
2615  read(3, "%", 1)                   = 1
2615  read(3, "%", 1)                   = 1
2615  read(3, "%", 1)                   = 1
2615  read(3, "%", 1)                   = 1
2615  read(3, "%", 1)                   = 1
2615  read(3, "%", 1)                   = 1
2615  read(3, "%", 1)                   = 1
2615  read(3, "%", 1)                   = 1
2615  read(3, "%", 1)                   = 1
2615  read(3, "%", 1)                   = 1
2615  read(3, "%", 1)                   = 1
2615  read(3, "%", 1)                   = 1
2615  read(3, "%", 1)                   = 1
2615  read(3, "%", 1)                   = 1
2615  read(3, "%", 1)                   = 1
2615  read(3, "\n", 1)                  = 1
2615  write(6, "37\n", 3)               = 3
2615  write(6, "%%%%%%%%%%%%%%%%%%%%%%%%%%%%%%%%"..., 37) = 37
2615  read(3, "%", 1)                   = 1
2615  read(3, "%", 1)                   = 1
2615  read(3, "%", 1)                   = 1
2615  read(3, "%", 1)                   = 1
2615  read(3, "%", 1)                   = 1
2615  read(3, "%", 1)                   = 1
2615  read(3, "%", 1)                   = 1
2615  read(3, "%", 1)                   = 1
2615  read(3, "%", 1)                   = 1
2615  read(3, "%", 1)                   = 1
2615  read(3, "%", 1)                   = 1
2615  read(3, "%", 1)                   = 1
2615  read(3, "%", 1)                   = 1
2615  read(3, "%", 1)                   = 1
2615  read(3, "%", 1)                   = 1
2615  read(3, "%", 1)                   = 1
2615  read(3, "%", 1)                   = 1
2615  read(3, "%", 1)                   = 1
2615  read(3, "%", 1)                   = 1
2615  read(3, "%", 1)                   = 1
2615  read(3, "%", 1)                   = 1
2615  read(3, "%", 1)                   = 1
2615  read(3, "%", 1)                   = 1
2615  read(3, "%", 1)                   = 1
2615  read(3, "%", 1)                   = 1
2615  read(3, "%", 1)                   = 1
2615  read(3, "%", 1)                   = 1
2615  read(3, "%", 1)                   = 1
2615  read(3, "%", 1)                   = 1
2615  read(3, "%", 1)                   = 1
2615  read(3, "%", 1)                   = 1
2615  read(3, "%", 1)                   = 1
2615  read(3, "%", 1)                   = 1
2615  read(3, "%", 1)                   = 1
2615  read(3, "%", 1)                   = 1
2615  read(3, "%", 1)                   = 1
2615  read(3, "\n", 1)                  = 1
2615  write(6, "37\n", 3)               = 3
2615  write(6, "%%%%%%%%%%%%%%%%%%%%%%%%%%%%%%%%"..., 37) = 37
2615  read(3, "\\", 1)                  = 1
2615  read(3, "s", 1)                   = 1
2615  read(3, "e", 1)                   = 1
2615  read(3, "c", 1)                   = 1
2615  read(3, "t", 1)                   = 1
2615  read(3, "i", 1)                   = 1
2615  read(3, "o", 1)                   = 1
2615  read(3, "n", 1)                   = 1
2615  read(3, "*", 1)                   = 1
2615  read(3, "{", 1)                   = 1
2615  read(3, "Q", 1)                   = 1
2615  read(3, "1", 1)                   = 1
2615  read(3, ".", 1)                   = 1
2615  read(3, " ", 1)                   = 1
2615  read(3, "P", 1)                   = 1
2615  read(3, "a", 1)                   = 1
2615  read(3, "r", 1)                   = 1
2615  read(3, "a", 1)                   = 1
2615  read(3, "l", 1)                   = 1
2615  read(3, "l", 1)                   = 1
2615  read(3, "e", 1)                   = 1
2615  read(3, "l", 1)                   = 1
2615  read(3, " ", 1)                   = 1
2615  read(3, "P", 1)                   = 1
2615  read(3, "r", 1)                   = 1
2615  read(3, "i", 1)                   = 1
2615  read(3, "m", 1)                   = 1
2615  read(3, "e", 1)                   = 1
2615  read(3, "s", 1)                   = 1
2615  read(3, " ", 1)                   = 1
2615  read(3, "[", 1)                   = 1
2615  read(3, "2", 1)                   = 1
2615  read(3, "0", 1)                   = 1
2615  read(3, " ", 1)                   = 1
2615  read(3, "m", 1)                   = 1
2615  read(3, "a", 1)                   = 1
2615  read(3, "r", 1)                   = 1
2615  read(3, "k", 1)                   = 1
2615  read(3, "s", 1)                   = 1
2615  read(3, "]", 1)                   = 1
2615  read(3, "}", 1)                   = 1
2615  read(3, "\n", 1)                  = 1
2615  write(6, "42\n", 3)               = 3
2615  write(6, "\\section*{Q1. Parallel Primes [2"..., 42) = 42
2615  read(3, "%", 1)                   = 1
2615  read(3, "%", 1)                   = 1
2615  read(3, "%", 1)                   = 1
2615  read(3, "%", 1)                   = 1
2615  read(3, "%", 1)                   = 1
2615  read(3, "%", 1)                   = 1
2615  read(3, "%", 1)                   = 1
2615  read(3, "%", 1)                   = 1
2615  read(3, "%", 1)                   = 1
2615  read(3, "%", 1)                   = 1
2615  read(3, "%", 1)                   = 1
2615  read(3, "%", 1)                   = 1
2615  read(3, "%", 1)                   = 1
2615  read(3, "%", 1)                   = 1
2615  read(3, "%", 1)                   = 1
2615  read(3, "%", 1)                   = 1
2615  read(3, "%", 1)                   = 1
2615  read(3, "%", 1)                   = 1
2615  read(3, "%", 1)                   = 1
2615  read(3, "%", 1)                   = 1
2615  read(3, "%", 1)                   = 1
2615  read(3, "%", 1)                   = 1
2615  read(3, "%", 1)                   = 1
2615  read(3, "%", 1)                   = 1
2615  read(3, "%", 1)                   = 1
2615  read(3, "%", 1)                   = 1
2615  read(3, "%", 1)                   = 1
2615  read(3, "%", 1)                   = 1
2615  read(3, "%", 1)                   = 1
2615  read(3, "%", 1)                   = 1
2615  read(3, "%", 1)                   = 1
2615  read(3, "%", 1)                   = 1
2615  read(3, "%", 1)                   = 1
2615  read(3, "%", 1)                   = 1
2615  read(3, "%", 1)                   = 1
2615  read(3, "%", 1)                   = 1
2615  read(3, "\n", 1)                  = 1
2615  write(6, "37\n", 3)               = 3
2615  write(6, "%%%%%%%%%%%%%%%%%%%%%%%%%%%%%%%%"..., 37) = 37
2615  read(3, "%", 1)                   = 1
2615  read(3, "%", 1)                   = 1
2615  read(3, "%", 1)                   = 1
2615  read(3, "%", 1)                   = 1
2615  read(3, "%", 1)                   = 1
2615  read(3, "%", 1)                   = 1
2615  read(3, "%", 1)                   = 1
2615  read(3, "%", 1)                   = 1
2615  read(3, "%", 1)                   = 1
2615  read(3, "%", 1)                   = 1
2615  read(3, "%", 1)                   = 1
2615  read(3, "%", 1)                   = 1
2615  read(3, "%", 1)                   = 1
2615  read(3, "%", 1)                   = 1
2615  read(3, "%", 1)                   = 1
2615  read(3, "%", 1)                   = 1
2615  read(3, "%", 1)                   = 1
2615  read(3, "%", 1)                   = 1
2615  read(3, "%", 1)                   = 1
2615  read(3, "%", 1)                   = 1
2615  read(3, "%", 1)                   = 1
2615  read(3, "%", 1)                   = 1
2615  read(3, "%", 1)                   = 1
2615  read(3, "%", 1)                   = 1
2615  read(3, "%", 1)                   = 1
2615  read(3, "%", 1)                   = 1
2615  read(3, "%", 1)                   = 1
2615  read(3, "%", 1)                   = 1
2615  read(3, "%", 1)                   = 1
2615  read(3, "%", 1)                   = 1
2615  read(3, "%", 1)                   = 1
2615  read(3, "%", 1)                   = 1
2615  read(3, "%", 1)                   = 1
2615  read(3, "%", 1)                   = 1
2615  read(3, "%", 1)                   = 1
2615  read(3, "%", 1)                   = 1
2615  read(3, "\n", 1)                  = 1
2615  write(6, "37\n", 3)               = 3
2615  write(6, "%%%%%%%%%%%%%%%%%%%%%%%%%%%%%%%%"..., 37) = 37
2615  read(3, "I", 1)                   = 1
2615  read(3, "n", 1)                   = 1
2615  read(3, " ", 1)                   = 1
2615  read(3, "t", 1)                   = 1
2615  read(3, "h", 1)                   = 1
2615  read(3, "i", 1)                   = 1
2615  read(3, "s", 1)                   = 1
2615  read(3, " ", 1)                   = 1
2615  read(3, "p", 1)                   = 1
2615  read(3, "a", 1)                   = 1
2615  read(3, "r", 1)                   = 1
2615  read(3, "t", 1)                   = 1
2615  read(3, ",", 1)                   = 1
2615  read(3, " ", 1)                   = 1
2615  read(3, "y", 1)                   = 1
2615  read(3, "o", 1)                   = 1
2615  read(3, "u", 1)                   = 1
2615  read(3, " ", 1)                   = 1
2615  read(3, "w", 1)                   = 1
2615  read(3, "i", 1)                   = 1
2615  read(3, "l", 1)                   = 1
2615  read(3, "l", 1)                   = 1
2615  read(3, " ", 1)                   = 1
2615  read(3, "u", 1)                   = 1
2615  read(3, "s", 1)                   = 1
2615  read(3, "e", 1)                   = 1
2615  read(3, " ", 1)                   = 1
2615  read(3, "{", 1)                   = 1
2615  read(3, "\\", 1)                  = 1
2615  read(3, "e", 1)                   = 1
2615  read(3, "m", 1)                   = 1
2615  read(3, " ", 1)                   = 1
2615  read(3, "t", 1)                   = 1
2615  read(3, "w", 1)                   = 1
2615  read(3, "o", 1)                   = 1
2615  read(3, " ", 1)                   = 1
2615  read(3, "p", 1)                   = 1
2615  read(3, "r", 1)                   = 1
2615  read(3, "o", 1)                   = 1
2615  read(3, "c", 1)                   = 1
2615  read(3, "e", 1)                   = 1
2615  read(3, "s", 1)                   = 1
2615  read(3, "s", 1)                   = 1
2615  read(3, "e", 1)                   = 1
2615  read(3, "s", 1)                   = 1
2615  read(3, "}", 1)                   = 1
2615  read(3, " ", 1)                   = 1
2615  read(3, "t", 1)                   = 1
2615  read(3, "o", 1)                   = 1
2615  read(3, " ", 1)                   = 1
2615  read(3, "p", 1)                   = 1
2615  read(3, "e", 1)                   = 1
2615  read(3, "r", 1)                   = 1
2615  read(3, "f", 1)                   = 1
2615  read(3, "o", 1)                   = 1
2615  read(3, "r", 1)                   = 1
2615  read(3, "m", 1)                   = 1
2615  read(3, " ", 1)                   = 1
2615  read(3, "c", 1)                   = 1
2615  read(3, "e", 1)                   = 1
2615  read(3, "r", 1)                   = 1
2615  read(3, "t", 1)                   = 1
2615  read(3, "a", 1)                   = 1
2615  read(3, "i", 1)                   = 1
2615  read(3, "n", 1)                   = 1
2615  read(3, " ", 1)                   = 1
2615  read(3, "c", 1)                   = 1
2615  read(3, "o", 1)                   = 1
2615  read(3, "m", 1)                   = 1
2615  read(3, "p", 1)                   = 1
2615  read(3, "u", 1)                   = 1
2615  read(3, "t", 1)                   = 1
2615  read(3, "a", 1)                   = 1
2615  read(3, "t", 1)                   = 1
2615  read(3, "i", 1)                   = 1
2615  read(3, "o", 1)                   = 1
2615  read(3, "n", 1)                   = 1
2615  read(3, "s", 1)                   = 1
2615  read(3, " ", 1)                   = 1
2615  read(3, "r", 1)                   = 1
2615  read(3, "e", 1)                   = 1
2615  read(3, "g", 1)                   = 1
2615  read(3, "a", 1)                   = 1
2615  read(3, "r", 1)                   = 1
2615  read(3, "d", 1)                   = 1
2615  read(3, "i", 1)                   = 1
2615  read(3, "n", 1)                   = 1
2615  read(3, "g", 1)                   = 1
2615  read(3, " ", 1)                   = 1
2615  read(3, "p", 1)                   = 1
2615  read(3, "r", 1)                   = 1
2615  read(3, "i", 1)                   = 1
2615  read(3, "m", 1)                   = 1
2615  read(3, "a", 1)                   = 1
2615  read(3, "l", 1)                   = 1
2615  read(3, "i", 1)                   = 1
2615  read(3, "t", 1)                   = 1
2615  read(3, "y", 1)                   = 1
2615  read(3, "\n", 1)                  = 1
2615  write(6, "99\n", 3)               = 3
2615  write(6, "In this part, you will use {\\em "..., 99) = 99
2615  read(3, "o", 1)                   = 1
2615  read(3, "f", 1)                   = 1
2615  read(3, " ", 1)                   = 1
2615  read(3, "n", 1)                   = 1
2615  read(3, "u", 1)                   = 1
2615  read(3, "m", 1)                   = 1
2615  read(3, "b", 1)                   = 1
2615  read(3, "e", 1)                   = 1
2615  read(3, "r", 1)                   = 1
2615  read(3, "s", 1)                   = 1
2615  read(3, ".", 1)                   = 1
2615  read(3, "\n", 1)                  = 1
2615  write(6, "12\n", 3)               = 3
2615  write(6, "of numbers.\n", 12)     = 12
2615  read(3, "\n", 1)                  = 1
2615  write(6, "1\n", 2)                = 2
2615  write(6, "\n", 1)                 = 1
2615  read(3, "P", 1)                   = 1
2615  read(3, "r", 1)                   = 1
2615  read(3, "o", 1)                   = 1
2615  read(3, "v", 1)                   = 1
2615  read(3, "i", 1)                   = 1
2615  read(3, "d", 1)                   = 1
2615  read(3, "e", 1)                   = 1
2615  read(3, " ", 1)                   = 1
2615  read(3, "t", 1)                   = 1
2615  read(3, "h", 1)                   = 1
2615  read(3, "e", 1)                   = 1
2615  read(3, " ", 1)                   = 1
2615  read(3, "i", 1)                   = 1
2615  read(3, "m", 1)                   = 1
2615  read(3, "p", 1)                   = 1
2615  read(3, "l", 1)                   = 1
2615  read(3, "e", 1)                   = 1
2615  read(3, "m", 1)                   = 1
2615  read(3, "e", 1)                   = 1
2615  read(3, "n", 1)                   = 1
2615  read(3, "t", 1)                   = 1
2615  read(3, "a", 1)                   = 1
2615  read(3, "t", 1)                   = 1
2615  read(3, "i", 1)                   = 1
2615  read(3, "o", 1)                   = 1
2615  read(3, "n", 1)                   = 1
2615  read(3, " ", 1)                   = 1
2615  read(3, "{", 1)                   = 1
2615  read(3, "\\", 1)                  = 1
2615  read(3, "t", 1)                   = 1
2615  read(3, "t", 1)                   = 1
2615  read(3, " ", 1)                   = 1
2615  read(3, "f", 1)                   = 1
2615  read(3, "i", 1)                   = 1
2615  read(3, "n", 1)                   = 1
2615  read(3, "d", 1)                   = 1
2615  read(3, "\\", 1)                  = 1
2615  read(3, "_", 1)                   = 1
2615  read(3, "p", 1)                   = 1
2615  read(3, "r", 1)                   = 1
2615  read(3, "i", 1)                   = 1
2615  read(3, "m", 1)                   = 1
2615  read(3, "e", 1)                   = 1
2615  read(3, "s", 1)                   = 1
2615  read(3, "}", 1)                   = 1
2615  read(3, " ", 1)                   = 1
2615  read(3, "i", 1)                   = 1
2615  read(3, "n", 1)                   = 1
2615  read(3, " ", 1)                   = 1
2615  read(3, "t", 1)                   = 1
2615  read(3, "h", 1)                   = 1
2615  read(3, "e", 1)                   = 1
2615  read(3, " ", 1)                   = 1
2615  read(3, "f", 1)                   = 1
2615  read(3, "i", 1)                   = 1
2615  read(3, "l", 1)                   = 1
2615  read(3, "e", 1)                   = 1
2615  read(3, " ", 1)                   = 1
2615  read(3, "{", 1)                   = 1
2615  read(3, "\\", 1)                  = 1
2615  read(3, "t", 1)                   = 1
2615  read(3, "t", 1)                   = 1
2615  read(3, " ", 1)                   = 1
2615  read(3, "Q", 1)                   = 1
2615  read(3, "1", 1)                   = 1
2615  read(3, "/", 1)                   = 1
2615  read(3, "p", 1)                   = 1
2615  read(3, "p", 1)                   = 1
2615  read(3, "r", 1)                   = 1
2615  read(3, "i", 1)                   = 1
2615  read(3, "m", 1)                   = 1
2615  read(3, "e", 1)                   = 1
2615  read(3, ".", 1)                   = 1
2615  read(3, "c", 1)                   = 1
2615  read(3, "}", 1)                   = 1
2615  read(3, " ", 1)                   = 1
2615  read(3, "t", 1)                   = 1
2615  read(3, "h", 1)                   = 1
2615  read(3, "a", 1)                   = 1
2615  read(3, "t", 1)                   = 1
2615  read(3, " ", 1)                   = 1
2615  read(3, "t", 1)                   = 1
2615  read(3, "a", 1)                   = 1
2615  read(3, "k", 1)                   = 1
2615  read(3, "e", 1)                   = 1
2615  read(3, "s", 1)                   = 1
2615  read(3, " ", 1)                   = 1
2615  read(3, "a", 1)                   = 1
2615  read(3, " ", 1)                   = 1
2615  read(3, "p", 1)                   = 1
2615  read(3, "o", 1)                   = 1
2615  read(3, "s", 1)                   = 1
2615  read(3, "i", 1)                   = 1
2615  read(3, "t", 1)                   = 1
2615  read(3, "i", 1)                   = 1
2615  read(3, "v", 1)                   = 1
2615  read(3, "e", 1)                   = 1
2615  read(3, " ", 1)                   = 1
2615  read(3, "\n", 1)                  = 1
2615  write(6, "99\n", 3)               = 3
2615  write(6, "Provide the implementation {\\tt "..., 99) = 99
2615  read(3, "i", 1)                   = 1
2615  read(3, "n", 1)                   = 1
2615  read(3, "t", 1)                   = 1
2615  read(3, "e", 1)                   = 1
2615  read(3, "g", 1)                   = 1
2615  read(3, "e", 1)                   = 1
2615  read(3, "r", 1)                   = 1
2615  read(3, " ", 1)                   = 1
2615  read(3, "(", 1)                   = 1
2615  read(3, "s", 1)                   = 1
2615  read(3, "a", 1)                   = 1
2615  read(3, "y", 1)                   = 1
2615  read(3, " ", 1)                   = 1
2615  read(3, "$", 1)                   = 1
2615  read(3, "M", 1)                   = 1
2615  read(3, "$", 1)                   = 1
2615  read(3, ")", 1)                   = 1
2615  read(3, " ", 1)                   = 1
2615  read(3, "a", 1)                   = 1
2615  read(3, "s", 1)                   = 1
2615  read(3, " ", 1)                   = 1
2615  read(3, "t", 1)                   = 1
2615  read(3, "h", 1)                   = 1
2615  read(3, "e", 1)                   = 1
2615  read(3, " ", 1)                   = 1
2615  read(3, "a", 1)                   = 1
2615  read(3, "r", 1)                   = 1
2615  read(3, "g", 1)                   = 1
2615  read(3, "u", 1)                   = 1
2615  read(3, "m", 1)                   = 1
2615  read(3, "e", 1)                   = 1
2615  read(3, "n", 1)                   = 1
2615  read(3, "t", 1)                   = 1
2615  read(3, ".", 1)                   = 1
2615  read(3, "\n", 1)                  = 1
2615  write(6, "35\n", 3)               = 3
2615  write(6, "integer (say $M$) as the argumen"..., 35) = 35
2615  read(3, "%", 1)                   = 1
2615  read(3, "\n", 1)                  = 1
2615  write(6, "2\n", 2)                = 2
2615  write(6, "%\n", 2)                = 2
2615  read(3, "Y", 1)                   = 1
2615  read(3, "o", 1)                   = 1
2615  read(3, "u", 1)                   = 1
2615  read(3, " ", 1)                   = 1
2615  read(3, "a", 1)                   = 1
2615  read(3, "r", 1)                   = 1
2615  read(3, "e", 1)                   = 1
2615  read(3, " ", 1)                   = 1
2615  read(3, "r", 1)                   = 1
2615  read(3, "e", 1)                   = 1
2615  read(3, "q", 1)                   = 1
2615  read(3, "u", 1)                   = 1
2615  read(3, "i", 1)                   = 1
2615  read(3, "r", 1)                   = 1
2615  read(3, "e", 1)                   = 1
2615  read(3, "d", 1)                   = 1
2615  read(3, " ", 1)                   = 1
2615  read(3, "t", 1)                   = 1
2615  read(3, "o", 1)                   = 1
2615  read(3, " ", 1)                   = 1
2615  read(3, "f", 1)                   = 1
2615  read(3, "i", 1)                   = 1
2615  read(3, "n", 1)                   = 1
2615  read(3, "d", 1)                   = 1
2615  read(3, " ", 1)                   = 1
2615  read(3, "o", 1)                   = 1
2615  read(3, "u", 1)                   = 1
2615  read(3, "t", 1)                   = 1
2615  read(3, " ", 1)                   = 1
2615  read(3, "t", 1)                   = 1
2615  read(3, "h", 1)                   = 1
2615  read(3, "e", 1)                   = 1
2615  read(3, " ", 1)                   = 1
2615  read(3, "n", 1)                   = 1
2615  read(3, "u", 1)                   = 1
2615  read(3, "m", 1)                   = 1
2615  read(3, "b", 1)                   = 1
2615  read(3, "e", 1)                   = 1
2615  read(3, "r", 1)                   = 1
2615  read(3, " ", 1)                   = 1
2615  read(3, "o", 1)                   = 1
2615  read(3, "f", 1)                   = 1
2615  read(3, " ", 1)                   = 1
2615  read(3, "p", 1)                   = 1
2615  read(3, "r", 1)                   = 1
2615  read(3, "i", 1)                   = 1
2615  read(3, "m", 1)                   = 1
2615  read(3, "e", 1)                   = 1
2615  read(3, "s", 1)                   = 1
2615  read(3, " ", 1)                   = 1
2615  read(3, "l", 1)                   = 1
2615  read(3, "e", 1)                   = 1
2615  read(3, "s", 1)                   = 1
2615  read(3, "s", 1)                   = 1
2615  read(3, " ", 1)                   = 1
2615  read(3, "t", 1)                   = 1
2615  read(3, "h", 1)                   = 1
2615  read(3, "a", 1)                   = 1
2615  read(3, "n", 1)                   = 1
2615  read(3, " ", 1)                   = 1
2615  read(3, "e", 1)                   = 1
2615  read(3, "q", 1)                   = 1
2615  read(3, "u", 1)                   = 1
2615  read(3, "a", 1)                   = 1
2615  read(3, "l", 1)                   = 1
2615  read(3, " ", 1)                   = 1
2615  read(3, "t", 1)                   = 1
2615  read(3, "o", 1)                   = 1
2615  read(3, " ", 1)                   = 1
2615  read(3, "$", 1)                   = 1
2615  read(3, "M", 1)                   = 1
2615  read(3, "$", 1)                   = 1
2615  read(3, " ", 1)                   = 1
2615  read(3, "u", 1)                   = 1
2615  read(3, "s", 1)                   = 1
2615  read(3, "i", 1)                   = 1
2615  read(3, "n", 1)                   = 1
2615  read(3, "g", 1)                   = 1
2615  read(3, " ", 1)                   = 1
2615  read(3, "t", 1)                   = 1
2615  read(3, "w", 1)                   = 1
2615  read(3, "o", 1)                   = 1
2615  read(3, " ", 1)                   = 1
2615  read(3, "c", 1)                   = 1
2615  read(3, "h", 1)                   = 1
2615  read(3, "i", 1)                   = 1
2615  read(3, "l", 1)                   = 1
2615  read(3, "d", 1)                   = 1
2615  read(3, " ", 1)                   = 1
2615  read(3, "\n", 1)                  = 1
2615  write(6, "90\n", 3)               = 3
2615  write(6, "You are required to find out the"..., 90) = 90
2615  read(3, "p", 1)                   = 1
2615  read(3, "r", 1)                   = 1
2615  read(3, "o", 1)                   = 1
2615  read(3, "c", 1)                   = 1
2615  read(3, "e", 1)                   = 1
2615  read(3, "s", 1)                   = 1
2615  read(3, "s", 1)                   = 1
2615  read(3, "e", 1)                   = 1
2615  read(3, "s", 1)                   = 1
2615  read(3, " ", 1)                   = 1
2615  read(3, "(", 1)                   = 1
2615  read(3, "s", 1)                   = 1
2615  read(3, "a", 1)                   = 1
2615  read(3, "y", 1)                   = 1
2615  read(3, " ", 1)                   = 1
2615  read(3, "$", 1)                   = 1
2615  read(3, "P", 1)                   = 1
2615  read(3, "_", 1)                   = 1
2615  read(3, "1", 1)                   = 1
2615  read(3, "$", 1)                   = 1
2615  read(3, " ", 1)                   = 1
2615  read(3, "a", 1)                   = 1
2615  read(3, "n", 1)                   = 1
2615  read(3, "d", 1)                   = 1
2615  read(3, " ", 1)                   = 1
2615  read(3, "$", 1)                   = 1
2615  read(3, "P", 1)                   = 1
2615  read(3, "_", 1)                   = 1
2615  read(3, "2", 1)                   = 1
2615  read(3, "$", 1)                   = 1
2615  read(3, ")", 1)                   = 1
2615  read(3, " ", 1)                   = 1
2615  read(3, "w", 1)                   = 1
2615  read(3, "h", 1)                   = 1
2615  read(3, "e", 1)                   = 1
2615  read(3, "r", 1)                   = 1
2615  read(3, "e", 1)                   = 1
2615  read(3, " ", 1)                   = 1
2615  read(3, "c", 1)                   = 1
2615  read(3, "h", 1)                   = 1
2615  read(3, "i", 1)                   = 1
2615  read(3, "l", 1)                   = 1
2615  read(3, "d", 1)                   = 1
2615  read(3, " ", 1)                   = 1
2615  read(3, "p", 1)                   = 1
2615  read(3, "r", 1)                   = 1
2615  read(3, "o", 1)                   = 1
2615  read(3, "c", 1)                   = 1
2615  read(3, "e", 1)                   = 1
2615  read(3, "s", 1)                   = 1
2615  read(3, "s", 1)                   = 1
2615  read(3, " ", 1)                   = 1
2615  read(3, "$", 1)                   = 1
2615  read(3, "P", 1)                   = 1
2615  read(3, "_", 1)                   = 1
2615  read(3, "1", 1)                   = 1
2615  read(3, "$", 1)                   = 1
2615  read(3, " ", 1)                   = 1
2615  read(3, "c", 1)                   = 1
2615  read(3, "o", 1)                   = 1
2615  read(3, "u", 1)                   = 1
2615  read(3, "n", 1)                   = 1
2615  read(3, "t", 1)                   = 1
2615  read(3, "s", 1)                   = 1
2615  read(3, " ", 1)                   = 1
2615  read(3, "t", 1)                   = 1
2615  read(3, "h", 1)                   = 1
2615  read(3, "e", 1)                   = 1
2615  read(3, " ", 1)                   = 1
2615  read(3, "n", 1)                   = 1
2615  read(3, "u", 1)                   = 1
2615  read(3, "m", 1)                   = 1
2615  read(3, "b", 1)                   = 1
2615  read(3, "e", 1)                   = 1
2615  read(3, "r", 1)                   = 1
2615  read(3, " ", 1)                   = 1
2615  read(3, "o", 1)                   = 1
2615  read(3, "f", 1)                   = 1
2615  read(3, " ", 1)                   = 1
2615  read(3, "p", 1)                   = 1
2615  read(3, "r", 1)                   = 1
2615  read(3, "i", 1)                   = 1
2615  read(3, "m", 1)                   = 1
2615  read(3, "e", 1)                   = 1
2615  read(3, " ", 1)                   = 1
2615  read(3, "n", 1)                   = 1
2615  read(3, "u", 1)                   = 1
2615  read(3, "m", 1)                   = 1
2615  read(3, "b", 1)                   = 1
2615  read(3, "e", 1)                   = 1
2615  read(3, "r", 1)                   = 1
2615  read(3, "s", 1)                   = 1
2615  read(3, " ", 1)                   = 1
2615  read(3, "\n", 1)                  = 1
2615  write(6, "94\n", 3)               = 3
2615  write(6, "processes (say $P_1$ and $P_2$) "..., 94) = 94
2615  read(3, "t", 1)                   = 1
2615  read(3, "i", 1)                   = 1
2615  read(3, "l", 1)                   = 1
2615  read(3, "l", 1)                   = 1
2615  read(3, " ", 1)                   = 1
2615  read(3, "$", 1)                   = 1
2615  read(3, "M", 1)                   = 1
2615  read(3, "/", 1)                   = 1
2615  read(3, "2", 1)                   = 1
2615  read(3, "$", 1)                   = 1
2615  read(3, " ", 1)                   = 1
2615  read(3, "a", 1)                   = 1
2615  read(3, "n", 1)                   = 1
2615  read(3, "d", 1)                   = 1
2615  read(3, " ", 1)                   = 1
2615  read(3, "$", 1)                   = 1
2615  read(3, "P", 1)                   = 1
2615  read(3, "_", 1)                   = 1
2615  read(3, "2", 1)                   = 1
2615  read(3, "$", 1)                   = 1
2615  read(3, " ", 1)                   = 1
2615  read(3, "c", 1)                   = 1
2615  read(3, "o", 1)                   = 1
2615  read(3, "u", 1)                   = 1
2615  read(3, "n", 1)                   = 1
2615  read(3, "t", 1)                   = 1
2615  read(3, "s", 1)                   = 1
2615  read(3, " ", 1)                   = 1
2615  read(3, "t", 1)                   = 1
2615  read(3, "h", 1)                   = 1
2615  read(3, "e", 1)                   = 1
2615  read(3, " ", 1)                   = 1
2615  read(3, "p", 1)                   = 1
2615  read(3, "r", 1)                   = 1
2615  read(3, "i", 1)                   = 1
2615  read(3, "m", 1)                   = 1
2615  read(3, "e", 1)                   = 1
2615  read(3, " ", 1)                   = 1
2615  read(3, "n", 1)                   = 1
2615  read(3, "u", 1)                   = 1
2615  read(3, "m", 1)                   = 1
2615  read(3, "b", 1)                   = 1
2615  read(3, "e", 1)                   = 1
2615  read(3, "r", 1)                   = 1
2615  read(3, "s", 1)                   = 1
2615  read(3, " ", 1)                   = 1
2615  read(3, "f", 1)                   = 1
2615  read(3, "r", 1)                   = 1
2615  read(3, "o", 1)                   = 1
2615  read(3, "m", 1)                   = 1
2615  read(3, " ", 1)                   = 1
2615  read(3, "$", 1)                   = 1
2615  read(3, "M", 1)                   = 1
2615  read(3, "/", 1)                   = 1
2615  read(3, "2", 1)                   = 1
2615  read(3, "+", 1)                   = 1
2615  read(3, "1", 1)                   = 1
2615  read(3, "$", 1)                   = 1
2615  read(3, " ", 1)                   = 1
2615  read(3, "t", 1)                   = 1
2615  read(3, "o", 1)                   = 1
2615  read(3, " ", 1)                   = 1
2615  read(3, "$", 1)                   = 1
2615  read(3, "M", 1)                   = 1
2615  read(3, "$", 1)                   = 1
2615  read(3, ".", 1)                   = 1
2615  read(3, "\n", 1)                  = 1
2615  write(6, "67\n", 3)               = 3
2615  write(6, "till $M/2$ and $P_2$ counts the "..., 67) = 67
2615  read(3, "%", 1)                   = 1
2615  read(3, "\n", 1)                  = 1
2615  write(6, "2\n", 2)                = 2
2615  write(6, "%\n", 2)                = 2
2615  read(3, "T", 1)                   = 1
2615  read(3, "h", 1)                   = 1
2615  read(3, "e", 1)                   = 1
2615  read(3, " ", 1)                   = 1
2615  read(3, "o", 1)                   = 1
2615  read(3, "b", 1)                   = 1
2615  read(3, "j", 1)                   = 1
2615  read(3, "e", 1)                   = 1
2615  read(3, "c", 1)                   = 1
2615  read(3, "t", 1)                   = 1
2615  read(3, "i", 1)                   = 1
2615  read(3, "v", 1)                   = 1
2615  read(3, "e", 1)                   = 1
2615  read(3, " ", 1)                   = 1
2615  read(3, "i", 1)                   = 1
2615  read(3, "s", 1)                   = 1
2615  read(3, " ", 1)                   = 1
2615  read(3, "t", 1)                   = 1
2615  read(3, "o", 1)                   = 1
2615  read(3, " ", 1)                   = 1
2615  read(3, "o", 1)                   = 1
2615  read(3, "p", 1)                   = 1
2615  read(3, "t", 1)                   = 1
2615  read(3, "i", 1)                   = 1
2615  read(3, "m", 1)                   = 1
2615  read(3, "i", 1)                   = 1
2615  read(3, "z", 1)                   = 1
2615  read(3, "e", 1)                   = 1
2615  read(3, " ", 1)                   = 1
2615  read(3, "t", 1)                   = 1
2615  read(3, "h", 1)                   = 1
2615  read(3, "e", 1)                   = 1
2615  read(3, " ", 1)                   = 1
2615  read(3, "t", 1)                   = 1
2615  read(3, "i", 1)                   = 1
2615  read(3, "m", 1)                   = 1
2615  read(3, "e", 1)                   = 1
2615  read(3, " ", 1)                   = 1
2615  read(3, "t", 1)                   = 1
2615  read(3, "a", 1)                   = 1
2615  read(3, "k", 1)                   = 1
2615  read(3, "e", 1)                   = 1
2615  read(3, "n", 1)                   = 1
2615  read(3, " ", 1)                   = 1
2615  read(3, "t", 1)                   = 1
2615  read(3, "o", 1)                   = 1
2615  read(3, " ", 1)                   = 1
2615  read(3, "p", 1)                   = 1
2615  read(3, "e", 1)                   = 1
2615  read(3, "f", 1)                   = 1
2615  read(3, "o", 1)                   = 1
2615  read(3, "r", 1)                   = 1
2615  read(3, "m", 1)                   = 1
2615  read(3, " ", 1)                   = 1
2615  read(3, "p", 1)                   = 1
2615  read(3, "r", 1)                   = 1
2615  read(3, "i", 1)                   = 1
2615  read(3, "m", 1)                   = 1
2615  read(3, "e", 1)                   = 1
2615  read(3, " ", 1)                   = 1
2615  read(3, "c", 1)                   = 1
2615  read(3, "h", 1)                   = 1
2615  read(3, "e", 1)                   = 1
2615  read(3, "c", 1)                   = 1
2615  read(3, "k", 1)                   = 1
2615  read(3, " ", 1)                   = 1
2615  read(3, "i", 1)                   = 1
2615  read(3, "n", 1)                   = 1
2615  read(3, " ", 1)                   = 1
2615  read(3, "a", 1)                   = 1
2615  read(3, " ", 1)                   = 1
2615  read(3, "p", 1)                   = 1
2615  read(3, "a", 1)                   = 1
2615  read(3, "r", 1)                   = 1
2615  read(3, "a", 1)                   = 1
2615  read(3, "l", 1)                   = 1
2615  read(3, "l", 1)                   = 1
2615  read(3, "e", 1)                   = 1
2615  read(3, "l", 1)                   = 1
2615  read(3, " ", 1)                   = 1
2615  read(3, "m", 1)                   = 1
2615  read(3, "a", 1)                   = 1
2615  read(3, "n", 1)                   = 1
2615  read(3, "n", 1)                   = 1
2615  read(3, "e", 1)                   = 1
2615  read(3, "r", 1)                   = 1
2615  read(3, ".", 1)                   = 1
2615  read(3, "\n", 1)                  = 1
2615  write(6, "88\n", 3)               = 3
2615  write(6, "The objective is to optimize the"..., 88) = 88
2615  read(3, "%", 1)                   = 1
2615  read(3, "\n", 1)                  = 1
2615  write(6, "2\n", 2)                = 2
2615  write(6, "%\n", 2)                = 2
2615  read(3, "\n", 1)                  = 1
2615  write(6, "1\n", 2)                = 2
2615  write(6, "\n", 1)                 = 1
2615  read(3, "T", 1)                   = 1
2615  read(3, "h", 1)                   = 1
2615  read(3, "e", 1)                   = 1
2615  read(3, " ", 1)                   = 1
2615  read(3, "t", 1)                   = 1
2615  read(3, "e", 1)                   = 1
2615  read(3, "m", 1)                   = 1
2615  read(3, "p", 1)                   = 1
2615  read(3, "l", 1)                   = 1
2615  read(3, "a", 1)                   = 1
2615  read(3, "t", 1)                   = 1
2615  read(3, "e", 1)                   = 1
2615  read(3, " ", 1)                   = 1
2615  read(3, "c", 1)                   = 1
2615  read(3, "o", 1)                   = 1
2615  read(3, "n", 1)                   = 1
2615  read(3, "t", 1)                   = 1
2615  read(3, "a", 1)                   = 1
2615  read(3, "i", 1)                   = 1
2615  read(3, "n", 1)                   = 1
2615  read(3, "s", 1)                   = 1
2615  read(3, " ", 1)                   = 1
2615  read(3, "h", 1)                   = 1
2615  read(3, "e", 1)                   = 1
2615  read(3, "l", 1)                   = 1
2615  read(3, "p", 1)                   = 1
2615  read(3, "e", 1)                   = 1
2615  read(3, "r", 1)                   = 1
2615  read(3, " ", 1)                   = 1
2615  read(3, "r", 1)                   = 1
2615  read(3, "o", 1)                   = 1
2615  read(3, "u", 1)                   = 1
2615  read(3, "t", 1)                   = 1
2615  read(3, "i", 1)                   = 1
2615  read(3, "n", 1)                   = 1
2615  read(3, "e", 1)                   = 1
2615  read(3, "s", 1)                   = 1
2615  read(3, " ", 1)                   = 1
2615  read(3, "t", 1)                   = 1
2615  read(3, "o", 1)                   = 1
2615  read(3, " ", 1)                   = 1
2615  read(3, "c", 1)                   = 1
2615  read(3, "h", 1)                   = 1
2615  read(3, "e", 1)                   = 1
2615  read(3, "c", 1)                   = 1
2615  read(3, "k", 1)                   = 1
2615  read(3, " ", 1)                   = 1
2615  read(3, "t", 1)                   = 1
2615  read(3, "h", 1)                   = 1
2615  read(3, "e", 1)                   = 1
2615  read(3, " ", 1)                   = 1
2615  read(3, "c", 1)                   = 1
2615  read(3, "o", 1)                   = 1
2615  read(3, "r", 1)                   = 1
2615  read(3, "r", 1)                   = 1
2615  read(3, "e", 1)                   = 1
2615  read(3, "c", 1)                   = 1
2615  read(3, "t", 1)                   = 1
2615  read(3, "n", 1)                   = 1
2615  read(3, "e", 1)                   = 1
2615  read(3, "s", 1)                   = 1
2615  read(3, "s", 1)                   = 1
2615  read(3, " ", 1)                   = 1
2615  read(3, "o", 1)                   = 1
2615  read(3, "f", 1)                   = 1
2615  read(3, " ", 1)                   = 1
2615  read(3, "y", 1)                   = 1
2615  read(3, "o", 1)                   = 1
2615  read(3, "u", 1)                   = 1
2615  read(3, "r", 1)                   = 1
2615  read(3, " ", 1)                   = 1
2615  read(3, "o", 1)                   = 1
2615  read(3, "u", 1)                   = 1
2615  read(3, "t", 1)                   = 1
2615  read(3, "p", 1)                   = 1
2615  read(3, "u", 1)                   = 1
2615  read(3, "t", 1)                   = 1
2615  read(3, " ", 1)                   = 1
2615  read(3, "a", 1)                   = 1
2615  read(3, "l", 1)                   = 1
2615  read(3, "o", 1)                   = 1
2615  read(3, "n", 1)                   = 1
2615  read(3, "g", 1)                   = 1
2615  read(3, " ", 1)                   = 1
2615  read(3, "w", 1)                   = 1
2615  read(3, "i", 1)                   = 1
2615  read(3, "t", 1)                   = 1
2615  read(3, "h", 1)                   = 1
2615  read(3, " ", 1)                   = 1
2615  read(3, "\n", 1)                  = 1
2615  write(6, "90\n", 3)               = 3
2615  write(6, "The template contains helper rou"..., 90) = 90
2615  read(3, "t", 1)                   = 1
2615  read(3, "h", 1)                   = 1
2615  read(3, "e", 1)                   = 1
2615  read(3, " ", 1)                   = 1
2615  read(3, "a", 1)                   = 1
2615  read(3, "c", 1)                   = 1
2615  read(3, "h", 1)                   = 1
2615  read(3, "i", 1)                   = 1
2615  read(3, "e", 1)                   = 1
2615  read(3, "v", 1)                   = 1
2615  read(3, "e", 1)                   = 1
2615  read(3, "d", 1)                   = 1
2615  read(3, " ", 1)                   = 1
2615  read(3, "s", 1)                   = 1
2615  read(3, "p", 1)                   = 1
2615  read(3, "e", 1)                   = 1
2615  read(3, "e", 1)                   = 1
2615  read(3, "d", 1)                   = 1
2615  read(3, "u", 1)                   = 1
2615  read(3, "p", 1)                   = 1
2615  read(3, ".", 1)                   = 1
2615  read(3, "\n", 1)                  = 1
2615  write(6, "22\n", 3)               = 3
2615  write(6, "the achieved speedup.\n", 22) = 22
2615  read(3, "%", 1)                   = 1
2615  read(3, "\n", 1)                  = 1
2615  write(6, "2\n", 2)                = 2
2615  write(6, "%\n", 2)                = 2
2615  read(3, "Y", 1)                   = 1
2615  read(3, "o", 1)                   = 1
2615  read(3, "u", 1)                   = 1
2615  read(3, " ", 1)                   = 1
2615  read(3, "{", 1)                   = 1
2615  read(3, "\\", 1)                  = 1
2615  read(3, "e", 1)                   = 1
2615  read(3, "m", 1)                   = 1
2615  read(3, " ", 1)                   = 1
2615  read(3, "m", 1)                   = 1
2615  read(3, "u", 1)                   = 1
2615  read(3, "s", 1)                   = 1
2615  read(3, "t", 1)                   = 1
2615  read(3, " ", 1)                   = 1
2615  read(3, "n", 1)                   = 1
2615  read(3, "o", 1)                   = 1
2615  read(3, "t", 1)                   = 1
2615  read(3, "}", 1)                   = 1
2615  read(3, " ", 1)                   = 1
2615  read(3, "m", 1)                   = 1
2615  read(3, "o", 1)                   = 1
2615  read(3, "d", 1)                   = 1
2615  read(3, "i", 1)                   = 1
2615  read(3, "f", 1)                   = 1
2615  read(3, "y", 1)                   = 1
2615  read(3, " ", 1)                   = 1
2615  read(3, "t", 1)                   = 1
2615  read(3, "h", 1)                   = 1
2615  read(3, "e", 1)                   = 1
2615  read(3, " ", 1)                   = 1
2615  read(3, "e", 1)                   = 1
2615  read(3, "x", 1)                   = 1
2615  read(3, "i", 1)                   = 1
2615  read(3, "s", 1)                   = 1
2615  read(3, "t", 1)                   = 1
2615  read(3, "i", 1)                   = 1
2615  read(3, "n", 1)                   = 1
2615  read(3, "g", 1)                   = 1
2615  read(3, " ", 1)                   = 1
2615  read(3, "c", 1)                   = 1
2615  read(3, "o", 1)                   = 1
2615  read(3, "d", 1)                   = 1
2615  read(3, "e", 1)                   = 1
2615  read(3, " ", 1)                   = 1
2615  read(3, "i", 1)                   = 1
2615  read(3, "n", 1)                   = 1
2615  read(3, " ", 1)                   = 1
2615  read(3, "a", 1)                   = 1
2615  read(3, "n", 1)                   = 1
2615  read(3, "y", 1)                   = 1
2615  read(3, " ", 1)                   = 1
2615  read(3, "m", 1)                   = 1
2615  read(3, "a", 1)                   = 1
2615  read(3, "n", 1)                   = 1
2615  read(3, "n", 1)                   = 1
2615  read(3, "e", 1)                   = 1
2615  read(3, "r", 1)                   = 1
2615  read(3, " ", 1)                   = 1
2615  read(3, "e", 1)                   = 1
2615  read(3, "x", 1)                   = 1
2615  read(3, "c", 1)                   = 1
2615  read(3, "e", 1)                   = 1
2615  read(3, "p", 1)                   = 1
2615  read(3, "t", 1)                   = 1
2615  read(3, " ", 1)                   = 1
2615  read(3, "f", 1)                   = 1
2615  read(3, "o", 1)                   = 1
2615  read(3, "r", 1)                   = 1
2615  read(3, " ", 1)                   = 1
2615  read(3, "r", 1)                   = 1
2615  read(3, "e", 1)                   = 1
2615  read(3, "t", 1)                   = 1
2615  read(3, "u", 1)                   = 1
2615  read(3, "r", 1)                   = 1
2615  read(3, "n", 1)                   = 1
2615  read(3, "i", 1)                   = 1
2615  read(3, "n", 1)                   = 1
2615  read(3, "g", 1)                   = 1
2615  read(3, " ", 1)                   = 1
2615  read(3, "t", 1)                   = 1
2615  read(3, "h", 1)                   = 1
2615  read(3, "e", 1)                   = 1
2615  read(3, " ", 1)                   = 1
2615  read(3, "s", 1)                   = 1
2615  read(3, "u", 1)                   = 1
2615  read(3, "m", 1)                   = 1
2615  read(3, " ", 1)                   = 1
2615  read(3, "o", 1)                   = 1
2615  read(3, "f", 1)                   = 1
2615  read(3, " ", 1)                   = 1
2615  read(3, "\n", 1)                  = 1
2615  write(6, "91\n", 3)               = 3
2615  write(6, "You {\\em must not} modify the ex"..., 91) = 91
2615  read(3, "n", 1)                   = 1
2615  read(3, "u", 1)                   = 1
2615  read(3, "m", 1)                   = 1
2615  read(3, "b", 1)                   = 1
2615  read(3, "e", 1)                   = 1
2615  read(3, "r", 1)                   = 1
2615  read(3, " ", 1)                   = 1
2615  read(3, "o", 1)                   = 1
2615  read(3, "f", 1)                   = 1
2615  read(3, " ", 1)                   = 1
2615  read(3, "p", 1)                   = 1
2615  read(3, "r", 1)                   = 1
2615  read(3, "i", 1)                   = 1
2615  read(3, "m", 1)                   = 1
2615  read(3, "e", 1)                   = 1
2615  read(3, "s", 1)                   = 1
2615  read(3, " ", 1)                   = 1
2615  read(3, "c", 1)                   = 1
2615  read(3, "o", 1)                   = 1
2615  read(3, "m", 1)                   = 1
2615  read(3, "p", 1)                   = 1
2615  read(3, "u", 1)                   = 1
2615  read(3, "t", 1)                   = 1
2615  read(3, "e", 1)                   = 1
2615  read(3, "d", 1)                   = 1
2615  read(3, " ", 1)                   = 1
2615  read(3, "b", 1)                   = 1
2615  read(3, "y", 1)                   = 1
2615  read(3, " ", 1)                   = 1
2615  read(3, "t", 1)                   = 1
2615  read(3, "h", 1)                   = 1
2615  read(3, "e", 1)                   = 1
2615  read(3, " ", 1)                   = 1
2615  read(3, "t", 1)                   = 1
2615  read(3, "w", 1)                   = 1
2615  read(3, "o", 1)                   = 1
2615  read(3, " ", 1)                   = 1
2615  read(3, "p", 1)                   = 1
2615  read(3, "r", 1)                   = 1
2615  read(3, "o", 1)                   = 1
2615  read(3, "c", 1)                   = 1
2615  read(3, "e", 1)                   = 1
2615  read(3, "s", 1)                   = 1
2615  read(3, "s", 1)                   = 1
2615  read(3, "e", 1)                   = 1
2615  read(3, "s", 1)                   = 1
2615  read(3, " ", 1)                   = 1
2615  read(3, "m", 1)                   = 1
2615  read(3, "o", 1)                   = 1
2615  read(3, "d", 1)                   = 1
2615  read(3, "u", 1)                   = 1
2615  read(3, "l", 1)                   = 1
2615  read(3, "o", 1)                   = 1
2615  read(3, " ", 1)                   = 1
2615  read(3, "2", 1)                   = 1
2615  read(3, "5", 1)                   = 1
2615  read(3, "6", 1)                   = 1
2615  read(3, " ", 1)                   = 1
2615  read(3, "f", 1)                   = 1
2615  read(3, "r", 1)                   = 1
2615  read(3, "o", 1)                   = 1
2615  read(3, "m", 1)                   = 1
2615  read(3, " ", 1)                   = 1
2615  read(3, "t", 1)                   = 1
2615  read(3, "h", 1)                   = 1
2615  read(3, "e", 1)                   = 1
2615  read(3, " ", 1)                   = 1
2615  read(3, "{", 1)                   = 1
2615  read(3, "\\", 1)                  = 1
2615  read(3, "t", 1)                   = 1
2615  read(3, "t", 1)                   = 1
2615  read(3, " ", 1)                   = 1
2615  read(3, "f", 1)                   = 1
2615  read(3, "i", 1)                   = 1
2615  read(3, "n", 1)                   = 1
2615  read(3, "d", 1)                   = 1
2615  read(3, "\\", 1)                  = 1
2615  read(3, "_", 1)                   = 1
2615  read(3, "p", 1)                   = 1
2615  read(3, "r", 1)                   = 1
2615  read(3, "i", 1)                   = 1
2615  read(3, "m", 1)                   = 1
2615  read(3, "e", 1)                   = 1
2615  read(3, "s", 1)                   = 1
2615  read(3, "}", 1)                   = 1
2615  read(3, " ", 1)                   = 1
2615  read(3, "\n", 1)                  = 1
2615  write(6, "87\n", 3)               = 3
2615  write(6, "number of primes computed by the"..., 87) = 87
2615  read(3, "f", 1)                   = 1
2615  read(3, "u", 1)                   = 1
2615  read(3, "n", 1)                   = 1
2615  read(3, "c", 1)                   = 1
2615  read(3, "t", 1)                   = 1
2615  read(3, "i", 1)                   = 1
2615  read(3, "o", 1)                   = 1
2615  read(3, "n", 1)                   = 1
2615  read(3, ".", 1)                   = 1
2615  read(3, "\n", 1)                  = 1
2615  write(6, "10\n", 3)               = 3
2615  write(6, "function.\n", 10)       = 10
2615  read(3, "%", 1)                   = 1
2615  read(3, "\n", 1)                  = 1
2615  write(6, "2\n", 2)                = 2
2615  write(6, "%\n", 2)                = 2
2615  read(3, "F", 1)                   = 1
2615  read(3, "o", 1)                   = 1
2615  read(3, "r", 1)                   = 1
2615  read(3, " ", 1)                   = 1
2615  read(3, "m", 1)                   = 1
2615  read(3, "a", 1)                   = 1
2615  read(3, "n", 1)                   = 1
2615  read(3, "u", 1)                   = 1
2615  read(3, "a", 1)                   = 1
2615  read(3, "l", 1)                   = 1
2615  read(3, " ", 1)                   = 1
2615  read(3, "t", 1)                   = 1
2615  read(3, "e", 1)                   = 1
2615  read(3, "s", 1)                   = 1
2615  read(3, "t", 1)                   = 1
2615  read(3, "i", 1)                   = 1
2615  read(3, "n", 1)                   = 1
2615  read(3, "g", 1)                   = 1
2615  read(3, ",", 1)                   = 1
2615  read(3, " ", 1)                   = 1
2615  read(3, "u", 1)                   = 1
2615  read(3, "s", 1)                   = 1
2615  read(3, "e", 1)                   = 1
2615  read(3, " ", 1)                   = 1
2615  read(3, "t", 1)                   = 1
2615  read(3, "h", 1)                   = 1
2615  read(3, "e", 1)                   = 1
2615  read(3, " ", 1)                   = 1
2615  read(3, "`", 1)                   = 1
2615  read(3, "m", 1)                   = 1
2615  read(3, "a", 1)                   = 1
2615  read(3, "k", 1)                   = 1
2615  read(3, "e", 1)                   = 1
2615  read(3, "'", 1)                   = 1
2615  read(3, " ", 1)                   = 1
2615  read(3, "c", 1)                   = 1
2615  read(3, "o", 1)                   = 1
2615  read(3, "m", 1)                   = 1
2615  read(3, "m", 1)                   = 1
2615  read(3, "a", 1)                   = 1
2615  read(3, "n", 1)                   = 1
2615  read(3, "d", 1)                   = 1
2615  read(3, " ", 1)                   = 1
2615  read(3, "t", 1)                   = 1
2615  read(3, "o", 1)                   = 1
2615  read(3, " ", 1)                   = 1
2615  read(3, "b", 1)                   = 1
2615  read(3, "u", 1)                   = 1
2615  read(3, "i", 1)                   = 1
2615  read(3, "l", 1)                   = 1
2615  read(3, "d", 1)                   = 1
2615  read(3, " ", 1)                   = 1
2615  read(3, "t", 1)                   = 1
2615  read(3, "h", 1)                   = 1
2615  read(3, "e", 1)                   = 1
2615  read(3, " ", 1)                   = 1
2615  read(3, "b", 1)                   = 1
2615  read(3, "i", 1)                   = 1
2615  read(3, "n", 1)                   = 1
2615  read(3, "a", 1)                   = 1
2615  read(3, "r", 1)                   = 1
2615  read(3, "y", 1)                   = 1
2615  read(3, " ", 1)                   = 1
2615  read(3, "{", 1)                   = 1
2615  read(3, "\\", 1)                  = 1
2615  read(3, "t", 1)                   = 1
2615  read(3, "t", 1)                   = 1
2615  read(3, " ", 1)                   = 1
2615  read(3, "p", 1)                   = 1
2615  read(3, "p", 1)                   = 1
2615  read(3, "r", 1)                   = 1
2615  read(3, "i", 1)                   = 1
2615  read(3, "m", 1)                   = 1
2615  read(3, "e", 1)                   = 1
2615  read(3, "}", 1)                   = 1
2615  read(3, ".", 1)                   = 1
2615  read(3, "\n", 1)                  = 1
2615  write(6, "77\n", 3)               = 3
2615  write(6, "For manual testing, use the `mak"..., 77) = 77
2615  read(3, "%", 1)                   = 1
2615  read(3, "\n", 1)                  = 1
2615  write(6, "2\n", 2)                = 2
2615  write(6, "%\n", 2)                = 2
2615  read(3, "\n", 1)                  = 1
2615  write(6, "1\n", 2)                = 2
2615  write(6, "\n", 1)                 = 1
2615  read(3, "\\", 1)                  = 1
2615  read(3, "s", 1)                   = 1
2615  read(3, "u", 1)                   = 1
2615  read(3, "b", 1)                   = 1
2615  read(3, "s", 1)                   = 1
2615  read(3, "e", 1)                   = 1
2615  read(3, "c", 1)                   = 1
2615  read(3, "t", 1)                   = 1
2615  read(3, "i", 1)                   = 1
2615  read(3, "o", 1)                   = 1
2615  read(3, "n", 1)                   = 1
2615  read(3, "*", 1)                   = 1
2615  read(3, "{", 1)                   = 1
2615  read(3, "S", 1)                   = 1
2615  read(3, "y", 1)                   = 1
2615  read(3, "s", 1)                   = 1
2615  read(3, "t", 1)                   = 1
2615  read(3, "e", 1)                   = 1
2615  read(3, "m", 1)                   = 1
2615  read(3, " ", 1)                   = 1
2615  read(3, "c", 1)                   = 1
2615  read(3, "a", 1)                   = 1
2615  read(3, "l", 1)                   = 1
2615  read(3, "l", 1)                   = 1
2615  read(3, "s", 1)                   = 1
2615  read(3, " ", 1)                   = 1
2615  read(3, "a", 1)                   = 1
2615  read(3, "n", 1)                   = 1
2615  read(3, "d", 1)                   = 1
2615  read(3, " ", 1)                   = 1
2615  read(3, "l", 1)                   = 1
2615  read(3, "i", 1)                   = 1
2615  read(3, "b", 1)                   = 1
2615  read(3, "r", 1)                   = 1
2615  read(3, "a", 1)                   = 1
2615  read(3, "r", 1)                   = 1
2615  read(3, "y", 1)                   = 1
2615  read(3, " ", 1)                   = 1
2615  read(3, "f", 1)                   = 1
2615  read(3, "u", 1)                   = 1
2615  read(3, "n", 1)                   = 1
2615  read(3, "c", 1)                   = 1
2615  read(3, "t", 1)                   = 1
2615  read(3, "i", 1)                   = 1
2615  read(3, "o", 1)                   = 1
2615  read(3, "n", 1)                   = 1
2615  read(3, "s", 1)                   = 1
2615  read(3, " ", 1)                   = 1
2615  read(3, "a", 1)                   = 1
2615  read(3, "l", 1)                   = 1
2615  read(3, "l", 1)                   = 1
2615  read(3, "o", 1)                   = 1
2615  read(3, "w", 1)                   = 1
2615  read(3, "e", 1)                   = 1
2615  read(3, "d", 1)                   = 1
2615  read(3, "}", 1)                   = 1
2615  read(3, "\n", 1)                  = 1
2615  write(6, "57\n", 3)               = 3
2615  write(6, "\\subsection*{System calls and li"..., 57) = 57
2615  read(3, "Y", 1)                   = 1
2615  read(3, "o", 1)                   = 1
2615  read(3, "u", 1)                   = 1
2615  read(3, " ", 1)                   = 1
2615  read(3, "\\", 1)                  = 1
2615  read(3, "t", 1)                   = 1
2615  read(3, "e", 1)                   = 1
2615  read(3, "x", 1)                   = 1
2615  read(3, "t", 1)                   = 1
2615  read(3, "b", 1)                   = 1
2615  read(3, "f", 1)                   = 1
2615  read(3, "{", 1)                   = 1
2615  read(3, "m", 1)                   = 1
2615  read(3, "u", 1)                   = 1
2615  read(3, "s", 1)                   = 1
2615  read(3, "t", 1)                   = 1
2615  read(3, " ", 1)                   = 1
2615  read(3, "o", 1)                   = 1
2615  read(3, "n", 1)                   = 1
2615  read(3, "l", 1)                   = 1
2615  read(3, "y", 1)                   = 1
2615  read(3, " ", 1)                   = 1
2615  read(3, "u", 1)                   = 1
2615  read(3, "s", 1)                   = 1
2615  read(3, "e", 1)                   = 1
2615  read(3, "}", 1)                   = 1
2615  read(3, " ", 1)                   = 1
2615  read(3, "t", 1)                   = 1
2615  read(3, "h", 1)                   = 1
2615  read(3, "e", 1)                   = 1
2615  read(3, " ", 1)                   = 1
2615  read(3, "b", 1)                   = 1
2615  read(3, "e", 1)                   = 1
2615  read(3, "l", 1)                   = 1
2615  read(3, "o", 1)                   = 1
2615  read(3, "w", 1)                   = 1
2615  read(3, " ", 1)                   = 1
2615  read(3, "m", 1)                   = 1
2615  read(3, "e", 1)                   = 1
2615  read(3, "n", 1)                   = 1
2615  read(3, "t", 1)                   = 1
2615  read(3, "i", 1)                   = 1
2615  read(3, "o", 1)                   = 1
2615  read(3, "n", 1)                   = 1
2615  read(3, "e", 1)                   = 1
2615  read(3, "d", 1)                   = 1
2615  read(3, " ", 1)                   = 1
2615  read(3, "s", 1)                   = 1
2615  read(3, "y", 1)                   = 1
2615  read(3, "s", 1)                   = 1
2615  read(3, "t", 1)                   = 1
2615  read(3, "e", 1)                   = 1
2615  read(3, "m", 1)                   = 1
2615  read(3, " ", 1)                   = 1
2615  read(3, "c", 1)                   = 1
2615  read(3, "a", 1)                   = 1
2615  read(3, "l", 1)                   = 1
2615  read(3, "l", 1)                   = 1
2615  read(3, " ", 1)                   = 1
2615  read(3, "i", 1)                   = 1
2615  read(3, "n", 1)                   = 1
2615  read(3, " ", 1)                   = 1
2615  read(3, "t", 1)                   = 1
2615  read(3, "h", 1)                   = 1
2615  read(3, "i", 1)                   = 1
2615  read(3, "s", 1)                   = 1
2615  read(3, " ", 1)                   = 1
2615  read(3, "q", 1)                   = 1
2615  read(3, "u", 1)                   = 1
2615  read(3, "e", 1)                   = 1
2615  read(3, "s", 1)                   = 1
2615  read(3, "t", 1)                   = 1
2615  read(3, "i", 1)                   = 1
2615  read(3, "o", 1)                   = 1
2615  read(3, "n", 1)                   = 1
2615  read(3, ".", 1)                   = 1
2615  read(3, "\n", 1)                  = 1
2615  write(6, "77\n", 3)               = 3
2615  write(6, "You \\textbf{must only use} the b"..., 77) = 77
2615  read(3, "\n", 1)                  = 1
2615  write(6, "1\n", 2)                = 2
2615  write(6, "\n", 1)                 = 1
2615  read(3, "\\", 1)                  = 1
2615  read(3, "b", 1)                   = 1
2615  read(3, "e", 1)                   = 1
2615  read(3, "g", 1)                   = 1
2615  read(3, "i", 1)                   = 1
2615  read(3, "n", 1)                   = 1
2615  read(3, "{", 1)                   = 1
2615  read(3, "v", 1)                   = 1
2615  read(3, "e", 1)                   = 1
2615  read(3, "r", 1)                   = 1
2615  read(3, "b", 1)                   = 1
2615  read(3, "a", 1)                   = 1
2615  read(3, "t", 1)                   = 1
2615  read(3, "i", 1)                   = 1
2615  read(3, "m", 1)                   = 1
2615  read(3, "}", 1)                   = 1
2615  read(3, "\n", 1)                  = 1
2615  write(6, "17\n", 3)               = 3
2615  write(6, "\\begin{verbatim}\n", 17) = 17
2615  read(3, " ", 1)                   = 1
2615  read(3, " ", 1)                   = 1
2615  read(3, " ", 1)                   = 1
2615  read(3, " ", 1)                   = 1
2615  read(3, "-", 1)                   = 1
2615  read(3, " ", 1)                   = 1
2615  read(3, "f", 1)                   = 1
2615  read(3, "o", 1)                   = 1
2615  read(3, "r", 1)                   = 1
2615  read(3, "k", 1)                   = 1
2615  read(3, " ", 1)                   = 1
2615  read(3, " ", 1)                   = 1
2615  read(3, " ", 1)                   = 1
2615  read(3, " ", 1)                   = 1
2615  read(3, " ", 1)                   = 1
2615  read(3, " ", 1)                   = 1
2615  read(3, " ", 1)                   = 1
2615  read(3, " ", 1)                   = 1
2615  read(3, " ", 1)                   = 1
2615  read(3, " ", 1)                   = 1
2615  read(3, " ", 1)                   = 1
2615  read(3, " ", 1)                   = 1
2615  read(3, " ", 1)                   = 1
2615  read(3, " ", 1)                   = 1
2615  read(3, " ", 1)                   = 1
2615  read(3, " ", 1)                   = 1
2615  read(3, " ", 1)                   = 1
2615  read(3, " ", 1)                   = 1
2615  read(3, "\n", 1)                  = 1
2615  write(6, "29\n", 3)               = 3
2615  write(6, "    - fork                  \n", 29) = 29
2615  read(3, "\\", 1)                  = 1
2615  read(3, "e", 1)                   = 1
2615  read(3, "n", 1)                   = 1
2615  read(3, "d", 1)                   = 1
2615  read(3, "{", 1)                   = 1
2615  read(3, "v", 1)                   = 1
2615  read(3, "e", 1)                   = 1
2615  read(3, "r", 1)                   = 1
2615  read(3, "b", 1)                   = 1
2615  read(3, "a", 1)                   = 1
2615  read(3, "t", 1)                   = 1
2615  read(3, "i", 1)                   = 1
2615  read(3, "m", 1)                   = 1
2615  read(3, "}", 1)                   = 1
2615  read(3, "\n", 1)                  = 1
2615  write(6, "15\n", 3)               = 3
2615  write(6, "\\end{verbatim}\n", 15) = 15
2615  read(3, "\n", 1)                  = 1
2615  write(6, "1\n", 2)                = 2
2615  write(6, "\n", 1)                 = 1
2615  read(3, "\\", 1)                  = 1
2615  read(3, "s", 1)                   = 1
2615  read(3, "u", 1)                   = 1
2615  read(3, "b", 1)                   = 1
2615  read(3, "s", 1)                   = 1
2615  read(3, "u", 1)                   = 1
2615  read(3, "b", 1)                   = 1
2615  read(3, "s", 1)                   = 1
2615  read(3, "e", 1)                   = 1
2615  read(3, "c", 1)                   = 1
2615  read(3, "t", 1)                   = 1
2615  read(3, "i", 1)                   = 1
2615  read(3, "o", 1)                   = 1
2615  read(3, "n", 1)                   = 1
2615  read(3, "*", 1)                   = 1
2615  read(3, "{", 1)                   = 1
2615  read(3, "M", 1)                   = 1
2615  read(3, "a", 1)                   = 1
2615  read(3, "n", 1)                   = 1
2615  read(3, "u", 1)                   = 1
2615  read(3, "a", 1)                   = 1
2615  read(3, "l", 1)                   = 1
2615  read(3, " ", 1)                   = 1
2615  read(3, "b", 1)                   = 1
2615  read(3, "u", 1)                   = 1
2615  read(3, "i", 1)                   = 1
2615  read(3, "l", 1)                   = 1
2615  read(3, "d", 1)                   = 1
2615  read(3, " ", 1)                   = 1
2615  read(3, "a", 1)                   = 1
2615  read(3, "n", 1)                   = 1
2615  read(3, "d", 1)                   = 1
2615  read(3, " ", 1)                   = 1
2615  read(3, "e", 1)                   = 1
2615  read(3, "x", 1)                   = 1
2615  read(3, "e", 1)                   = 1
2615  read(3, "c", 1)                   = 1
2615  read(3, "u", 1)                   = 1
2615  read(3, "t", 1)                   = 1
2615  read(3, "i", 1)                   = 1
2615  read(3, "o", 1)                   = 1
2615  read(3, "n", 1)                   = 1
2615  read(3, "}", 1)                   = 1
2615  read(3, "\n", 1)                  = 1
2615  write(6, "44\n", 3)               = 3
2615  write(6, "\\subsubsection*{Manual build and"..., 44) = 44
2615  read(3, "\n", 1)                  = 1
2615  write(6, "1\n", 2)                = 2
2615  write(6, "\n", 1)                 = 1
2615  read(3, "\\", 1)                  = 1
2615  read(3, "b", 1)                   = 1
2615  read(3, "e", 1)                   = 1
2615  read(3, "g", 1)                   = 1
2615  read(3, "i", 1)                   = 1
2615  read(3, "n", 1)                   = 1
2615  read(3, "{", 1)                   = 1
2615  read(3, "v", 1)                   = 1
2615  read(3, "e", 1)                   = 1
2615  read(3, "r", 1)                   = 1
2615  read(3, "b", 1)                   = 1
2615  read(3, "a", 1)                   = 1
2615  read(3, "t", 1)                   = 1
2615  read(3, "i", 1)                   = 1
2615  read(3, "m", 1)                   = 1
2615  read(3, "}", 1)                   = 1
2615  read(3, "\n", 1)                  = 1
2615  write(6, "17\n", 3)               = 3
2615  write(6, "\\begin{verbatim}\n", 17) = 17
2615  read(3, "/", 1)                   = 1
2615  read(3, "/", 1)                   = 1
2615  read(3, "C", 1)                   = 1
2615  read(3, "u", 1)                   = 1
2615  read(3, "r", 1)                   = 1
2615  read(3, "r", 1)                   = 1
2615  read(3, "e", 1)                   = 1
2615  read(3, "n", 1)                   = 1
2615  read(3, "t", 1)                   = 1
2615  read(3, " ", 1)                   = 1
2615  read(3, "w", 1)                   = 1
2615  read(3, "o", 1)                   = 1
2615  read(3, "r", 1)                   = 1
2615  read(3, "k", 1)                   = 1
2615  read(3, "i", 1)                   = 1
2615  read(3, "n", 1)                   = 1
2615  read(3, "g", 1)                   = 1
2615  read(3, " ", 1)                   = 1
2615  read(3, "d", 1)                   = 1
2615  read(3, "i", 1)                   = 1
2615  read(3, "r", 1)                   = 1
2615  read(3, "e", 1)                   = 1
2615  read(3, "c", 1)                   = 1
2615  read(3, "t", 1)                   = 1
2615  read(3, "o", 1)                   = 1
2615  read(3, "r", 1)                   = 1
2615  read(3, "y", 1)                   = 1
2615  read(3, " ", 1)                   = 1
2615  read(3, "s", 1)                   = 1
2615  read(3, "h", 1)                   = 1
2615  read(3, "o", 1)                   = 1
2615  read(3, "u", 1)                   = 1
2615  read(3, "l", 1)                   = 1
2615  read(3, "d", 1)                   = 1
2615  read(3, " ", 1)                   = 1
2615  read(3, "b", 1)                   = 1
2615  read(3, "e", 1)                   = 1
2615  read(3, " ", 1)                   = 1
2615  read(3, "l", 1)                   = 1
2615  read(3, "a", 1)                   = 1
2615  read(3, "b", 1)                   = 1
2615  read(3, "-", 1)                   = 1
2615  read(3, "2", 1)                   = 1
2615  read(3, "/", 1)                   = 1
2615  read(3, "l", 1)                   = 1
2615  read(3, "a", 1)                   = 1
2615  read(3, "b", 1)                   = 1
2615  read(3, "e", 1)                   = 1
2615  read(3, "x", 1)                   = 1
2615  read(3, "/", 1)                   = 1
2615  read(3, "Q", 1)                   = 1
2615  read(3, "1", 1)                   = 1
2615  read(3, "\n", 1)                  = 1
2615  write(6, "53\n", 3)               = 3
2615  write(6, "//Current working directory shou"..., 53) = 53
2615  read(3, "\n", 1)                  = 1
2615  write(6, "1\n", 2)                = 2
2615  write(6, "\n", 1)                 = 1
2615  read(3, "$", 1)                   = 1
2615  read(3, " ", 1)                   = 1
2615  read(3, "m", 1)                   = 1
2615  read(3, "a", 1)                   = 1
2615  read(3, "k", 1)                   = 1
2615  read(3, "e", 1)                   = 1
2615  read(3, "\n", 1)                  = 1
2615  write(6, "7\n", 2)                = 2
2615  write(6, "$ make\n", 7)           = 7
2615  read(3, "$", 1)                   = 1
2615  read(3, " ", 1)                   = 1
2615  read(3, ".", 1)                   = 1
2615  read(3, "/", 1)                   = 1
2615  read(3, "p", 1)                   = 1
2615  read(3, "p", 1)                   = 1
2615  read(3, "r", 1)                   = 1
2615  read(3, "i", 1)                   = 1
2615  read(3, "m", 1)                   = 1
2615  read(3, "e", 1)                   = 1
2615  read(3, " ", 1)                   = 1
2615  read(3, "<", 1)                   = 1
2615  read(3, "M", 1)                   = 1
2615  read(3, ">", 1)                   = 1
2615  read(3, "\n", 1)                  = 1
2615  write(6, "15\n", 3)               = 3
2615  write(6, "$ ./pprime <M>\n", 15)  = 15
2615  read(3, "\\", 1)                  = 1
2615  read(3, "e", 1)                   = 1
2615  read(3, "n", 1)                   = 1
2615  read(3, "d", 1)                   = 1
2615  read(3, "{", 1)                   = 1
2615  read(3, "v", 1)                   = 1
2615  read(3, "e", 1)                   = 1
2615  read(3, "r", 1)                   = 1
2615  read(3, "b", 1)                   = 1
2615  read(3, "a", 1)                   = 1
2615  read(3, "t", 1)                   = 1
2615  read(3, "i", 1)                   = 1
2615  read(3, "m", 1)                   = 1
2615  read(3, "}", 1)                   = 1
2615  read(3, "\n", 1)                  = 1
2615  write(6, "15\n", 3)               = 3
2615  write(6, "\\end{verbatim}\n", 15) = 15
2615  read(3, "\n", 1)                  = 1
2615  write(6, "1\n", 2)                = 2
2615  write(6, "\n", 1)                 = 1
2615  read(3, "\\", 1)                  = 1
2615  read(3, "s", 1)                   = 1
2615  read(3, "u", 1)                   = 1
2615  read(3, "b", 1)                   = 1
2615  read(3, "s", 1)                   = 1
2615  read(3, "u", 1)                   = 1
2615  read(3, "b", 1)                   = 1
2615  read(3, "s", 1)                   = 1
2615  read(3, "e", 1)                   = 1
2615  read(3, "c", 1)                   = 1
2615  read(3, "t", 1)                   = 1
2615  read(3, "i", 1)                   = 1
2615  read(3, "o", 1)                   = 1
2615  read(3, "n", 1)                   = 1
2615  read(3, "*", 1)                   = 1
2615  read(3, "{", 1)                   = 1
2615  read(3, "A", 1)                   = 1
2615  read(3, "u", 1)                   = 1
2615  read(3, "t", 1)                   = 1
2615  read(3, "o", 1)                   = 1
2615  read(3, "m", 1)                   = 1
2615  read(3, "a", 1)                   = 1
2615  read(3, "t", 1)                   = 1
2615  read(3, "e", 1)                   = 1
2615  read(3, "d", 1)                   = 1
2615  read(3, " ", 1)                   = 1
2615  read(3, "T", 1)                   = 1
2615  read(3, "e", 1)                   = 1
2615  read(3, "s", 1)                   = 1
2615  read(3, "t", 1)                   = 1
2615  read(3, "i", 1)                   = 1
2615  read(3, "n", 1)                   = 1
2615  read(3, "g", 1)                   = 1
2615  read(3, "}", 1)                   = 1
2615  read(3, "\n", 1)                  = 1
2615  write(6, "35\n", 3)               = 3
2615  write(6, "\\subsubsection*{Automated Testin"..., 35) = 35
2615  read(3, "R", 1)                   = 1
2615  read(3, "u", 1)                   = 1
2615  read(3, "n", 1)                   = 1
2615  read(3, " ", 1)                   = 1
2615  read(3, "\\", 1)                  = 1
2615  read(3, "t", 1)                   = 1
2615  read(3, "e", 1)                   = 1
2615  read(3, "x", 1)                   = 1
2615  read(3, "t", 1)                   = 1
2615  read(3, "t", 1)                   = 1
2615  read(3, "t", 1)                   = 1
2615  read(3, "{", 1)                   = 1
2615  read(3, "Q", 1)                   = 1
2615  read(3, "1", 1)                   = 1
2615  read(3, "/", 1)                   = 1
2615  read(3, "r", 1)                   = 1
2615  read(3, "u", 1)                   = 1
2615  read(3, "n", 1)                   = 1
2615  read(3, "\\", 1)                  = 1
2615  read(3, "_", 1)                   = 1
2615  read(3, "t", 1)                   = 1
2615  read(3, "e", 1)                   = 1
2615  read(3, "s", 1)                   = 1
2615  read(3, "t", 1)                   = 1
2615  read(3, "s", 1)                   = 1
2615  read(3, ".", 1)                   = 1
2615  read(3, "s", 1)                   = 1
2615  read(3, "h", 1)                   = 1
2615  read(3, "}", 1)                   = 1
2615  read(3, " ", 1)                   = 1
2615  read(3, "s", 1)                   = 1
2615  read(3, "c", 1)                   = 1
2615  read(3, "r", 1)                   = 1
2615  read(3, "i", 1)                   = 1
2615  read(3, "p", 1)                   = 1
2615  read(3, "t", 1)                   = 1
2615  read(3, " ", 1)                   = 1
2615  read(3, "t", 1)                   = 1
2615  read(3, "o", 1)                   = 1
2615  read(3, " ", 1)                   = 1
2615  read(3, "c", 1)                   = 1
2615  read(3, "h", 1)                   = 1
2615  read(3, "e", 1)                   = 1
2615  read(3, "c", 1)                   = 1
2615  read(3, "k", 1)                   = 1
2615  read(3, " ", 1)                   = 1
2615  read(3, "w", 1)                   = 1
2615  read(3, "h", 1)                   = 1
2615  read(3, "e", 1)                   = 1
2615  read(3, "t", 1)                   = 1
2615  read(3, "h", 1)                   = 1
2615  read(3, "e", 1)                   = 1
2615  read(3, "r", 1)                   = 1
2615  read(3, " ", 1)                   = 1
2615  read(3, "y", 1)                   = 1
2615  read(3, "o", 1)                   = 1
2615  read(3, "u", 1)                   = 1
2615  read(3, "r", 1)                   = 1
2615  read(3, " ", 1)                   = 1
2615  read(3, "i", 1)                   = 1
2615  read(3, "m", 1)                   = 1
2615  read(3, "p", 1)                   = 1
2615  read(3, "l", 1)                   = 1
2615  read(3, "e", 1)                   = 1
2615  read(3, "m", 1)                   = 1
2615  read(3, "e", 1)                   = 1
2615  read(3, "n", 1)                   = 1
2615  read(3, "t", 1)                   = 1
2615  read(3, "a", 1)                   = 1
2615  read(3, "t", 1)                   = 1
2615  read(3, "i", 1)                   = 1
2615  read(3, "o", 1)                   = 1
2615  read(3, "n", 1)                   = 1
2615  read(3, " ", 1)                   = 1
2615  read(3, "p", 1)                   = 1
2615  read(3, "a", 1)                   = 1
2615  read(3, "s", 1)                   = 1
2615  read(3, "s", 1)                   = 1
2615  read(3, "e", 1)                   = 1
2615  read(3, "s", 1)                   = 1
2615  read(3, " ", 1)                   = 1
2615  read(3, "t", 1)                   = 1
2615  read(3, "h", 1)                   = 1
2615  read(3, "e", 1)                   = 1
2615  read(3, " ", 1)                   = 1
2615  read(3, "t", 1)                   = 1
2615  read(3, "e", 1)                   = 1
2615  read(3, "s", 1)                   = 1
2615  read(3, "t", 1)                   = 1
2615  read(3, " ", 1)                   = 1
2615  read(3, "c", 1)                   = 1
2615  read(3, "a", 1)                   = 1
2615  read(3, "s", 1)                   = 1
2615  read(3, "e", 1)                   = 1
2615  read(3, "s", 1)                   = 1
2615  read(3, " ", 1)                   = 1
2615  read(3, "o", 1)                   = 1
2615  read(3, "r", 1)                   = 1
2615  read(3, " ", 1)                   = 1
2615  read(3, "n", 1)                   = 1
2615  read(3, "o", 1)                   = 1
2615  read(3, "t", 1)                   = 1
2615  read(3, ".", 1)                   = 1
2615  read(3, " ", 1)                   = 1
2615  read(3, "\n", 1)                  = 1
2615  write(6, "105\n", 4)              = 4
2615  write(6, "Run \\texttt{Q1/run\\_tests.sh} sc"..., 105) = 105
2615  read(3, "A", 1)                   = 1
2615  read(3, " ", 1)                   = 1
2615  read(3, "c", 1)                   = 1
2615  read(3, "o", 1)                   = 1
2615  read(3, "r", 1)                   = 1
2615  read(3, "r", 1)                   = 1
2615  read(3, "e", 1)                   = 1
2615  read(3, "c", 1)                   = 1
2615  read(3, "t", 1)                   = 1
2615  read(3, "l", 1)                   = 1
2615  read(3, "y", 1)                   = 1
2615  read(3, " ", 1)                   = 1
2615  read(3, "i", 1)                   = 1
2615  read(3, "m", 1)                   = 1
2615  read(3, "p", 1)                   = 1
2615  read(3, "l", 1)                   = 1
2615  read(3, "e", 1)                   = 1
2615  read(3, "m", 1)                   = 1
2615  read(3, "e", 1)                   = 1
2615  read(3, "n", 1)                   = 1
2615  read(3, "t", 1)                   = 1
2615  read(3, "e", 1)                   = 1
2615  read(3, "d", 1)                   = 1
2615  read(3, " ", 1)                   = 1
2615  read(3, "p", 1)                   = 1
2615  read(3, "r", 1)                   = 1
2615  read(3, "o", 1)                   = 1
2615  read(3, "g", 1)                   = 1
2615  read(3, "r", 1)                   = 1
2615  read(3, "a", 1)                   = 1
2615  read(3, "m", 1)                   = 1
2615  read(3, " ", 1)                   = 1
2615  read(3, "w", 1)                   = 1
2615  read(3, "o", 1)                   = 1
2615  read(3, "u", 1)                   = 1
2615  read(3, "l", 1)                   = 1
2615  read(3, "d", 1)                   = 1
2615  read(3, " ", 1)                   = 1
2615  read(3, "g", 1)                   = 1
2615  read(3, "e", 1)                   = 1
2615  read(3, "n", 1)                   = 1
2615  read(3, "e", 1)                   = 1
2615  read(3, "r", 1)                   = 1
2615  read(3, "a", 1)                   = 1
2615  read(3, "t", 1)                   = 1
2615  read(3, "e", 1)                   = 1
2615  read(3, " ", 1)                   = 1
2615  read(3, "f", 1)                   = 1
2615  read(3, "o", 1)                   = 1
2615  read(3, "l", 1)                   = 1
2615  read(3, "l", 1)                   = 1
2615  read(3, "o", 1)                   = 1
2615  read(3, "w", 1)                   = 1
2615  read(3, "i", 1)                   = 1
2615  read(3, "n", 1)                   = 1
2615  read(3, "g", 1)                   = 1
2615  read(3, " ", 1)                   = 1
2615  read(3, "o", 1)                   = 1
2615  read(3, "u", 1)                   = 1
2615  read(3, "t", 1)                   = 1
2615  read(3, "p", 1)                   = 1
2615  read(3, "u", 1)                   = 1
2615  read(3, "t", 1)                   = 1
2615  read(3, ":", 1)                   = 1
2615  read(3, "\n", 1)                  = 1
2615  write(6, "65\n", 3)               = 3
2615  write(6, "A correctly implemented program "..., 65) = 65
2615  read(3, "\n", 1)                  = 1
2615  write(6, "1\n", 2)                = 2
2615  write(6, "\n", 1)                 = 1
2615  read(3, "\\", 1)                  = 1
2615  read(3, "v", 1)                   = 1
2615  read(3, "s", 1)                   = 1
2615  read(3, "p", 1)                   = 1
2615  read(3, "a", 1)                   = 1
2615  read(3, "c", 1)                   = 1
2615  read(3, "e", 1)                   = 1
2615  read(3, "{", 1)                   = 1
2615  read(3, "0", 1)                   = 1
2615  read(3, ".", 1)                   = 1
2615  read(3, "5", 1)                   = 1
2615  read(3, "c", 1)                   = 1
2615  read(3, "m", 1)                   = 1
2615  read(3, "}", 1)                   = 1
2615  read(3, "\n", 1)                  = 1
2615  write(6, "15\n", 3)               = 3
2615  write(6, "\\vspace{0.5cm}\n", 15) = 15
2615  read(3, "\\", 1)                  = 1
2615  read(3, "n", 1)                   = 1
2615  read(3, "o", 1)                   = 1
2615  read(3, "i", 1)                   = 1
2615  read(3, "n", 1)                   = 1
2615  read(3, "d", 1)                   = 1
2615  read(3, "e", 1)                   = 1
2615  read(3, "n", 1)                   = 1
2615  read(3, "t", 1)                   = 1
2615  read(3, "\n", 1)                  = 1
2615  write(6, "10\n", 3)               = 3
2615  write(6, "\\noindent\n", 10)      = 10
2615  read(3, "T", 1)                   = 1
2615  read(3, "e", 1)                   = 1
2615  read(3, "s", 1)                   = 1
2615  read(3, "t", 1)                   = 1
2615  read(3, " ", 1)                   = 1
2615  read(3, "c", 1)                   = 1
2615  read(3, "a", 1)                   = 1
2615  read(3, "s", 1)                   = 1
2615  read(3, "e", 1)                   = 1
2615  read(3, " ", 1)                   = 1
2615  read(3, "1", 1)                   = 1
2615  read(3, " ", 1)                   = 1
2615  read(3, "p", 1)                   = 1
2615  read(3, "a", 1)                   = 1
2615  read(3, "s", 1)                   = 1
2615  read(3, "s", 1)                   = 1
2615  read(3, "e", 1)                   = 1
2615  read(3, "d", 1)                   = 1
2615  read(3, " ", 1)                   = 1
2615  read(3, "\\", 1)                  = 1
2615  read(3, "\\", 1)                  = 1
2615  read(3, "\n", 1)                  = 1
2615  write(6, "22\n", 3)               = 3
2615  write(6, "Test case 1 passed \\\\\n", 22) = 22
2615  read(3, "T", 1)                   = 1
2615  read(3, "e", 1)                   = 1
2615  read(3, "s", 1)                   = 1
2615  read(3, "t", 1)                   = 1
2615  read(3, " ", 1)                   = 1
2615  read(3, "c", 1)                   = 1
2615  read(3, "a", 1)                   = 1
2615  read(3, "s", 1)                   = 1
2615  read(3, "e", 1)                   = 1
2615  read(3, " ", 1)                   = 1
2615  read(3, "2", 1)                   = 1
2615  read(3, " ", 1)                   = 1
2615  read(3, "p", 1)                   = 1
2615  read(3, "a", 1)                   = 1
2615  read(3, "s", 1)                   = 1
2615  read(3, "s", 1)                   = 1
2615  read(3, "e", 1)                   = 1
2615  read(3, "d", 1)                   = 1
2615  read(3, " ", 1)                   = 1
2615  read(3, "\\", 1)                  = 1
2615  read(3, "\\", 1)                  = 1
2615  read(3, "\n", 1)                  = 1
2615  write(6, "22\n", 3)               = 3
2615  write(6, "Test case 2 passed \\\\\n", 22) = 22
2615  read(3, ".", 1)                   = 1
2615  read(3, ".", 1)                   = 1
2615  read(3, ".", 1)                   = 1
2615  read(3, "\\", 1)                  = 1
2615  read(3, "\\", 1)                  = 1
2615  read(3, "\n", 1)                  = 1
2615  write(6, "6\n", 2)                = 2
2615  write(6, "...\\\\\n", 6)          = 6
2615  read(3, ".", 1)                   = 1
2615  read(3, ".", 1)                   = 1
2615  read(3, ".", 1)                   = 1
2615  read(3, "\\", 1)                  = 1
2615  read(3, "\\", 1)                  = 1
2615  read(3, "\n", 1)                  = 1
2615  write(6, "6\n", 2)                = 2
2615  write(6, "...\\\\\n", 6)          = 6
2615  read(3, "T", 1)                   = 1
2615  read(3, "e", 1)                   = 1
2615  read(3, "s", 1)                   = 1
2615  read(3, "t", 1)                   = 1
2615  read(3, " ", 1)                   = 1
2615  read(3, "c", 1)                   = 1
2615  read(3, "a", 1)                   = 1
2615  read(3, "s", 1)                   = 1
2615  read(3, "e", 1)                   = 1
2615  read(3, " ", 1)                   = 1
2615  read(3, "5", 1)                   = 1
2615  read(3, " ", 1)                   = 1
2615  read(3, "p", 1)                   = 1
2615  read(3, "a", 1)                   = 1
2615  read(3, "s", 1)                   = 1
2615  read(3, "s", 1)                   = 1
2615  read(3, "e", 1)                   = 1
2615  read(3, "d", 1)                   = 1
2615  read(3, " ", 1)                   = 1
2615  read(3, "\n", 1)                  = 1
2615  write(6, "20\n", 3)               = 3
2615  write(6, "Test case 5 passed \n", 20) = 20
2615  read(3, "\n", 1)                  = 1
2615  write(6, "1\n", 2)                = 2
2615  write(6, "\n", 1)                 = 1
2615  read(3, "\n", 1)                  = 1
2615  write(6, "1\n", 2)                = 2
2615  write(6, "\n", 1)                 = 1
2615  read(3, "%", 1)                   = 1
2615  read(3, "%", 1)                   = 1
2615  read(3, "%", 1)                   = 1
2615  read(3, "%", 1)                   = 1
2615  read(3, "%", 1)                   = 1
2615  read(3, "%", 1)                   = 1
2615  read(3, "%", 1)                   = 1
2615  read(3, "%", 1)                   = 1
2615  read(3, "%", 1)                   = 1
2615  read(3, "%", 1)                   = 1
2615  read(3, "%", 1)                   = 1
2615  read(3, "%", 1)                   = 1
2615  read(3, "%", 1)                   = 1
2615  read(3, "%", 1)                   = 1
2615  read(3, "%", 1)                   = 1
2615  read(3, "%", 1)                   = 1
2615  read(3, "%", 1)                   = 1
2615  read(3, "%", 1)                   = 1
2615  read(3, "%", 1)                   = 1
2615  read(3, "%", 1)                   = 1
2615  read(3, "%", 1)                   = 1
2615  read(3, "%", 1)                   = 1
2615  read(3, "%", 1)                   = 1
2615  read(3, "%", 1)                   = 1
2615  read(3, "%", 1)                   = 1
2615  read(3, "%", 1)                   = 1
2615  read(3, "%", 1)                   = 1
2615  read(3, "%", 1)                   = 1
2615  read(3, "%", 1)                   = 1
2615  read(3, "%", 1)                   = 1
2615  read(3, "%", 1)                   = 1
2615  read(3, "%", 1)                   = 1
2615  read(3, "%", 1)                   = 1
2615  read(3, "%", 1)                   = 1
2615  read(3, "%", 1)                   = 1
2615  read(3, "%", 1)                   = 1
2615  read(3, "\n", 1)                  = 1
2615  write(6, "37\n", 3)               = 3
2615  write(6, "%%%%%%%%%%%%%%%%%%%%%%%%%%%%%%%%"..., 37) = 37
2615  read(3, "%", 1)                   = 1
2615  read(3, "%", 1)                   = 1
2615  read(3, "%", 1)                   = 1
2615  read(3, "%", 1)                   = 1
2615  read(3, "%", 1)                   = 1
2615  read(3, "%", 1)                   = 1
2615  read(3, "%", 1)                   = 1
2615  read(3, "%", 1)                   = 1
2615  read(3, "%", 1)                   = 1
2615  read(3, "%", 1)                   = 1
2615  read(3, "%", 1)                   = 1
2615  read(3, "%", 1)                   = 1
2615  read(3, "%", 1)                   = 1
2615  read(3, "%", 1)                   = 1
2615  read(3, "%", 1)                   = 1
2615  read(3, "%", 1)                   = 1
2615  read(3, "%", 1)                   = 1
2615  read(3, "%", 1)                   = 1
2615  read(3, "%", 1)                   = 1
2615  read(3, "%", 1)                   = 1
2615  read(3, "%", 1)                   = 1
2615  read(3, "%", 1)                   = 1
2615  read(3, "%", 1)                   = 1
2615  read(3, "%", 1)                   = 1
2615  read(3, "%", 1)                   = 1
2615  read(3, "%", 1)                   = 1
2615  read(3, "%", 1)                   = 1
2615  read(3, "%", 1)                   = 1
2615  read(3, "%", 1)                   = 1
2615  read(3, "%", 1)                   = 1
2615  read(3, "%", 1)                   = 1
2615  read(3, "%", 1)                   = 1
2615  read(3, "%", 1)                   = 1
2615  read(3, "%", 1)                   = 1
2615  read(3, "%", 1)                   = 1
2615  read(3, "%", 1)                   = 1
2615  read(3, "\n", 1)                  = 1
2615  write(6, "37\n", 3)               = 3
2615  write(6, "%%%%%%%%%%%%%%%%%%%%%%%%%%%%%%%%"..., 37) = 37
2615  read(3, "\\", 1)                  = 1
2615  read(3, "s", 1)                   = 1
2615  read(3, "e", 1)                   = 1
2615  read(3, "c", 1)                   = 1
2615  read(3, "t", 1)                   = 1
2615  read(3, "i", 1)                   = 1
2615  read(3, "o", 1)                   = 1
2615  read(3, "n", 1)                   = 1
2615  read(3, "*", 1)                   = 1
2615  read(3, "{", 1)                   = 1
2615  read(3, "Q", 1)                   = 1
2615  read(3, "2", 1)                   = 1
2615  read(3, ".", 1)                   = 1
2615  read(3, " ", 1)                   = 1
2615  read(3, "R", 1)                   = 1
2615  read(3, "e", 1)                   = 1
2615  read(3, "c", 1)                   = 1
2615  read(3, "u", 1)                   = 1
2615  read(3, "r", 1)                   = 1
2615  read(3, "s", 1)                   = 1
2615  read(3, "i", 1)                   = 1
2615  read(3, "o", 1)                   = 1
2615  read(3, "n", 1)                   = 1
2615  read(3, " ", 1)                   = 1
2615  read(3, "w", 1)                   = 1
2615  read(3, "i", 1)                   = 1
2615  read(3, "t", 1)                   = 1
2615  read(3, "h", 1)                   = 1
2615  read(3, "o", 1)                   = 1
2615  read(3, "u", 1)                   = 1
2615  read(3, "t", 1)                   = 1
2615  read(3, " ", 1)                   = 1
2615  read(3, "R", 1)                   = 1
2615  read(3, "e", 1)                   = 1
2615  read(3, "c", 1)                   = 1
2615  read(3, "u", 1)                   = 1
2615  read(3, "r", 1)                   = 1
2615  read(3, "s", 1)                   = 1
2615  read(3, "i", 1)                   = 1
2615  read(3, "v", 1)                   = 1
2615  read(3, "e", 1)                   = 1
2615  read(3, " ", 1)                   = 1
2615  read(3, "F", 1)                   = 1
2615  read(3, "u", 1)                   = 1
2615  read(3, "n", 1)                   = 1
2615  read(3, "c", 1)                   = 1
2615  read(3, "t", 1)                   = 1
2615  read(3, "i", 1)                   = 1
2615  read(3, "o", 1)                   = 1
2615  read(3, "n", 1)                   = 1
2615  read(3, "s", 1)                   = 1
2615  read(3, " ", 1)                   = 1
2615  read(3, "[", 1)                   = 1
2615  read(3, "2", 1)                   = 1
2615  read(3, "0", 1)                   = 1
2615  read(3, " ", 1)                   = 1
2615  read(3, "m", 1)                   = 1
2615  read(3, "a", 1)                   = 1
2615  read(3, "r", 1)                   = 1
2615  read(3, "k", 1)                   = 1
2615  read(3, "s", 1)                   = 1
2615  read(3, "]", 1)                   = 1
2615  read(3, "}", 1)                   = 1
2615  read(3, "\n", 1)                  = 1
2615  write(6, "64\n", 3)               = 3
2615  write(6, "\\section*{Q2. Recursion without "..., 64) = 64
2615  read(3, "%", 1)                   = 1
2615  read(3, "%", 1)                   = 1
2615  read(3, "%", 1)                   = 1
2615  read(3, "%", 1)                   = 1
2615  read(3, "%", 1)                   = 1
2615  read(3, "%", 1)                   = 1
2615  read(3, "%", 1)                   = 1
2615  read(3, "%", 1)                   = 1
2615  read(3, "%", 1)                   = 1
2615  read(3, "%", 1)                   = 1
2615  read(3, "%", 1)                   = 1
2615  read(3, "%", 1)                   = 1
2615  read(3, "%", 1)                   = 1
2615  read(3, "%", 1)                   = 1
2615  read(3, "%", 1)                   = 1
2615  read(3, "%", 1)                   = 1
2615  read(3, "%", 1)                   = 1
2615  read(3, "%", 1)                   = 1
2615  read(3, "%", 1)                   = 1
2615  read(3, "%", 1)                   = 1
2615  read(3, "%", 1)                   = 1
2615  read(3, "%", 1)                   = 1
2615  read(3, "%", 1)                   = 1
2615  read(3, "%", 1)                   = 1
2615  read(3, "%", 1)                   = 1
2615  read(3, "%", 1)                   = 1
2615  read(3, "%", 1)                   = 1
2615  read(3, "%", 1)                   = 1
2615  read(3, "%", 1)                   = 1
2615  read(3, "%", 1)                   = 1
2615  read(3, "%", 1)                   = 1
2615  read(3, "%", 1)                   = 1
2615  read(3, "%", 1)                   = 1
2615  read(3, "%", 1)                   = 1
2615  read(3, "%", 1)                   = 1
2615  read(3, "%", 1)                   = 1
2615  read(3, "\n", 1)                  = 1
2615  write(6, "37\n", 3)               = 3
2615  write(6, "%%%%%%%%%%%%%%%%%%%%%%%%%%%%%%%%"..., 37) = 37
2615  read(3, "%", 1)                   = 1
2615  read(3, "%", 1)                   = 1
2615  read(3, "%", 1)                   = 1
2615  read(3, "%", 1)                   = 1
2615  read(3, "%", 1)                   = 1
2615  read(3, "%", 1)                   = 1
2615  read(3, "%", 1)                   = 1
2615  read(3, "%", 1)                   = 1
2615  read(3, "%", 1)                   = 1
2615  read(3, "%", 1)                   = 1
2615  read(3, "%", 1)                   = 1
2615  read(3, "%", 1)                   = 1
2615  read(3, "%", 1)                   = 1
2615  read(3, "%", 1)                   = 1
2615  read(3, "%", 1)                   = 1
2615  read(3, "%", 1)                   = 1
2615  read(3, "%", 1)                   = 1
2615  read(3, "%", 1)                   = 1
2615  read(3, "%", 1)                   = 1
2615  read(3, "%", 1)                   = 1
2615  read(3, "%", 1)                   = 1
2615  read(3, "%", 1)                   = 1
2615  read(3, "%", 1)                   = 1
2615  read(3, "%", 1)                   = 1
2615  read(3, "%", 1)                   = 1
2615  read(3, "%", 1)                   = 1
2615  read(3, "%", 1)                   = 1
2615  read(3, "%", 1)                   = 1
2615  read(3, "%", 1)                   = 1
2615  read(3, "%", 1)                   = 1
2615  read(3, "%", 1)                   = 1
2615  read(3, "%", 1)                   = 1
2615  read(3, "%", 1)                   = 1
2615  read(3, "%", 1)                   = 1
2615  read(3, "%", 1)                   = 1
2615  read(3, "%", 1)                   = 1
2615  read(3, "\n", 1)                  = 1
2615  write(6, "37\n", 3)               = 3
2615  write(6, "%%%%%%%%%%%%%%%%%%%%%%%%%%%%%%%%"..., 37) = 37
2615  read(3, "\n", 1)                  = 1
2615  write(6, "1\n", 2)                = 2
2615  write(6, "\n", 1)                 = 1
2615  read(3, "I", 1)                   = 1
2615  read(3, "n", 1)                   = 1
2615  read(3, " ", 1)                   = 1
2615  read(3, "t", 1)                   = 1
2615  read(3, "h", 1)                   = 1
2615  read(3, "i", 1)                   = 1
2615  read(3, "s", 1)                   = 1
2615  read(3, " ", 1)                   = 1
2615  read(3, "p", 1)                   = 1
2615  read(3, "a", 1)                   = 1
2615  read(3, "r", 1)                   = 1
2615  read(3, "t", 1)                   = 1
2615  read(3, ",", 1)                   = 1
2615  read(3, " ", 1)                   = 1
2615  read(3, "y", 1)                   = 1
2615  read(3, "o", 1)                   = 1
2615  read(3, "u", 1)                   = 1
2615  read(3, " ", 1)                   = 1
2615  read(3, "w", 1)                   = 1
2615  read(3, "i", 1)                   = 1
2615  read(3, "l", 1)                   = 1
2615  read(3, "l", 1)                   = 1
2615  read(3, " ", 1)                   = 1
2615  read(3, "w", 1)                   = 1
2615  read(3, "r", 1)                   = 1
2615  read(3, "i", 1)                   = 1
2615  read(3, "t", 1)                   = 1
2615  read(3, "e", 1)                   = 1
2615  read(3, " ", 1)                   = 1
2615  read(3, "a", 1)                   = 1
2615  read(3, " ", 1)                   = 1
2615  read(3, "s", 1)                   = 1
2615  read(3, "i", 1)                   = 1
2615  read(3, "n", 1)                   = 1
2615  read(3, "g", 1)                   = 1
2615  read(3, "l", 1)                   = 1
2615  read(3, "e", 1)                   = 1
2615  read(3, " ", 1)                   = 1
2615  read(3, "C", 1)                   = 1
2615  read(3, " ", 1)                   = 1
2615  read(3, "p", 1)                   = 1
2615  read(3, "r", 1)                   = 1
2615  read(3, "o", 1)                   = 1
2615  read(3, "g", 1)                   = 1
2615  read(3, "r", 1)                   = 1
2615  read(3, "a", 1)                   = 1
2615  read(3, "m", 1)                   = 1
2615  read(3, " ", 1)                   = 1
2615  read(3, "(", 1)                   = 1
2615  read(3, "{", 1)                   = 1
2615  read(3, "\\", 1)                  = 1
2615  read(3, "t", 1)                   = 1
2615  read(3, "t", 1)                   = 1
2615  read(3, " ", 1)                   = 1
2615  read(3, "Q", 1)                   = 1
2615  read(3, "2", 1)                   = 1
2615  read(3, "/", 1)                   = 1
2615  read(3, "f", 1)                   = 1
2615  read(3, "a", 1)                   = 1
2615  read(3, "c", 1)                   = 1
2615  read(3, "t", 1)                   = 1
2615  read(3, ".", 1)                   = 1
2615  read(3, "c", 1)                   = 1
2615  read(3, "}", 1)                   = 1
2615  read(3, ")", 1)                   = 1
2615  read(3, " ", 1)                   = 1
2615  read(3, "t", 1)                   = 1
2615  read(3, "o", 1)                   = 1
2615  read(3, " ", 1)                   = 1
2615  read(3, "c", 1)                   = 1
2615  read(3, "a", 1)                   = 1
2615  read(3, "l", 1)                   = 1
2615  read(3, "c", 1)                   = 1
2615  read(3, "u", 1)                   = 1
2615  read(3, "l", 1)                   = 1
2615  read(3, "a", 1)                   = 1
2615  read(3, "t", 1)                   = 1
2615  read(3, "e", 1)                   = 1
2615  read(3, " ", 1)                   = 1
2615  read(3, "t", 1)                   = 1
2615  read(3, "h", 1)                   = 1
2615  read(3, "e", 1)                   = 1
2615  read(3, " ", 1)                   = 1
2615  read(3, "f", 1)                   = 1
2615  read(3, "a", 1)                   = 1
2615  read(3, "c", 1)                   = 1
2615  read(3, "t", 1)                   = 1
2615  read(3, "o", 1)                   = 1
2615  read(3, "r", 1)                   = 1
2615  read(3, "i", 1)                   = 1
2615  read(3, "a", 1)                   = 1
2615  read(3, "l", 1)                   = 1
2615  read(3, " ", 1)                   = 1
2615  read(3, "o", 1)                   = 1
2615  read(3, "f", 1)                   = 1
2615  read(3, " ", 1)                   = 1
2615  read(3, "a", 1)                   = 1
2615  read(3, " ", 1)                   = 1
2615  read(3, "n", 1)                   = 1
2615  read(3, "u", 1)                   = 1
2615  read(3, "m", 1)                   = 1
2615  read(3, "b", 1)                   = 1
2615  read(3, "e", 1)                   = 1
2615  read(3, "r", 1)                   = 1
2615  read(3, "\n", 1)                  = 1
2615  write(6, "105\n", 4)              = 4
2615  write(6, "In this part, you will write a s"..., 105) = 105
2615  read(3, "w", 1)                   = 1
2615  read(3, "i", 1)                   = 1
2615  read(3, "t", 1)                   = 1
2615  read(3, "h", 1)                   = 1
2615  read(3, "o", 1)                   = 1
2615  read(3, "u", 1)                   = 1
2615  read(3, "t", 1)                   = 1
2615  read(3, " ", 1)                   = 1
2615  read(3, "a", 1)                   = 1
2615  read(3, "c", 1)                   = 1
2615  read(3, "t", 1)                   = 1
2615  read(3, "u", 1)                   = 1
2615  read(3, "a", 1)                   = 1
2615  read(3, "l", 1)                   = 1
2615  read(3, "l", 1)                   = 1
2615  read(3, "y", 1)                   = 1
2615  read(3, " ", 1)                   = 1
2615  read(3, "i", 1)                   = 1
2615  read(3, "m", 1)                   = 1
2615  read(3, "p", 1)                   = 1
2615  read(3, "l", 1)                   = 1
2615  read(3, "e", 1)                   = 1
2615  read(3, "m", 1)                   = 1
2615  read(3, "e", 1)                   = 1
2615  read(3, "n", 1)                   = 1
2615  read(3, "t", 1)                   = 1
2615  read(3, "i", 1)                   = 1
2615  read(3, "n", 1)                   = 1
2615  read(3, "g", 1)                   = 1
2615  read(3, " ", 1)                   = 1
2615  read(3, "t", 1)                   = 1
2615  read(3, "h", 1)                   = 1
2615  read(3, "e", 1)                   = 1
2615  read(3, " ", 1)                   = 1
2615  read(3, "c", 1)                   = 1
2615  read(3, "o", 1)                   = 1
2615  read(3, "m", 1)                   = 1
2615  read(3, "p", 1)                   = 1
2615  read(3, "l", 1)                   = 1
2615  read(3, "e", 1)                   = 1
2615  read(3, "t", 1)                   = 1
2615  read(3, "e", 1)                   = 1
2615  read(3, " ", 1)                   = 1
2615  read(3, "l", 1)                   = 1
2615  read(3, "o", 1)                   = 1
2615  read(3, "g", 1)                   = 1
2615  read(3, "i", 1)                   = 1
2615  read(3, "c", 1)                   = 1
2615  read(3, " ", 1)                   = 1
2615  read(3, "o", 1)                   = 1
2615  read(3, "f", 1)                   = 1
2615  read(3, " ", 1)                   = 1
2615  read(3, "f", 1)                   = 1
2615  read(3, "a", 1)                   = 1
2615  read(3, "c", 1)                   = 1
2615  read(3, "t", 1)                   = 1
2615  read(3, "o", 1)                   = 1
2615  read(3, "r", 1)                   = 1
2615  read(3, "i", 1)                   = 1
2615  read(3, "a", 1)                   = 1
2615  read(3, "l", 1)                   = 1
2615  read(3, " ", 1)                   = 1
2615  read(3, "i", 1)                   = 1
2615  read(3, "n", 1)                   = 1
2615  read(3, " ", 1)                   = 1
2615  read(3, "t", 1)                   = 1
2615  read(3, "h", 1)                   = 1
2615  read(3, "e", 1)                   = 1
2615  read(3, " ", 1)                   = 1
2615  read(3, "C", 1)                   = 1
2615  read(3, " ", 1)                   = 1
2615  read(3, "p", 1)                   = 1
2615  read(3, "r", 1)                   = 1
2615  read(3, "o", 1)                   = 1
2615  read(3, "g", 1)                   = 1
2615  read(3, "r", 1)                   = 1
2615  read(3, "a", 1)                   = 1
2615  read(3, "m", 1)                   = 1
2615  read(3, ".", 1)                   = 1
2615  read(3, "\n", 1)                  = 1
2615  write(6, "80\n", 3)               = 3
2615  write(6, "without actually implementing th"..., 80) = 80
2615  read(3, "%", 1)                   = 1
2615  read(3, "\n", 1)                  = 1
2615  write(6, "2\n", 2)                = 2
2615  write(6, "%\n", 2)                = 2
2615  read(3, "T", 1)                   = 1
2615  read(3, "h", 1)                   = 1
2615  read(3, "e", 1)                   = 1
2615  read(3, " ", 1)                   = 1
2615  read(3, "p", 1)                   = 1
2615  read(3, "r", 1)                   = 1
2615  read(3, "o", 1)                   = 1
2615  read(3, "g", 1)                   = 1
2615  read(3, "r", 1)                   = 1
2615  read(3, "a", 1)                   = 1
2615  read(3, "m", 1)                   = 1
2615  read(3, " ", 1)                   = 1
2615  read(3, "t", 1)                   = 1
2615  read(3, "a", 1)                   = 1
2615  read(3, "k", 1)                   = 1
2615  read(3, "e", 1)                   = 1
2615  read(3, "s", 1)                   = 1
2615  read(3, " ", 1)                   = 1
2615  read(3, "{", 1)                   = 1
2615  read(3, "\\", 1)                  = 1
2615  read(3, "e", 1)                   = 1
2615  read(3, "m", 1)                   = 1
2615  read(3, " ", 1)                   = 1
2615  read(3, "a", 1)                   = 1
2615  read(3, "t", 1)                   = 1
2615  read(3, " ", 1)                   = 1
2615  read(3, "l", 1)                   = 1
2615  read(3, "e", 1)                   = 1
2615  read(3, "a", 1)                   = 1
2615  read(3, "s", 1)                   = 1
2615  read(3, "t", 1)                   = 1
2615  read(3, "}", 1)                   = 1
2615  read(3, " ", 1)                   = 1
2615  read(3, "o", 1)                   = 1
2615  read(3, "n", 1)                   = 1
2615  read(3, "e", 1)                   = 1
2615  read(3, " ", 1)                   = 1
2615  read(3, "c", 1)                   = 1
2615  read(3, "o", 1)                   = 1
2615  read(3, "m", 1)                   = 1
2615  read(3, "m", 1)                   = 1
2615  read(3, "a", 1)                   = 1
2615  read(3, "n", 1)                   = 1
2615  read(3, "d", 1)                   = 1
2615  read(3, "-", 1)                   = 1
2615  read(3, "l", 1)                   = 1
2615  read(3, "i", 1)                   = 1
2615  read(3, "n", 1)                   = 1
2615  read(3, "e", 1)                   = 1
2615  read(3, " ", 1)                   = 1
2615  read(3, "a", 1)                   = 1
2615  read(3, "r", 1)                   = 1
2615  read(3, "g", 1)                   = 1
2615  read(3, "u", 1)                   = 1
2615  read(3, "m", 1)                   = 1
2615  read(3, "e", 1)                   = 1
2615  read(3, "n", 1)                   = 1
2615  read(3, "t", 1)                   = 1
2615  read(3, " ", 1)                   = 1
2615  read(3, "w", 1)                   = 1
2615  read(3, "h", 1)                   = 1
2615  read(3, "i", 1)                   = 1
2615  read(3, "c", 1)                   = 1
2615  read(3, "h", 1)                   = 1
2615  read(3, " ", 1)                   = 1
2615  read(3, "i", 1)                   = 1
2615  read(3, "s", 1)                   = 1
2615  read(3, " ", 1)                   = 1
2615  read(3, "a", 1)                   = 1
2615  read(3, "n", 1)                   = 1
2615  read(3, " ", 1)                   = 1
2615  read(3, "i", 1)                   = 1
2615  read(3, "n", 1)                   = 1
2615  read(3, "t", 1)                   = 1
2615  read(3, "e", 1)                   = 1
2615  read(3, "g", 1)                   = 1
2615  read(3, "e", 1)                   = 1
2615  read(3, "r", 1)                   = 1
2615  read(3, " ", 1)                   = 1
2615  read(3, "f", 1)                   = 1
2615  read(3, "o", 1)                   = 1
2615  read(3, "r", 1)                   = 1
2615  read(3, " ", 1)                   = 1
2615  read(3, "w", 1)                   = 1
2615  read(3, "h", 1)                   = 1
2615  read(3, "i", 1)                   = 1
2615  read(3, "c", 1)                   = 1
2615  read(3, "h", 1)                   = 1
2615  read(3, " ", 1)                   = 1
2615  read(3, "t", 1)                   = 1
2615  read(3, "h", 1)                   = 1
2615  read(3, "e", 1)                   = 1
2615  read(3, " ", 1)                   = 1
2615  read(3, "f", 1)                   = 1
2615  read(3, "a", 1)                   = 1
2615  read(3, "c", 1)                   = 1
2615  read(3, "t", 1)                   = 1
2615  read(3, "o", 1)                   = 1
2615  read(3, "r", 1)                   = 1
2615  read(3, "i", 1)                   = 1
2615  read(3, "a", 1)                   = 1
2615  read(3, "l", 1)                   = 1
2615  read(3, " ", 1)                   = 1
2615  read(3, "\n", 1)                  = 1
2615  write(6, "104\n", 4)              = 4
2615  write(6, "The program takes {\\em at least}"..., 104) = 104
2615  read(3, "i", 1)                   = 1
2615  read(3, "s", 1)                   = 1
2615  read(3, " ", 1)                   = 1
2615  read(3, "c", 1)                   = 1
2615  read(3, "a", 1)                   = 1
2615  read(3, "l", 1)                   = 1
2615  read(3, "c", 1)                   = 1
2615  read(3, "u", 1)                   = 1
2615  read(3, "l", 1)                   = 1
2615  read(3, "a", 1)                   = 1
2615  read(3, "t", 1)                   = 1
2615  read(3, "e", 1)                   = 1
2615  read(3, "d", 1)                   = 1
2615  read(3, ".", 1)                   = 1
2615  read(3, "\n", 1)                  = 1
2615  write(6, "15\n", 3)               = 3
2615  write(6, "is calculated.\n", 15)  = 15
2615  read(3, "%", 1)                   = 1
2615  read(3, "\n", 1)                  = 1
2615  write(6, "2\n", 2)                = 2
2615  write(6, "%\n", 2)                = 2
2615  read(3, "Y", 1)                   = 1
2615  read(3, "o", 1)                   = 1
2615  read(3, "u", 1)                   = 1
2615  read(3, "r", 1)                   = 1
2615  read(3, " ", 1)                   = 1
2615  read(3, "p", 1)                   = 1
2615  read(3, "r", 1)                   = 1
2615  read(3, "o", 1)                   = 1
2615  read(3, "g", 1)                   = 1
2615  read(3, "r", 1)                   = 1
2615  read(3, "a", 1)                   = 1
2615  read(3, "m", 1)                   = 1
2615  read(3, " ", 1)                   = 1
2615  read(3, "s", 1)                   = 1
2615  read(3, "h", 1)                   = 1
2615  read(3, "o", 1)                   = 1
2615  read(3, "u", 1)                   = 1
2615  read(3, "l", 1)                   = 1
2615  read(3, "d", 1)                   = 1
2615  read(3, " ", 1)                   = 1
2615  read(3, "i", 1)                   = 1
2615  read(3, "n", 1)                   = 1
2615  read(3, "v", 1)                   = 1
2615  read(3, "o", 1)                   = 1
2615  read(3, "k", 1)                   = 1
2615  read(3, "e", 1)                   = 1
2615  read(3, " ", 1)                   = 1
2615  read(3, "i", 1)                   = 1
2615  read(3, "t", 1)                   = 1
2615  read(3, "s", 1)                   = 1
2615  read(3, "e", 1)                   = 1
2615  read(3, "l", 1)                   = 1
2615  read(3, "f", 1)                   = 1
2615  read(3, " ", 1)                   = 1
2615  read(3, "u", 1)                   = 1
2615  read(3, "s", 1)                   = 1
2615  read(3, "i", 1)                   = 1
2615  read(3, "n", 1)                   = 1
2615  read(3, "g", 1)                   = 1
2615  read(3, " ", 1)                   = 1
2615  read(3, "{", 1)                   = 1
2615  read(3, "\\", 1)                  = 1
2615  read(3, "t", 1)                   = 1
2615  read(3, "t", 1)                   = 1
2615  read(3, " ", 1)                   = 1
2615  read(3, "e", 1)                   = 1
2615  read(3, "x", 1)                   = 1
2615  read(3, "e", 1)                   = 1
2615  read(3, "c", 1)                   = 1
2615  read(3, "l", 1)                   = 1
2615  read(3, "}", 1)                   = 1
2615  read(3, " ", 1)                   = 1
2615  read(3, "s", 1)                   = 1
2615  read(3, "y", 1)                   = 1
2615  read(3, "s", 1)                   = 1
2615  read(3, "t", 1)                   = 1
2615  read(3, "e", 1)                   = 1
2615  read(3, "m", 1)                   = 1
2615  read(3, " ", 1)                   = 1
2615  read(3, "c", 1)                   = 1
2615  read(3, "a", 1)                   = 1
2615  read(3, "l", 1)                   = 1
2615  read(3, "l", 1)                   = 1
2615  read(3, " ", 1)                   = 1
2615  read(3, "w", 1)                   = 1
2615  read(3, "i", 1)                   = 1
2615  read(3, "t", 1)                   = 1
2615  read(3, "h", 1)                   = 1
2615  read(3, " ", 1)                   = 1
2615  read(3, "a", 1)                   = 1
2615  read(3, "p", 1)                   = 1
2615  read(3, "p", 1)                   = 1
2615  read(3, "r", 1)                   = 1
2615  read(3, "o", 1)                   = 1
2615  read(3, "p", 1)                   = 1
2615  read(3, "r", 1)                   = 1
2615  read(3, "i", 1)                   = 1
2615  read(3, "a", 1)                   = 1
2615  read(3, "t", 1)                   = 1
2615  read(3, "e", 1)                   = 1
2615  read(3, " ", 1)                   = 1
2615  read(3, "p", 1)                   = 1
2615  read(3, "a", 1)                   = 1
2615  read(3, "r", 1)                   = 1
2615  read(3, "a", 1)                   = 1
2615  read(3, "m", 1)                   = 1
2615  read(3, "e", 1)                   = 1
2615  read(3, "t", 1)                   = 1
2615  read(3, "e", 1)                   = 1
2615  read(3, "r", 1)                   = 1
2615  read(3, "s", 1)                   = 1
2615  read(3, "\n", 1)                  = 1
2615  write(6, "92\n", 3)               = 3
2615  write(6, "Your program should invoke itsel"..., 92) = 92
2615  read(3, "t", 1)                   = 1
2615  read(3, "o", 1)                   = 1
2615  read(3, " ", 1)                   = 1
2615  read(3, "c", 1)                   = 1
2615  read(3, "o", 1)                   = 1
2615  read(3, "m", 1)                   = 1
2615  read(3, "p", 1)                   = 1
2615  read(3, "u", 1)                   = 1
2615  read(3, "t", 1)                   = 1
2615  read(3, "e", 1)                   = 1
2615  read(3, " ", 1)                   = 1
2615  read(3, "t", 1)                   = 1
2615  read(3, "h", 1)                   = 1
2615  read(3, "e", 1)                   = 1
2615  read(3, " ", 1)                   = 1
2615  read(3, "f", 1)                   = 1
2615  read(3, "a", 1)                   = 1
2615  read(3, "c", 1)                   = 1
2615  read(3, "t", 1)                   = 1
2615  read(3, "o", 1)                   = 1
2615  read(3, "r", 1)                   = 1
2615  read(3, "i", 1)                   = 1
2615  read(3, "a", 1)                   = 1
2615  read(3, "l", 1)                   = 1
2615  read(3, ".", 1)                   = 1
2615  read(3, "\n", 1)                  = 1
2615  write(6, "26\n", 3)               = 3
2615  write(6, "to compute the factorial.\n", 26) = 26
2615  read(3, "%", 1)                   = 1
2615  read(3, "\n", 1)                  = 1
2615  write(6, "2\n", 2)                = 2
2615  write(6, "%\n", 2)                = 2
2615  read(3, "N", 1)                   = 1
2615  read(3, "o", 1)                   = 1
2615  read(3, "t", 1)                   = 1
2615  read(3, "e", 1)                   = 1
2615  read(3, " ", 1)                   = 1
2615  read(3, "t", 1)                   = 1
2615  read(3, "h", 1)                   = 1
2615  read(3, "a", 1)                   = 1
2615  read(3, "t", 1)                   = 1
2615  read(3, ",", 1)                   = 1
2615  read(3, " ", 1)                   = 1
2615  read(3, "i", 1)                   = 1
2615  read(3, "n", 1)                   = 1
2615  read(3, " ", 1)                   = 1
2615  read(3, "y", 1)                   = 1
2615  read(3, "o", 1)                   = 1
2615  read(3, "u", 1)                   = 1
2615  read(3, "r", 1)                   = 1
2615  read(3, " ", 1)                   = 1
2615  read(3, "c", 1)                   = 1
2615  read(3, "o", 1)                   = 1
2615  read(3, "d", 1)                   = 1
2615  read(3, "e", 1)                   = 1
2615  read(3, " ", 1)                   = 1
2615  read(3, "y", 1)                   = 1
2615  read(3, "o", 1)                   = 1
2615  read(3, "u", 1)                   = 1
2615  read(3, " ", 1)                   = 1
2615  read(3, "s", 1)                   = 1
2615  read(3, "h", 1)                   = 1
2615  read(3, "o", 1)                   = 1
2615  read(3, "u", 1)                   = 1
2615  read(3, "l", 1)                   = 1
2615  read(3, "d", 1)                   = 1
2615  read(3, " ", 1)                   = 1
2615  read(3, "p", 1)                   = 1
2615  read(3, "e", 1)                   = 1
2615  read(3, "r", 1)                   = 1
2615  read(3, "f", 1)                   = 1
2615  read(3, "o", 1)                   = 1
2615  read(3, "r", 1)                   = 1
2615  read(3, "m", 1)                   = 1
2615  read(3, " ", 1)                   = 1
2615  read(3, "o", 1)                   = 1
2615  read(3, "n", 1)                   = 1
2615  read(3, "l", 1)                   = 1
2615  read(3, "y", 1)                   = 1
2615  read(3, " ", 1)                   = 1
2615  read(3, "{", 1)                   = 1
2615  read(3, "\\", 1)                  = 1
2615  read(3, "e", 1)                   = 1
2615  read(3, "m", 1)                   = 1
2615  read(3, " ", 1)                   = 1
2615  read(3, "o", 1)                   = 1
2615  read(3, "n", 1)                   = 1
2615  read(3, "e", 1)                   = 1
2615  read(3, " ", 1)                   = 1
2615  read(3, "m", 1)                   = 1
2615  read(3, "u", 1)                   = 1
2615  read(3, "l", 1)                   = 1
2615  read(3, "t", 1)                   = 1
2615  read(3, "i", 1)                   = 1
2615  read(3, "p", 1)                   = 1
2615  read(3, "l", 1)                   = 1
2615  read(3, "i", 1)                   = 1
2615  read(3, "c", 1)                   = 1
2615  read(3, "a", 1)                   = 1
2615  read(3, "t", 1)                   = 1
2615  read(3, "i", 1)                   = 1
2615  read(3, "o", 1)                   = 1
2615  read(3, "n", 1)                   = 1
2615  read(3, "}", 1)                   = 1
2615  read(3, " ", 1)                   = 1
2615  read(3, "o", 1)                   = 1
2615  read(3, "p", 1)                   = 1
2615  read(3, "e", 1)                   = 1
2615  read(3, "r", 1)                   = 1
2615  read(3, "a", 1)                   = 1
2615  read(3, "t", 1)                   = 1
2615  read(3, "i", 1)                   = 1
2615  read(3, "o", 1)                   = 1
2615  read(3, "n", 1)                   = 1
2615  read(3, " ", 1)                   = 1
2615  read(3, "(", 1)                   = 1
2615  read(3, "d", 1)                   = 1
2615  read(3, "i", 1)                   = 1
2615  read(3, "r", 1)                   = 1
2615  read(3, "e", 1)                   = 1
2615  read(3, "c", 1)                   = 1
2615  read(3, "t", 1)                   = 1
2615  read(3, "l", 1)                   = 1
2615  read(3, "y", 1)                   = 1
2615  read(3, " ", 1)                   = 1
2615  read(3, "o", 1)                   = 1
2615  read(3, "r", 1)                   = 1
2615  read(3, " ", 1)                   = 1
2615  read(3, "i", 1)                   = 1
2615  read(3, "n", 1)                   = 1
2615  read(3, "d", 1)                   = 1
2615  read(3, "i", 1)                   = 1
2615  read(3, "r", 1)                   = 1
2615  read(3, "e", 1)                   = 1
2615  read(3, "c", 1)                   = 1
2615  read(3, "t", 1)                   = 1
2615  read(3, "l", 1)                   = 1
2615  read(3, "y", 1)                   = 1
2615  read(3, ")", 1)                   = 1
2615  read(3, ".", 1)                   = 1
2615  read(3, "\n", 1)                  = 1
2615  write(6, "109\n", 4)              = 4
2615  write(6, "Note that, in your code you shou"..., 109) = 109
2615  read(3, "%", 1)                   = 1
2615  read(3, "\n", 1)                  = 1
2615  write(6, "2\n", 2)                = 2
2615  write(6, "%\n", 2)                = 2
2615  read(3, "Y", 1)                   = 1
2615  read(3, "o", 1)                   = 1
2615  read(3, "u", 1)                   = 1
2615  read(3, " ", 1)                   = 1
2615  read(3, "a", 1)                   = 1
2615  read(3, "r", 1)                   = 1
2615  read(3, "e", 1)                   = 1
2615  read(3, " ", 1)                   = 1
2615  read(3, "a", 1)                   = 1
2615  read(3, "l", 1)                   = 1
2615  read(3, "l", 1)                   = 1
2615  read(3, "o", 1)                   = 1
2615  read(3, "w", 1)                   = 1
2615  read(3, "e", 1)                   = 1
2615  read(3, "d", 1)                   = 1
2615  read(3, " ", 1)                   = 1
2615  read(3, "t", 1)                   = 1
2615  read(3, "o", 1)                   = 1
2615  read(3, " ", 1)                   = 1
2615  read(3, "u", 1)                   = 1
2615  read(3, "s", 1)                   = 1
2615  read(3, "e", 1)                   = 1
2615  read(3, " ", 1)                   = 1
2615  read(3, "a", 1)                   = 1
2615  read(3, "d", 1)                   = 1
2615  read(3, "d", 1)                   = 1
2615  read(3, "i", 1)                   = 1
2615  read(3, "t", 1)                   = 1
2615  read(3, "i", 1)                   = 1
2615  read(3, "o", 1)                   = 1
2615  read(3, "n", 1)                   = 1
2615  read(3, "a", 1)                   = 1
2615  read(3, "l", 1)                   = 1
2615  read(3, " ", 1)                   = 1
2615  read(3, "c", 1)                   = 1
2615  read(3, "o", 1)                   = 1
2615  read(3, "m", 1)                   = 1
2615  read(3, "m", 1)                   = 1
2615  read(3, "a", 1)                   = 1
2615  read(3, "n", 1)                   = 1
2615  read(3, "d", 1)                   = 1
2615  read(3, "-", 1)                   = 1
2615  read(3, "l", 1)                   = 1
2615  read(3, "i", 1)                   = 1
2615  read(3, "n", 1)                   = 1
2615  read(3, "e", 1)                   = 1
2615  read(3, " ", 1)                   = 1
2615  read(3, "a", 1)                   = 1
2615  read(3, "r", 1)                   = 1
2615  read(3, "g", 1)                   = 1
2615  read(3, "u", 1)                   = 1
2615  read(3, "m", 1)                   = 1
2615  read(3, "e", 1)                   = 1
2615  read(3, "n", 1)                   = 1
2615  read(3, "t", 1)                   = 1
2615  read(3, "s", 1)                   = 1
2615  read(3, " ", 1)                   = 1
2615  read(3, "b", 1)                   = 1
2615  read(3, "y", 1)                   = 1
2615  read(3, " ", 1)                   = 1
2615  read(3, "i", 1)                   = 1
2615  read(3, "n", 1)                   = 1
2615  read(3, "c", 1)                   = 1
2615  read(3, "l", 1)                   = 1
2615  read(3, "u", 1)                   = 1
2615  read(3, "d", 1)                   = 1
2615  read(3, "i", 1)                   = 1
2615  read(3, "n", 1)                   = 1
2615  read(3, "g", 1)                   = 1
2615  read(3, " ", 1)                   = 1
2615  read(3, "a", 1)                   = 1
2615  read(3, "p", 1)                   = 1
2615  read(3, "p", 1)                   = 1
2615  read(3, "r", 1)                   = 1
2615  read(3, "o", 1)                   = 1
2615  read(3, "p", 1)                   = 1
2615  read(3, "r", 1)                   = 1
2615  read(3, "i", 1)                   = 1
2615  read(3, "a", 1)                   = 1
2615  read(3, "t", 1)                   = 1
2615  read(3, "e", 1)                   = 1
2615  read(3, " ", 1)                   = 1
2615  read(3, "l", 1)                   = 1
2615  read(3, "o", 1)                   = 1
2615  read(3, "g", 1)                   = 1
2615  read(3, "i", 1)                   = 1
2615  read(3, "c", 1)                   = 1
2615  read(3, " ", 1)                   = 1
2615  read(3, "f", 1)                   = 1
2615  read(3, "o", 1)                   = 1
2615  read(3, "r", 1)                   = 1
2615  read(3, " ", 1)                   = 1
2615  read(3, "p", 1)                   = 1
2615  read(3, "a", 1)                   = 1
2615  read(3, "r", 1)                   = 1
2615  read(3, "s", 1)                   = 1
2615  read(3, "i", 1)                   = 1
2615  read(3, "n", 1)                   = 1
2615  read(3, "g", 1)                   = 1
2615  read(3, "\n", 1)                  = 1
2615  write(6, "100\n", 4)              = 4
2615  write(6, "You are allowed to use additiona"..., 100) = 100
2615  read(3, "t", 1)                   = 1
2615  read(3, "h", 1)                   = 1
2615  read(3, "e", 1)                   = 1
2615  read(3, " ", 1)                   = 1
2615  read(3, "c", 1)                   = 1
2615  read(3, "o", 1)                   = 1
2615  read(3, "m", 1)                   = 1
2615  read(3, "m", 1)                   = 1
2615  read(3, "a", 1)                   = 1
2615  read(3, "n", 1)                   = 1
2615  read(3, "d", 1)                   = 1
2615  read(3, " ", 1)                   = 1
2615  read(3, "l", 1)                   = 1
2615  read(3, "i", 1)                   = 1
2615  read(3, "n", 1)                   = 1
2615  read(3, "e", 1)                   = 1
2615  read(3, " ", 1)                   = 1
2615  read(3, "a", 1)                   = 1
2615  read(3, "r", 1)                   = 1
2615  read(3, "g", 1)                   = 1
2615  read(3, "u", 1)                   = 1
2615  read(3, "m", 1)                   = 1
2615  read(3, "e", 1)                   = 1
2615  read(3, "n", 1)                   = 1
2615  read(3, "t", 1)                   = 1
2615  read(3, "s", 1)                   = 1
2615  read(3, ".", 1)                   = 1
2615  read(3, "\n", 1)                  = 1
2615  write(6, "28\n", 3)               = 3
2615  write(6, "the command line arguments.\n", 28) = 28
2615  read(3, "\n", 1)                  = 1
2615  write(6, "1\n", 2)                = 2
2615  write(6, "\n", 1)                 = 1
2615  read(3, "\\", 1)                  = 1
2615  read(3, "s", 1)                   = 1
2615  read(3, "u", 1)                   = 1
2615  read(3, "b", 1)                   = 1
2615  read(3, "s", 1)                   = 1
2615  read(3, "e", 1)                   = 1
2615  read(3, "c", 1)                   = 1
2615  read(3, "t", 1)                   = 1
2615  read(3, "i", 1)                   = 1
2615  read(3, "o", 1)                   = 1
2615  read(3, "n", 1)                   = 1
2615  read(3, "*", 1)                   = 1
2615  read(3, "{", 1)                   = 1
2615  read(3, "S", 1)                   = 1
2615  read(3, "y", 1)                   = 1
2615  read(3, "s", 1)                   = 1
2615  read(3, "t", 1)                   = 1
2615  read(3, "e", 1)                   = 1
2615  read(3, "m", 1)                   = 1
2615  read(3, " ", 1)                   = 1
2615  read(3, "c", 1)                   = 1
2615  read(3, "a", 1)                   = 1
2615  read(3, "l", 1)                   = 1
2615  read(3, "l", 1)                   = 1
2615  read(3, "s", 1)                   = 1
2615  read(3, " ", 1)                   = 1
2615  read(3, "a", 1)                   = 1
2615  read(3, "n", 1)                   = 1
2615  read(3, "d", 1)                   = 1
2615  read(3, " ", 1)                   = 1
2615  read(3, "l", 1)                   = 1
2615  read(3, "i", 1)                   = 1
2615  read(3, "b", 1)                   = 1
2615  read(3, "r", 1)                   = 1
2615  read(3, "a", 1)                   = 1
2615  read(3, "r", 1)                   = 1
2615  read(3, "y", 1)                   = 1
2615  read(3, " ", 1)                   = 1
2615  read(3, "f", 1)                   = 1
2615  read(3, "u", 1)                   = 1
2615  read(3, "n", 1)                   = 1
2615  read(3, "c", 1)                   = 1
2615  read(3, "t", 1)                   = 1
2615  read(3, "i", 1)                   = 1
2615  read(3, "o", 1)                   = 1
2615  read(3, "n", 1)                   = 1
2615  read(3, "s", 1)                   = 1
2615  read(3, " ", 1)                   = 1
2615  read(3, "a", 1)                   = 1
2615  read(3, "l", 1)                   = 1
2615  read(3, "l", 1)                   = 1
2615  read(3, "o", 1)                   = 1
2615  read(3, "w", 1)                   = 1
2615  read(3, "e", 1)                   = 1
2615  read(3, "d", 1)                   = 1
2615  read(3, "}", 1)                   = 1
2615  read(3, "\n", 1)                  = 1
2615  write(6, "57\n", 3)               = 3
2615  write(6, "\\subsection*{System calls and li"..., 57) = 57
2615  read(3, "Y", 1)                   = 1
2615  read(3, "o", 1)                   = 1
2615  read(3, "u", 1)                   = 1
2615  read(3, " ", 1)                   = 1
2615  read(3, "\\", 1)                  = 1
2615  read(3, "t", 1)                   = 1
2615  read(3, "e", 1)                   = 1
2615  read(3, "x", 1)                   = 1
2615  read(3, "t", 1)                   = 1
2615  read(3, "b", 1)                   = 1
2615  read(3, "f", 1)                   = 1
2615  read(3, "{", 1)                   = 1
2615  read(3, "m", 1)                   = 1
2615  read(3, "u", 1)                   = 1
2615  read(3, "s", 1)                   = 1
2615  read(3, "t", 1)                   = 1
2615  read(3, " ", 1)                   = 1
2615  read(3, "o", 1)                   = 1
2615  read(3, "n", 1)                   = 1
2615  read(3, "l", 1)                   = 1
2615  read(3, "y", 1)                   = 1
2615  read(3, " ", 1)                   = 1
2615  read(3, "u", 1)                   = 1
2615  read(3, "s", 1)                   = 1
2615  read(3, "e", 1)                   = 1
2615  read(3, "}", 1)                   = 1
2615  read(3, " ", 1)                   = 1
2615  read(3, "t", 1)                   = 1
2615  read(3, "h", 1)                   = 1
2615  read(3, "e", 1)                   = 1
2615  read(3, " ", 1)                   = 1
2615  read(3, "b", 1)                   = 1
2615  read(3, "e", 1)                   = 1
2615  read(3, "l", 1)                   = 1
2615  read(3, "o", 1)                   = 1
2615  read(3, "w", 1)                   = 1
2615  read(3, " ", 1)                   = 1
2615  read(3, "m", 1)                   = 1
2615  read(3, "e", 1)                   = 1
2615  read(3, "n", 1)                   = 1
2615  read(3, "t", 1)                   = 1
2615  read(3, "i", 1)                   = 1
2615  read(3, "o", 1)                   = 1
2615  read(3, "n", 1)                   = 1
2615  read(3, "e", 1)                   = 1
2615  read(3, "d", 1)                   = 1
2615  read(3, " ", 1)                   = 1
2615  read(3, "s", 1)                   = 1
2615  read(3, "y", 1)                   = 1
2615  read(3, "s", 1)                   = 1
2615  read(3, "t", 1)                   = 1
2615  read(3, "e", 1)                   = 1
2615  read(3, "m", 1)                   = 1
2615  read(3, " ", 1)                   = 1
2615  read(3, "c", 1)                   = 1
2615  read(3, "a", 1)                   = 1
2615  read(3, "l", 1)                   = 1
2615  read(3, "l", 1)                   = 1
2615  read(3, "s", 1)                   = 1
2615  read(3, "/", 1)                   = 1
2615  read(3, "l", 1)                   = 1
2615  read(3, "i", 1)                   = 1
2615  read(3, "b", 1)                   = 1
2615  read(3, "r", 1)                   = 1
2615  read(3, "a", 1)                   = 1
2615  read(3, "r", 1)                   = 1
2615  read(3, "i", 1)                   = 1
2615  read(3, "e", 1)                   = 1
2615  read(3, "s", 1)                   = 1
2615  read(3, " ", 1)                   = 1
2615  read(3, "i", 1)                   = 1
2615  read(3, "n", 1)                   = 1
2615  read(3, " ", 1)                   = 1
2615  read(3, "t", 1)                   = 1
2615  read(3, "h", 1)                   = 1
2615  read(3, "i", 1)                   = 1
2615  read(3, "s", 1)                   = 1
2615  read(3, " ", 1)                   = 1
2615  read(3, "q", 1)                   = 1
2615  read(3, "u", 1)                   = 1
2615  read(3, "e", 1)                   = 1
2615  read(3, "s", 1)                   = 1
2615  read(3, "t", 1)                   = 1
2615  read(3, "i", 1)                   = 1
2615  read(3, "o", 1)                   = 1
2615  read(3, "n", 1)                   = 1
2615  read(3, ".", 1)                   = 1
2615  read(3, "\n", 1)                  = 1
2615  write(6, "88\n", 3)               = 3
2615  write(6, "You \\textbf{must only use} the b"..., 88) = 88
2615  read(3, "\\", 1)                  = 1
2615  read(3, "b", 1)                   = 1
2615  read(3, "e", 1)                   = 1
2615  read(3, "g", 1)                   = 1
2615  read(3, "i", 1)                   = 1
2615  read(3, "n", 1)                   = 1
2615  read(3, "{", 1)                   = 1
2615  read(3, "v", 1)                   = 1
2615  read(3, "e", 1)                   = 1
2615  read(3, "r", 1)                   = 1
2615  read(3, "b", 1)                   = 1
2615  read(3, "a", 1)                   = 1
2615  read(3, "t", 1)                   = 1
2615  read(3, "i", 1)                   = 1
2615  read(3, "m", 1)                   = 1
2615  read(3, "}", 1)                   = 1
2615  read(3, "\n", 1)                  = 1
2615  write(6, "17\n", 3)               = 3
2615  write(6, "\\begin{verbatim}\n", 17) = 17
2615  read(3, " ", 1)                   = 1
2615  read(3, " ", 1)                   = 1
2615  read(3, " ", 1)                   = 1
2615  read(3, " ", 1)                   = 1
2615  read(3, "-", 1)                   = 1
2615  read(3, " ", 1)                   = 1
2615  read(3, "e", 1)                   = 1
2615  read(3, "x", 1)                   = 1
2615  read(3, "e", 1)                   = 1
2615  read(3, "c", 1)                   = 1
2615  read(3, "l", 1)                   = 1
2615  read(3, " ", 1)                   = 1
2615  read(3, " ", 1)                   = 1
2615  read(3, " ", 1)                   = 1
2615  read(3, " ", 1)                   = 1
2615  read(3, " ", 1)                   = 1
2615  read(3, " ", 1)                   = 1
2615  read(3, " ", 1)                   = 1
2615  read(3, " ", 1)                   = 1
2615  read(3, " ", 1)                   = 1
2615  read(3, " ", 1)                   = 1
2615  read(3, " ", 1)                   = 1
2615  read(3, " ", 1)                   = 1
2615  read(3, " ", 1)                   = 1
2615  read(3, " ", 1)                   = 1
2615  read(3, " ", 1)                   = 1
2615  read(3, " ", 1)                   = 1
2615  read(3, " ", 1)                   = 1
2615  read(3, "-", 1)                   = 1
2615  read(3, " ", 1)                   = 1
2615  read(3, "a", 1)                   = 1
2615  read(3, "t", 1)                   = 1
2615  read(3, "o", 1)                   = 1
2615  read(3, "i", 1)                   = 1
2615  read(3, "\n", 1)                  = 1
2615  write(6, "35\n", 3)               = 3
2615  write(6, "    - execl                 - at"..., 35) = 35
2615  read(3, " ", 1)                   = 1
2615  read(3, " ", 1)                   = 1
2615  read(3, " ", 1)                   = 1
2615  read(3, " ", 1)                   = 1
2615  read(3, "-", 1)                   = 1
2615  read(3, " ", 1)                   = 1
2615  read(3, "e", 1)                   = 1
2615  read(3, "x", 1)                   = 1
2615  read(3, "e", 1)                   = 1
2615  read(3, "c", 1)                   = 1
2615  read(3, "v", 1)                   = 1
2615  read(3, "e", 1)                   = 1
2615  read(3, " ", 1)                   = 1
2615  read(3, " ", 1)                   = 1
2615  read(3, " ", 1)                   = 1
2615  read(3, " ", 1)                   = 1
2615  read(3, " ", 1)                   = 1
2615  read(3, " ", 1)                   = 1
2615  read(3, " ", 1)                   = 1
2615  read(3, " ", 1)                   = 1
2615  read(3, " ", 1)                   = 1
2615  read(3, " ", 1)                   = 1
2615  read(3, " ", 1)                   = 1
2615  read(3, " ", 1)                   = 1
2615  read(3, " ", 1)                   = 1
2615  read(3, " ", 1)                   = 1
2615  read(3, " ", 1)                   = 1
2615  read(3, " ", 1)                   = 1
2615  read(3, "-", 1)                   = 1
2615  read(3, " ", 1)                   = 1
2615  read(3, "a", 1)                   = 1
2615  read(3, "t", 1)                   = 1
2615  read(3, "o", 1)                   = 1
2615  read(3, "l", 1)                   = 1
2615  read(3, "l", 1)                   = 1
2615  read(3, "\n", 1)                  = 1
2615  write(6, "36\n", 3)               = 3
2615  write(6, "    - execve                - at"..., 36) = 36
2615  read(3, "\\", 1)                  = 1
2615  read(3, "e", 1)                   = 1
2615  read(3, "n", 1)                   = 1
2615  read(3, "d", 1)                   = 1
2615  read(3, "{", 1)                   = 1
2615  read(3, "v", 1)                   = 1
2615  read(3, "e", 1)                   = 1
2615  read(3, "r", 1)                   = 1
2615  read(3, "b", 1)                   = 1
2615  read(3, "a", 1)                   = 1
2615  read(3, "t", 1)                   = 1
2615  read(3, "i", 1)                   = 1
2615  read(3, "m", 1)                   = 1
2615  read(3, "}", 1)                   = 1
2615  read(3, "\n", 1)                  = 1
2615  write(6, "15\n", 3)               = 3
2615  write(6, "\\end{verbatim}\n", 15) = 15
2615  read(3, "\n", 1)                  = 1
2615  write(6, "1\n", 2)                = 2
2615  write(6, "\n", 1)                 = 1
2615  read(3, "\\", 1)                  = 1
2615  read(3, "s", 1)                   = 1
2615  read(3, "u", 1)                   = 1
2615  read(3, "b", 1)                   = 1
2615  read(3, "s", 1)                   = 1
2615  read(3, "u", 1)                   = 1
2615  read(3, "b", 1)                   = 1
2615  read(3, "s", 1)                   = 1
2615  read(3, "e", 1)                   = 1
2615  read(3, "c", 1)                   = 1
2615  read(3, "t", 1)                   = 1
2615  read(3, "i", 1)                   = 1
2615  read(3, "o", 1)                   = 1
2615  read(3, "n", 1)                   = 1
2615  read(3, "*", 1)                   = 1
2615  read(3, "{", 1)                   = 1
2615  read(3, "M", 1)                   = 1
2615  read(3, "a", 1)                   = 1
2615  read(3, "n", 1)                   = 1
2615  read(3, "u", 1)                   = 1
2615  read(3, "a", 1)                   = 1
2615  read(3, "l", 1)                   = 1
2615  read(3, " ", 1)                   = 1
2615  read(3, "b", 1)                   = 1
2615  read(3, "u", 1)                   = 1
2615  read(3, "i", 1)                   = 1
2615  read(3, "l", 1)                   = 1
2615  read(3, "d", 1)                   = 1
2615  read(3, " ", 1)                   = 1
2615  read(3, "a", 1)                   = 1
2615  read(3, "n", 1)                   = 1
2615  read(3, "d", 1)                   = 1
2615  read(3, " ", 1)                   = 1
2615  read(3, "e", 1)                   = 1
2615  read(3, "x", 1)                   = 1
2615  read(3, "e", 1)                   = 1
2615  read(3, "c", 1)                   = 1
2615  read(3, "u", 1)                   = 1
2615  read(3, "t", 1)                   = 1
2615  read(3, "i", 1)                   = 1
2615  read(3, "o", 1)                   = 1
2615  read(3, "n", 1)                   = 1
2615  read(3, "}", 1)                   = 1
2615  read(3, "\n", 1)                  = 1
2615  write(6, "44\n", 3)               = 3
2615  write(6, "\\subsubsection*{Manual build and"..., 44) = 44
2615  read(3, "\n", 1)                  = 1
2615  write(6, "1\n", 2)                = 2
2615  write(6, "\n", 1)                 = 1
2615  read(3, "\\", 1)                  = 1
2615  read(3, "b", 1)                   = 1
2615  read(3, "e", 1)                   = 1
2615  read(3, "g", 1)                   = 1
2615  read(3, "i", 1)                   = 1
2615  read(3, "n", 1)                   = 1
2615  read(3, "{", 1)                   = 1
2615  read(3, "v", 1)                   = 1
2615  read(3, "e", 1)                   = 1
2615  read(3, "r", 1)                   = 1
2615  read(3, "b", 1)                   = 1
2615  read(3, "a", 1)                   = 1
2615  read(3, "t", 1)                   = 1
2615  read(3, "i", 1)                   = 1
2615  read(3, "m", 1)                   = 1
2615  read(3, "}", 1)                   = 1
2615  read(3, "\n", 1)                  = 1
2615  write(6, "17\n", 3)               = 3
2615  write(6, "\\begin{verbatim}\n", 17) = 17
2615  read(3, "/", 1)                   = 1
2615  read(3, "/", 1)                   = 1
2615  read(3, "C", 1)                   = 1
2615  read(3, "u", 1)                   = 1
2615  read(3, "r", 1)                   = 1
2615  read(3, "r", 1)                   = 1
2615  read(3, "e", 1)                   = 1
2615  read(3, "n", 1)                   = 1
2615  read(3, "t", 1)                   = 1
2615  read(3, " ", 1)                   = 1
2615  read(3, "w", 1)                   = 1
2615  read(3, "o", 1)                   = 1
2615  read(3, "r", 1)                   = 1
2615  read(3, "k", 1)                   = 1
2615  read(3, "i", 1)                   = 1
2615  read(3, "n", 1)                   = 1
2615  read(3, "g", 1)                   = 1
2615  read(3, " ", 1)                   = 1
2615  read(3, "d", 1)                   = 1
2615  read(3, "i", 1)                   = 1
2615  read(3, "r", 1)                   = 1
2615  read(3, "e", 1)                   = 1
2615  read(3, "c", 1)                   = 1
2615  read(3, "t", 1)                   = 1
2615  read(3, "o", 1)                   = 1
2615  read(3, "r", 1)                   = 1
2615  read(3, "y", 1)                   = 1
2615  read(3, " ", 1)                   = 1
2615  read(3, "s", 1)                   = 1
2615  read(3, "h", 1)                   = 1
2615  read(3, "o", 1)                   = 1
2615  read(3, "u", 1)                   = 1
2615  read(3, "l", 1)                   = 1
2615  read(3, "d", 1)                   = 1
2615  read(3, " ", 1)                   = 1
2615  read(3, "b", 1)                   = 1
2615  read(3, "e", 1)                   = 1
2615  read(3, " ", 1)                   = 1
2615  read(3, "l", 1)                   = 1
2615  read(3, "a", 1)                   = 1
2615  read(3, "b", 1)                   = 1
2615  read(3, "-", 1)                   = 1
2615  read(3, "2", 1)                   = 1
2615  read(3, "/", 1)                   = 1
2615  read(3, "l", 1)                   = 1
2615  read(3, "a", 1)                   = 1
2615  read(3, "b", 1)                   = 1
2615  read(3, "e", 1)                   = 1
2615  read(3, "x", 1)                   = 1
2615  read(3, "/", 1)                   = 1
2615  read(3, "Q", 1)                   = 1
2615  read(3, "2", 1)                   = 1
2615  read(3, "\n", 1)                  = 1
2615  write(6, "53\n", 3)               = 3
2615  write(6, "//Current working directory shou"..., 53) = 53
2615  read(3, "\n", 1)                  = 1
2615  write(6, "1\n", 2)                = 2
2615  write(6, "\n", 1)                 = 1
2615  read(3, "$", 1)                   = 1
2615  read(3, " ", 1)                   = 1
2615  read(3, "g", 1)                   = 1
2615  read(3, "c", 1)                   = 1
2615  read(3, "c", 1)                   = 1
2615  read(3, " ", 1)                   = 1
2615  read(3, "f", 1)                   = 1
2615  read(3, "a", 1)                   = 1
2615  read(3, "c", 1)                   = 1
2615  read(3, "t", 1)                   = 1
2615  read(3, ".", 1)                   = 1
2615  read(3, "c", 1)                   = 1
2615  read(3, " ", 1)                   = 1
2615  read(3, "-", 1)                   = 1
2615  read(3, "o", 1)                   = 1
2615  read(3, " ", 1)                   = 1
2615  read(3, "f", 1)                   = 1
2615  read(3, "a", 1)                   = 1
2615  read(3, "c", 1)                   = 1
2615  read(3, "t", 1)                   = 1
2615  read(3, "\n", 1)                  = 1
2615  write(6, "21\n", 3)               = 3
2615  write(6, "$ gcc fact.c -o fact\n", 21) = 21
2615  read(3, "$", 1)                   = 1
2615  read(3, " ", 1)                   = 1
2615  read(3, ".", 1)                   = 1
2615  read(3, "/", 1)                   = 1
2615  read(3, "f", 1)                   = 1
2615  read(3, "a", 1)                   = 1
2615  read(3, "c", 1)                   = 1
2615  read(3, "t", 1)                   = 1
2615  read(3, " ", 1)                   = 1
2615  read(3, "5", 1)                   = 1
2615  read(3, "\n", 1)                  = 1
2615  write(6, "11\n", 3)               = 3
2615  write(6, "$ ./fact 5\n", 11)      = 11
2615  read(3, "1", 1)                   = 1
2615  read(3, "2", 1)                   = 1
2615  read(3, "0", 1)                   = 1
2615  read(3, "\n", 1)                  = 1
2615  write(6, "4\n", 2)                = 2
2615  write(6, "120\n", 4)              = 4
2615  read(3, "$", 1)                   = 1
2615  read(3, "\n", 1)                  = 1
2615  write(6, "2\n", 2)                = 2
2615  write(6, "$\n", 2)                = 2
2615  read(3, "\\", 1)                  = 1
2615  read(3, "e", 1)                   = 1
2615  read(3, "n", 1)                   = 1
2615  read(3, "d", 1)                   = 1
2615  read(3, "{", 1)                   = 1
2615  read(3, "v", 1)                   = 1
2615  read(3, "e", 1)                   = 1
2615  read(3, "r", 1)                   = 1
2615  read(3, "b", 1)                   = 1
2615  read(3, "a", 1)                   = 1
2615  read(3, "t", 1)                   = 1
2615  read(3, "i", 1)                   = 1
2615  read(3, "m", 1)                   = 1
2615  read(3, "}", 1)                   = 1
2615  read(3, "\n", 1)                  = 1
2615  write(6, "15\n", 3)               = 3
2615  write(6, "\\end{verbatim}\n", 15) = 15
2615  read(3, "\n", 1)                  = 1
2615  write(6, "1\n", 2)                = 2
2615  write(6, "\n", 1)                 = 1
2615  read(3, "\n", 1)                  = 1
2615  write(6, "1\n", 2)                = 2
2615  write(6, "\n", 1)                 = 1
2615  read(3, "\n", 1)                  = 1
2615  write(6, "1\n", 2)                = 2
2615  write(6, "\n", 1)                 = 1
2615  read(3, "\\", 1)                  = 1
2615  read(3, "s", 1)                   = 1
2615  read(3, "u", 1)                   = 1
2615  read(3, "b", 1)                   = 1
2615  read(3, "s", 1)                   = 1
2615  read(3, "u", 1)                   = 1
2615  read(3, "b", 1)                   = 1
2615  read(3, "s", 1)                   = 1
2615  read(3, "e", 1)                   = 1
2615  read(3, "c", 1)                   = 1
2615  read(3, "t", 1)                   = 1
2615  read(3, "i", 1)                   = 1
2615  read(3, "o", 1)                   = 1
2615  read(3, "n", 1)                   = 1
2615  read(3, "*", 1)                   = 1
2615  read(3, "{", 1)                   = 1
2615  read(3, "A", 1)                   = 1
2615  read(3, "u", 1)                   = 1
2615  read(3, "t", 1)                   = 1
2615  read(3, "o", 1)                   = 1
2615  read(3, "m", 1)                   = 1
2615  read(3, "a", 1)                   = 1
2615  read(3, "t", 1)                   = 1
2615  read(3, "e", 1)                   = 1
2615  read(3, "d", 1)                   = 1
2615  read(3, " ", 1)                   = 1
2615  read(3, "T", 1)                   = 1
2615  read(3, "e", 1)                   = 1
2615  read(3, "s", 1)                   = 1
2615  read(3, "t", 1)                   = 1
2615  read(3, "i", 1)                   = 1
2615  read(3, "n", 1)                   = 1
2615  read(3, "g", 1)                   = 1
2615  read(3, "}", 1)                   = 1
2615  read(3, "\n", 1)                  = 1
2615  write(6, "35\n", 3)               = 3
2615  write(6, "\\subsubsection*{Automated Testin"..., 35) = 35
2615  read(3, "R", 1)                   = 1
2615  read(3, "u", 1)                   = 1
2615  read(3, "n", 1)                   = 1
2615  read(3, " ", 1)                   = 1
2615  read(3, "\\", 1)                  = 1
2615  read(3, "t", 1)                   = 1
2615  read(3, "e", 1)                   = 1
2615  read(3, "x", 1)                   = 1
2615  read(3, "t", 1)                   = 1
2615  read(3, "t", 1)                   = 1
2615  read(3, "t", 1)                   = 1
2615  read(3, "{", 1)                   = 1
2615  read(3, "Q", 1)                   = 1
2615  read(3, "2", 1)                   = 1
2615  read(3, "/", 1)                   = 1
2615  read(3, "r", 1)                   = 1
2615  read(3, "u", 1)                   = 1
2615  read(3, "n", 1)                   = 1
2615  read(3, "\\", 1)                  = 1
2615  read(3, "_", 1)                   = 1
2615  read(3, "t", 1)                   = 1
2615  read(3, "e", 1)                   = 1
2615  read(3, "s", 1)                   = 1
2615  read(3, "t", 1)                   = 1
2615  read(3, "s", 1)                   = 1
2615  read(3, ".", 1)                   = 1
2615  read(3, "s", 1)                   = 1
2615  read(3, "h", 1)                   = 1
2615  read(3, "}", 1)                   = 1
2615  read(3, " ", 1)                   = 1
2615  read(3, "s", 1)                   = 1
2615  read(3, "c", 1)                   = 1
2615  read(3, "r", 1)                   = 1
2615  read(3, "i", 1)                   = 1
2615  read(3, "p", 1)                   = 1
2615  read(3, "t", 1)                   = 1
2615  read(3, " ", 1)                   = 1
2615  read(3, "t", 1)                   = 1
2615  read(3, "o", 1)                   = 1
2615  read(3, " ", 1)                   = 1
2615  read(3, "c", 1)                   = 1
2615  read(3, "h", 1)                   = 1
2615  read(3, "e", 1)                   = 1
2615  read(3, "c", 1)                   = 1
2615  read(3, "k", 1)                   = 1
2615  read(3, " ", 1)                   = 1
2615  read(3, "w", 1)                   = 1
2615  read(3, "h", 1)                   = 1
2615  read(3, "e", 1)                   = 1
2615  read(3, "t", 1)                   = 1
2615  read(3, "h", 1)                   = 1
2615  read(3, "e", 1)                   = 1
2615  read(3, "r", 1)                   = 1
2615  read(3, " ", 1)                   = 1
2615  read(3, "y", 1)                   = 1
2615  read(3, "o", 1)                   = 1
2615  read(3, "u", 1)                   = 1
2615  read(3, "r", 1)                   = 1
2615  read(3, " ", 1)                   = 1
2615  read(3, "i", 1)                   = 1
2615  read(3, "m", 1)                   = 1
2615  read(3, "p", 1)                   = 1
2615  read(3, "l", 1)                   = 1
2615  read(3, "e", 1)                   = 1
2615  read(3, "m", 1)                   = 1
2615  read(3, "e", 1)                   = 1
2615  read(3, "n", 1)                   = 1
2615  read(3, "t", 1)                   = 1
2615  read(3, "a", 1)                   = 1
2615  read(3, "t", 1)                   = 1
2615  read(3, "i", 1)                   = 1
2615  read(3, "o", 1)                   = 1
2615  read(3, "n", 1)                   = 1
2615  read(3, " ", 1)                   = 1
2615  read(3, "p", 1)                   = 1
2615  read(3, "a", 1)                   = 1
2615  read(3, "s", 1)                   = 1
2615  read(3, "s", 1)                   = 1
2615  read(3, "e", 1)                   = 1
2615  read(3, "s", 1)                   = 1
2615  read(3, " ", 1)                   = 1
2615  read(3, "t", 1)                   = 1
2615  read(3, "h", 1)                   = 1
2615  read(3, "e", 1)                   = 1
2615  read(3, " ", 1)                   = 1
2615  read(3, "t", 1)                   = 1
2615  read(3, "e", 1)                   = 1
2615  read(3, "s", 1)                   = 1
2615  read(3, "t", 1)                   = 1
2615  read(3, " ", 1)                   = 1
2615  read(3, "c", 1)                   = 1
2615  read(3, "a", 1)                   = 1
2615  read(3, "s", 1)                   = 1
2615  read(3, "e", 1)                   = 1
2615  read(3, "s", 1)                   = 1
2615  read(3, " ", 1)                   = 1
2615  read(3, "o", 1)                   = 1
2615  read(3, "r", 1)                   = 1
2615  read(3, " ", 1)                   = 1
2615  read(3, "n", 1)                   = 1
2615  read(3, "o", 1)                   = 1
2615  read(3, "t", 1)                   = 1
2615  read(3, ".", 1)                   = 1
2615  read(3, " ", 1)                   = 1
2615  read(3, "\n", 1)                  = 1
2615  write(6, "105\n", 4)              = 4
2615  write(6, "Run \\texttt{Q2/run\\_tests.sh} sc"..., 105) = 105
2615  read(3, "A", 1)                   = 1
2615  read(3, " ", 1)                   = 1
2615  read(3, "c", 1)                   = 1
2615  read(3, "o", 1)                   = 1
2615  read(3, "r", 1)                   = 1
2615  read(3, "r", 1)                   = 1
2615  read(3, "e", 1)                   = 1
2615  read(3, "c", 1)                   = 1
2615  read(3, "t", 1)                   = 1
2615  read(3, "l", 1)                   = 1
2615  read(3, "y", 1)                   = 1
2615  read(3, " ", 1)                   = 1
2615  read(3, "i", 1)                   = 1
2615  read(3, "m", 1)                   = 1
2615  read(3, "p", 1)                   = 1
2615  read(3, "l", 1)                   = 1
2615  read(3, "e", 1)                   = 1
2615  read(3, "m", 1)                   = 1
2615  read(3, "e", 1)                   = 1
2615  read(3, "n", 1)                   = 1
2615  read(3, "t", 1)                   = 1
2615  read(3, "e", 1)                   = 1
2615  read(3, "d", 1)                   = 1
2615  read(3, " ", 1)                   = 1
2615  read(3, "p", 1)                   = 1
2615  read(3, "r", 1)                   = 1
2615  read(3, "o", 1)                   = 1
2615  read(3, "g", 1)                   = 1
2615  read(3, "r", 1)                   = 1
2615  read(3, "a", 1)                   = 1
2615  read(3, "m", 1)                   = 1
2615  read(3, " ", 1)                   = 1
2615  read(3, "w", 1)                   = 1
2615  read(3, "o", 1)                   = 1
2615  read(3, "u", 1)                   = 1
2615  read(3, "l", 1)                   = 1
2615  read(3, "d", 1)                   = 1
2615  read(3, " ", 1)                   = 1
2615  read(3, "g", 1)                   = 1
2615  read(3, "e", 1)                   = 1
2615  read(3, "n", 1)                   = 1
2615  read(3, "e", 1)                   = 1
2615  read(3, "r", 1)                   = 1
2615  read(3, "a", 1)                   = 1
2615  read(3, "t", 1)                   = 1
2615  read(3, "e", 1)                   = 1
2615  read(3, " ", 1)                   = 1
2615  read(3, "f", 1)                   = 1
2615  read(3, "o", 1)                   = 1
2615  read(3, "l", 1)                   = 1
2615  read(3, "l", 1)                   = 1
2615  read(3, "o", 1)                   = 1
2615  read(3, "w", 1)                   = 1
2615  read(3, "i", 1)                   = 1
2615  read(3, "n", 1)                   = 1
2615  read(3, "g", 1)                   = 1
2615  read(3, " ", 1)                   = 1
2615  read(3, "o", 1)                   = 1
2615  read(3, "u", 1)                   = 1
2615  read(3, "t", 1)                   = 1
2615  read(3, "p", 1)                   = 1
2615  read(3, "u", 1)                   = 1
2615  read(3, "t", 1)                   = 1
2615  read(3, ":", 1)                   = 1
2615  read(3, "\n", 1)                  = 1
2615  write(6, "65\n", 3)               = 3
2615  write(6, "A correctly implemented program "..., 65) = 65
2615  read(3, "\n", 1)                  = 1
2615  write(6, "1\n", 2)                = 2
2615  write(6, "\n", 1)                 = 1
2615  read(3, "\\", 1)                  = 1
2615  read(3, "v", 1)                   = 1
2615  read(3, "s", 1)                   = 1
2615  read(3, "p", 1)                   = 1
2615  read(3, "a", 1)                   = 1
2615  read(3, "c", 1)                   = 1
2615  read(3, "e", 1)                   = 1
2615  read(3, "{", 1)                   = 1
2615  read(3, "0", 1)                   = 1
2615  read(3, ".", 1)                   = 1
2615  read(3, "5", 1)                   = 1
2615  read(3, "c", 1)                   = 1
2615  read(3, "m", 1)                   = 1
2615  read(3, "}", 1)                   = 1
2615  read(3, "\n", 1)                  = 1
2615  write(6, "15\n", 3)               = 3
2615  write(6, "\\vspace{0.5cm}\n", 15) = 15
2615  read(3, "\\", 1)                  = 1
2615  read(3, "n", 1)                   = 1
2615  read(3, "o", 1)                   = 1
2615  read(3, "i", 1)                   = 1
2615  read(3, "n", 1)                   = 1
2615  read(3, "d", 1)                   = 1
2615  read(3, "e", 1)                   = 1
2615  read(3, "n", 1)                   = 1
2615  read(3, "t", 1)                   = 1
2615  read(3, "\n", 1)                  = 1
2615  write(6, "10\n", 3)               = 3
2615  write(6, "\\noindent\n", 10)      = 10
2615  read(3, "T", 1)                   = 1
2615  read(3, "e", 1)                   = 1
2615  read(3, "s", 1)                   = 1
2615  read(3, "t", 1)                   = 1
2615  read(3, " ", 1)                   = 1
2615  read(3, "c", 1)                   = 1
2615  read(3, "a", 1)                   = 1
2615  read(3, "s", 1)                   = 1
2615  read(3, "e", 1)                   = 1
2615  read(3, " ", 1)                   = 1
2615  read(3, "1", 1)                   = 1
2615  read(3, " ", 1)                   = 1
2615  read(3, "p", 1)                   = 1
2615  read(3, "a", 1)                   = 1
2615  read(3, "s", 1)                   = 1
2615  read(3, "s", 1)                   = 1
2615  read(3, "e", 1)                   = 1
2615  read(3, "d", 1)                   = 1
2615  read(3, " ", 1)                   = 1
2615  read(3, "\\", 1)                  = 1
2615  read(3, "\\", 1)                  = 1
2615  read(3, "\n", 1)                  = 1
2615  write(6, "22\n", 3)               = 3
2615  write(6, "Test case 1 passed \\\\\n", 22) = 22
2615  read(3, "T", 1)                   = 1
2615  read(3, "e", 1)                   = 1
2615  read(3, "s", 1)                   = 1
2615  read(3, "t", 1)                   = 1
2615  read(3, " ", 1)                   = 1
2615  read(3, "c", 1)                   = 1
2615  read(3, "a", 1)                   = 1
2615  read(3, "s", 1)                   = 1
2615  read(3, "e", 1)                   = 1
2615  read(3, " ", 1)                   = 1
2615  read(3, "2", 1)                   = 1
2615  read(3, " ", 1)                   = 1
2615  read(3, "p", 1)                   = 1
2615  read(3, "a", 1)                   = 1
2615  read(3, "s", 1)                   = 1
2615  read(3, "s", 1)                   = 1
2615  read(3, "e", 1)                   = 1
2615  read(3, "d", 1)                   = 1
2615  read(3, " ", 1)                   = 1
2615  read(3, "\\", 1)                  = 1
2615  read(3, "\\", 1)                  = 1
2615  read(3, "\n", 1)                  = 1
2615  write(6, "22\n", 3)               = 3
2615  write(6, "Test case 2 passed \\\\\n", 22) = 22
2615  read(3, ".", 1)                   = 1
2615  read(3, ".", 1)                   = 1
2615  read(3, ".", 1)                   = 1
2615  read(3, "\\", 1)                  = 1
2615  read(3, "\\", 1)                  = 1
2615  read(3, "\n", 1)                  = 1
2615  write(6, "6\n", 2)                = 2
2615  write(6, "...\\\\\n", 6)          = 6
2615  read(3, ".", 1)                   = 1
2615  read(3, ".", 1)                   = 1
2615  read(3, ".", 1)                   = 1
2615  read(3, "\\", 1)                  = 1
2615  read(3, "\\", 1)                  = 1
2615  read(3, "\n", 1)                  = 1
2615  write(6, "6\n", 2)                = 2
2615  write(6, "...\\\\\n", 6)          = 6
2615  read(3, "T", 1)                   = 1
2615  read(3, "e", 1)                   = 1
2615  read(3, "s", 1)                   = 1
2615  read(3, "t", 1)                   = 1
2615  read(3, " ", 1)                   = 1
2615  read(3, "c", 1)                   = 1
2615  read(3, "a", 1)                   = 1
2615  read(3, "s", 1)                   = 1
2615  read(3, "e", 1)                   = 1
2615  read(3, " ", 1)                   = 1
2615  read(3, "5", 1)                   = 1
2615  read(3, " ", 1)                   = 1
2615  read(3, "p", 1)                   = 1
2615  read(3, "a", 1)                   = 1
2615  read(3, "s", 1)                   = 1
2615  read(3, "s", 1)                   = 1
2615  read(3, "e", 1)                   = 1
2615  read(3, "d", 1)                   = 1
2615  read(3, " ", 1)                   = 1
2615  read(3, "\n", 1)                  = 1
2615  write(6, "20\n", 3)               = 3
2615  write(6, "Test case 5 passed \n", 20) = 20
2615  read(3, "\n", 1)                  = 1
2615  write(6, "1\n", 2)                = 2
2615  write(6, "\n", 1)                 = 1
2615  read(3, "\n", 1)                  = 1
2615  write(6, "1\n", 2)                = 2
2615  write(6, "\n", 1)                 = 1
2615  read(3, "%", 1)                   = 1
2615  read(3, "%", 1)                   = 1
2615  read(3, "%", 1)                   = 1
2615  read(3, "%", 1)                   = 1
2615  read(3, "%", 1)                   = 1
2615  read(3, "%", 1)                   = 1
2615  read(3, "%", 1)                   = 1
2615  read(3, "%", 1)                   = 1
2615  read(3, "%", 1)                   = 1
2615  read(3, "%", 1)                   = 1
2615  read(3, "%", 1)                   = 1
2615  read(3, "%", 1)                   = 1
2615  read(3, "%", 1)                   = 1
2615  read(3, "%", 1)                   = 1
2615  read(3, "%", 1)                   = 1
2615  read(3, "%", 1)                   = 1
2615  read(3, "%", 1)                   = 1
2615  read(3, "%", 1)                   = 1
2615  read(3, "%", 1)                   = 1
2615  read(3, "%", 1)                   = 1
2615  read(3, "%", 1)                   = 1
2615  read(3, "%", 1)                   = 1
2615  read(3, "%", 1)                   = 1
2615  read(3, "%", 1)                   = 1
2615  read(3, "%", 1)                   = 1
2615  read(3, "%", 1)                   = 1
2615  read(3, "%", 1)                   = 1
2615  read(3, "%", 1)                   = 1
2615  read(3, "%", 1)                   = 1
2615  read(3, "%", 1)                   = 1
2615  read(3, "%", 1)                   = 1
2615  read(3, "%", 1)                   = 1
2615  read(3, "%", 1)                   = 1
2615  read(3, "%", 1)                   = 1
2615  read(3, "%", 1)                   = 1
2615  read(3, "%", 1)                   = 1
2615  read(3, "\n", 1)                  = 1
2615  write(6, "37\n", 3)               = 3
2615  write(6, "%%%%%%%%%%%%%%%%%%%%%%%%%%%%%%%%"..., 37) = 37
2615  read(3, "%", 1)                   = 1
2615  read(3, "%", 1)                   = 1
2615  read(3, "%", 1)                   = 1
2615  read(3, "%", 1)                   = 1
2615  read(3, "%", 1)                   = 1
2615  read(3, "%", 1)                   = 1
2615  read(3, "%", 1)                   = 1
2615  read(3, "%", 1)                   = 1
2615  read(3, "%", 1)                   = 1
2615  read(3, "%", 1)                   = 1
2615  read(3, "%", 1)                   = 1
2615  read(3, "%", 1)                   = 1
2615  read(3, "%", 1)                   = 1
2615  read(3, "%", 1)                   = 1
2615  read(3, "%", 1)                   = 1
2615  read(3, "%", 1)                   = 1
2615  read(3, "%", 1)                   = 1
2615  read(3, "%", 1)                   = 1
2615  read(3, "%", 1)                   = 1
2615  read(3, "%", 1)                   = 1
2615  read(3, "%", 1)                   = 1
2615  read(3, "%", 1)                   = 1
2615  read(3, "%", 1)                   = 1
2615  read(3, "%", 1)                   = 1
2615  read(3, "%", 1)                   = 1
2615  read(3, "%", 1)                   = 1
2615  read(3, "%", 1)                   = 1
2615  read(3, "%", 1)                   = 1
2615  read(3, "%", 1)                   = 1
2615  read(3, "%", 1)                   = 1
2615  read(3, "%", 1)                   = 1
2615  read(3, "%", 1)                   = 1
2615  read(3, "%", 1)                   = 1
2615  read(3, "%", 1)                   = 1
2615  read(3, "%", 1)                   = 1
2615  read(3, "%", 1)                   = 1
2615  read(3, "\n", 1)                  = 1
2615  write(6, "37\n", 3)               = 3
2615  write(6, "%%%%%%%%%%%%%%%%%%%%%%%%%%%%%%%%"..., 37) = 37
2615  read(3, "\\", 1)                  = 1
2615  read(3, "s", 1)                   = 1
2615  read(3, "e", 1)                   = 1
2615  read(3, "c", 1)                   = 1
2615  read(3, "t", 1)                   = 1
2615  read(3, "i", 1)                   = 1
2615  read(3, "o", 1)                   = 1
2615  read(3, "n", 1)                   = 1
2615  read(3, "*", 1)                   = 1
2615  read(3, "{", 1)                   = 1
2615  read(3, "Q", 1)                   = 1
2615  read(3, "3", 1)                   = 1
2615  read(3, ".", 1)                   = 1
2615  read(3, " ", 1)                   = 1
2615  read(3, "B", 1)                   = 1
2615  read(3, "e", 1)                   = 1
2615  read(3, " ", 1)                   = 1
2615  read(3, "a", 1)                   = 1
2615  read(3, " ", 1)                   = 1
2615  read(3, "S", 1)                   = 1
2615  read(3, "e", 1)                   = 1
2615  read(3, "e", 1)                   = 1
2615  read(3, "k", 1)                   = 1
2615  read(3, "e", 1)                   = 1
2615  read(3, "r", 1)                   = 1
2615  read(3, " ", 1)                   = 1
2615  read(3, "[", 1)                   = 1
2615  read(3, "2", 1)                   = 1
2615  read(3, "0", 1)                   = 1
2615  read(3, " ", 1)                   = 1
2615  read(3, "m", 1)                   = 1
2615  read(3, "a", 1)                   = 1
2615  read(3, "r", 1)                   = 1
2615  read(3, "k", 1)                   = 1
2615  read(3, "s", 1)                   = 1
2615  read(3, "]", 1)                   = 1
2615  read(3, "}", 1)                   = 1
2615  read(3, "\n", 1)                  = 1
2615  write(6, "38\n", 3)               = 3
2615  write(6, "\\section*{Q3. Be a Seeker [20 ma"..., 38) = 38
2615  read(3, "%", 1)                   = 1
2615  read(3, "%", 1)                   = 1
2615  read(3, "%", 1)                   = 1
2615  read(3, "%", 1)                   = 1
2615  read(3, "%", 1)                   = 1
2615  read(3, "%", 1)                   = 1
2615  read(3, "%", 1)                   = 1
2615  read(3, "%", 1)                   = 1
2615  read(3, "%", 1)                   = 1
2615  read(3, "%", 1)                   = 1
2615  read(3, "%", 1)                   = 1
2615  read(3, "%", 1)                   = 1
2615  read(3, "%", 1)                   = 1
2615  read(3, "%", 1)                   = 1
2615  read(3, "%", 1)                   = 1
2615  read(3, "%", 1)                   = 1
2615  read(3, "%", 1)                   = 1
2615  read(3, "%", 1)                   = 1
2615  read(3, "%", 1)                   = 1
2615  read(3, "%", 1)                   = 1
2615  read(3, "%", 1)                   = 1
2615  read(3, "%", 1)                   = 1
2615  read(3, "%", 1)                   = 1
2615  read(3, "%", 1)                   = 1
2615  read(3, "%", 1)                   = 1
2615  read(3, "%", 1)                   = 1
2615  read(3, "%", 1)                   = 1
2615  read(3, "%", 1)                   = 1
2615  read(3, "%", 1)                   = 1
2615  read(3, "%", 1)                   = 1
2615  read(3, "%", 1)                   = 1
2615  read(3, "%", 1)                   = 1
2615  read(3, "%", 1)                   = 1
2615  read(3, "%", 1)                   = 1
2615  read(3, "%", 1)                   = 1
2615  read(3, "%", 1)                   = 1
2615  read(3, "\n", 1)                  = 1
2615  write(6, "37\n", 3)               = 3
2615  write(6, "%%%%%%%%%%%%%%%%%%%%%%%%%%%%%%%%"..., 37) = 37
2615  read(3, "%", 1)                   = 1
2615  read(3, "%", 1)                   = 1
2615  read(3, "%", 1)                   = 1
2615  read(3, "%", 1)                   = 1
2615  read(3, "%", 1)                   = 1
2615  read(3, "%", 1)                   = 1
2615  read(3, "%", 1)                   = 1
2615  read(3, "%", 1)                   = 1
2615  read(3, "%", 1)                   = 1
2615  read(3, "%", 1)                   = 1
2615  read(3, "%", 1)                   = 1
2615  read(3, "%", 1)                   = 1
2615  read(3, "%", 1)                   = 1
2615  read(3, "%", 1)                   = 1
2615  read(3, "%", 1)                   = 1
2615  read(3, "%", 1)                   = 1
2615  read(3, "%", 1)                   = 1
2615  read(3, "%", 1)                   = 1
2615  read(3, "%", 1)                   = 1
2615  read(3, "%", 1)                   = 1
2615  read(3, "%", 1)                   = 1
2615  read(3, "%", 1)                   = 1
2615  read(3, "%", 1)                   = 1
2615  read(3, "%", 1)                   = 1
2615  read(3, "%", 1)                   = 1
2615  read(3, "%", 1)                   = 1
2615  read(3, "%", 1)                   = 1
2615  read(3, "%", 1)                   = 1
2615  read(3, "%", 1)                   = 1
2615  read(3, "%", 1)                   = 1
2615  read(3, "%", 1)                   = 1
2615  read(3, "%", 1)                   = 1
2615  read(3, "%", 1)                   = 1
2615  read(3, "%", 1)                   = 1
2615  read(3, "%", 1)                   = 1
2615  read(3, "%", 1)                   = 1
2615  read(3, "\n", 1)                  = 1
2615  write(6, "37\n", 3)               = 3
2615  write(6, "%%%%%%%%%%%%%%%%%%%%%%%%%%%%%%%%"..., 37) = 37
2615  read(3, "I", 1)                   = 1
2615  read(3, "n", 1)                   = 1
2615  read(3, " ", 1)                   = 1
2615  read(3, "t", 1)                   = 1
2615  read(3, "h", 1)                   = 1
2615  read(3, "i", 1)                   = 1
2615  read(3, "s", 1)                   = 1
2615  read(3, " ", 1)                   = 1
2615  read(3, "p", 1)                   = 1
2615  read(3, "a", 1)                   = 1
2615  read(3, "r", 1)                   = 1
2615  read(3, "t", 1)                   = 1
2615  read(3, " ", 1)                   = 1
2615  read(3, "y", 1)                   = 1
2615  read(3, "o", 1)                   = 1
2615  read(3, "u", 1)                   = 1
2615  read(3, " ", 1)                   = 1
2615  read(3, "w", 1)                   = 1
2615  read(3, "i", 1)                   = 1
2615  read(3, "l", 1)                   = 1
2615  read(3, "l", 1)                   = 1
2615  read(3, " ", 1)                   = 1
2615  read(3, "l", 1)                   = 1
2615  read(3, "e", 1)                   = 1
2615  read(3, "a", 1)                   = 1
2615  read(3, "r", 1)                   = 1
2615  read(3, "n", 1)                   = 1
2615  read(3, " ", 1)                   = 1
2615  read(3, "a", 1)                   = 1
2615  read(3, "b", 1)                   = 1
2615  read(3, "o", 1)                   = 1
2615  read(3, "u", 1)                   = 1
2615  read(3, "t", 1)                   = 1
2615  read(3, " ", 1)                   = 1
2615  read(3, "s", 1)                   = 1
2615  read(3, "e", 1)                   = 1
2615  read(3, "a", 1)                   = 1
2615  read(3, "r", 1)                   = 1
2615  read(3, "c", 1)                   = 1
2615  read(3, "h", 1)                   = 1
2615  read(3, "i", 1)                   = 1
2615  read(3, "n", 1)                   = 1
2615  read(3, "g", 1)                   = 1
2615  read(3, " ", 1)                   = 1
2615  read(3, "a", 1)                   = 1
2615  read(3, " ", 1)                   = 1
2615  read(3, "s", 1)                   = 1
2615  read(3, "t", 1)                   = 1
2615  read(3, "r", 1)                   = 1
2615  read(3, "i", 1)                   = 1
2615  read(3, "n", 1)                   = 1
2615  read(3, "g", 1)                   = 1
2615  read(3, " ", 1)                   = 1
2615  read(3, "i", 1)                   = 1
2615  read(3, "n", 1)                   = 1
2615  read(3, " ", 1)                   = 1
2615  read(3, "a", 1)                   = 1
2615  read(3, " ", 1)                   = 1
2615  read(3, "f", 1)                   = 1
2615  read(3, "i", 1)                   = 1
2615  read(3, "l", 1)                   = 1
2615  read(3, "e", 1)                   = 1
2615  read(3, ".", 1)                   = 1
2615  read(3, "\n", 1)                  = 1
2615  write(6, "64\n", 3)               = 3
2615  write(6, "In this part you will learn abou"..., 64) = 64
2615  read(3, "\n", 1)                  = 1
2615  write(6, "1\n", 2)                = 2
2615  write(6, "\n", 1)                 = 1
2615  read(3, "W", 1)                   = 1
2615  read(3, "r", 1)                   = 1
2615  read(3, "i", 1)                   = 1
2615  read(3, "t", 1)                   = 1
2615  read(3, "e", 1)                   = 1
2615  read(3, " ", 1)                   = 1
2615  read(3, "a", 1)                   = 1
2615  read(3, " ", 1)                   = 1
2615  read(3, "C", 1)                   = 1
2615  read(3, " ", 1)                   = 1
2615  read(3, "p", 1)                   = 1
2615  read(3, "r", 1)                   = 1
2615  read(3, "o", 1)                   = 1
2615  read(3, "g", 1)                   = 1
2615  read(3, "r", 1)                   = 1
2615  read(3, "a", 1)                   = 1
2615  read(3, "m", 1)                   = 1
2615  read(3, " ", 1)                   = 1
2615  read(3, "{", 1)                   = 1
2615  read(3, "\\", 1)                  = 1
2615  read(3, "t", 1)                   = 1
2615  read(3, "t", 1)                   = 1
2615  read(3, " ", 1)                   = 1
2615  read(3, "Q", 1)                   = 1
2615  read(3, "3", 1)                   = 1
2615  read(3, "/", 1)                   = 1
2615  read(3, "i", 1)                   = 1
2615  read(3, "n", 1)                   = 1
2615  read(3, "i", 1)                   = 1
2615  read(3, "t", 1)                   = 1
2615  read(3, ".", 1)                   = 1
2615  read(3, "c", 1)                   = 1
2615  read(3, "}", 1)                   = 1
2615  read(3, " ", 1)                   = 1
2615  read(3, "w", 1)                   = 1
2615  read(3, "h", 1)                   = 1
2615  read(3, "i", 1)                   = 1
2615  read(3, "c", 1)                   = 1
2615  read(3, "h", 1)                   = 1
2615  read(3, " ", 1)                   = 1
2615  read(3, "t", 1)                   = 1
2615  read(3, "a", 1)                   = 1
2615  read(3, "k", 1)                   = 1
2615  read(3, "e", 1)                   = 1
2615  read(3, "s", 1)                   = 1
2615  read(3, " ", 1)                   = 1
2615  read(3, "t", 1)                   = 1
2615  read(3, "w", 1)                   = 1
2615  read(3, "o", 1)                   = 1
2615  read(3, " ", 1)                   = 1
2615  read(3, "a", 1)                   = 1
2615  read(3, "r", 1)                   = 1
2615  read(3, "g", 1)                   = 1
2615  read(3, "u", 1)                   = 1
2615  read(3, "m", 1)                   = 1
2615  read(3, "e", 1)                   = 1
2615  read(3, "n", 1)                   = 1
2615  read(3, "t", 1)                   = 1
2615  read(3, "s", 1)                   = 1
2615  read(3, ",", 1)                   = 1
2615  read(3, " ", 1)                   = 1
2615  read(3, "a", 1)                   = 1
2615  read(3, " ", 1)                   = 1
2615  read(3, "s", 1)                   = 1
2615  read(3, "t", 1)                   = 1
2615  read(3, "r", 1)                   = 1
2615  read(3, "i", 1)                   = 1
2615  read(3, "n", 1)                   = 1
2615  read(3, "g", 1)                   = 1
2615  read(3, " ", 1)                   = 1
2615  read(3, "a", 1)                   = 1
2615  read(3, "n", 1)                   = 1
2615  read(3, "d", 1)                   = 1
2615  read(3, " ", 1)                   = 1
2615  read(3, "a", 1)                   = 1
2615  read(3, " ", 1)                   = 1
2615  read(3, "f", 1)                   = 1
2615  read(3, "i", 1)                   = 1
2615  read(3, "l", 1)                   = 1
2615  read(3, "e", 1)                   = 1
2615  read(3, " ", 1)                   = 1
2615  read(3, "p", 1)                   = 1
2615  read(3, "a", 1)                   = 1
2615  read(3, "t", 1)                   = 1
2615  read(3, "h", 1)                   = 1
2615  read(3, ".", 1)                   = 1
2615  read(3, " ", 1)                   = 1
2615  read(3, "I", 1)                   = 1
2615  read(3, "t", 1)                   = 1
2615  read(3, " ", 1)                   = 1
2615  read(3, "s", 1)                   = 1
2615  read(3, "h", 1)                   = 1
2615  read(3, "o", 1)                   = 1
2615  read(3, "u", 1)                   = 1
2615  read(3, "l", 1)                   = 1
2615  read(3, "d", 1)                   = 1
2615  read(3, " ", 1)                   = 1
2615  read(3, "t", 1)                   = 1
2615  read(3, "h", 1)                   = 1
2615  read(3, "e", 1)                   = 1
2615  read(3, "n", 1)                   = 1
2615  read(3, " ", 1)                   = 1
2615  read(3, "s", 1)                   = 1
2615  read(3, "e", 1)                   = 1
2615  read(3, "a", 1)                   = 1
2615  read(3, "r", 1)                   = 1
2615  read(3, "c", 1)                   = 1
2615  read(3, "h", 1)                   = 1
2615  read(3, " ", 1)                   = 1
2615  read(3, "f", 1)                   = 1
2615  read(3, "o", 1)                   = 1
2615  read(3, "r", 1)                   = 1
2615  read(3, " ", 1)                   = 1
2615  read(3, "t", 1)                   = 1
2615  read(3, "h", 1)                   = 1
2615  read(3, "e", 1)                   = 1
2615  read(3, " ", 1)                   = 1
2615  read(3, "g", 1)                   = 1
2615  read(3, "i", 1)                   = 1
2615  read(3, "v", 1)                   = 1
2615  read(3, "e", 1)                   = 1
2615  read(3, "n", 1)                   = 1
2615  read(3, " ", 1)                   = 1
2615  read(3, "s", 1)                   = 1
2615  read(3, "t", 1)                   = 1
2615  read(3, "r", 1)                   = 1
2615  read(3, "i", 1)                   = 1
2615  read(3, "n", 1)                   = 1
2615  read(3, "g", 1)                   = 1
2615  read(3, " ", 1)                   = 1
2615  read(3, "i", 1)                   = 1
2615  read(3, "n", 1)                   = 1
2615  read(3, " ", 1)                   = 1
2615  read(3, "t", 1)                   = 1
2615  read(3, "h", 1)                   = 1
2615  read(3, "a", 1)                   = 1
2615  read(3, "t", 1)                   = 1
2615  read(3, " ", 1)                   = 1
2615  read(3, "f", 1)                   = 1
2615  read(3, "i", 1)                   = 1
2615  read(3, "l", 1)                   = 1
2615  read(3, "e", 1)                   = 1
2615  read(3, " ", 1)                   = 1
2615  read(3, "a", 1)                   = 1
2615  read(3, "n", 1)                   = 1
2615  read(3, "d", 1)                   = 1
2615  read(3, " ", 1)                   = 1
2615  read(3, "p", 1)                   = 1
2615  read(3, "r", 1)                   = 1
2615  read(3, "i", 1)                   = 1
2615  read(3, "n", 1)                   = 1
2615  read(3, "t", 1)                   = 1
2615  read(3, " ", 1)                   = 1
2615  read(3, "\n", 1)                  = 1
2615  write(6, "154\n", 4)              = 4
2615  write(6, "Write a C program {\\tt Q3/init.c"..., 154) = 154
2615  read(3, "{", 1)                   = 1
2615  read(3, "\\", 1)                  = 1
2615  read(3, "b", 1)                   = 1
2615  read(3, "f", 1)                   = 1
2615  read(3, " ", 1)                   = 1
2615  read(3, "F", 1)                   = 1
2615  read(3, "O", 1)                   = 1
2615  read(3, "U", 1)                   = 1
2615  read(3, "N", 1)                   = 1
2615  read(3, "D", 1)                   = 1
2615  read(3, "}", 1)                   = 1
2615  read(3, " ", 1)                   = 1
2615  read(3, "i", 1)                   = 1
2615  read(3, "f", 1)                   = 1
2615  read(3, " ", 1)                   = 1
2615  read(3, "s", 1)                   = 1
2615  read(3, "t", 1)                   = 1
2615  read(3, "r", 1)                   = 1
2615  read(3, "i", 1)                   = 1
2615  read(3, "n", 1)                   = 1
2615  read(3, "g", 1)                   = 1
2615  read(3, " ", 1)                   = 1
2615  read(3, "i", 1)                   = 1
2615  read(3, "s", 1)                   = 1
2615  read(3, " ", 1)                   = 1
2615  read(3, "f", 1)                   = 1
2615  read(3, "o", 1)                   = 1
2615  read(3, "u", 1)                   = 1
2615  read(3, "n", 1)                   = 1
2615  read(3, "d", 1)                   = 1
2615  read(3, ",", 1)                   = 1
2615  read(3, " ", 1)                   = 1
2615  read(3, "o", 1)                   = 1
2615  read(3, "t", 1)                   = 1
2615  read(3, "h", 1)                   = 1
2615  read(3, "e", 1)                   = 1
2615  read(3, "r", 1)                   = 1
2615  read(3, "w", 1)                   = 1
2615  read(3, "i", 1)                   = 1
2615  read(3, "s", 1)                   = 1
2615  read(3, "e", 1)                   = 1
2615  read(3, " ", 1)                   = 1
2615  read(3, "p", 1)                   = 1
2615  read(3, "r", 1)                   = 1
2615  read(3, "i", 1)                   = 1
2615  read(3, "n", 1)                   = 1
2615  read(3, "t", 1)                   = 1
2615  read(3, " ", 1)                   = 1
2615  read(3, "{", 1)                   = 1
2615  read(3, "\\", 1)                  = 1
2615  read(3, "b", 1)                   = 1
2615  read(3, "f", 1)                   = 1
2615  read(3, " ", 1)                   = 1
2615  read(3, "N", 1)                   = 1
2615  read(3, "O", 1)                   = 1
2615  read(3, "T", 1)                   = 1
2615  read(3, " ", 1)                   = 1
2615  read(3, "F", 1)                   = 1
2615  read(3, "O", 1)                   = 1
2615  read(3, "U", 1)                   = 1
2615  read(3, "N", 1)                   = 1
2615  read(3, "D", 1)                   = 1
2615  read(3, "}", 1)                   = 1
2615  read(3, ".", 1)                   = 1
2615  read(3, "\n", 1)                  = 1
2615  write(6, "65\n", 3)               = 3
2615  write(6, "{\\bf FOUND} if string is found, "..., 65) = 65
2615  read(3, "\n", 1)                  = 1
2615  write(6, "1\n", 2)                = 2
2615  write(6, "\n", 1)                 = 1
2615  read(3, "\\", 1)                  = 1
2615  read(3, "s", 1)                   = 1
2615  read(3, "u", 1)                   = 1
2615  read(3, "b", 1)                   = 1
2615  read(3, "s", 1)                   = 1
2615  read(3, "u", 1)                   = 1
2615  read(3, "b", 1)                   = 1
2615  read(3, "s", 1)                   = 1
2615  read(3, "e", 1)                   = 1
2615  read(3, "c", 1)                   = 1
2615  read(3, "t", 1)                   = 1
2615  read(3, "i", 1)                   = 1
2615  read(3, "o", 1)                   = 1
2615  read(3, "n", 1)                   = 1
2615  read(3, "*", 1)                   = 1
2615  read(3, "{", 1)                   = 1
2615  read(3, "M", 1)                   = 1
2615  read(3, "a", 1)                   = 1
2615  read(3, "n", 1)                   = 1
2615  read(3, "u", 1)                   = 1
2615  read(3, "a", 1)                   = 1
2615  read(3, "l", 1)                   = 1
2615  read(3, " ", 1)                   = 1
2615  read(3, "b", 1)                   = 1
2615  read(3, "u", 1)                   = 1
2615  read(3, "i", 1)                   = 1
2615  read(3, "l", 1)                   = 1
2615  read(3, "d", 1)                   = 1
2615  read(3, " ", 1)                   = 1
2615  read(3, "a", 1)                   = 1
2615  read(3, "n", 1)                   = 1
2615  read(3, "d", 1)                   = 1
2615  read(3, " ", 1)                   = 1
2615  read(3, "e", 1)                   = 1
2615  read(3, "x", 1)                   = 1
2615  read(3, "e", 1)                   = 1
2615  read(3, "c", 1)                   = 1
2615  read(3, "u", 1)                   = 1
2615  read(3, "t", 1)                   = 1
2615  read(3, "i", 1)                   = 1
2615  read(3, "o", 1)                   = 1
2615  read(3, "n", 1)                   = 1
2615  read(3, "}", 1)                   = 1
2615  read(3, "\n", 1)                  = 1
2615  write(6, "44\n", 3)               = 3
2615  write(6, "\\subsubsection*{Manual build and"..., 44) = 44
2615  read(3, "\n", 1)                  = 1
2615  write(6, "1\n", 2)                = 2
2615  write(6, "\n", 1)                 = 1
2615  read(3, "\n", 1)                  = 1
2615  write(6, "1\n", 2)                = 2
2615  write(6, "\n", 1)                 = 1
2615  read(3, "T", 1)                   = 1
2615  read(3, "h", 1)                   = 1
2615  read(3, "e", 1)                   = 1
2615  read(3, " ", 1)                   = 1
2615  read(3, "s", 1)                   = 1
2615  read(3, "y", 1)                   = 1
2615  read(3, "n", 1)                   = 1
2615  read(3, "t", 1)                   = 1
2615  read(3, "a", 1)                   = 1
2615  read(3, "x", 1)                   = 1
2615  read(3, " ", 1)                   = 1
2615  read(3, "f", 1)                   = 1
2615  read(3, "o", 1)                   = 1
2615  read(3, "r", 1)                   = 1
2615  read(3, " ", 1)                   = 1
2615  read(3, "m", 1)                   = 1
2615  read(3, "a", 1)                   = 1
2615  read(3, "n", 1)                   = 1
2615  read(3, "u", 1)                   = 1
2615  read(3, "a", 1)                   = 1
2615  read(3, "l", 1)                   = 1
2615  read(3, " ", 1)                   = 1
2615  read(3, "e", 1)                   = 1
2615  read(3, "x", 1)                   = 1
2615  read(3, "e", 1)                   = 1
2615  read(3, "c", 1)                   = 1
2615  read(3, "u", 1)                   = 1
2615  read(3, "t", 1)                   = 1
2615  read(3, "i", 1)                   = 1
2615  read(3, "o", 1)                   = 1
2615  read(3, "n", 1)                   = 1
2615  read(3, " ", 1)                   = 1
2615  read(3, "i", 1)                   = 1
2615  read(3, "s", 1)                   = 1
2615  read(3, " ", 1)                   = 1
2615  read(3, "a", 1)                   = 1
2615  read(3, "s", 1)                   = 1
2615  read(3, " ", 1)                   = 1
2615  read(3, "f", 1)                   = 1
2615  read(3, "o", 1)                   = 1
2615  read(3, "l", 1)                   = 1
2615  read(3, "l", 1)                   = 1
2615  read(3, "o", 1)                   = 1
2615  read(3, "w", 1)                   = 1
2615  read(3, "s", 1)                   = 1
2615  read(3, ",", 1)                   = 1
2615  read(3, "\n", 1)                  = 1
2615  write(6, "47\n", 3)               = 3
2615  write(6, "The syntax for manual execution "..., 47) = 47
2615  read(3, "\\", 1)                  = 1
2615  read(3, "b", 1)                   = 1
2615  read(3, "e", 1)                   = 1
2615  read(3, "g", 1)                   = 1
2615  read(3, "i", 1)                   = 1
2615  read(3, "n", 1)                   = 1
2615  read(3, "{", 1)                   = 1
2615  read(3, "v", 1)                   = 1
2615  read(3, "e", 1)                   = 1
2615  read(3, "r", 1)                   = 1
2615  read(3, "b", 1)                   = 1
2615  read(3, "a", 1)                   = 1
2615  read(3, "t", 1)                   = 1
2615  read(3, "i", 1)                   = 1
2615  read(3, "m", 1)                   = 1
2615  read(3, "}", 1)                   = 1
2615  read(3, "\n", 1)                  = 1
2615  write(6, "17\n", 3)               = 3
2615  write(6, "\\begin{verbatim}\n", 17) = 17
2615  read(3, "$", 1)                   = 1
2615  read(3, " ", 1)                   = 1
2615  read(3, "g", 1)                   = 1
2615  read(3, "c", 1)                   = 1
2615  read(3, "c", 1)                   = 1
2615  read(3, " ", 1)                   = 1
2615  read(3, "i", 1)                   = 1
2615  read(3, "n", 1)                   = 1
2615  read(3, "i", 1)                   = 1
2615  read(3, "t", 1)                   = 1
2615  read(3, ".", 1)                   = 1
2615  read(3, "c", 1)                   = 1
2615  read(3, " ", 1)                   = 1
2615  read(3, "-", 1)                   = 1
2615  read(3, "o", 1)                   = 1
2615  read(3, " ", 1)                   = 1
2615  read(3, "i", 1)                   = 1
2615  read(3, "n", 1)                   = 1
2615  read(3, "i", 1)                   = 1
2615  read(3, "t", 1)                   = 1
2615  read(3, "\n", 1)                  = 1
2615  write(6, "21\n", 3)               = 3
2615  write(6, "$ gcc init.c -o init\n", 21) = 21
2615  read(3, "#", 1)                   = 1
2615  read(3, "C", 1)                   = 1
2615  read(3, "o", 1)                   = 1
2615  read(3, "m", 1)                   = 1
2615  read(3, "p", 1)                   = 1
2615  read(3, "i", 1)                   = 1
2615  read(3, "l", 1)                   = 1
2615  read(3, "e", 1)                   = 1
2615  read(3, "\n", 1)                  = 1
2615  write(6, "9\n", 2)                = 2
2615  write(6, "#Compile\n", 9)         = 9
2615  read(3, "$", 1)                   = 1
2615  read(3, " ", 1)                   = 1
2615  read(3, ".", 1)                   = 1
2615  read(3, "/", 1)                   = 1
2615  read(3, "i", 1)                   = 1
2615  read(3, "n", 1)                   = 1
2615  read(3, "i", 1)                   = 1
2615  read(3, "t", 1)                   = 1
2615  read(3, " ", 1)                   = 1
2615  read(3, "<", 1)                   = 1
2615  read(3, "s", 1)                   = 1
2615  read(3, "e", 1)                   = 1
2615  read(3, "a", 1)                   = 1
2615  read(3, "r", 1)                   = 1
2615  read(3, "c", 1)                   = 1
2615  read(3, "h", 1)                   = 1
2615  read(3, "_", 1)                   = 1
2615  read(3, "t", 1)                   = 1
2615  read(3, "e", 1)                   = 1
2615  read(3, "r", 1)                   = 1
2615  read(3, "m", 1)                   = 1
2615  read(3, ">", 1)                   = 1
2615  read(3, " ", 1)                   = 1
2615  read(3, "<", 1)                   = 1
2615  read(3, "f", 1)                   = 1
2615  read(3, "i", 1)                   = 1
2615  read(3, "l", 1)                   = 1
2615  read(3, "e", 1)                   = 1
2615  read(3, "_", 1)                   = 1
2615  read(3, "n", 1)                   = 1
2615  read(3, "a", 1)                   = 1
2615  read(3, "m", 1)                   = 1
2615  read(3, "e", 1)                   = 1
2615  read(3, ">", 1)                   = 1
2615  read(3, "\n", 1)                  = 1
2615  write(6, "35\n", 3)               = 3
2615  write(6, "$ ./init <search_term> <file_nam"..., 35) = 35
2615  read(3, "#", 1)                   = 1
2615  read(3, " ", 1)                   = 1
2615  read(3, "H", 1)                   = 1
2615  read(3, "e", 1)                   = 1
2615  read(3, "r", 1)                   = 1
2615  read(3, "e", 1)                   = 1
2615  read(3, " ", 1)                   = 1
2615  read(3, "t", 1)                   = 1
2615  read(3, "h", 1)                   = 1
2615  read(3, "e", 1)                   = 1
2615  read(3, " ", 1)                   = 1
2615  read(3, "<", 1)                   = 1
2615  read(3, "s", 1)                   = 1
2615  read(3, "e", 1)                   = 1
2615  read(3, "a", 1)                   = 1
2615  read(3, "r", 1)                   = 1
2615  read(3, "c", 1)                   = 1
2615  read(3, "h", 1)                   = 1
2615  read(3, "_", 1)                   = 1
2615  read(3, "t", 1)                   = 1
2615  read(3, "e", 1)                   = 1
2615  read(3, "r", 1)                   = 1
2615  read(3, "m", 1)                   = 1
2615  read(3, ">", 1)                   = 1
2615  read(3, " ", 1)                   = 1
2615  read(3, "w", 1)                   = 1
2615  read(3, "i", 1)                   = 1
2615  read(3, "l", 1)                   = 1
2615  read(3, "l", 1)                   = 1
2615  read(3, " ", 1)                   = 1
2615  read(3, "b", 1)                   = 1
2615  read(3, "e", 1)                   = 1
2615  read(3, " ", 1)                   = 1
2615  read(3, "a", 1)                   = 1
2615  read(3, " ", 1)                   = 1
2615  read(3, "s", 1)                   = 1
2615  read(3, "i", 1)                   = 1
2615  read(3, "n", 1)                   = 1
2615  read(3, "g", 1)                   = 1
2615  read(3, "l", 1)                   = 1
2615  read(3, "e", 1)                   = 1
2615  read(3, " ", 1)                   = 1
2615  read(3, "w", 1)                   = 1
2615  read(3, "o", 1)                   = 1
2615  read(3, "r", 1)                   = 1
2615  read(3, "d", 1)                   = 1
2615  read(3, "\n", 1)                  = 1
2615  write(6, "47\n", 3)               = 3
2615  write(6, "# Here the <search_term> will be"..., 47) = 47
2615  read(3, "#", 1)                   = 1
2615  read(3, " ", 1)                   = 1
2615  read(3, "c", 1)                   = 1
2615  read(3, "o", 1)                   = 1
2615  read(3, "n", 1)                   = 1
2615  read(3, "s", 1)                   = 1
2615  read(3, "i", 1)                   = 1
2615  read(3, "s", 1)                   = 1
2615  read(3, "t", 1)                   = 1
2615  read(3, "s", 1)                   = 1
2615  read(3, " ", 1)                   = 1
2615  read(3, "o", 1)                   = 1
2615  read(3, "f", 1)                   = 1
2615  read(3, " ", 1)                   = 1
2615  read(3, "o", 1)                   = 1
2615  read(3, "n", 1)                   = 1
2615  read(3, "l", 1)                   = 1
2615  read(3, "y", 1)                   = 1
2615  read(3, " ", 1)                   = 1
2615  read(3, "a", 1)                   = 1
2615  read(3, "l", 1)                   = 1
2615  read(3, "p", 1)                   = 1
2615  read(3, "h", 1)                   = 1
2615  read(3, "a", 1)                   = 1
2615  read(3, "n", 1)                   = 1
2615  read(3, "u", 1)                   = 1
2615  read(3, "m", 1)                   = 1
2615  read(3, "e", 1)                   = 1
2615  read(3, "r", 1)                   = 1
2615  read(3, "i", 1)                   = 1
2615  read(3, "c", 1)                   = 1
2615  read(3, " ", 1)                   = 1
2615  read(3, "l", 1)                   = 1
2615  read(3, "e", 1)                   = 1
2615  read(3, "t", 1)                   = 1
2615  read(3, "t", 1)                   = 1
2615  read(3, "e", 1)                   = 1
2615  read(3, "r", 1)                   = 1
2615  read(3, "s", 1)                   = 1
2615  read(3, ".", 1)                   = 1
2615  read(3, "\n", 1)                  = 1
2615  write(6, "41\n", 3)               = 3
2615  write(6, "# consists of only alphanumeric "..., 41) = 41
2615  read(3, "\\", 1)                  = 1
2615  read(3, "e", 1)                   = 1
2615  read(3, "n", 1)                   = 1
2615  read(3, "d", 1)                   = 1
2615  read(3, "{", 1)                   = 1
2615  read(3, "v", 1)                   = 1
2615  read(3, "e", 1)                   = 1
2615  read(3, "r", 1)                   = 1
2615  read(3, "b", 1)                   = 1
2615  read(3, "a", 1)                   = 1
2615  read(3, "t", 1)                   = 1
2615  read(3, "i", 1)                   = 1
2615  read(3, "m", 1)                   = 1
2615  read(3, "}", 1)                   = 1
2615  read(3, "\n", 1)                  = 1
2615  write(6, "15\n", 3)               = 3
2615  write(6, "\\end{verbatim}\n", 15) = 15
2615  read(3, "\n", 1)                  = 1
2615  write(6, "1\n", 2)                = 2
2615  write(6, "\n", 1)                 = 1
2615  read(3, "\\", 1)                  = 1
2615  read(3, "s", 1)                   = 1
2615  read(3, "u", 1)                   = 1
2615  read(3, "b", 1)                   = 1
2615  read(3, "s", 1)                   = 1
2615  read(3, "u", 1)                   = 1
2615  read(3, "b", 1)                   = 1
2615  read(3, "s", 1)                   = 1
2615  read(3, "e", 1)                   = 1
2615  read(3, "c", 1)                   = 1
2615  read(3, "t", 1)                   = 1
2615  read(3, "i", 1)                   = 1
2615  read(3, "o", 1)                   = 1
2615  read(3, "n", 1)                   = 1
2615  read(3, "*", 1)                   = 1
2615  read(3, "{", 1)                   = 1
2615  read(3, "E", 1)                   = 1
2615  read(3, "x", 1)                   = 1
2615  read(3, "a", 1)                   = 1
2615  read(3, "m", 1)                   = 1
2615  read(3, "p", 1)                   = 1
2615  read(3, "l", 1)                   = 1
2615  read(3, "e", 1)                   = 1
2615  read(3, "}", 1)                   = 1
2615  read(3, "\n", 1)                  = 1
2615  write(6, "25\n", 3)               = 3
2615  write(6, "\\subsubsection*{Example}\n", 25) = 25
2615  read(3, "C", 1)                   = 1
2615  read(3, "o", 1)                   = 1
2615  read(3, "n", 1)                   = 1
2615  read(3, "s", 1)                   = 1
2615  read(3, "i", 1)                   = 1
2615  read(3, "d", 1)                   = 1
2615  read(3, "e", 1)                   = 1
2615  read(3, "r", 1)                   = 1
2615  read(3, " ", 1)                   = 1
2615  read(3, "a", 1)                   = 1
2615  read(3, " ", 1)                   = 1
2615  read(3, "f", 1)                   = 1
2615  read(3, "i", 1)                   = 1
2615  read(3, "l", 1)                   = 1
2615  read(3, "e", 1)                   = 1
2615  read(3, " ", 1)                   = 1
2615  read(3, "{", 1)                   = 1
2615  read(3, "\\", 1)                  = 1
2615  read(3, "t", 1)                   = 1
2615  read(3, "t", 1)                   = 1
2615  read(3, " ", 1)                   = 1
2615  read(3, "c", 1)                   = 1
2615  read(3, "o", 1)                   = 1
2615  read(3, "u", 1)                   = 1
2615  read(3, "r", 1)                   = 1
2615  read(3, "s", 1)                   = 1
2615  read(3, "e", 1)                   = 1
2615  read(3, "s", 1)                   = 1
2615  read(3, ".", 1)                   = 1
2615  read(3, "t", 1)                   = 1
2615  read(3, "x", 1)                   = 1
2615  read(3, "t", 1)                   = 1
2615  read(3, "}", 1)                   = 1
2615  read(3, " ", 1)                   = 1
2615  read(3, "w", 1)                   = 1
2615  read(3, "i", 1)                   = 1
2615  read(3, "t", 1)                   = 1
2615  read(3, "h", 1)                   = 1
2615  read(3, " ", 1)                   = 1
2615  read(3, "t", 1)                   = 1
2615  read(3, "h", 1)                   = 1
2615  read(3, "e", 1)                   = 1
2615  read(3, " ", 1)                   = 1
2615  read(3, "f", 1)                   = 1
2615  read(3, "o", 1)                   = 1
2615  read(3, "l", 1)                   = 1
2615  read(3, "l", 1)                   = 1
2615  read(3, "o", 1)                   = 1
2615  read(3, "w", 1)                   = 1
2615  read(3, "i", 1)                   = 1
2615  read(3, "n", 1)                   = 1
2615  read(3, "g", 1)                   = 1
2615  read(3, " ", 1)                   = 1
2615  read(3, "c", 1)                   = 1
2615  read(3, "o", 1)                   = 1
2615  read(3, "n", 1)                   = 1
2615  read(3, "t", 1)                   = 1
2615  read(3, "e", 1)                   = 1
2615  read(3, "n", 1)                   = 1
2615  read(3, "t", 1)                   = 1
2615  read(3, "s", 1)                   = 1
2615  read(3, ":", 1)                   = 1
2615  read(3, "\n", 1)                  = 1
2615  write(6, "63\n", 3)               = 3
2615  write(6, "Consider a file {\\tt courses.txt"..., 63) = 63
2615  read(3, "\\", 1)                  = 1
2615  read(3, "b", 1)                   = 1
2615  read(3, "e", 1)                   = 1
2615  read(3, "g", 1)                   = 1
2615  read(3, "i", 1)                   = 1
2615  read(3, "n", 1)                   = 1
2615  read(3, "{", 1)                   = 1
2615  read(3, "v", 1)                   = 1
2615  read(3, "e", 1)                   = 1
2615  read(3, "r", 1)                   = 1
2615  read(3, "b", 1)                   = 1
2615  read(3, "a", 1)                   = 1
2615  read(3, "t", 1)                   = 1
2615  read(3, "i", 1)                   = 1
2615  read(3, "m", 1)                   = 1
2615  read(3, "}", 1)                   = 1
2615  read(3, "\n", 1)                  = 1
2615  write(6, "17\n", 3)               = 3
2615  write(6, "\\begin{verbatim}\n", 17) = 17
2615  read(3, "e", 1)                   = 1
2615  read(3, "s", 1)                   = 1
2615  read(3, "c", 1)                   = 1
2615  read(3, "1", 1)                   = 1
2615  read(3, "0", 1)                   = 1
2615  read(3, "1", 1)                   = 1
2615  read(3, " ", 1)                   = 1
2615  read(3, "i", 1)                   = 1
2615  read(3, "s", 1)                   = 1
2615  read(3, " ", 1)                   = 1
2615  read(3, "a", 1)                   = 1
2615  read(3, " ", 1)                   = 1
2615  read(3, "g", 1)                   = 1
2615  read(3, "r", 1)                   = 1
2615  read(3, "e", 1)                   = 1
2615  read(3, "a", 1)                   = 1
2615  read(3, "t", 1)                   = 1
2615  read(3, " ", 1)                   = 1
2615  read(3, "c", 1)                   = 1
2615  read(3, "o", 1)                   = 1
2615  read(3, "u", 1)                   = 1
2615  read(3, "r", 1)                   = 1
2615  read(3, "s", 1)                   = 1
2615  read(3, "e", 1)                   = 1
2615  read(3, " ", 1)                   = 1
2615  read(3, "t", 1)                   = 1
2615  read(3, "o", 1)                   = 1
2615  read(3, " ", 1)                   = 1
2615  read(3, "s", 1)                   = 1
2615  read(3, "t", 1)                   = 1
2615  read(3, "a", 1)                   = 1
2615  read(3, "r", 1)                   = 1
2615  read(3, "t", 1)                   = 1
2615  read(3, " ", 1)                   = 1
2615  read(3, "w", 1)                   = 1
2615  read(3, "i", 1)                   = 1
2615  read(3, "t", 1)                   = 1
2615  read(3, "h", 1)                   = 1
2615  read(3, ".", 1)                   = 1
2615  read(3, "\n", 1)                  = 1
2615  write(6, "40\n", 3)               = 3
2615  write(6, "esc101 is a great course to star"..., 40) = 40
2615  read(3, "p", 1)                   = 1
2615  read(3, "h", 1)                   = 1
2615  read(3, "y", 1)                   = 1
2615  read(3, "2", 1)                   = 1
2615  read(3, "0", 1)                   = 1
2615  read(3, "1", 1)                   = 1
2615  read(3, " ", 1)                   = 1
2615  read(3, "i", 1)                   = 1
2615  read(3, "s", 1)                   = 1
2615  read(3, " ", 1)                   = 1
2615  read(3, "a", 1)                   = 1
2615  read(3, " ", 1)                   = 1
2615  read(3, "c", 1)                   = 1
2615  read(3, "o", 1)                   = 1
2615  read(3, "u", 1)                   = 1
2615  read(3, "r", 1)                   = 1
2615  read(3, "s", 1)                   = 1
2615  read(3, "e", 1)                   = 1
2615  read(3, " ", 1)                   = 1
2615  read(3, "n", 1)                   = 1
2615  read(3, "u", 1)                   = 1
2615  read(3, "m", 1)                   = 1
2615  read(3, "b", 1)                   = 1
2615  read(3, "e", 1)                   = 1
2615  read(3, "r", 1)                   = 1
2615  read(3, " ", 1)                   = 1
2615  read(3, "f", 1)                   = 1
2615  read(3, "o", 1)                   = 1
2615  read(3, "r", 1)                   = 1
2615  read(3, " ", 1)                   = 1
2615  read(3, "p", 1)                   = 1
2615  read(3, "h", 1)                   = 1
2615  read(3, "y", 1)                   = 1
2615  read(3, "s", 1)                   = 1
2615  read(3, "i", 1)                   = 1
2615  read(3, "c", 1)                   = 1
2615  read(3, "s", 1)                   = 1
2615  read(3, " ", 1)                   = 1
2615  read(3, "d", 1)                   = 1
2615  read(3, "e", 1)                   = 1
2615  read(3, "p", 1)                   = 1
2615  read(3, "a", 1)                   = 1
2615  read(3, "r", 1)                   = 1
2615  read(3, "t", 1)                   = 1
2615  read(3, "m", 1)                   = 1
2615  read(3, "e", 1)                   = 1
2615  read(3, "n", 1)                   = 1
2615  read(3, "t", 1)                   = 1
2615  read(3, ".", 1)                   = 1
2615  read(3, "\n", 1)                  = 1
2615  write(6, "50\n", 3)               = 3
2615  write(6, "phy201 is a course number for ph"..., 50) = 50
2615  read(3, "e", 1)                   = 1
2615  read(3, "c", 1)                   = 1
2615  read(3, "o", 1)                   = 1
2615  read(3, "2", 1)                   = 1
2615  read(3, "0", 1)                   = 1
2615  read(3, "1", 1)                   = 1
2615  read(3, "\n", 1)                  = 1
2615  write(6, "7\n", 2)                = 2
2615  write(6, "eco201\n", 7)           = 7
2615  read(3, "e", 1)                   = 1
2615  read(3, "e", 1)                   = 1
2615  read(3, "2", 1)                   = 1
2615  read(3, "0", 1)                   = 1
2615  read(3, "1", 1)                   = 1
2615  read(3, "\n", 1)                  = 1
2615  write(6, "6\n", 2)                = 2
2615  write(6, "ee201\n", 6)            = 6
2615  read(3, "c", 1)                   = 1
2615  read(3, "s", 1)                   = 1
2615  read(3, "3", 1)                   = 1
2615  read(3, "3", 1)                   = 1
2615  read(3, "0", 1)                   = 1
2615  read(3, " ", 1)                   = 1
2615  read(3, "i", 1)                   = 1
2615  read(3, "s", 1)                   = 1
2615  read(3, " ", 1)                   = 1
2615  read(3, "a", 1)                   = 1
2615  read(3, " ", 1)                   = 1
2615  read(3, "c", 1)                   = 1
2615  read(3, "o", 1)                   = 1
2615  read(3, "u", 1)                   = 1
2615  read(3, "r", 1)                   = 1
2615  read(3, "s", 1)                   = 1
2615  read(3, "e", 1)                   = 1
2615  read(3, " ", 1)                   = 1
2615  read(3, "f", 1)                   = 1
2615  read(3, "o", 1)                   = 1
2615  read(3, "r", 1)                   = 1
2615  read(3, " ", 1)                   = 1
2615  read(3, "i", 1)                   = 1
2615  read(3, "n", 1)                   = 1
2615  read(3, "t", 1)                   = 1
2615  read(3, "r", 1)                   = 1
2615  read(3, "o", 1)                   = 1
2615  read(3, " ", 1)                   = 1
2615  read(3, "t", 1)                   = 1
2615  read(3, "o", 1)                   = 1
2615  read(3, " ", 1)                   = 1
2615  read(3, "o", 1)                   = 1
2615  read(3, "p", 1)                   = 1
2615  read(3, "e", 1)                   = 1
2615  read(3, "r", 1)                   = 1
2615  read(3, "a", 1)                   = 1
2615  read(3, "t", 1)                   = 1
2615  read(3, "i", 1)                   = 1
2615  read(3, "n", 1)                   = 1
2615  read(3, "g", 1)                   = 1
2615  read(3, " ", 1)                   = 1
2615  read(3, "s", 1)                   = 1
2615  read(3, "y", 1)                   = 1
2615  read(3, "s", 1)                   = 1
2615  read(3, "t", 1)                   = 1
2615  read(3, "e", 1)                   = 1
2615  read(3, "m", 1)                   = 1
2615  read(3, ".", 1)                   = 1
2615  read(3, "\n", 1)                  = 1
2615  write(6, "49\n", 3)               = 3
2615  write(6, "cs330 is a course for intro to o"..., 49) = 49
2615  read(3, "c", 1)                   = 1
2615  read(3, "s", 1)                   = 1
2615  read(3, "7", 1)                   = 1
2615  read(3, "6", 1)                   = 1
2615  read(3, "8", 1)                   = 1
2615  read(3, "\n", 1)                  = 1
2615  write(6, "6\n", 2)                = 2
2615  write(6, "cs768\n", 6)            = 6
2615  read(3, "c", 1)                   = 1
2615  read(3, "s", 1)                   = 1
2615  read(3, "2", 1)                   = 1
2615  read(3, "3", 1)                   = 1
2615  read(3, "4", 1)                   = 1
2615  read(3, "\n", 1)                  = 1
2615  write(6, "6\n", 2)                = 2
2615  write(6, "cs234\n", 6)            = 6
2615  read(3, "e", 1)                   = 1
2615  read(3, "c", 1)                   = 1
2615  read(3, "2", 1)                   = 1
2615  read(3, "1", 1)                   = 1
2615  read(3, "2", 1)                   = 1
2615  read(3, "\n", 1)                  = 1
2615  write(6, "6\n", 2)                = 2
2615  write(6, "ec212\n", 6)            = 6
2615  read(3, "c", 1)                   = 1
2615  read(3, "h", 1)                   = 1
2615  read(3, "m", 1)                   = 1
2615  read(3, "1", 1)                   = 1
2615  read(3, "1", 1)                   = 1
2615  read(3, "2", 1)                   = 1
2615  read(3, "\n", 1)                  = 1
2615  write(6, "7\n", 2)                = 2
2615  write(6, "chm112\n", 7)           = 7
2615  read(3, "m", 1)                   = 1
2615  read(3, "t", 1)                   = 1
2615  read(3, "2", 1)                   = 1
2615  read(3, "1", 1)                   = 1
2615  read(3, "6", 1)                   = 1
2615  read(3, "c", 1)                   = 1
2615  read(3, "s", 1)                   = 1
2615  read(3, "1", 1)                   = 1
2615  read(3, "9", 1)                   = 1
2615  read(3, "3", 1)                   = 1
2615  read(3, "\n", 1)                  = 1
2615  write(6, "11\n", 3)               = 3
2615  write(6, "mt216cs193\n", 11)      = 11
2615  read(3, "\n", 1)                  = 1
2615  write(6, "1\n", 2)                = 2
2615  write(6, "\n", 1)                 = 1
2615  read(3, "\n", 1)                  = 1
2615  write(6, "1\n", 2)                = 2
2615  write(6, "\n", 1)                 = 1
2615  read(3, "$", 1)                   = 1
2615  read(3, " ", 1)                   = 1
2615  read(3, ".", 1)                   = 1
2615  read(3, "/", 1)                   = 1
2615  read(3, "i", 1)                   = 1
2615  read(3, "n", 1)                   = 1
2615  read(3, "i", 1)                   = 1
2615  read(3, "t", 1)                   = 1
2615  read(3, " ", 1)                   = 1
2615  read(3, "c", 1)                   = 1
2615  read(3, "s", 1)                   = 1
2615  read(3, "3", 1)                   = 1
2615  read(3, "3", 1)                   = 1
2615  read(3, "0", 1)                   = 1
2615  read(3, " ", 1)                   = 1
2615  read(3, "c", 1)                   = 1
2615  read(3, "o", 1)                   = 1
2615  read(3, "u", 1)                   = 1
2615  read(3, "r", 1)                   = 1
2615  read(3, "s", 1)                   = 1
2615  read(3, "e", 1)                   = 1
2615  read(3, "s", 1)                   = 1
2615  read(3, ".", 1)                   = 1
2615  read(3, "t", 1)                   = 1
2615  read(3, "x", 1)                   = 1
2615  read(3, "t", 1)                   = 1
2615  read(3, "\n", 1)                  = 1
2615  write(6, "27\n", 3)               = 3
2615  write(6, "$ ./init cs330 courses.txt\n", 27) = 27
2615  read(3, "F", 1)                   = 1
2615  read(3, "O", 1)                   = 1
2615  read(3, "U", 1)                   = 1
2615  read(3, "N", 1)                   = 1
2615  read(3, "D", 1)                   = 1
2615  read(3, "\n", 1)                  = 1
2615  write(6, "6\n", 2)                = 2
2615  write(6, "FOUND\n", 6)            = 6
2615  read(3, "\\", 1)                  = 1
2615  read(3, "e", 1)                   = 1
2615  read(3, "n", 1)                   = 1
2615  read(3, "d", 1)                   = 1
2615  read(3, "{", 1)                   = 1
2615  read(3, "v", 1)                   = 1
2615  read(3, "e", 1)                   = 1
2615  read(3, "r", 1)                   = 1
2615  read(3, "b", 1)                   = 1
2615  read(3, "a", 1)                   = 1
2615  read(3, "t", 1)                   = 1
2615  read(3, "i", 1)                   = 1
2615  read(3, "m", 1)                   = 1
2615  read(3, "}", 1)                   = 1
2615  read(3, "\n", 1)                  = 1
2615  write(6, "15\n", 3)               = 3
2615  write(6, "\\end{verbatim}\n", 15) = 15
2615  read(3, "\n", 1)                  = 1
2615  write(6, "1\n", 2)                = 2
2615  write(6, "\n", 1)                 = 1
2615  read(3, "\\", 1)                  = 1
2615  read(3, "s", 1)                   = 1
2615  read(3, "u", 1)                   = 1
2615  read(3, "b", 1)                   = 1
2615  read(3, "s", 1)                   = 1
2615  read(3, "u", 1)                   = 1
2615  read(3, "b", 1)                   = 1
2615  read(3, "s", 1)                   = 1
2615  read(3, "e", 1)                   = 1
2615  read(3, "c", 1)                   = 1
2615  read(3, "t", 1)                   = 1
2615  read(3, "i", 1)                   = 1
2615  read(3, "o", 1)                   = 1
2615  read(3, "n", 1)                   = 1
2615  read(3, "*", 1)                   = 1
2615  read(3, "{", 1)                   = 1
2615  read(3, "O", 1)                   = 1
2615  read(3, "u", 1)                   = 1
2615  read(3, "t", 1)                   = 1
2615  read(3, "p", 1)                   = 1
2615  read(3, "u", 1)                   = 1
2615  read(3, "t", 1)                   = 1
2615  read(3, "}", 1)                   = 1
2615  read(3, "\n", 1)                  = 1
2615  write(6, "24\n", 3)               = 3
2615  write(6, "\\subsubsection*{Output}\n", 24) = 24
2615  read(3, "P", 1)                   = 1
2615  read(3, "r", 1)                   = 1
2615  read(3, "i", 1)                   = 1
2615  read(3, "n", 1)                   = 1
2615  read(3, "t", 1)                   = 1
2615  read(3, " ", 1)                   = 1
2615  read(3, "t", 1)                   = 1
2615  read(3, "h", 1)                   = 1
2615  read(3, "e", 1)                   = 1
2615  read(3, " ", 1)                   = 1
2615  read(3, "o", 1)                   = 1
2615  read(3, "u", 1)                   = 1
2615  read(3, "t", 1)                   = 1
2615  read(3, "p", 1)                   = 1
2615  read(3, "u", 1)                   = 1
2615  read(3, "t", 1)                   = 1
2615  read(3, " ", 1)                   = 1
2615  read(3, "a", 1)                   = 1
2615  read(3, "s", 1)                   = 1
2615  read(3, " ", 1)                   = 1
2615  read(3, "m", 1)                   = 1
2615  read(3, "e", 1)                   = 1
2615  read(3, "n", 1)                   = 1
2615  read(3, "t", 1)                   = 1
2615  read(3, "i", 1)                   = 1
2615  read(3, "o", 1)                   = 1
2615  read(3, "n", 1)                   = 1
2615  read(3, "e", 1)                   = 1
2615  read(3, "d", 1)                   = 1
2615  read(3, " ", 1)                   = 1
2615  read(3, "i", 1)                   = 1
2615  read(3, "n", 1)                   = 1
2615  read(3, " ", 1)                   = 1
2615  read(3, "t", 1)                   = 1
2615  read(3, "h", 1)                   = 1
2615  read(3, "e", 1)                   = 1
2615  read(3, " ", 1)                   = 1
2615  read(3, "p", 1)                   = 1
2615  read(3, "r", 1)                   = 1
2615  read(3, "o", 1)                   = 1
2615  read(3, "b", 1)                   = 1
2615  read(3, "l", 1)                   = 1
2615  read(3, "e", 1)                   = 1
2615  read(3, "m", 1)                   = 1
2615  read(3, ".", 1)                   = 1
2615  read(3, " ", 1)                   = 1
2615  read(3, "{", 1)                   = 1
2615  read(3, "\\", 1)                  = 1
2615  read(3, "e", 1)                   = 1
2615  read(3, "m", 1)                   = 1
2615  read(3, " ", 1)                   = 1
2615  read(3, "S", 1)                   = 1
2615  read(3, "t", 1)                   = 1
2615  read(3, "i", 1)                   = 1
2615  read(3, "c", 1)                   = 1
2615  read(3, "k", 1)                   = 1
2615  read(3, " ", 1)                   = 1
2615  read(3, "t", 1)                   = 1
2615  read(3, "o", 1)                   = 1
2615  read(3, " ", 1)                   = 1
2615  read(3, "t", 1)                   = 1
2615  read(3, "h", 1)                   = 1
2615  read(3, "e", 1)                   = 1
2615  read(3, " ", 1)                   = 1
2615  read(3, "e", 1)                   = 1
2615  read(3, "x", 1)                   = 1
2615  read(3, "a", 1)                   = 1
2615  read(3, "c", 1)                   = 1
2615  read(3, "t", 1)                   = 1
2615  read(3, " ", 1)                   = 1
2615  read(3, "f", 1)                   = 1
2615  read(3, "o", 1)                   = 1
2615  read(3, "r", 1)                   = 1
2615  read(3, "m", 1)                   = 1
2615  read(3, "a", 1)                   = 1
2615  read(3, "t", 1)                   = 1
2615  read(3, "}", 1)                   = 1
2615  read(3, ".", 1)                   = 1
2615  read(3, "\n", 1)                  = 1
2615  write(6, "79\n", 3)               = 3
2615  write(6, "Print the output as mentioned in"..., 79) = 79
2615  read(3, "\n", 1)                  = 1
2615  write(6, "1\n", 2)                = 2
2615  write(6, "\n", 1)                 = 1
2615  read(3, "\\", 1)                  = 1
2615  read(3, "s", 1)                   = 1
2615  read(3, "u", 1)                   = 1
2615  read(3, "b", 1)                   = 1
2615  read(3, "s", 1)                   = 1
2615  read(3, "u", 1)                   = 1
2615  read(3, "b", 1)                   = 1
2615  read(3, "s", 1)                   = 1
2615  read(3, "e", 1)                   = 1
2615  read(3, "c", 1)                   = 1
2615  read(3, "t", 1)                   = 1
2615  read(3, "i", 1)                   = 1
2615  read(3, "o", 1)                   = 1
2615  read(3, "n", 1)                   = 1
2615  read(3, "*", 1)                   = 1
2615  read(3, "{", 1)                   = 1
2615  read(3, "E", 1)                   = 1
2615  read(3, "r", 1)                   = 1
2615  read(3, "r", 1)                   = 1
2615  read(3, "o", 1)                   = 1
2615  read(3, "r", 1)                   = 1
2615  read(3, " ", 1)                   = 1
2615  read(3, "h", 1)                   = 1
2615  read(3, "a", 1)                   = 1
2615  read(3, "n", 1)                   = 1
2615  read(3, "d", 1)                   = 1
2615  read(3, "l", 1)                   = 1
2615  read(3, "i", 1)                   = 1
2615  read(3, "n", 1)                   = 1
2615  read(3, "g", 1)                   = 1
2615  read(3, "}", 1)                   = 1
2615  read(3, "\n", 1)                  = 1
2615  write(6, "32\n", 3)               = 3
2615  write(6, "\\subsubsection*{Error handling}\n", 32) = 32
2615  read(3, "I", 1)                   = 1
2615  read(3, "n", 1)                   = 1
2615  read(3, " ", 1)                   = 1
2615  read(3, "c", 1)                   = 1
2615  read(3, "a", 1)                   = 1
2615  read(3, "s", 1)                   = 1
2615  read(3, "e", 1)                   = 1
2615  read(3, " ", 1)                   = 1
2615  read(3, "o", 1)                   = 1
2615  read(3, "f", 1)                   = 1
2615  read(3, " ", 1)                   = 1
2615  read(3, "a", 1)                   = 1
2615  read(3, "n", 1)                   = 1
2615  read(3, "y", 1)                   = 1
2615  read(3, " ", 1)                   = 1
2615  read(3, "e", 1)                   = 1
2615  read(3, "r", 1)                   = 1
2615  read(3, "r", 1)                   = 1
2615  read(3, "o", 1)                   = 1
2615  read(3, "r", 1)                   = 1
2615  read(3, ",", 1)                   = 1
2615  read(3, " ", 1)                   = 1
2615  read(3, "p", 1)                   = 1
2615  read(3, "r", 1)                   = 1
2615  read(3, "i", 1)                   = 1
2615  read(3, "n", 1)                   = 1
2615  read(3, "t", 1)                   = 1
2615  read(3, " ", 1)                   = 1
2615  read(3, "\\", 1)                  = 1
2615  read(3, "t", 1)                   = 1
2615  read(3, "e", 1)                   = 1
2615  read(3, "x", 1)                   = 1
2615  read(3, "t", 1)                   = 1
2615  read(3, "b", 1)                   = 1
2615  read(3, "f", 1)                   = 1
2615  read(3, "{", 1)                   = 1
2615  read(3, "\342", 1)                = 1
2615  read(3, "\200", 1)                = 1
2615  read(3, "\234", 1)                = 1
2615  read(3, "E", 1)                   = 1
2615  read(3, "r", 1)                   = 1
2615  read(3, "r", 1)                   = 1
2615  read(3, "o", 1)                   = 1
2615  read(3, "r", 1)                   = 1
2615  read(3, "\342", 1)                = 1
2615  read(3, "\200", 1)                = 1
2615  read(3, "\235", 1)                = 1
2615  read(3, "}", 1)                   = 1
2615  read(3, " ", 1)                   = 1
2615  read(3, "a", 1)                   = 1
2615  read(3, "s", 1)                   = 1
2615  read(3, " ", 1)                   = 1
2615  read(3, "o", 1)                   = 1
2615  read(3, "u", 1)                   = 1
2615  read(3, "t", 1)                   = 1
2615  read(3, "p", 1)                   = 1
2615  read(3, "u", 1)                   = 1
2615  read(3, "t", 1)                   = 1
2615  read(3, ".", 1)                   = 1
2615  read(3, "\n", 1)                  = 1
2615  write(6, "60\n", 3)               = 3
2615  write(6, "In case of any error, print \\tex"..., 60) = 60
2615  read(3, "\n", 1)                  = 1
2615  write(6, "1\n", 2)                = 2
2615  write(6, "\n", 1)                 = 1
2615  read(3, "\\", 1)                  = 1
2615  read(3, "s", 1)                   = 1
2615  read(3, "u", 1)                   = 1
2615  read(3, "b", 1)                   = 1
2615  read(3, "s", 1)                   = 1
2615  read(3, "u", 1)                   = 1
2615  read(3, "b", 1)                   = 1
2615  read(3, "s", 1)                   = 1
2615  read(3, "e", 1)                   = 1
2615  read(3, "c", 1)                   = 1
2615  read(3, "t", 1)                   = 1
2615  read(3, "i", 1)                   = 1
2615  read(3, "o", 1)                   = 1
2615  read(3, "n", 1)                   = 1
2615  read(3, "*", 1)                   = 1
2615  read(3, "{", 1)                   = 1
2615  read(3, "S", 1)                   = 1
2615  read(3, "y", 1)                   = 1
2615  read(3, "s", 1)                   = 1
2615  read(3, "t", 1)                   = 1
2615  read(3, "e", 1)                   = 1
2615  read(3, "m", 1)                   = 1
2615  read(3, " ", 1)                   = 1
2615  read(3, "c", 1)                   = 1
2615  read(3, "a", 1)                   = 1
2615  read(3, "l", 1)                   = 1
2615  read(3, "l", 1)                   = 1
2615  read(3, "s", 1)                   = 1
2615  read(3, " ", 1)                   = 1
2615  read(3, "a", 1)                   = 1
2615  read(3, "n", 1)                   = 1
2615  read(3, "d", 1)                   = 1
2615  read(3, " ", 1)                   = 1
2615  read(3, "l", 1)                   = 1
2615  read(3, "i", 1)                   = 1
2615  read(3, "b", 1)                   = 1
2615  read(3, "r", 1)                   = 1
2615  read(3, "a", 1)                   = 1
2615  read(3, "r", 1)                   = 1
2615  read(3, "y", 1)                   = 1
2615  read(3, " ", 1)                   = 1
2615  read(3, "f", 1)                   = 1
2615  read(3, "u", 1)                   = 1
2615  read(3, "n", 1)                   = 1
2615  read(3, "c", 1)                   = 1
2615  read(3, "t", 1)                   = 1
2615  read(3, "i", 1)                   = 1
2615  read(3, "o", 1)                   = 1
2615  read(3, "n", 1)                   = 1
2615  read(3, "s", 1)                   = 1
2615  read(3, " ", 1)                   = 1
2615  read(3, "a", 1)                   = 1
2615  read(3, "l", 1)                   = 1
2615  read(3, "l", 1)                   = 1
2615  read(3, "o", 1)                   = 1
2615  read(3, "w", 1)                   = 1
2615  read(3, "e", 1)                   = 1
2615  read(3, "d", 1)                   = 1
2615  read(3, "}", 1)                   = 1
2615  read(3, "\n", 1)                  = 1
2615  write(6, "60\n", 3)               = 3
2615  write(6, "\\subsubsection*{System calls and"..., 60) = 60
2615  read(3, "Y", 1)                   = 1
2615  read(3, "o", 1)                   = 1
2615  read(3, "u", 1)                   = 1
2615  read(3, " ", 1)                   = 1
2615  read(3, "\\", 1)                  = 1
2615  read(3, "t", 1)                   = 1
2615  read(3, "e", 1)                   = 1
2615  read(3, "x", 1)                   = 1
2615  read(3, "t", 1)                   = 1
2615  read(3, "b", 1)                   = 1
2615  read(3, "f", 1)                   = 1
2615  read(3, "{", 1)                   = 1
2615  read(3, "m", 1)                   = 1
2615  read(3, "u", 1)                   = 1
2615  read(3, "s", 1)                   = 1
2615  read(3, "t", 1)                   = 1
2615  read(3, " ", 1)                   = 1
2615  read(3, "o", 1)                   = 1
2615  read(3, "n", 1)                   = 1
2615  read(3, "l", 1)                   = 1
2615  read(3, "y", 1)                   = 1
2615  read(3, " ", 1)                   = 1
2615  read(3, "u", 1)                   = 1
2615  read(3, "s", 1)                   = 1
2615  read(3, "e", 1)                   = 1
2615  read(3, "}", 1)                   = 1
2615  read(3, " ", 1)                   = 1
2615  read(3, "t", 1)                   = 1
2615  read(3, "h", 1)                   = 1
2615  read(3, "e", 1)                   = 1
2615  read(3, " ", 1)                   = 1
2615  read(3, "b", 1)                   = 1
2615  read(3, "e", 1)                   = 1
2615  read(3, "l", 1)                   = 1
2615  read(3, "o", 1)                   = 1
2615  read(3, "w", 1)                   = 1
2615  read(3, " ", 1)                   = 1
2615  read(3, "m", 1)                   = 1
2615  read(3, "e", 1)                   = 1
2615  read(3, "n", 1)                   = 1
2615  read(3, "t", 1)                   = 1
2615  read(3, "i", 1)                   = 1
2615  read(3, "o", 1)                   = 1
2615  read(3, "n", 1)                   = 1
2615  read(3, "e", 1)                   = 1
2615  read(3, "d", 1)                   = 1
2615  read(3, " ", 1)                   = 1
2615  read(3, "A", 1)                   = 1
2615  read(3, "P", 1)                   = 1
2615  read(3, "I", 1)                   = 1
2615  read(3, "s", 1)                   = 1
2615  read(3, " ", 1)                   = 1
2615  read(3, "\\", 1)                  = 1
2615  read(3, "t", 1)                   = 1
2615  read(3, "e", 1)                   = 1
2615  read(3, "x", 1)                   = 1
2615  read(3, "t", 1)                   = 1
2615  read(3, "b", 1)                   = 1
2615  read(3, "f", 1)                   = 1
2615  read(3, "{", 1)                   = 1
2615  read(3, "t", 1)                   = 1
2615  read(3, "o", 1)                   = 1
2615  read(3, " ", 1)                   = 1
2615  read(3, "p", 1)                   = 1
2615  read(3, "e", 1)                   = 1
2615  read(3, "r", 1)                   = 1
2615  read(3, "f", 1)                   = 1
2615  read(3, "o", 1)                   = 1
2615  read(3, "r", 1)                   = 1
2615  read(3, "m", 1)                   = 1
2615  read(3, " ", 1)                   = 1
2615  read(3, "f", 1)                   = 1
2615  read(3, "i", 1)                   = 1
2615  read(3, "l", 1)                   = 1
2615  read(3, "e", 1)                   = 1
2615  read(3, " ", 1)                   = 1
2615  read(3, "h", 1)                   = 1
2615  read(3, "a", 1)                   = 1
2615  read(3, "n", 1)                   = 1
2615  read(3, "d", 1)                   = 1
2615  read(3, "l", 1)                   = 1
2615  read(3, "i", 1)                   = 1
2615  read(3, "n", 1)                   = 1
2615  read(3, "g", 1)                   = 1
2615  read(3, " ", 1)                   = 1
2615  read(3, "o", 1)                   = 1
2615  read(3, "p", 1)                   = 1
2615  read(3, "e", 1)                   = 1
2615  read(3, "r", 1)                   = 1
2615  read(3, "a", 1)                   = 1
2615  read(3, "t", 1)                   = 1
2615  read(3, "i", 1)                   = 1
2615  read(3, "o", 1)                   = 1
2615  read(3, "n", 1)                   = 1
2615  read(3, "s", 1)                   = 1
2615  read(3, "}", 1)                   = 1
2615  read(3, " ", 1)                   = 1
2615  read(3, "i", 1)                   = 1
2615  read(3, "n", 1)                   = 1
2615  read(3, " ", 1)                   = 1
2615  read(3, "t", 1)                   = 1
2615  read(3, "h", 1)                   = 1
2615  read(3, "i", 1)                   = 1
2615  read(3, "s", 1)                   = 1
2615  read(3, " ", 1)                   = 1
2615  read(3, "q", 1)                   = 1
2615  read(3, "u", 1)                   = 1
2615  read(3, "e", 1)                   = 1
2615  read(3, "s", 1)                   = 1
2615  read(3, "t", 1)                   = 1
2615  read(3, "i", 1)                   = 1
2615  read(3, "o", 1)                   = 1
2615  read(3, "n", 1)                   = 1
2615  read(3, ".", 1)                   = 1
2615  read(3, "\n", 1)                  = 1
2615  write(6, "115\n", 4)              = 4
2615  write(6, "You \\textbf{must only use} the b"..., 115) = 115
2615  read(3, "\\", 1)                  = 1
2615  read(3, "b", 1)                   = 1
2615  read(3, "e", 1)                   = 1
2615  read(3, "g", 1)                   = 1
2615  read(3, "i", 1)                   = 1
2615  read(3, "n", 1)                   = 1
2615  read(3, "{", 1)                   = 1
2615  read(3, "v", 1)                   = 1
2615  read(3, "e", 1)                   = 1
2615  read(3, "r", 1)                   = 1
2615  read(3, "b", 1)                   = 1
2615  read(3, "a", 1)                   = 1
2615  read(3, "t", 1)                   = 1
2615  read(3, "i", 1)                   = 1
2615  read(3, "m", 1)                   = 1
2615  read(3, "}", 1)                   = 1
2615  read(3, "\n", 1)                  = 1
2615  write(6, "17\n", 3)               = 3
2615  write(6, "\\begin{verbatim}\n", 17) = 17
2615  read(3, " ", 1)                   = 1
2615  read(3, " ", 1)                   = 1
2615  read(3, " ", 1)                   = 1
2615  read(3, " ", 1)                   = 1
2615  read(3, "-", 1)                   = 1
2615  read(3, " ", 1)                   = 1
2615  read(3, "o", 1)                   = 1
2615  read(3, "p", 1)                   = 1
2615  read(3, "e", 1)                   = 1
2615  read(3, "n", 1)                   = 1
2615  read(3, " ", 1)                   = 1
2615  read(3, " ", 1)                   = 1
2615  read(3, " ", 1)                   = 1
2615  read(3, " ", 1)                   = 1
2615  read(3, " ", 1)                   = 1
2615  read(3, " ", 1)                   = 1
2615  read(3, " ", 1)                   = 1
2615  read(3, " ", 1)                   = 1
2615  read(3, " ", 1)                   = 1
2615  read(3, " ", 1)                   = 1
2615  read(3, " ", 1)                   = 1
2615  read(3, " ", 1)                   = 1
2615  read(3, " ", 1)                   = 1
2615  read(3, " ", 1)                   = 1
2615  read(3, " ", 1)                   = 1
2615  read(3, " ", 1)                   = 1
2615  read(3, " ", 1)                   = 1
2615  read(3, "-", 1)                   = 1
2615  read(3, " ", 1)                   = 1
2615  read(3, "r", 1)                   = 1
2615  read(3, "e", 1)                   = 1
2615  read(3, "a", 1)                   = 1
2615  read(3, "d", 1)                   = 1
2615  read(3, "\n", 1)                  = 1
2615  write(6, "34\n", 3)               = 3
2615  write(6, "    - open                 - rea"..., 34) = 34
2615  read(3, " ", 1)                   = 1
2615  read(3, " ", 1)                   = 1
2615  read(3, " ", 1)                   = 1
2615  read(3, " ", 1)                   = 1
2615  read(3, "-", 1)                   = 1
2615  read(3, " ", 1)                   = 1
2615  read(3, "c", 1)                   = 1
2615  read(3, "l", 1)                   = 1
2615  read(3, "o", 1)                   = 1
2615  read(3, "s", 1)                   = 1
2615  read(3, "e", 1)                   = 1
2615  read(3, " ", 1)                   = 1
2615  read(3, " ", 1)                   = 1
2615  read(3, " ", 1)                   = 1
2615  read(3, " ", 1)                   = 1
2615  read(3, " ", 1)                   = 1
2615  read(3, " ", 1)                   = 1
2615  read(3, " ", 1)                   = 1
2615  read(3, " ", 1)                   = 1
2615  read(3, " ", 1)                   = 1
2615  read(3, " ", 1)                   = 1
2615  read(3, " ", 1)                   = 1
2615  read(3, " ", 1)                   = 1
2615  read(3, " ", 1)                   = 1
2615  read(3, " ", 1)                   = 1
2615  read(3, " ", 1)                   = 1
2615  read(3, " ", 1)                   = 1
2615  read(3, "-", 1)                   = 1
2615  read(3, " ", 1)                   = 1
2615  read(3, "w", 1)                   = 1
2615  read(3, "r", 1)                   = 1
2615  read(3, "i", 1)                   = 1
2615  read(3, "t", 1)                   = 1
2615  read(3, "e", 1)                   = 1
2615  read(3, "\n", 1)                  = 1
2615  write(6, "35\n", 3)               = 3
2615  write(6, "    - close                - wri"..., 35) = 35
2615  read(3, " ", 1)                   = 1
2615  read(3, " ", 1)                   = 1
2615  read(3, " ", 1)                   = 1
2615  read(3, " ", 1)                   = 1
2615  read(3, "-", 1)                   = 1
2615  read(3, " ", 1)                   = 1
2615  read(3, "l", 1)                   = 1
2615  read(3, "s", 1)                   = 1
2615  read(3, "e", 1)                   = 1
2615  read(3, "e", 1)                   = 1
2615  read(3, "k", 1)                   = 1
2615  read(3, " ", 1)                   = 1
2615  read(3, " ", 1)                   = 1
2615  read(3, " ", 1)                   = 1
2615  read(3, " ", 1)                   = 1
2615  read(3, " ", 1)                   = 1
2615  read(3, " ", 1)                   = 1
2615  read(3, " ", 1)                   = 1
2615  read(3, " ", 1)                   = 1
2615  read(3, " ", 1)                   = 1
2615  read(3, " ", 1)                   = 1
2615  read(3, " ", 1)                   = 1
2615  read(3, " ", 1)                   = 1
2615  read(3, " ", 1)                   = 1
2615  read(3, " ", 1)                   = 1
2615  read(3, " ", 1)                   = 1
2615  read(3, " ", 1)                   = 1
2615  read(3, "-", 1)                   = 1
2615  read(3, " ", 1)                   = 1
2615  read(3, "m", 1)                   = 1
2615  read(3, "a", 1)                   = 1
2615  read(3, "l", 1)                   = 1
2615  read(3, "l", 1)                   = 1
2615  read(3, "o", 1)                   = 1
2615  read(3, "c", 1)                   = 1
2615  read(3, "\n", 1)                  = 1
2615  write(6, "36\n", 3)               = 3
2615  write(6, "    - lseek                - mal"..., 36) = 36
2615  read(3, " ", 1)                   = 1
2615  read(3, " ", 1)                   = 1
2615  read(3, " ", 1)                   = 1
2615  read(3, " ", 1)                   = 1
2615  read(3, "-", 1)                   = 1
2615  read(3, " ", 1)                   = 1
2615  read(3, "s", 1)                   = 1
2615  read(3, "t", 1)                   = 1
2615  read(3, "r", 1)                   = 1
2615  read(3, "l", 1)                   = 1
2615  read(3, "e", 1)                   = 1
2615  read(3, "n", 1)                   = 1
2615  read(3, " ", 1)                   = 1
2615  read(3, " ", 1)                   = 1
2615  read(3, " ", 1)                   = 1
2615  read(3, " ", 1)                   = 1
2615  read(3, " ", 1)                   = 1
2615  read(3, " ", 1)                   = 1
2615  read(3, " ", 1)                   = 1
2615  read(3, " ", 1)                   = 1
2615  read(3, " ", 1)                   = 1
2615  read(3, " ", 1)                   = 1
2615  read(3, " ", 1)                   = 1
2615  read(3, " ", 1)                   = 1
2615  read(3, " ", 1)                   = 1
2615  read(3, " ", 1)                   = 1
2615  read(3, " ", 1)                   = 1
2615  read(3, "-", 1)                   = 1
2615  read(3, " ", 1)                   = 1
2615  read(3, "f", 1)                   = 1
2615  read(3, "r", 1)                   = 1
2615  read(3, "e", 1)                   = 1
2615  read(3, "e", 1)                   = 1
2615  read(3, "\n", 1)                  = 1
2615  write(6, "34\n", 3)               = 3
2615  write(6, "    - strlen               - fre"..., 34) = 34
2615  read(3, " ", 1)                   = 1
2615  read(3, " ", 1)                   = 1
2615  read(3, " ", 1)                   = 1
2615  read(3, " ", 1)                   = 1
2615  read(3, "-", 1)                   = 1
2615  read(3, " ", 1)                   = 1
2615  read(3, "s", 1)                   = 1
2615  read(3, "t", 1)                   = 1
2615  read(3, "r", 1)                   = 1
2615  read(3, "c", 1)                   = 1
2615  read(3, "p", 1)                   = 1
2615  read(3, "y", 1)                   = 1
2615  read(3, " ", 1)                   = 1
2615  read(3, " ", 1)                   = 1
2615  read(3, " ", 1)                   = 1
2615  read(3, " ", 1)                   = 1
2615  read(3, " ", 1)                   = 1
2615  read(3, " ", 1)                   = 1
2615  read(3, " ", 1)                   = 1
2615  read(3, " ", 1)                   = 1
2615  read(3, " ", 1)                   = 1
2615  read(3, " ", 1)                   = 1
2615  read(3, " ", 1)                   = 1
2615  read(3, " ", 1)                   = 1
2615  read(3, " ", 1)                   = 1
2615  read(3, " ", 1)                   = 1
2615  read(3, " ", 1)                   = 1
2615  read(3, "-", 1)                   = 1
2615  read(3, " ", 1)                   = 1
2615  read(3, "s", 1)                   = 1
2615  read(3, "t", 1)                   = 1
2615  read(3, "r", 1)                   = 1
2615  read(3, "c", 1)                   = 1
2615  read(3, "a", 1)                   = 1
2615  read(3, "t", 1)                   = 1
2615  read(3, "\n", 1)                  = 1
2615  write(6, "36\n", 3)               = 3
2615  write(6, "    - strcpy               - str"..., 36) = 36
2615  read(3, " ", 1)                   = 1
2615  read(3, " ", 1)                   = 1
2615  read(3, " ", 1)                   = 1
2615  read(3, " ", 1)                   = 1
2615  read(3, "-", 1)                   = 1
2615  read(3, " ", 1)                   = 1
2615  read(3, "s", 1)                   = 1
2615  read(3, "t", 1)                   = 1
2615  read(3, "r", 1)                   = 1
2615  read(3, "c", 1)                   = 1
2615  read(3, "m", 1)                   = 1
2615  read(3, "p", 1)                   = 1
2615  read(3, " ", 1)                   = 1
2615  read(3, " ", 1)                   = 1
2615  read(3, " ", 1)                   = 1
2615  read(3, " ", 1)                   = 1
2615  read(3, " ", 1)                   = 1
2615  read(3, " ", 1)                   = 1
2615  read(3, " ", 1)                   = 1
2615  read(3, " ", 1)                   = 1
2615  read(3, " ", 1)                   = 1
2615  read(3, " ", 1)                   = 1
2615  read(3, " ", 1)                   = 1
2615  read(3, " ", 1)                   = 1
2615  read(3, " ", 1)                   = 1
2615  read(3, " ", 1)                   = 1
2615  read(3, " ", 1)                   = 1
2615  read(3, "-", 1)                   = 1
2615  read(3, " ", 1)                   = 1
2615  read(3, "s", 1)                   = 1
2615  read(3, "t", 1)                   = 1
2615  read(3, "r", 1)                   = 1
2615  read(3, "t", 1)                   = 1
2615  read(3, "o", 1)                   = 1
2615  read(3, "*", 1)                   = 1
2615  read(3, " ", 1)                   = 1
2615  read(3, "f", 1)                   = 1
2615  read(3, "a", 1)                   = 1
2615  read(3, "m", 1)                   = 1
2615  read(3, "i", 1)                   = 1
2615  read(3, "l", 1)                   = 1
2615  read(3, "y", 1)                   = 1
2615  read(3, "\n", 1)                  = 1
2615  write(6, "43\n", 3)               = 3
2615  write(6, "    - strcmp               - str"..., 43) = 43
2615  read(3, " ", 1)                   = 1
2615  read(3, " ", 1)                   = 1
2615  read(3, " ", 1)                   = 1
2615  read(3, " ", 1)                   = 1
2615  read(3, "-", 1)                   = 1
2615  read(3, " ", 1)                   = 1
2615  read(3, "a", 1)                   = 1
2615  read(3, "t", 1)                   = 1
2615  read(3, "o", 1)                   = 1
2615  read(3, "*", 1)                   = 1
2615  read(3, " ", 1)                   = 1
2615  read(3, "f", 1)                   = 1
2615  read(3, "a", 1)                   = 1
2615  read(3, "m", 1)                   = 1
2615  read(3, "i", 1)                   = 1
2615  read(3, "l", 1)                   = 1
2615  read(3, "y", 1)                   = 1
2615  read(3, " ", 1)                   = 1
2615  read(3, " ", 1)                   = 1
2615  read(3, " ", 1)                   = 1
2615  read(3, " ", 1)                   = 1
2615  read(3, " ", 1)                   = 1
2615  read(3, " ", 1)                   = 1
2615  read(3, " ", 1)                   = 1
2615  read(3, " ", 1)                   = 1
2615  read(3, " ", 1)                   = 1
2615  read(3, " ", 1)                   = 1
2615  read(3, "-", 1)                   = 1
2615  read(3, " ", 1)                   = 1
2615  read(3, "p", 1)                   = 1
2615  read(3, "r", 1)                   = 1
2615  read(3, "i", 1)                   = 1
2615  read(3, "n", 1)                   = 1
2615  read(3, "t", 1)                   = 1
2615  read(3, "f", 1)                   = 1
2615  read(3, " ", 1)                   = 1
2615  read(3, "f", 1)                   = 1
2615  read(3, "a", 1)                   = 1
2615  read(3, "m", 1)                   = 1
2615  read(3, "i", 1)                   = 1
2615  read(3, "l", 1)                   = 1
2615  read(3, "y", 1)                   = 1
2615  read(3, "\n", 1)                  = 1
2615  write(6, "43\n", 3)               = 3
2615  write(6, "    - ato* family          - pri"..., 43) = 43
2615  read(3, " ", 1)                   = 1
2615  read(3, " ", 1)                   = 1
2615  read(3, " ", 1)                   = 1
2615  read(3, " ", 1)                   = 1
2615  read(3, "-", 1)                   = 1
2615  read(3, " ", 1)                   = 1
2615  read(3, "e", 1)                   = 1
2615  read(3, "x", 1)                   = 1
2615  read(3, "i", 1)                   = 1
2615  read(3, "t", 1)                   = 1
2615  read(3, "\n", 1)                  = 1
2615  write(6, "11\n", 3)               = 3
2615  write(6, "    - exit\n", 11)      = 11
2615  read(3, "\\", 1)                  = 1
2615  read(3, "e", 1)                   = 1
2615  read(3, "n", 1)                   = 1
2615  read(3, "d", 1)                   = 1
2615  read(3, "{", 1)                   = 1
2615  read(3, "v", 1)                   = 1
2615  read(3, "e", 1)                   = 1
2615  read(3, "r", 1)                   = 1
2615  read(3, "b", 1)                   = 1
2615  read(3, "a", 1)                   = 1
2615  read(3, "t", 1)                   = 1
2615  read(3, "i", 1)                   = 1
2615  read(3, "m", 1)                   = 1
2615  read(3, "}", 1)                   = 1
2615  read(3, "\n", 1)                  = 1
2615  write(6, "15\n", 3)               = 3
2615  write(6, "\\end{verbatim}\n", 15) = 15
2615  read(3, "\n", 1)                  = 1
2615  write(6, "1\n", 2)                = 2
2615  write(6, "\n", 1)                 = 1
2615  read(3, "\\", 1)                  = 1
2615  read(3, "s", 1)                   = 1
2615  read(3, "u", 1)                   = 1
2615  read(3, "b", 1)                   = 1
2615  read(3, "s", 1)                   = 1
2615  read(3, "u", 1)                   = 1
2615  read(3, "b", 1)                   = 1
2615  read(3, "s", 1)                   = 1
2615  read(3, "e", 1)                   = 1
2615  read(3, "c", 1)                   = 1
2615  read(3, "t", 1)                   = 1
2615  read(3, "i", 1)                   = 1
2615  read(3, "o", 1)                   = 1
2615  read(3, "n", 1)                   = 1
2615  read(3, "*", 1)                   = 1
2615  read(3, "{", 1)                   = 1
2615  read(3, "T", 1)                   = 1
2615  read(3, "e", 1)                   = 1
2615  read(3, "s", 1)                   = 1
2615  read(3, "t", 1)                   = 1
2615  read(3, "i", 1)                   = 1
2615  read(3, "n", 1)                   = 1
2615  read(3, "g", 1)                   = 1
2615  read(3, "}", 1)                   = 1
2615  read(3, "\n", 1)                  = 1
2615  write(6, "25\n", 3)               = 3
2615  write(6, "\\subsubsection*{Testing}\n", 25) = 25
2615  read(3, "R", 1)                   = 1
2615  read(3, "u", 1)                   = 1
2615  read(3, "n", 1)                   = 1
2615  read(3, " ", 1)                   = 1
2615  read(3, "\\", 1)                  = 1
2615  read(3, "t", 1)                   = 1
2615  read(3, "e", 1)                   = 1
2615  read(3, "x", 1)                   = 1
2615  read(3, "t", 1)                   = 1
2615  read(3, "t", 1)                   = 1
2615  read(3, "t", 1)                   = 1
2615  read(3, "{", 1)                   = 1
2615  read(3, "Q", 1)                   = 1
2615  read(3, "3", 1)                   = 1
2615  read(3, "/", 1)                   = 1
2615  read(3, "r", 1)                   = 1
2615  read(3, "u", 1)                   = 1
2615  read(3, "n", 1)                   = 1
2615  read(3, "\\", 1)                  = 1
2615  read(3, "_", 1)                   = 1
2615  read(3, "t", 1)                   = 1
2615  read(3, "e", 1)                   = 1
2615  read(3, "s", 1)                   = 1
2615  read(3, "t", 1)                   = 1
2615  read(3, "s", 1)                   = 1
2615  read(3, ".", 1)                   = 1
2615  read(3, "s", 1)                   = 1
2615  read(3, "h", 1)                   = 1
2615  read(3, "}", 1)                   = 1
2615  read(3, " ", 1)                   = 1
2615  read(3, "s", 1)                   = 1
2615  read(3, "c", 1)                   = 1
2615  read(3, "r", 1)                   = 1
2615  read(3, "i", 1)                   = 1
2615  read(3, "p", 1)                   = 1
2615  read(3, "t", 1)                   = 1
2615  read(3, " ", 1)                   = 1
2615  read(3, "t", 1)                   = 1
2615  read(3, "o", 1)                   = 1
2615  read(3, " ", 1)                   = 1
2615  read(3, "c", 1)                   = 1
2615  read(3, "h", 1)                   = 1
2615  read(3, "e", 1)                   = 1
2615  read(3, "c", 1)                   = 1
2615  read(3, "k", 1)                   = 1
2615  read(3, " ", 1)                   = 1
2615  read(3, "w", 1)                   = 1
2615  read(3, "h", 1)                   = 1
2615  read(3, "e", 1)                   = 1
2615  read(3, "t", 1)                   = 1
2615  read(3, "h", 1)                   = 1
2615  read(3, "e", 1)                   = 1
2615  read(3, "r", 1)                   = 1
2615  read(3, " ", 1)                   = 1
2615  read(3, "y", 1)                   = 1
2615  read(3, "o", 1)                   = 1
2615  read(3, "u", 1)                   = 1
2615  read(3, "r", 1)                   = 1
2615  read(3, " ", 1)                   = 1
2615  read(3, "i", 1)                   = 1
2615  read(3, "m", 1)                   = 1
2615  read(3, "p", 1)                   = 1
2615  read(3, "l", 1)                   = 1
2615  read(3, "e", 1)                   = 1
2615  read(3, "m", 1)                   = 1
2615  read(3, "e", 1)                   = 1
2615  read(3, "n", 1)                   = 1
2615  read(3, "t", 1)                   = 1
2615  read(3, "a", 1)                   = 1
2615  read(3, "t", 1)                   = 1
2615  read(3, "i", 1)                   = 1
2615  read(3, "o", 1)                   = 1
2615  read(3, "n", 1)                   = 1
2615  read(3, " ", 1)                   = 1
2615  read(3, "p", 1)                   = 1
2615  read(3, "a", 1)                   = 1
2615  read(3, "s", 1)                   = 1
2615  read(3, "s", 1)                   = 1
2615  read(3, "e", 1)                   = 1
2615  read(3, "s", 1)                   = 1
2615  read(3, " ", 1)                   = 1
2615  read(3, "t", 1)                   = 1
2615  read(3, "h", 1)                   = 1
2615  read(3, "e", 1)                   = 1
2615  read(3, " ", 1)                   = 1
2615  read(3, "t", 1)                   = 1
2615  read(3, "e", 1)                   = 1
2615  read(3, "s", 1)                   = 1
2615  read(3, "t", 1)                   = 1
2615  read(3, " ", 1)                   = 1
2615  read(3, "c", 1)                   = 1
2615  read(3, "a", 1)                   = 1
2615  read(3, "s", 1)                   = 1
2615  read(3, "e", 1)                   = 1
2615  read(3, "s", 1)                   = 1
2615  read(3, " ", 1)                   = 1
2615  read(3, "o", 1)                   = 1
2615  read(3, "r", 1)                   = 1
2615  read(3, " ", 1)                   = 1
2615  read(3, "n", 1)                   = 1
2615  read(3, "o", 1)                   = 1
2615  read(3, "t", 1)                   = 1
2615  read(3, ".", 1)                   = 1
2615  read(3, " ", 1)                   = 1
2615  read(3, "A", 1)                   = 1
2615  read(3, " ", 1)                   = 1
2615  read(3, "c", 1)                   = 1
2615  read(3, "o", 1)                   = 1
2615  read(3, "r", 1)                   = 1
2615  read(3, "r", 1)                   = 1
2615  read(3, "e", 1)                   = 1
2615  read(3, "c", 1)                   = 1
2615  read(3, "t", 1)                   = 1
2615  read(3, "l", 1)                   = 1
2615  read(3, "y", 1)                   = 1
2615  read(3, " ", 1)                   = 1
2615  read(3, "i", 1)                   = 1
2615  read(3, "m", 1)                   = 1
2615  read(3, "p", 1)                   = 1
2615  read(3, "l", 1)                   = 1
2615  read(3, "e", 1)                   = 1
2615  read(3, "m", 1)                   = 1
2615  read(3, "e", 1)                   = 1
2615  read(3, "n", 1)                   = 1
2615  read(3, "t", 1)                   = 1
2615  read(3, "e", 1)                   = 1
2615  read(3, "d", 1)                   = 1
2615  read(3, " ", 1)                   = 1
2615  read(3, "p", 1)                   = 1
2615  read(3, "r", 1)                   = 1
2615  read(3, "o", 1)                   = 1
2615  read(3, "g", 1)                   = 1
2615  read(3, "r", 1)                   = 1
2615  read(3, "a", 1)                   = 1
2615  read(3, "m", 1)                   = 1
2615  read(3, " ", 1)                   = 1
2615  read(3, "\n", 1)                  = 1
2615  write(6, "137\n", 4)              = 4
2615  write(6, "Run \\texttt{Q3/run\\_tests.sh} sc"..., 137) = 137
2615  read(3, "w", 1)                   = 1
2615  read(3, "o", 1)                   = 1
2615  read(3, "u", 1)                   = 1
2615  read(3, "l", 1)                   = 1
2615  read(3, "d", 1)                   = 1
2615  read(3, " ", 1)                   = 1
2615  read(3, "g", 1)                   = 1
2615  read(3, "e", 1)                   = 1
2615  read(3, "n", 1)                   = 1
2615  read(3, "e", 1)                   = 1
2615  read(3, "r", 1)                   = 1
2615  read(3, "a", 1)                   = 1
2615  read(3, "t", 1)                   = 1
2615  read(3, "e", 1)                   = 1
2615  read(3, " ", 1)                   = 1
2615  read(3, "f", 1)                   = 1
2615  read(3, "o", 1)                   = 1
2615  read(3, "l", 1)                   = 1
2615  read(3, "l", 1)                   = 1
2615  read(3, "o", 1)                   = 1
2615  read(3, "w", 1)                   = 1
2615  read(3, "i", 1)                   = 1
2615  read(3, "n", 1)                   = 1
2615  read(3, "g", 1)                   = 1
2615  read(3, " ", 1)                   = 1
2615  read(3, "o", 1)                   = 1
2615  read(3, "u", 1)                   = 1
2615  read(3, "t", 1)                   = 1
2615  read(3, "p", 1)                   = 1
2615  read(3, "u", 1)                   = 1
2615  read(3, "t", 1)                   = 1
2615  read(3, ":", 1)                   = 1
2615  read(3, "\n", 1)                  = 1
2615  write(6, "33\n", 3)               = 3
2615  write(6, "would generate following output:"..., 33) = 33
2615  read(3, "\n", 1)                  = 1
2615  write(6, "1\n", 2)                = 2
2615  write(6, "\n", 1)                 = 1
2615  read(3, "\\", 1)                  = 1
2615  read(3, "v", 1)                   = 1
2615  read(3, "s", 1)                   = 1
2615  read(3, "p", 1)                   = 1
2615  read(3, "a", 1)                   = 1
2615  read(3, "c", 1)                   = 1
2615  read(3, "e", 1)                   = 1
2615  read(3, "{", 1)                   = 1
2615  read(3, "0", 1)                   = 1
2615  read(3, ".", 1)                   = 1
2615  read(3, "5", 1)                   = 1
2615  read(3, "c", 1)                   = 1
2615  read(3, "m", 1)                   = 1
2615  read(3, "}", 1)                   = 1
2615  read(3, "\n", 1)                  = 1
2615  write(6, "15\n", 3)               = 3
2615  write(6, "\\vspace{0.5cm}\n", 15) = 15
2615  read(3, "\\", 1)                  = 1
2615  read(3, "n", 1)                   = 1
2615  read(3, "o", 1)                   = 1
2615  read(3, "i", 1)                   = 1
2615  read(3, "n", 1)                   = 1
2615  read(3, "d", 1)                   = 1
2615  read(3, "e", 1)                   = 1
2615  read(3, "n", 1)                   = 1
2615  read(3, "t", 1)                   = 1
2615  read(3, "\n", 1)                  = 1
2615  write(6, "10\n", 3)               = 3
2615  write(6, "\\noindent\n", 10)      = 10
2615  read(3, "T", 1)                   = 1
2615  read(3, "e", 1)                   = 1
2615  read(3, "s", 1)                   = 1
2615  read(3, "t", 1)                   = 1
2615  read(3, " ", 1)                   = 1
2615  read(3, "c", 1)                   = 1
2615  read(3, "a", 1)                   = 1
2615  read(3, "s", 1)                   = 1
2615  read(3, "e", 1)                   = 1
2615  read(3, " ", 1)                   = 1
2615  read(3, "1", 1)                   = 1
2615  read(3, " ", 1)                   = 1
2615  read(3, "p", 1)                   = 1
2615  read(3, "a", 1)                   = 1
2615  read(3, "s", 1)                   = 1
2615  read(3, "s", 1)                   = 1
2615  read(3, "e", 1)                   = 1
2615  read(3, "d", 1)                   = 1
2615  read(3, " ", 1)                   = 1
2615  read(3, "\\", 1)                  = 1
2615  read(3, "\\", 1)                  = 1
2615  read(3, "\n", 1)                  = 1
2615  write(6, "22\n", 3)               = 3
2615  write(6, "Test case 1 passed \\\\\n", 22) = 22
2615  read(3, "T", 1)                   = 1
2615  read(3, "e", 1)                   = 1
2615  read(3, "s", 1)                   = 1
2615  read(3, "t", 1)                   = 1
2615  read(3, " ", 1)                   = 1
2615  read(3, "c", 1)                   = 1
2615  read(3, "a", 1)                   = 1
2615  read(3, "s", 1)                   = 1
2615  read(3, "e", 1)                   = 1
2615  read(3, " ", 1)                   = 1
2615  read(3, "2", 1)                   = 1
2615  read(3, " ", 1)                   = 1
2615  read(3, "p", 1)                   = 1
2615  read(3, "a", 1)                   = 1
2615  read(3, "s", 1)                   = 1
2615  read(3, "s", 1)                   = 1
2615  read(3, "e", 1)                   = 1
2615  read(3, "d", 1)                   = 1
2615  read(3, " ", 1)                   = 1
2615  read(3, "\\", 1)                  = 1
2615  read(3, "\\", 1)                  = 1
2615  read(3, "\n", 1)                  = 1
2615  write(6, "22\n", 3)               = 3
2615  write(6, "Test case 2 passed \\\\\n", 22) = 22
2615  read(3, ".", 1)                   = 1
2615  read(3, ".", 1)                   = 1
2615  read(3, ".", 1)                   = 1
2615  read(3, "\\", 1)                  = 1
2615  read(3, "\\", 1)                  = 1
2615  read(3, "\n", 1)                  = 1
2615  write(6, "6\n", 2)                = 2
2615  write(6, "...\\\\\n", 6)          = 6
2615  read(3, ".", 1)                   = 1
2615  read(3, ".", 1)                   = 1
2615  read(3, ".", 1)                   = 1
2615  read(3, "\\", 1)                  = 1
2615  read(3, "\\", 1)                  = 1
2615  read(3, "\n", 1)                  = 1
2615  write(6, "6\n", 2)                = 2
2615  write(6, "...\\\\\n", 6)          = 6
2615  read(3, "T", 1)                   = 1
2615  read(3, "e", 1)                   = 1
2615  read(3, "s", 1)                   = 1
2615  read(3, "t", 1)                   = 1
2615  read(3, " ", 1)                   = 1
2615  read(3, "c", 1)                   = 1
2615  read(3, "a", 1)                   = 1
2615  read(3, "s", 1)                   = 1
2615  read(3, "e", 1)                   = 1
2615  read(3, " ", 1)                   = 1
2615  read(3, "8", 1)                   = 1
2615  read(3, " ", 1)                   = 1
2615  read(3, "p", 1)                   = 1
2615  read(3, "a", 1)                   = 1
2615  read(3, "s", 1)                   = 1
2615  read(3, "s", 1)                   = 1
2615  read(3, "e", 1)                   = 1
2615  read(3, "d", 1)                   = 1
2615  read(3, " ", 1)                   = 1
2615  read(3, "\\", 1)                  = 1
2615  read(3, "\\", 1)                  = 1
2615  read(3, "\n", 1)                  = 1
2615  write(6, "22\n", 3)               = 3
2615  write(6, "Test case 8 passed \\\\\n", 22) = 22
2615  read(3, "\n", 1)                  = 1
2615  write(6, "1\n", 2)                = 2
2615  write(6, "\n", 1)                 = 1
2615  read(3, "%", 1)                   = 1
2615  read(3, "%", 1)                   = 1
2615  read(3, "%", 1)                   = 1
2615  read(3, "%", 1)                   = 1
2615  read(3, "%", 1)                   = 1
2615  read(3, "%", 1)                   = 1
2615  read(3, "%", 1)                   = 1
2615  read(3, "%", 1)                   = 1
2615  read(3, "%", 1)                   = 1
2615  read(3, "%", 1)                   = 1
2615  read(3, "%", 1)                   = 1
2615  read(3, "%", 1)                   = 1
2615  read(3, "%", 1)                   = 1
2615  read(3, "%", 1)                   = 1
2615  read(3, "%", 1)                   = 1
2615  read(3, "%", 1)                   = 1
2615  read(3, "%", 1)                   = 1
2615  read(3, "%", 1)                   = 1
2615  read(3, "%", 1)                   = 1
2615  read(3, "%", 1)                   = 1
2615  read(3, "%", 1)                   = 1
2615  read(3, "%", 1)                   = 1
2615  read(3, "%", 1)                   = 1
2615  read(3, "%", 1)                   = 1
2615  read(3, "%", 1)                   = 1
2615  read(3, "%", 1)                   = 1
2615  read(3, "%", 1)                   = 1
2615  read(3, "%", 1)                   = 1
2615  read(3, "%", 1)                   = 1
2615  read(3, "%", 1)                   = 1
2615  read(3, "%", 1)                   = 1
2615  read(3, "%", 1)                   = 1
2615  read(3, "%", 1)                   = 1
2615  read(3, "%", 1)                   = 1
2615  read(3, "%", 1)                   = 1
2615  read(3, "%", 1)                   = 1
2615  read(3, "%", 1)                   = 1
2615  read(3, "%", 1)                   = 1
2615  read(3, "%", 1)                   = 1
2615  read(3, "%", 1)                   = 1
2615  read(3, "%", 1)                   = 1
2615  read(3, "%", 1)                   = 1
2615  read(3, "%", 1)                   = 1
2615  read(3, "%", 1)                   = 1
2615  read(3, "%", 1)                   = 1
2615  read(3, "%", 1)                   = 1
2615  read(3, "%", 1)                   = 1
2615  read(3, "%", 1)                   = 1
2615  read(3, "%", 1)                   = 1
2615  read(3, "%", 1)                   = 1
2615  read(3, "%", 1)                   = 1
2615  read(3, "%", 1)                   = 1
2615  read(3, "%", 1)                   = 1
2615  read(3, "%", 1)                   = 1
2615  read(3, "%", 1)                   = 1
2615  read(3, "%", 1)                   = 1
2615  read(3, "%", 1)                   = 1
2615  read(3, "%", 1)                   = 1
2615  read(3, "%", 1)                   = 1
2615  read(3, "%", 1)                   = 1
2615  read(3, "%", 1)                   = 1
2615  read(3, "%", 1)                   = 1
2615  read(3, "%", 1)                   = 1
2615  read(3, "%", 1)                   = 1
2615  read(3, "%", 1)                   = 1
2615  read(3, "%", 1)                   = 1
2615  read(3, "%", 1)                   = 1
2615  read(3, "%", 1)                   = 1
2615  read(3, "%", 1)                   = 1
2615  read(3, "%", 1)                   = 1
2615  read(3, "\n", 1)                  = 1
2615  write(6, "71\n", 3)               = 3
2615  write(6, "%%%%%%%%%%%%%%%%%%%%%%%%%%%%%%%%"..., 71) = 71
2615  read(3, "\\", 1)                  = 1
2615  read(3, "s", 1)                   = 1
2615  read(3, "e", 1)                   = 1
2615  read(3, "c", 1)                   = 1
2615  read(3, "t", 1)                   = 1
2615  read(3, "i", 1)                   = 1
2615  read(3, "o", 1)                   = 1
2615  read(3, "n", 1)                   = 1
2615  read(3, "*", 1)                   = 1
2615  read(3, "{", 1)                   = 1
2615  read(3, "Q", 1)                   = 1
2615  read(3, "4", 1)                   = 1
2615  read(3, ".", 1)                   = 1
2615  read(3, " ", 1)                   = 1
2615  read(3, "C", 1)                   = 1
2615  read(3, "o", 1)                   = 1
2615  read(3, "u", 1)                   = 1
2615  read(3, "n", 1)                   = 1
2615  read(3, "t", 1)                   = 1
2615  read(3, " ", 1)                   = 1
2615  read(3, "t", 1)                   = 1
2615  read(3, "h", 1)                   = 1
2615  read(3, "e", 1)                   = 1
2615  read(3, " ", 1)                   = 1
2615  read(3, "s", 1)                   = 1
2615  read(3, "y", 1)                   = 1
2615  read(3, "s", 1)                   = 1
2615  read(3, "c", 1)                   = 1
2615  read(3, "a", 1)                   = 1
2615  read(3, "l", 1)                   = 1
2615  read(3, "l", 1)                   = 1
2615  read(3, "s", 1)                   = 1
2615  read(3, " ", 1)                   = 1
2615  read(3, "[", 1)                   = 1
2615  read(3, "2", 1)                   = 1
2615  read(3, "0", 1)                   = 1
2615  read(3, " ", 1)                   = 1
2615  read(3, "M", 1)                   = 1
2615  read(3, "a", 1)                   = 1
2615  read(3, "r", 1)                   = 1
2615  read(3, "k", 1)                   = 1
2615  read(3, "s", 1)                   = 1
2615  read(3, "]", 1)                   = 1
2615  read(3, "}", 1)                   = 1
2615  read(3, "\n", 1)                  = 1
2615  write(6, "45\n", 3)               = 3
2615  write(6, "\\section*{Q4. Count the syscalls"..., 45) = 45
2615  read(3, "%", 1)                   = 1
2615  read(3, "%", 1)                   = 1
2615  read(3, "%", 1)                   = 1
2615  read(3, "%", 1)                   = 1
2615  read(3, "%", 1)                   = 1
2615  read(3, "%", 1)                   = 1
2615  read(3, "%", 1)                   = 1
2615  read(3, "%", 1)                   = 1
2615  read(3, "%", 1)                   = 1
2615  read(3, "%", 1)                   = 1
2615  read(3, "%", 1)                   = 1
2615  read(3, "%", 1)                   = 1
2615  read(3, "%", 1)                   = 1
2615  read(3, "%", 1)                   = 1
2615  read(3, "%", 1)                   = 1
2615  read(3, "%", 1)                   = 1
2615  read(3, "%", 1)                   = 1
2615  read(3, "%", 1)                   = 1
2615  read(3, "%", 1)                   = 1
2615  read(3, "%", 1)                   = 1
2615  read(3, "%", 1)                   = 1
2615  read(3, "%", 1)                   = 1
2615  read(3, "%", 1)                   = 1
2615  read(3, "%", 1)                   = 1
2615  read(3, "%", 1)                   = 1
2615  read(3, "%", 1)                   = 1
2615  read(3, "%", 1)                   = 1
2615  read(3, "%", 1)                   = 1
2615  read(3, "%", 1)                   = 1
2615  read(3, "%", 1)                   = 1
2615  read(3, "%", 1)                   = 1
2615  read(3, "%", 1)                   = 1
2615  read(3, "%", 1)                   = 1
2615  read(3, "%", 1)                   = 1
2615  read(3, "%", 1)                   = 1
2615  read(3, "%", 1)                   = 1
2615  read(3, "%", 1)                   = 1
2615  read(3, "%", 1)                   = 1
2615  read(3, "%", 1)                   = 1
2615  read(3, "%", 1)                   = 1
2615  read(3, "%", 1)                   = 1
2615  read(3, "%", 1)                   = 1
2615  read(3, "%", 1)                   = 1
2615  read(3, "%", 1)                   = 1
2615  read(3, "%", 1)                   = 1
2615  read(3, "%", 1)                   = 1
2615  read(3, "%", 1)                   = 1
2615  read(3, "%", 1)                   = 1
2615  read(3, "%", 1)                   = 1
2615  read(3, "%", 1)                   = 1
2615  read(3, "%", 1)                   = 1
2615  read(3, "%", 1)                   = 1
2615  read(3, "%", 1)                   = 1
2615  read(3, "%", 1)                   = 1
2615  read(3, "%", 1)                   = 1
2615  read(3, "%", 1)                   = 1
2615  read(3, "%", 1)                   = 1
2615  read(3, "%", 1)                   = 1
2615  read(3, "%", 1)                   = 1
2615  read(3, "%", 1)                   = 1
2615  read(3, "%", 1)                   = 1
2615  read(3, "%", 1)                   = 1
2615  read(3, "%", 1)                   = 1
2615  read(3, "%", 1)                   = 1
2615  read(3, "%", 1)                   = 1
2615  read(3, "%", 1)                   = 1
2615  read(3, "%", 1)                   = 1
2615  read(3, "%", 1)                   = 1
2615  read(3, "%", 1)                   = 1
2615  read(3, "%", 1)                   = 1
2615  read(3, "\n", 1)                  = 1
2615  write(6, "71\n", 3)               = 3
2615  write(6, "%%%%%%%%%%%%%%%%%%%%%%%%%%%%%%%%"..., 71) = 71
2615  read(3, "W", 1)                   = 1
2615  read(3, "r", 1)                   = 1
2615  read(3, "i", 1)                   = 1
2615  read(3, "t", 1)                   = 1
2615  read(3, "e", 1)                   = 1
2615  read(3, " ", 1)                   = 1
2615  read(3, "a", 1)                   = 1
2615  read(3, " ", 1)                   = 1
2615  read(3, "C", 1)                   = 1
2615  read(3, " ", 1)                   = 1
2615  read(3, "p", 1)                   = 1
2615  read(3, "r", 1)                   = 1
2615  read(3, "o", 1)                   = 1
2615  read(3, "g", 1)                   = 1
2615  read(3, "r", 1)                   = 1
2615  read(3, "a", 1)                   = 1
2615  read(3, "m", 1)                   = 1
2615  read(3, " ", 1)                   = 1
2615  read(3, "{", 1)                   = 1
2615  read(3, "\\", 1)                  = 1
2615  read(3, "t", 1)                   = 1
2615  read(3, "t", 1)                   = 1
2615  read(3, " ", 1)                   = 1
2615  read(3, "Q", 1)                   = 1
2615  read(3, "4", 1)                   = 1
2615  read(3, "/", 1)                   = 1
2615  read(3, "c", 1)                   = 1
2615  read(3, "o", 1)                   = 1
2615  read(3, "u", 1)                   = 1
2615  read(3, "n", 1)                   = 1
2615  read(3, "t", 1)                   = 1
2615  read(3, ".", 1)                   = 1
2615  read(3, "c", 1)                   = 1
2615  read(3, "}", 1)                   = 1
2615  read(3, " ", 1)                   = 1
2615  read(3, "t", 1)                   = 1
2615  read(3, "h", 1)                   = 1
2615  read(3, "a", 1)                   = 1
2615  read(3, "t", 1)                   = 1
2615  read(3, " ", 1)                   = 1
2615  read(3, "r", 1)                   = 1
2615  read(3, "e", 1)                   = 1
2615  read(3, "a", 1)                   = 1
2615  read(3, "d", 1)                   = 1
2615  read(3, "s", 1)                   = 1
2615  read(3, " ", 1)                   = 1
2615  read(3, "a", 1)                   = 1
2615  read(3, " ", 1)                   = 1
2615  read(3, "t", 1)                   = 1
2615  read(3, "r", 1)                   = 1
2615  read(3, "a", 1)                   = 1
2615  read(3, "c", 1)                   = 1
2615  read(3, "e", 1)                   = 1
2615  read(3, " ", 1)                   = 1
2615  read(3, "f", 1)                   = 1
2615  read(3, "i", 1)                   = 1
2615  read(3, "l", 1)                   = 1
2615  read(3, "e", 1)                   = 1
2615  read(3, " ", 1)                   = 1
2615  read(3, "a", 1)                   = 1
2615  read(3, "n", 1)                   = 1
2615  read(3, "d", 1)                   = 1
2615  read(3, " ", 1)                   = 1
2615  read(3, "p", 1)                   = 1
2615  read(3, "r", 1)                   = 1
2615  read(3, "i", 1)                   = 1
2615  read(3, "n", 1)                   = 1
2615  read(3, "t", 1)                   = 1
2615  read(3, "s", 1)                   = 1
2615  read(3, " ", 1)                   = 1
2615  read(3, "t", 1)                   = 1
2615  read(3, "h", 1)                   = 1
2615  read(3, "e", 1)                   = 1
2615  read(3, " ", 1)                   = 1
2615  read(3, "n", 1)                   = 1
2615  read(3, "u", 1)                   = 1
2615  read(3, "m", 1)                   = 1
2615  read(3, "b", 1)                   = 1
2615  read(3, "e", 1)                   = 1
2615  read(3, "r", 1)                   = 1
2615  read(3, " ", 1)                   = 1
2615  read(3, "o", 1)                   = 1
2615  read(3, "f", 1)                   = 1
2615  read(3, " ", 1)                   = 1
2615  read(3, "\n", 1)                  = 1
2615  write(6, "85\n", 3)               = 3
2615  write(6, "Write a C program {\\tt Q4/count."..., 85) = 85
2615  read(3, "t", 1)                   = 1
2615  read(3, "i", 1)                   = 1
2615  read(3, "m", 1)                   = 1
2615  read(3, "e", 1)                   = 1
2615  read(3, "s", 1)                   = 1
2615  read(3, " ", 1)                   = 1
2615  read(3, "{", 1)                   = 1
2615  read(3, "\\", 1)                  = 1
2615  read(3, "t", 1)                   = 1
2615  read(3, "t", 1)                   = 1
2615  read(3, " ", 1)                   = 1
2615  read(3, "o", 1)                   = 1
2615  read(3, "p", 1)                   = 1
2615  read(3, "e", 1)                   = 1
2615  read(3, "n", 1)                   = 1
2615  read(3, "a", 1)                   = 1
2615  read(3, "t", 1)                   = 1
2615  read(3, "(", 1)                   = 1
2615  read(3, ")", 1)                   = 1
2615  read(3, "}", 1)                   = 1
2615  read(3, " ", 1)                   = 1
2615  read(3, ",", 1)                   = 1
2615  read(3, " ", 1)                   = 1
2615  read(3, "{", 1)                   = 1
2615  read(3, "\\", 1)                  = 1
2615  read(3, "t", 1)                   = 1
2615  read(3, "t", 1)                   = 1
2615  read(3, " ", 1)                   = 1
2615  read(3, "c", 1)                   = 1
2615  read(3, "l", 1)                   = 1
2615  read(3, "o", 1)                   = 1
2615  read(3, "s", 1)                   = 1
2615  read(3, "e", 1)                   = 1
2615  read(3, "(", 1)                   = 1
2615  read(3, ")", 1)                   = 1
2615  read(3, "}", 1)                   = 1
2615  read(3, ",", 1)                   = 1
2615  read(3, " ", 1)                   = 1
2615  read(3, "{", 1)                   = 1
2615  read(3, "\\", 1)                  = 1
2615  read(3, "t", 1)                   = 1
2615  read(3, "t", 1)                   = 1
2615  read(3, " ", 1)                   = 1
2615  read(3, "r", 1)                   = 1
2615  read(3, "e", 1)                   = 1
2615  read(3, "a", 1)                   = 1
2615  read(3, "d", 1)                   = 1
2615  read(3, "(", 1)                   = 1
2615  read(3, ")", 1)                   = 1
2615  read(3, "}", 1)                   = 1
2615  read(3, ",", 1)                   = 1
2615  read(3, " ", 1)                   = 1
2615  read(3, "{", 1)                   = 1
2615  read(3, "\\", 1)                  = 1
2615  read(3, "t", 1)                   = 1
2615  read(3, "t", 1)                   = 1
2615  read(3, " ", 1)                   = 1
2615  read(3, "w", 1)                   = 1
2615  read(3, "r", 1)                   = 1
2615  read(3, "i", 1)                   = 1
2615  read(3, "t", 1)                   = 1
2615  read(3, "e", 1)                   = 1
2615  read(3, "(", 1)                   = 1
2615  read(3, ")", 1)                   = 1
2615  read(3, "}", 1)                   = 1
2615  read(3, ",", 1)                   = 1
2615  read(3, " ", 1)                   = 1
2615  read(3, "{", 1)                   = 1
2615  read(3, "\\", 1)                  = 1
2615  read(3, "t", 1)                   = 1
2615  read(3, "t", 1)                   = 1
2615  read(3, " ", 1)                   = 1
2615  read(3, "s", 1)                   = 1
2615  read(3, "t", 1)                   = 1
2615  read(3, "a", 1)                   = 1
2615  read(3, "t", 1)                   = 1
2615  read(3, "(", 1)                   = 1
2615  read(3, ")", 1)                   = 1
2615  read(3, "}", 1)                   = 1
2615  read(3, " ", 1)                   = 1
2615  read(3, "a", 1)                   = 1
2615  read(3, "n", 1)                   = 1
2615  read(3, "d", 1)                   = 1
2615  read(3, " ", 1)                   = 1
2615  read(3, "{", 1)                   = 1
2615  read(3, "\\", 1)                  = 1
2615  read(3, "t", 1)                   = 1
2615  read(3, "t", 1)                   = 1
2615  read(3, " ", 1)                   = 1
2615  read(3, "e", 1)                   = 1
2615  read(3, "x", 1)                   = 1
2615  read(3, "e", 1)                   = 1
2615  read(3, "c", 1)                   = 1
2615  read(3, "v", 1)                   = 1
2615  read(3, "e", 1)                   = 1
2615  read(3, "(", 1)                   = 1
2615  read(3, ")", 1)                   = 1
2615  read(3, "}", 1)                   = 1
2615  read(3, " ", 1)                   = 1
2615  read(3, "s", 1)                   = 1
2615  read(3, "y", 1)                   = 1
2615  read(3, "s", 1)                   = 1
2615  read(3, "t", 1)                   = 1
2615  read(3, "e", 1)                   = 1
2615  read(3, "m", 1)                   = 1
2615  read(3, " ", 1)                   = 1
2615  read(3, "c", 1)                   = 1
2615  read(3, "a", 1)                   = 1
2615  read(3, "l", 1)                   = 1
2615  read(3, "l", 1)                   = 1
2615  read(3, "s", 1)                   = 1
2615  read(3, " ", 1)                   = 1
2615  read(3, "a", 1)                   = 1
2615  read(3, "r", 1)                   = 1
2615  read(3, "e", 1)                   = 1
2615  read(3, " ", 1)                   = 1
2615  read(3, "c", 1)                   = 1
2615  read(3, "a", 1)                   = 1
2615  read(3, "l", 1)                   = 1
2615  read(3, "l", 1)                   = 1
2615  read(3, "e", 1)                   = 1
2615  read(3, "d", 1)                   = 1
2615  read(3, ".", 1)                   = 1
2615  read(3, "\n", 1)                  = 1
2615  write(6, "124\n", 4)              = 4
2615  write(6, "times {\\tt openat()} , {\\tt clos"..., 124) = 124
2615  read(3, "%", 1)                   = 1
2615  read(3, "\n", 1)                  = 1
2615  write(6, "2\n", 2)                = 2
2615  write(6, "%\n", 2)                = 2
2615  read(3, "N", 1)                   = 1
2615  read(3, "o", 1)                   = 1
2615  read(3, "t", 1)                   = 1
2615  read(3, "e", 1)                   = 1
2615  read(3, " ", 1)                   = 1
2615  read(3, "t", 1)                   = 1
2615  read(3, "h", 1)                   = 1
2615  read(3, "a", 1)                   = 1
2615  read(3, "t", 1)                   = 1
2615  read(3, " ", 1)                   = 1
2615  read(3, "y", 1)                   = 1
2615  read(3, "o", 1)                   = 1
2615  read(3, "u", 1)                   = 1
2615  read(3, " ", 1)                   = 1
2615  read(3, "h", 1)                   = 1
2615  read(3, "a", 1)                   = 1
2615  read(3, "v", 1)                   = 1
2615  read(3, "e", 1)                   = 1
2615  read(3, " ", 1)                   = 1
2615  read(3, "t", 1)                   = 1
2615  read(3, "o", 1)                   = 1
2615  read(3, " ", 1)                   = 1
2615  read(3, "c", 1)                   = 1
2615  read(3, "o", 1)                   = 1
2615  read(3, "u", 1)                   = 1
2615  read(3, "n", 1)                   = 1
2615  read(3, "t", 1)                   = 1
2615  read(3, " ", 1)                   = 1
2615  read(3, "t", 1)                   = 1
2615  read(3, "h", 1)                   = 1
2615  read(3, "e", 1)                   = 1
2615  read(3, " ", 1)                   = 1
2615  read(3, "s", 1)                   = 1
2615  read(3, "y", 1)                   = 1
2615  read(3, "s", 1)                   = 1
2615  read(3, "t", 1)                   = 1
2615  read(3, "e", 1)                   = 1
2615  read(3, "m", 1)                   = 1
2615  read(3, " ", 1)                   = 1
2615  read(3, "c", 1)                   = 1
2615  read(3, "a", 1)                   = 1
2615  read(3, "l", 1)                   = 1
2615  read(3, "l", 1)                   = 1
2615  read(3, "s", 1)                   = 1
2615  read(3, " ", 1)                   = 1
2615  read(3, "i", 1)                   = 1
2615  read(3, "r", 1)                   = 1
2615  read(3, "r", 1)                   = 1
2615  read(3, "e", 1)                   = 1
2615  read(3, "s", 1)                   = 1
2615  read(3, "p", 1)                   = 1
2615  read(3, "e", 1)                   = 1
2615  read(3, "c", 1)                   = 1
2615  read(3, "t", 1)                   = 1
2615  read(3, "i", 1)                   = 1
2615  read(3, "v", 1)                   = 1
2615  read(3, "e", 1)                   = 1
2615  read(3, " ", 1)                   = 1
2615  read(3, "o", 1)                   = 1
2615  read(3, "f", 1)                   = 1
2615  read(3, " ", 1)                   = 1
2615  read(3, "t", 1)                   = 1
2615  read(3, "h", 1)                   = 1
2615  read(3, "e", 1)                   = 1
2615  read(3, " ", 1)                   = 1
2615  read(3, "s", 1)                   = 1
2615  read(3, "y", 1)                   = 1
2615  read(3, "s", 1)                   = 1
2615  read(3, "t", 1)                   = 1
2615  read(3, "e", 1)                   = 1
2615  read(3, "m", 1)                   = 1
2615  read(3, " ", 1)                   = 1
2615  read(3, "c", 1)                   = 1
2615  read(3, "a", 1)                   = 1
2615  read(3, "l", 1)                   = 1
2615  read(3, "l", 1)                   = 1
2615  read(3, "s", 1)                   = 1
2615  read(3, " ", 1)                   = 1
2615  read(3, "b", 1)                   = 1
2615  read(3, "e", 1)                   = 1
2615  read(3, "i", 1)                   = 1
2615  read(3, "n", 1)                   = 1
2615  read(3, "g", 1)                   = 1
2615  read(3, " ", 1)                   = 1
2615  read(3, "s", 1)                   = 1
2615  read(3, "u", 1)                   = 1
2615  read(3, "c", 1)                   = 1
2615  read(3, "c", 1)                   = 1
2615  read(3, "e", 1)                   = 1
2615  read(3, "s", 1)                   = 1
2615  read(3, "s", 1)                   = 1
2615  read(3, "f", 1)                   = 1
2615  read(3, "u", 1)                   = 1
2615  read(3, "l", 1)                   = 1
2615  read(3, " ", 1)                   = 1
2615  read(3, "o", 1)                   = 1
2615  read(3, "r", 1)                   = 1
2615  read(3, " ", 1)                   = 1
2615  read(3, "f", 1)                   = 1
2615  read(3, "a", 1)                   = 1
2615  read(3, "i", 1)                   = 1
2615  read(3, "l", 1)                   = 1
2615  read(3, "i", 1)                   = 1
2615  read(3, "n", 1)                   = 1
2615  read(3, "g", 1)                   = 1
2615  read(3, " ", 1)                   = 1
2615  read(3, "w", 1)                   = 1
2615  read(3, "i", 1)                   = 1
2615  read(3, "t", 1)                   = 1
2615  read(3, "h", 1)                   = 1
2615  read(3, " ", 1)                   = 1
2615  read(3, "e", 1)                   = 1
2615  read(3, "r", 1)                   = 1
2615  read(3, "r", 1)                   = 1
2615  read(3, "o", 1)                   = 1
2615  read(3, "r", 1)                   = 1
2615  read(3, ".", 1)                   = 1
2615  read(3, "\n", 1)                  = 1
2615  write(6, "118\n", 4)              = 4
2615  write(6, "Note that you have to count the "..., 118) = 118
2615  read(3, "%", 1)                   = 1
2615  read(3, "\n", 1)                  = 1
2615  write(6, "2\n", 2)                = 2
2615  write(6, "%\n", 2)                = 2
2615  read(3, "(", 1)                   = 1
2615  read(3, "S", 1)                   = 1
2615  read(3, "e", 1)                   = 1
2615  read(3, "e", 1)                   = 1
2615  read(3, " ", 1)                   = 1
2615  read(3, "{", 1)                   = 1
2615  read(3, "\\", 1)                  = 1
2615  read(3, "t", 1)                   = 1
2615  read(3, "t", 1)                   = 1
2615  read(3, " ", 1)                   = 1
2615  read(3, "o", 1)                   = 1
2615  read(3, "p", 1)                   = 1
2615  read(3, "e", 1)                   = 1
2615  read(3, "n", 1)                   = 1
2615  read(3, "a", 1)                   = 1
2615  read(3, "t", 1)                   = 1
2615  read(3, "(", 1)                   = 1
2615  read(3, ")", 1)                   = 1
2615  read(3, "}", 1)                   = 1
2615  read(3, " ", 1)                   = 1
2615  read(3, "i", 1)                   = 1
2615  read(3, "n", 1)                   = 1
2615  read(3, " ", 1)                   = 1
2615  read(3, "t", 1)                   = 1
2615  read(3, "h", 1)                   = 1
2615  read(3, "e", 1)                   = 1
2615  read(3, " ", 1)                   = 1
2615  read(3, "e", 1)                   = 1
2615  read(3, "x", 1)                   = 1
2615  read(3, "a", 1)                   = 1
2615  read(3, "m", 1)                   = 1
2615  read(3, "p", 1)                   = 1
2615  read(3, "l", 1)                   = 1
2615  read(3, "e", 1)                   = 1
2615  read(3, " ", 1)                   = 1
2615  read(3, "b", 1)                   = 1
2615  read(3, "e", 1)                   = 1
2615  read(3, "l", 1)                   = 1
2615  read(3, "o", 1)                   = 1
2615  read(3, "w", 1)                   = 1
2615  read(3, ")", 1)                   = 1
2615  read(3, ".", 1)                   = 1
2615  read(3, "\n", 1)                  = 1
2615  write(6, "43\n", 3)               = 3
2615  write(6, "(See {\\tt openat()} in the examp"..., 43) = 43
2615  read(3, "\n", 1)                  = 1
2615  write(6, "1\n", 2)                = 2
2615  write(6, "\n", 1)                 = 1
2615  read(3, "\\", 1)                  = 1
2615  read(3, "s", 1)                   = 1
2615  read(3, "u", 1)                   = 1
2615  read(3, "b", 1)                   = 1
2615  read(3, "s", 1)                   = 1
2615  read(3, "u", 1)                   = 1
2615  read(3, "b", 1)                   = 1
2615  read(3, "s", 1)                   = 1
2615  read(3, "e", 1)                   = 1
2615  read(3, "c", 1)                   = 1
2615  read(3, "t", 1)                   = 1
2615  read(3, "i", 1)                   = 1
2615  read(3, "o", 1)                   = 1
2615  read(3, "n", 1)                   = 1
2615  read(3, "*", 1)                   = 1
2615  read(3, "{", 1)                   = 1
2615  read(3, "S", 1)                   = 1
2615  read(3, "y", 1)                   = 1
2615  read(3, "n", 1)                   = 1
2615  read(3, "t", 1)                   = 1
2615  read(3, "a", 1)                   = 1
2615  read(3, "x", 1)                   = 1
2615  read(3, "}", 1)                   = 1
2615  read(3, "\n", 1)                  = 1
2615  write(6, "24\n", 3)               = 3
2615  write(6, "\\subsubsection*{Syntax}\n", 24) = 24
2615  read(3, "\\", 1)                  = 1
2615  read(3, "b", 1)                   = 1
2615  read(3, "e", 1)                   = 1
2615  read(3, "g", 1)                   = 1
2615  read(3, "i", 1)                   = 1
2615  read(3, "n", 1)                   = 1
2615  read(3, "{", 1)                   = 1
2615  read(3, "v", 1)                   = 1
2615  read(3, "e", 1)                   = 1
2615  read(3, "r", 1)                   = 1
2615  read(3, "b", 1)                   = 1
2615  read(3, "a", 1)                   = 1
2615  read(3, "t", 1)                   = 1
2615  read(3, "i", 1)                   = 1
2615  read(3, "m", 1)                   = 1
2615  read(3, "}", 1)                   = 1
2615  read(3, "\n", 1)                  = 1
2615  write(6, "17\n", 3)               = 3
2615  write(6, "\\begin{verbatim}\n", 17) = 17
2615  read(3, "$", 1)                   = 1
2615  read(3, " ", 1)                   = 1
2615  read(3, ".", 1)                   = 1
2615  read(3, "/", 1)                   = 1
2615  read(3, "c", 1)                   = 1
2615  read(3, "o", 1)                   = 1
2615  read(3, "u", 1)                   = 1
2615  read(3, "n", 1)                   = 1
2615  read(3, "t", 1)                   = 1
2615  read(3, " ", 1)                   = 1
2615  read(3, "<", 1)                   = 1
2615  read(3, "t", 1)                   = 1
2615  read(3, "r", 1)                   = 1
2615  read(3, "a", 1)                   = 1
2615  read(3, "c", 1)                   = 1
2615  read(3, "e", 1)                   = 1
2615  read(3, "_", 1)                   = 1
2615  read(3, "f", 1)                   = 1
2615  read(3, "i", 1)                   = 1
2615  read(3, "l", 1)                   = 1
2615  read(3, "e", 1)                   = 1
2615  read(3, "_", 1)                   = 1
2615  read(3, "n", 1)                   = 1
2615  read(3, "a", 1)                   = 1
2615  read(3, "m", 1)                   = 1
2615  read(3, "e", 1)                   = 1
2615  read(3, ">", 1)                   = 1
2615  read(3, "\n", 1)                  = 1
2615  write(6, "28\n", 3)               = 3
2615  write(6, "$ ./count <trace_file_name>\n", 28) = 28
2615  read(3, "\\", 1)                  = 1
2615  read(3, "e", 1)                   = 1
2615  read(3, "n", 1)                   = 1
2615  read(3, "d", 1)                   = 1
2615  read(3, "{", 1)                   = 1
2615  read(3, "v", 1)                   = 1
2615  read(3, "e", 1)                   = 1
2615  read(3, "r", 1)                   = 1
2615  read(3, "b", 1)                   = 1
2615  read(3, "a", 1)                   = 1
2615  read(3, "t", 1)                   = 1
2615  read(3, "i", 1)                   = 1
2615  read(3, "m", 1)                   = 1
2615  read(3, "}", 1)                   = 1
2615  read(3, "\n", 1)                  = 1
2615  write(6, "15\n", 3)               = 3
2615  write(6, "\\end{verbatim}\n", 15) = 15
2615  read(3, "\n", 1)                  = 1
2615  write(6, "1\n", 2)                = 2
2615  write(6, "\n", 1)                 = 1
2615  read(3, "\\", 1)                  = 1
2615  read(3, "s", 1)                   = 1
2615  read(3, "u", 1)                   = 1
2615  read(3, "b", 1)                   = 1
2615  read(3, "s", 1)                   = 1
2615  read(3, "u", 1)                   = 1
2615  read(3, "b", 1)                   = 1
2615  read(3, "s", 1)                   = 1
2615  read(3, "e", 1)                   = 1
2615  read(3, "c", 1)                   = 1
2615  read(3, "t", 1)                   = 1
2615  read(3, "i", 1)                   = 1
2615  read(3, "o", 1)                   = 1
2615  read(3, "n", 1)                   = 1
2615  read(3, "*", 1)                   = 1
2615  read(3, "{", 1)                   = 1
2615  read(3, "E", 1)                   = 1
2615  read(3, "x", 1)                   = 1
2615  read(3, "a", 1)                   = 1
2615  read(3, "m", 1)                   = 1
2615  read(3, "p", 1)                   = 1
2615  read(3, "l", 1)                   = 1
2615  read(3, "e", 1)                   = 1
2615  read(3, "}", 1)                   = 1
2615  read(3, "\n", 1)                  = 1
2615  write(6, "25\n", 3)               = 3
2615  write(6, "\\subsubsection*{Example}\n", 25) = 25
2615  read(3, "F", 1)                   = 1
2615  read(3, "o", 1)                   = 1
2615  read(3, "r", 1)                   = 1
2615  read(3, " ", 1)                   = 1
2615  read(3, "a", 1)                   = 1
2615  read(3, " ", 1)                   = 1
2615  read(3, "t", 1)                   = 1
2615  read(3, "r", 1)                   = 1
2615  read(3, "a", 1)                   = 1
2615  read(3, "c", 1)                   = 1
2615  read(3, "e", 1)                   = 1
2615  read(3, " ", 1)                   = 1
2615  read(3, "f", 1)                   = 1
2615  read(3, "i", 1)                   = 1
2615  read(3, "l", 1)                   = 1
2615  read(3, "e", 1)                   = 1
2615  read(3, " ", 1)                   = 1
2615  read(3, "w", 1)                   = 1
2615  read(3, "i", 1)                   = 1
2615  read(3, "t", 1)                   = 1
2615  read(3, "h", 1)                   = 1
2615  read(3, " ", 1)                   = 1
2615  read(3, "t", 1)                   = 1
2615  read(3, "h", 1)                   = 1
2615  read(3, "e", 1)                   = 1
2615  read(3, " ", 1)                   = 1
2615  read(3, "f", 1)                   = 1
2615  read(3, "o", 1)                   = 1
2615  read(3, "l", 1)                   = 1
2615  read(3, "l", 1)                   = 1
2615  read(3, "o", 1)                   = 1
2615  read(3, "w", 1)                   = 1
2615  read(3, "i", 1)                   = 1
2615  read(3, "n", 1)                   = 1
2615  read(3, "g", 1)                   = 1
2615  read(3, " ", 1)                   = 1
2615  read(3, "c", 1)                   = 1
2615  read(3, "o", 1)                   = 1
2615  read(3, "n", 1)                   = 1
2615  read(3, "t", 1)                   = 1
2615  read(3, "e", 1)                   = 1
2615  read(3, "n", 1)                   = 1
2615  read(3, "t", 1)                   = 1
2615  read(3, "s", 1)                   = 1
2615  read(3, ",", 1)                   = 1
2615  read(3, " ", 1)                   = 1
2615  read(3, "o", 1)                   = 1
2615  read(3, "u", 1)                   = 1
2615  read(3, "t", 1)                   = 1
2615  read(3, "p", 1)                   = 1
2615  read(3, "u", 1)                   = 1
2615  read(3, "t", 1)                   = 1
2615  read(3, " ", 1)                   = 1
2615  read(3, "i", 1)                   = 1
2615  read(3, "s", 1)                   = 1
2615  read(3, " ", 1)                   = 1
2615  read(3, "s", 1)                   = 1
2615  read(3, "h", 1)                   = 1
2615  read(3, "o", 1)                   = 1
2615  read(3, "w", 1)                   = 1
2615  read(3, "n", 1)                   = 1
2615  read(3, " ", 1)                   = 1
2615  read(3, "b", 1)                   = 1
2615  read(3, "e", 1)                   = 1
2615  read(3, "l", 1)                   = 1
2615  read(3, "o", 1)                   = 1
2615  read(3, "w", 1)                   = 1
2615  read(3, ",", 1)                   = 1
2615  read(3, "\n", 1)                  = 1
2615  write(6, "69\n", 3)               = 3
2615  write(6, "For a trace file with the follow"..., 69) = 69
2615  read(3, "\\", 1)                  = 1
2615  read(3, "b", 1)                   = 1
2615  read(3, "e", 1)                   = 1
2615  read(3, "g", 1)                   = 1
2615  read(3, "i", 1)                   = 1
2615  read(3, "n", 1)                   = 1
2615  read(3, "{", 1)                   = 1
2615  read(3, "v", 1)                   = 1
2615  read(3, "e", 1)                   = 1
2615  read(3, "r", 1)                   = 1
2615  read(3, "b", 1)                   = 1
2615  read(3, "a", 1)                   = 1
2615  read(3, "t", 1)                   = 1
2615  read(3, "i", 1)                   = 1
2615  read(3, "m", 1)                   = 1
2615  read(3, "}", 1)                   = 1
2615  read(3, "\n", 1)                  = 1
2615  write(6, "17\n", 3)               = 3
2615  write(6, "\\begin{verbatim}\n", 17) = 17
2615  read(3, "o", 1)                   = 1
2615  read(3, "p", 1)                   = 1
2615  read(3, "e", 1)                   = 1
2615  read(3, "n", 1)                   = 1
2615  read(3, "a", 1)                   = 1
2615  read(3, "t", 1)                   = 1
2615  read(3, "(", 1)                   = 1
2615  read(3, "A", 1)                   = 1
2615  read(3, "T", 1)                   = 1
2615  read(3, "_", 1)                   = 1
2615  read(3, "F", 1)                   = 1
2615  read(3, "D", 1)                   = 1
2615  read(3, "C", 1)                   = 1
2615  read(3, "W", 1)                   = 1
2615  read(3, "D", 1)                   = 1
2615  read(3, ",", 1)                   = 1
2615  read(3, " ", 1)                   = 1
2615  read(3, "\"", 1)                  = 1
2615  read(3, "t", 1)                   = 1
2615  read(3, "e", 1)                   = 1
2615  read(3, "m", 1)                   = 1
2615  read(3, "p", 1)                   = 1
2615  read(3, "\"", 1)                  = 1
2615  read(3, ",", 1)                   = 1
2615  read(3, " ", 1)                   = 1
2615  read(3, "O", 1)                   = 1
2615  read(3, "_", 1)                   = 1
2615  read(3, "R", 1)                   = 1
2615  read(3, "D", 1)                   = 1
2615  read(3, "O", 1)                   = 1
2615  read(3, "N", 1)                   = 1
2615  read(3, "L", 1)                   = 1
2615  read(3, "Y", 1)                   = 1
2615  read(3, ")", 1)                   = 1
2615  read(3, " ", 1)                   = 1
2615  read(3, " ", 1)                   = 1
2615  read(3, " ", 1)                   = 1
2615  read(3, " ", 1)                   = 1
2615  read(3, " ", 1)                   = 1
2615  read(3, " ", 1)                   = 1
2615  read(3, "=", 1)                   = 1
2615  read(3, " ", 1)                   = 1
2615  read(3, "3", 1)                   = 1
2615  read(3, "\n", 1)                  = 1
2615  write(6, "44\n", 3)               = 3
2615  write(6, "openat(AT_FDCWD, \"temp\", O_RDONL"..., 44) = 44
2615  read(3, "f", 1)                   = 1
2615  read(3, "a", 1)                   = 1
2615  read(3, "d", 1)                   = 1
2615  read(3, "v", 1)                   = 1
2615  read(3, "i", 1)                   = 1
2615  read(3, "s", 1)                   = 1
2615  read(3, "e", 1)                   = 1
2615  read(3, "6", 1)                   = 1
2615  read(3, "4", 1)                   = 1
2615  read(3, "(", 1)                   = 1
2615  read(3, "3", 1)                   = 1
2615  read(3, ",", 1)                   = 1
2615  read(3, " ", 1)                   = 1
2615  read(3, "0", 1)                   = 1
2615  read(3, ",", 1)                   = 1
2615  read(3, " ", 1)                   = 1
2615  read(3, "0", 1)                   = 1
2615  read(3, ",", 1)                   = 1
2615  read(3, " ", 1)                   = 1
2615  read(3, "P", 1)                   = 1
2615  read(3, "O", 1)                   = 1
2615  read(3, "S", 1)                   = 1
2615  read(3, "I", 1)                   = 1
2615  read(3, "X", 1)                   = 1
2615  read(3, "_", 1)                   = 1
2615  read(3, "F", 1)                   = 1
2615  read(3, "A", 1)                   = 1
2615  read(3, "D", 1)                   = 1
2615  read(3, "V", 1)                   = 1
2615  read(3, "_", 1)                   = 1
2615  read(3, "S", 1)                   = 1
2615  read(3, "E", 1)                   = 1
2615  read(3, "Q", 1)                   = 1
2615  read(3, "U", 1)                   = 1
2615  read(3, "E", 1)                   = 1
2615  read(3, "N", 1)                   = 1
2615  read(3, "T", 1)                   = 1
2615  read(3, "I", 1)                   = 1
2615  read(3, "A", 1)                   = 1
2615  read(3, "L", 1)                   = 1
2615  read(3, ")", 1)                   = 1
2615  read(3, " ", 1)                   = 1
2615  read(3, "=", 1)                   = 1
2615  read(3, " ", 1)                   = 1
2615  read(3, "0", 1)                   = 1
2615  read(3, "\n", 1)                  = 1
2615  write(6, "46\n", 3)               = 3
2615  write(6, "fadvise64(3, 0, 0, POSIX_FADV_SE"..., 46) = 46
2615  read(3, "r", 1)                   = 1
2615  read(3, "e", 1)                   = 1
2615  read(3, "a", 1)                   = 1
2615  read(3, "d", 1)                   = 1
2615  read(3, "(", 1)                   = 1
2615  read(3, "3", 1)                   = 1
2615  read(3, ",", 1)                   = 1
2615  read(3, " ", 1)                   = 1
2615  read(3, "\"", 1)                  = 1
2615  read(3, "\\", 1)                  = 1
2615  read(3, "1", 1)                   = 1
2615  read(3, "7", 1)                   = 1
2615  read(3, "7", 1)                   = 1
2615  read(3, "E", 1)                   = 1
2615  read(3, "L", 1)                   = 1
2615  read(3, "F", 1)                   = 1
2615  read(3, "\\", 1)                  = 1
2615  read(3, "2", 1)                   = 1
2615  read(3, "\\", 1)                  = 1
2615  read(3, "1", 1)                   = 1
2615  read(3, "\\", 1)                  = 1
2615  read(3, "1", 1)                   = 1
2615  read(3, "\\", 1)                  = 1
2615  read(3, "\"", 1)                  = 1
2615  read(3, ".", 1)                   = 1
2615  read(3, ".", 1)                   = 1
2615  read(3, ".", 1)                   = 1
2615  read(3, ",", 1)                   = 1
2615  read(3, " ", 1)                   = 1
2615  read(3, "1", 1)                   = 1
2615  read(3, "6", 1)                   = 1
2615  read(3, "3", 1)                   = 1
2615  read(3, "8", 1)                   = 1
2615  read(3, "4", 1)                   = 1
2615  read(3, ")", 1)                   = 1
2615  read(3, " ", 1)                   = 1
2615  read(3, "=", 1)                   = 1
2615  read(3, " ", 1)                   = 1
2615  read(3, "8", 1)                   = 1
2615  read(3, "6", 1)                   = 1
2615  read(3, "2", 1)                   = 1
2615  read(3, "4", 1)                   = 1
2615  read(3, "\n", 1)                  = 1
2615  write(6, "43\n", 3)               = 3
2615  write(6, "read(3, \"\\177ELF\\2\\1\\1\\\"..., 163"..., 43) = 43
2615  read(3, "o", 1)                   = 1
2615  read(3, "p", 1)                   = 1
2615  read(3, "e", 1)                   = 1
2615  read(3, "n", 1)                   = 1
2615  read(3, "a", 1)                   = 1
2615  read(3, "t", 1)                   = 1
2615  read(3, "(", 1)                   = 1
2615  read(3, "A", 1)                   = 1
2615  read(3, "T", 1)                   = 1
2615  read(3, "_", 1)                   = 1
2615  read(3, "F", 1)                   = 1
2615  read(3, "D", 1)                   = 1
2615  read(3, "C", 1)                   = 1
2615  read(3, "W", 1)                   = 1
2615  read(3, "D", 1)                   = 1
2615  read(3, ",", 1)                   = 1
2615  read(3, " ", 1)                   = 1
2615  read(3, "\"", 1)                  = 1
2615  read(3, "/", 1)                   = 1
2615  read(3, "u", 1)                   = 1
2615  read(3, "s", 1)                   = 1
2615  read(3, "r", 1)                   = 1
2615  read(3, "/", 1)                   = 1
2615  read(3, "l", 1)                   = 1
2615  read(3, "i", 1)                   = 1
2615  read(3, "b", 1)                   = 1
2615  read(3, "/", 1)                   = 1
2615  read(3, "g", 1)                   = 1
2615  read(3, "c", 1)                   = 1
2615  read(3, "o", 1)                   = 1
2615  read(3, "n", 1)                   = 1
2615  read(3, "v", 1)                   = 1
2615  read(3, "-", 1)                   = 1
2615  read(3, "m", 1)                   = 1
2615  read(3, "o", 1)                   = 1
2615  read(3, "d", 1)                   = 1
2615  read(3, "u", 1)                   = 1
2615  read(3, "l", 1)                   = 1
2615  read(3, "e", 1)                   = 1
2615  read(3, "s", 1)                   = 1
2615  read(3, ".", 1)                   = 1
2615  read(3, "c", 1)                   = 1
2615  read(3, "a", 1)                   = 1
2615  read(3, "c", 1)                   = 1
2615  read(3, "h", 1)                   = 1
2615  read(3, "e", 1)                   = 1
2615  read(3, "\"", 1)                  = 1
2615  read(3, ",", 1)                   = 1
2615  read(3, " ", 1)                   = 1
2615  read(3, "O", 1)                   = 1
2615  read(3, "_", 1)                   = 1
2615  read(3, "R", 1)                   = 1
2615  read(3, "D", 1)                   = 1
2615  read(3, "O", 1)                   = 1
2615  read(3, "N", 1)                   = 1
2615  read(3, "L", 1)                   = 1
2615  read(3, "Y", 1)                   = 1
2615  read(3, ")", 1)                   = 1
2615  read(3, " ", 1)                   = 1
2615  read(3, "=", 1)                   = 1
2615  read(3, " ", 1)                   = 1
2615  read(3, "4", 1)                   = 1
2615  read(3, "\n", 1)                  = 1
2615  write(6, "63\n", 3)               = 3
2615  write(6, "openat(AT_FDCWD, \"/usr/lib/gconv"..., 63) = 63
2615  read(3, "f", 1)                   = 1
2615  read(3, "s", 1)                   = 1
2615  read(3, "t", 1)                   = 1
2615  read(3, "a", 1)                   = 1
2615  read(3, "t", 1)                   = 1
2615  read(3, "(", 1)                   = 1
2615  read(3, "4", 1)                   = 1
2615  read(3, ",", 1)                   = 1
2615  read(3, " ", 1)                   = 1
2615  read(3, "{", 1)                   = 1
2615  read(3, "s", 1)                   = 1
2615  read(3, "t", 1)                   = 1
2615  read(3, "_", 1)                   = 1
2615  read(3, "m", 1)                   = 1
2615  read(3, "o", 1)                   = 1
2615  read(3, "d", 1)                   = 1
2615  read(3, "e", 1)                   = 1
2615  read(3, "=", 1)                   = 1
2615  read(3, "S", 1)                   = 1
2615  read(3, "_", 1)                   = 1
2615  read(3, "I", 1)                   = 1
2615  read(3, "F", 1)                   = 1
2615  read(3, "R", 1)                   = 1
2615  read(3, "E", 1)                   = 1
2615  read(3, "G", 1)                   = 1
2615  read(3, "|", 1)                   = 1
2615  read(3, "0", 1)                   = 1
2615  read(3, "6", 1)                   = 1
2615  read(3, "4", 1)                   = 1
2615  read(3, "4", 1)                   = 1
2615  read(3, ",", 1)                   = 1
2615  read(3, " ", 1)                   = 1
2615  read(3, "s", 1)                   = 1
2615  read(3, "t", 1)                   = 1
2615  read(3, "_", 1)                   = 1
2615  read(3, "s", 1)                   = 1
2615  read(3, "i", 1)                   = 1
2615  read(3, "z", 1)                   = 1
2615  read(3, "e", 1)                   = 1
2615  read(3, "=", 1)                   = 1
2615  read(3, "2", 1)                   = 1
2615  read(3, "6", 1)                   = 1
2615  read(3, "3", 1)                   = 1
2615  read(3, "7", 1)                   = 1
2615  read(3, "6", 1)                   = 1
2615  read(3, ",", 1)                   = 1
2615  read(3, " ", 1)                   = 1
2615  read(3, ".", 1)                   = 1
2615  read(3, ".", 1)                   = 1
2615  read(3, ".", 1)                   = 1
2615  read(3, "}", 1)                   = 1
2615  read(3, ")", 1)                   = 1
2615  read(3, " ", 1)                   = 1
2615  read(3, "=", 1)                   = 1
2615  read(3, " ", 1)                   = 1
2615  read(3, "0", 1)                   = 1
2615  read(3, "\n", 1)                  = 1
2615  write(6, "57\n", 3)               = 3
2615  write(6, "fstat(4, {st_mode=S_IFREG|0644, "..., 57) = 57
2615  read(3, "m", 1)                   = 1
2615  read(3, "m", 1)                   = 1
2615  read(3, "a", 1)                   = 1
2615  read(3, "p", 1)                   = 1
2615  read(3, "(", 1)                   = 1
2615  read(3, "N", 1)                   = 1
2615  read(3, "U", 1)                   = 1
2615  read(3, "L", 1)                   = 1
2615  read(3, "L", 1)                   = 1
2615  read(3, ",", 1)                   = 1
2615  read(3, " ", 1)                   = 1
2615  read(3, "2", 1)                   = 1
2615  read(3, "6", 1)                   = 1
2615  read(3, "3", 1)                   = 1
2615  read(3, "7", 1)                   = 1
2615  read(3, "6", 1)                   = 1
2615  read(3, ",", 1)                   = 1
2615  read(3, " ", 1)                   = 1
2615  read(3, "P", 1)                   = 1
2615  read(3, "R", 1)                   = 1
2615  read(3, "O", 1)                   = 1
2615  read(3, "T", 1)                   = 1
2615  read(3, "_", 1)                   = 1
2615  read(3, "R", 1)                   = 1
2615  read(3, "E", 1)                   = 1
2615  read(3, "A", 1)                   = 1
2615  read(3, "D", 1)                   = 1
2615  read(3, ",", 1)                   = 1
2615  read(3, " ", 1)                   = 1
2615  read(3, "M", 1)                   = 1
2615  read(3, "A", 1)                   = 1
2615  read(3, "P", 1)                   = 1
2615  read(3, "_", 1)                   = 1
2615  read(3, "S", 1)                   = 1
2615  read(3, "H", 1)                   = 1
2615  read(3, "A", 1)                   = 1
2615  read(3, "R", 1)                   = 1
2615  read(3, "E", 1)                   = 1
2615  read(3, "D", 1)                   = 1
2615  read(3, ",", 1)                   = 1
2615  read(3, " ", 1)                   = 1
2615  read(3, "4", 1)                   = 1
2615  read(3, ",", 1)                   = 1
2615  read(3, " ", 1)                   = 1
2615  read(3, "0", 1)                   = 1
2615  read(3, ")", 1)                   = 1
2615  read(3, " ", 1)                   = 1
2615  read(3, "=", 1)                   = 1
2615  read(3, " ", 1)                   = 1
2615  read(3, "0", 1)                   = 1
2615  read(3, "x", 1)                   = 1
2615  read(3, "7", 1)                   = 1
2615  read(3, "f", 1)                   = 1
2615  read(3, "6", 1)                   = 1
2615  read(3, "9", 1)                   = 1
2615  read(3, "7", 1)                   = 1
2615  read(3, "4", 1)                   = 1
2615  read(3, "8", 1)                   = 1
2615  read(3, "2", 1)                   = 1
2615  read(3, "4", 1)                   = 1
2615  read(3, "0", 1)                   = 1
2615  read(3, "0", 1)                   = 1
2615  read(3, "0", 1)                   = 1
2615  read(3, "\n", 1)                  = 1
2615  write(6, "64\n", 3)               = 3
2615  write(6, "mmap(NULL, 26376, PROT_READ, MAP"..., 64) = 64
2615  read(3, "o", 1)                   = 1
2615  read(3, "p", 1)                   = 1
2615  read(3, "e", 1)                   = 1
2615  read(3, "n", 1)                   = 1
2615  read(3, "a", 1)                   = 1
2615  read(3, "t", 1)                   = 1
2615  read(3, "(", 1)                   = 1
2615  read(3, "A", 1)                   = 1
2615  read(3, "T", 1)                   = 1
2615  read(3, "_", 1)                   = 1
2615  read(3, "F", 1)                   = 1
2615  read(3, "D", 1)                   = 1
2615  read(3, "C", 1)                   = 1
2615  read(3, "W", 1)                   = 1
2615  read(3, "D", 1)                   = 1
2615  read(3, ",", 1)                   = 1
2615  read(3, " ", 1)                   = 1
2615  read(3, "\"", 1)                  = 1
2615  read(3, "t", 1)                   = 1
2615  read(3, "e", 1)                   = 1
2615  read(3, "m", 1)                   = 1
2615  read(3, "p", 1)                   = 1
2615  read(3, "1", 1)                   = 1
2615  read(3, "2", 1)                   = 1
2615  read(3, "3", 1)                   = 1
2615  read(3, "\"", 1)                  = 1
2615  read(3, ",", 1)                   = 1
2615  read(3, " ", 1)                   = 1
2615  read(3, "O", 1)                   = 1
2615  read(3, "_", 1)                   = 1
2615  read(3, "R", 1)                   = 1
2615  read(3, "D", 1)                   = 1
2615  read(3, "O", 1)                   = 1
2615  read(3, "N", 1)                   = 1
2615  read(3, "L", 1)                   = 1
2615  read(3, "Y", 1)                   = 1
2615  read(3, ")", 1)                   = 1
2615  read(3, " ", 1)                   = 1
2615  read(3, " ", 1)                   = 1
2615  read(3, " ", 1)                   = 1
2615  read(3, " ", 1)                   = 1
2615  read(3, " ", 1)                   = 1
2615  read(3, " ", 1)                   = 1
2615  read(3, "=", 1)                   = 1
2615  read(3, " ", 1)                   = 1
2615  read(3, "-", 1)                   = 1
2615  read(3, "1", 1)                   = 1
2615  read(3, " ", 1)                   = 1
2615  read(3, "(", 1)                   = 1
2615  read(3, "e", 1)                   = 1
2615  read(3, "r", 1)                   = 1
2615  read(3, "r", 1)                   = 1
2615  read(3, "o", 1)                   = 1
2615  read(3, "r", 1)                   = 1
2615  read(3, ")", 1)                   = 1
2615  read(3, "\n", 1)                  = 1
2615  write(6, "56\n", 3)               = 3
2615  write(6, "openat(AT_FDCWD, \"temp123\", O_RD"..., 56) = 56
2615  read(3, "c", 1)                   = 1
2615  read(3, "l", 1)                   = 1
2615  read(3, "o", 1)                   = 1
2615  read(3, "s", 1)                   = 1
2615  read(3, "e", 1)                   = 1
2615  read(3, "(", 1)                   = 1
2615  read(3, "4", 1)                   = 1
2615  read(3, ")", 1)                   = 1
2615  read(3, " ", 1)                   = 1
2615  read(3, " ", 1)                   = 1
2615  read(3, " ", 1)                   = 1
2615  read(3, " ", 1)                   = 1
2615  read(3, " ", 1)                   = 1
2615  read(3, " ", 1)                   = 1
2615  read(3, " ", 1)                   = 1
2615  read(3, " ", 1)                   = 1
2615  read(3, " ", 1)                   = 1
2615  read(3, " ", 1)                   = 1
2615  read(3, " ", 1)                   = 1
2615  read(3, " ", 1)                   = 1
2615  read(3, " ", 1)                   = 1
2615  read(3, " ", 1)                   = 1
2615  read(3, " ", 1)                   = 1
2615  read(3, " ", 1)                   = 1
2615  read(3, " ", 1)                   = 1
2615  read(3, " ", 1)                   = 1
2615  read(3, " ", 1)                   = 1
2615  read(3, " ", 1)                   = 1
2615  read(3, " ", 1)                   = 1
2615  read(3, " ", 1)                   = 1
2615  read(3, " ", 1)                   = 1
2615  read(3, " ", 1)                   = 1
2615  read(3, " ", 1)                   = 1
2615  read(3, " ", 1)                   = 1
2615  read(3, " ", 1)                   = 1
2615  read(3, " ", 1)                   = 1
2615  read(3, " ", 1)                   = 1
2615  read(3, " ", 1)                   = 1
2615  read(3, " ", 1)                   = 1
2615  read(3, " ", 1)                   = 1
2615  read(3, "=", 1)                   = 1
2615  read(3, " ", 1)                   = 1
2615  read(3, "0", 1)                   = 1
2615  read(3, "\n", 1)                  = 1
2615  write(6, "44\n", 3)               = 3
2615  write(6, "close(4)                        "..., 44) = 44
2615  read(3, "r", 1)                   = 1
2615  read(3, "e", 1)                   = 1
2615  read(3, "a", 1)                   = 1
2615  read(3, "d", 1)                   = 1
2615  read(3, "(", 1)                   = 1
2615  read(3, "3", 1)                   = 1
2615  read(3, ",", 1)                   = 1
2615  read(3, " ", 1)                   = 1
2615  read(3, "\"", 1)                  = 1
2615  read(3, "\"", 1)                  = 1
2615  read(3, ",", 1)                   = 1
2615  read(3, " ", 1)                   = 1
2615  read(3, "1", 1)                   = 1
2615  read(3, "6", 1)                   = 1
2615  read(3, "3", 1)                   = 1
2615  read(3, "8", 1)                   = 1
2615  read(3, "4", 1)                   = 1
2615  read(3, ")", 1)                   = 1
2615  read(3, " ", 1)                   = 1
2615  read(3, " ", 1)                   = 1
2615  read(3, " ", 1)                   = 1
2615  read(3, " ", 1)                   = 1
2615  read(3, " ", 1)                   = 1
2615  read(3, " ", 1)                   = 1
2615  read(3, " ", 1)                   = 1
2615  read(3, " ", 1)                   = 1
2615  read(3, " ", 1)                   = 1
2615  read(3, " ", 1)                   = 1
2615  read(3, " ", 1)                   = 1
2615  read(3, " ", 1)                   = 1
2615  read(3, " ", 1)                   = 1
2615  read(3, " ", 1)                   = 1
2615  read(3, " ", 1)                   = 1
2615  read(3, " ", 1)                   = 1
2615  read(3, " ", 1)                   = 1
2615  read(3, " ", 1)                   = 1
2615  read(3, " ", 1)                   = 1
2615  read(3, " ", 1)                   = 1
2615  read(3, " ", 1)                   = 1
2615  read(3, " ", 1)                   = 1
2615  read(3, "=", 1)                   = 1
2615  read(3, " ", 1)                   = 1
2615  read(3, "0", 1)                   = 1
2615  read(3, "\n", 1)                  = 1
2615  write(6, "44\n", 3)               = 3
2615  write(6, "read(3, \"\", 16384)              "..., 44) = 44
2615  read(3, "f", 1)                   = 1
2615  read(3, "s", 1)                   = 1
2615  read(3, "t", 1)                   = 1
2615  read(3, "a", 1)                   = 1
2615  read(3, "t", 1)                   = 1
2615  read(3, "(", 1)                   = 1
2615  read(3, "1", 1)                   = 1
2615  read(3, ",", 1)                   = 1
2615  read(3, " ", 1)                   = 1
2615  read(3, "{", 1)                   = 1
2615  read(3, "s", 1)                   = 1
2615  read(3, "t", 1)                   = 1
2615  read(3, "_", 1)                   = 1
2615  read(3, "m", 1)                   = 1
2615  read(3, "o", 1)                   = 1
2615  read(3, "d", 1)                   = 1
2615  read(3, "e", 1)                   = 1
2615  read(3, "=", 1)                   = 1
2615  read(3, "S", 1)                   = 1
2615  read(3, "_", 1)                   = 1
2615  read(3, "I", 1)                   = 1
2615  read(3, "F", 1)                   = 1
2615  read(3, "C", 1)                   = 1
2615  read(3, "H", 1)                   = 1
2615  read(3, "R", 1)                   = 1
2615  read(3, "|", 1)                   = 1
2615  read(3, "0", 1)                   = 1
2615  read(3, "6", 1)                   = 1
2615  read(3, "2", 1)                   = 1
2615  read(3, "0", 1)                   = 1
2615  read(3, ",", 1)                   = 1
2615  read(3, " ", 1)                   = 1
2615  read(3, "s", 1)                   = 1
2615  read(3, "t", 1)                   = 1
2615  read(3, "_", 1)                   = 1
2615  read(3, "r", 1)                   = 1
2615  read(3, "d", 1)                   = 1
2615  read(3, "e", 1)                   = 1
2615  read(3, "v", 1)                   = 1
2615  read(3, "=", 1)                   = 1
2615  read(3, "m", 1)                   = 1
2615  read(3, "a", 1)                   = 1
2615  read(3, "k", 1)                   = 1
2615  read(3, "e", 1)                   = 1
2615  read(3, "d", 1)                   = 1
2615  read(3, "e", 1)                   = 1
2615  read(3, "v", 1)                   = 1
2615  read(3, "(", 1)                   = 1
2615  read(3, "1", 1)                   = 1
2615  read(3, "3", 1)                   = 1
2615  read(3, "6", 1)                   = 1
2615  read(3, ",", 1)                   = 1
2615  read(3, " ", 1)                   = 1
2615  read(3, "3", 1)                   = 1
2615  read(3, ")", 1)                   = 1
2615  read(3, ",", 1)                   = 1
2615  read(3, " ", 1)                   = 1
2615  read(3, ".", 1)                   = 1
2615  read(3, ".", 1)                   = 1
2615  read(3, ".", 1)                   = 1
2615  read(3, "}", 1)                   = 1
2615  read(3, ")", 1)                   = 1
2615  read(3, " ", 1)                   = 1
2615  read(3, "=", 1)                   = 1
2615  read(3, " ", 1)                   = 1
2615  read(3, "0", 1)                   = 1
2615  read(3, "\n", 1)                  = 1
2615  write(6, "67\n", 3)               = 3
2615  write(6, "fstat(1, {st_mode=S_IFCHR|0620, "..., 67) = 67
2615  read(3, "w", 1)                   = 1
2615  read(3, "r", 1)                   = 1
2615  read(3, "i", 1)                   = 1
2615  read(3, "t", 1)                   = 1
2615  read(3, "e", 1)                   = 1
2615  read(3, "(", 1)                   = 1
2615  read(3, "1", 1)                   = 1
2615  read(3, ",", 1)                   = 1
2615  read(3, " ", 1)                   = 1
2615  read(3, "x", 1)                   = 1
2615  read(3, "y", 1)                   = 1
2615  read(3, "z", 1)                   = 1
2615  read(3, ")", 1)                   = 1
2615  read(3, " ", 1)                   = 1
2615  read(3, " ", 1)                   = 1
2615  read(3, " ", 1)                   = 1
2615  read(3, "=", 1)                   = 1
2615  read(3, " ", 1)                   = 1
2615  read(3, "2", 1)                   = 1
2615  read(3, "0", 1)                   = 1
2615  read(3, "\n", 1)                  = 1
2615  write(6, "21\n", 3)               = 3
2615  write(6, "write(1, xyz)   = 20\n", 21) = 21
2615  read(3, "c", 1)                   = 1
2615  read(3, "l", 1)                   = 1
2615  read(3, "o", 1)                   = 1
2615  read(3, "s", 1)                   = 1
2615  read(3, "e", 1)                   = 1
2615  read(3, "(", 1)                   = 1
2615  read(3, "3", 1)                   = 1
2615  read(3, ")", 1)                   = 1
2615  read(3, " ", 1)                   = 1
2615  read(3, " ", 1)                   = 1
2615  read(3, " ", 1)                   = 1
2615  read(3, " ", 1)                   = 1
2615  read(3, " ", 1)                   = 1
2615  read(3, " ", 1)                   = 1
2615  read(3, " ", 1)                   = 1
2615  read(3, " ", 1)                   = 1
2615  read(3, " ", 1)                   = 1
2615  read(3, " ", 1)                   = 1
2615  read(3, " ", 1)                   = 1
2615  read(3, " ", 1)                   = 1
2615  read(3, " ", 1)                   = 1
2615  read(3, " ", 1)                   = 1
2615  read(3, " ", 1)                   = 1
2615  read(3, " ", 1)                   = 1
2615  read(3, " ", 1)                   = 1
2615  read(3, " ", 1)                   = 1
2615  read(3, " ", 1)                   = 1
2615  read(3, " ", 1)                   = 1
2615  read(3, " ", 1)                   = 1
2615  read(3, " ", 1)                   = 1
2615  read(3, " ", 1)                   = 1
2615  read(3, " ", 1)                   = 1
2615  read(3, " ", 1)                   = 1
2615  read(3, " ", 1)                   = 1
2615  read(3, " ", 1)                   = 1
2615  read(3, " ", 1)                   = 1
2615  read(3, " ", 1)                   = 1
2615  read(3, " ", 1)                   = 1
2615  read(3, " ", 1)                   = 1
2615  read(3, " ", 1)                   = 1
2615  read(3, "=", 1)                   = 1
2615  read(3, " ", 1)                   = 1
2615  read(3, "0", 1)                   = 1
2615  read(3, "\n", 1)                  = 1
2615  write(6, "44\n", 3)               = 3
2615  write(6, "close(3)                        "..., 44) = 44
2615  read(3, "c", 1)                   = 1
2615  read(3, "l", 1)                   = 1
2615  read(3, "o", 1)                   = 1
2615  read(3, "s", 1)                   = 1
2615  read(3, "e", 1)                   = 1
2615  read(3, "(", 1)                   = 1
2615  read(3, "1", 1)                   = 1
2615  read(3, ")", 1)                   = 1
2615  read(3, " ", 1)                   = 1
2615  read(3, " ", 1)                   = 1
2615  read(3, " ", 1)                   = 1
2615  read(3, " ", 1)                   = 1
2615  read(3, " ", 1)                   = 1
2615  read(3, " ", 1)                   = 1
2615  read(3, " ", 1)                   = 1
2615  read(3, " ", 1)                   = 1
2615  read(3, " ", 1)                   = 1
2615  read(3, " ", 1)                   = 1
2615  read(3, " ", 1)                   = 1
2615  read(3, " ", 1)                   = 1
2615  read(3, " ", 1)                   = 1
2615  read(3, " ", 1)                   = 1
2615  read(3, " ", 1)                   = 1
2615  read(3, " ", 1)                   = 1
2615  read(3, " ", 1)                   = 1
2615  read(3, " ", 1)                   = 1
2615  read(3, " ", 1)                   = 1
2615  read(3, " ", 1)                   = 1
2615  read(3, " ", 1)                   = 1
2615  read(3, " ", 1)                   = 1
2615  read(3, " ", 1)                   = 1
2615  read(3, " ", 1)                   = 1
2615  read(3, " ", 1)                   = 1
2615  read(3, " ", 1)                   = 1
2615  read(3, " ", 1)                   = 1
2615  read(3, " ", 1)                   = 1
2615  read(3, " ", 1)                   = 1
2615  read(3, " ", 1)                   = 1
2615  read(3, " ", 1)                   = 1
2615  read(3, " ", 1)                   = 1
2615  read(3, "=", 1)                   = 1
2615  read(3, " ", 1)                   = 1
2615  read(3, "0", 1)                   = 1
2615  read(3, "\n", 1)                  = 1
2615  write(6, "44\n", 3)               = 3
2615  write(6, "close(1)                        "..., 44) = 44
2615  read(3, "c", 1)                   = 1
2615  read(3, "l", 1)                   = 1
2615  read(3, "o", 1)                   = 1
2615  read(3, "s", 1)                   = 1
2615  read(3, "e", 1)                   = 1
2615  read(3, "(", 1)                   = 1
2615  read(3, "2", 1)                   = 1
2615  read(3, ")", 1)                   = 1
2615  read(3, " ", 1)                   = 1
2615  read(3, " ", 1)                   = 1
2615  read(3, " ", 1)                   = 1
2615  read(3, " ", 1)                   = 1
2615  read(3, " ", 1)                   = 1
2615  read(3, " ", 1)                   = 1
2615  read(3, " ", 1)                   = 1
2615  read(3, " ", 1)                   = 1
2615  read(3, " ", 1)                   = 1
2615  read(3, " ", 1)                   = 1
2615  read(3, " ", 1)                   = 1
2615  read(3, " ", 1)                   = 1
2615  read(3, " ", 1)                   = 1
2615  read(3, " ", 1)                   = 1
2615  read(3, " ", 1)                   = 1
2615  read(3, " ", 1)                   = 1
2615  read(3, " ", 1)                   = 1
2615  read(3, " ", 1)                   = 1
2615  read(3, " ", 1)                   = 1
2615  read(3, " ", 1)                   = 1
2615  read(3, " ", 1)                   = 1
2615  read(3, " ", 1)                   = 1
2615  read(3, " ", 1)                   = 1
2615  read(3, " ", 1)                   = 1
2615  read(3, " ", 1)                   = 1
2615  read(3, " ", 1)                   = 1
2615  read(3, " ", 1)                   = 1
2615  read(3, " ", 1)                   = 1
2615  read(3, " ", 1)                   = 1
2615  read(3, " ", 1)                   = 1
2615  read(3, " ", 1)                   = 1
2615  read(3, " ", 1)                   = 1
2615  read(3, "=", 1)                   = 1
2615  read(3, " ", 1)                   = 1
2615  read(3, "0", 1)                   = 1
2615  read(3, "\n", 1)                  = 1
2615  write(6, "44\n", 3)               = 3
2615  write(6, "close(2)                        "..., 44) = 44
2615  read(3, "\n", 1)                  = 1
2615  write(6, "1\n", 2)                = 2
2615  write(6, "\n", 1)                 = 1
2615  read(3, "\n", 1)                  = 1
2615  write(6, "1\n", 2)                = 2
2615  write(6, "\n", 1)                 = 1
2615  read(3, "$", 1)                   = 1
2615  read(3, " ", 1)                   = 1
2615  read(3, ".", 1)                   = 1
2615  read(3, "/", 1)                   = 1
2615  read(3, "c", 1)                   = 1
2615  read(3, "o", 1)                   = 1
2615  read(3, "u", 1)                   = 1
2615  read(3, "n", 1)                   = 1
2615  read(3, "t", 1)                   = 1
2615  read(3, " ", 1)                   = 1
2615  read(3, "s", 1)                   = 1
2615  read(3, "a", 1)                   = 1
2615  read(3, "m", 1)                   = 1
2615  read(3, "p", 1)                   = 1
2615  read(3, "l", 1)                   = 1
2615  read(3, "e", 1)                   = 1
2615  read(3, "_", 1)                   = 1
2615  read(3, "t", 1)                   = 1
2615  read(3, "r", 1)                   = 1
2615  read(3, "a", 1)                   = 1
2615  read(3, "c", 1)                   = 1
2615  read(3, "e", 1)                   = 1
2615  read(3, "_", 1)                   = 1
2615  read(3, "f", 1)                   = 1
2615  read(3, "i", 1)                   = 1
2615  read(3, "l", 1)                   = 1
2615  read(3, "e", 1)                   = 1
2615  read(3, "\n", 1)                  = 1
2615  write(6, "28\n", 3)               = 3
2615  write(6, "$ ./count sample_trace_file\n", 28) = 28
2615  read(3, "o", 1)                   = 1
2615  read(3, "p", 1)                   = 1
2615  read(3, "e", 1)                   = 1
2615  read(3, "n", 1)                   = 1
2615  read(3, "a", 1)                   = 1
2615  read(3, "t", 1)                   = 1
2615  read(3, ":", 1)                   = 1
2615  read(3, " ", 1)                   = 1
2615  read(3, "3", 1)                   = 1
2615  read(3, "\n", 1)                  = 1
2615  write(6, "10\n", 3)               = 3
2615  write(6, "openat: 3\n", 10)       = 10
2615  read(3, "c", 1)                   = 1
2615  read(3, "l", 1)                   = 1
2615  read(3, "o", 1)                   = 1
2615  read(3, "s", 1)                   = 1
2615  read(3, "e", 1)                   = 1
2615  read(3, ":", 1)                   = 1
2615  read(3, " ", 1)                   = 1
2615  read(3, "4", 1)                   = 1
2615  read(3, "\n", 1)                  = 1
2615  write(6, "9\n", 2)                = 2
2615  write(6, "close: 4\n", 9)         = 9
2615  read(3, "r", 1)                   = 1
2615  read(3, "e", 1)                   = 1
2615  read(3, "a", 1)                   = 1
2615  read(3, "d", 1)                   = 1
2615  read(3, ":", 1)                   = 1
2615  read(3, " ", 1)                   = 1
2615  read(3, "2", 1)                   = 1
2615  read(3, "\n", 1)                  = 1
2615  write(6, "8\n", 2)                = 2
2615  write(6, "read: 2\n", 8)          = 8
2615  read(3, "w", 1)                   = 1
2615  read(3, "r", 1)                   = 1
2615  read(3, "i", 1)                   = 1
2615  read(3, "t", 1)                   = 1
2615  read(3, "e", 1)                   = 1
2615  read(3, ":", 1)                   = 1
2615  read(3, " ", 1)                   = 1
2615  read(3, "1", 1)                   = 1
2615  read(3, "\n", 1)                  = 1
2615  write(6, "9\n", 2)                = 2
2615  write(6, "write: 1\n", 9)         = 9
2615  read(3, "s", 1)                   = 1
2615  read(3, "t", 1)                   = 1
2615  read(3, "a", 1)                   = 1
2615  read(3, "t", 1)                   = 1
2615  read(3, ":", 1)                   = 1
2615  read(3, " ", 1)                   = 1
2615  read(3, "0", 1)                   = 1
2615  read(3, "\n", 1)                  = 1
2615  write(6, "8\n", 2)                = 2
2615  write(6, "stat: 0\n", 8)          = 8
2615  read(3, "e", 1)                   = 1
2615  read(3, "x", 1)                   = 1
2615  read(3, "e", 1)                   = 1
2615  read(3, "c", 1)                   = 1
2615  read(3, "v", 1)                   = 1
2615  read(3, "e", 1)                   = 1
2615  read(3, ":", 1)                   = 1
2615  read(3, " ", 1)                   = 1
2615  read(3, "0", 1)                   = 1
2615  read(3, "\n", 1)                  = 1
2615  write(6, "10\n", 3)               = 3
2615  write(6, "execve: 0\n", 10)       = 10
2615  read(3, "\\", 1)                  = 1
2615  read(3, "e", 1)                   = 1
2615  read(3, "n", 1)                   = 1
2615  read(3, "d", 1)                   = 1
2615  read(3, "{", 1)                   = 1
2615  read(3, "v", 1)                   = 1
2615  read(3, "e", 1)                   = 1
2615  read(3, "r", 1)                   = 1
2615  read(3, "b", 1)                   = 1
2615  read(3, "a", 1)                   = 1
2615  read(3, "t", 1)                   = 1
2615  read(3, "i", 1)                   = 1
2615  read(3, "m", 1)                   = 1
2615  read(3, "}", 1)                   = 1
2615  read(3, "\n", 1)                  = 1
2615  write(6, "15\n", 3)               = 3
2615  write(6, "\\end{verbatim}\n", 15) = 15
2615  read(3, "\n", 1)                  = 1
2615  write(6, "1\n", 2)                = 2
2615  write(6, "\n", 1)                 = 1
2615  read(3, "\\", 1)                  = 1
2615  read(3, "s", 1)                   = 1
2615  read(3, "u", 1)                   = 1
2615  read(3, "b", 1)                   = 1
2615  read(3, "s", 1)                   = 1
2615  read(3, "u", 1)                   = 1
2615  read(3, "b", 1)                   = 1
2615  read(3, "s", 1)                   = 1
2615  read(3, "e", 1)                   = 1
2615  read(3, "c", 1)                   = 1
2615  read(3, "t", 1)                   = 1
2615  read(3, "i", 1)                   = 1
2615  read(3, "o", 1)                   = 1
2615  read(3, "n", 1)                   = 1
2615  read(3, "*", 1)                   = 1
2615  read(3, "{", 1)                   = 1
2615  read(3, "O", 1)                   = 1
2615  read(3, "u", 1)                   = 1
2615  read(3, "t", 1)                   = 1
2615  read(3, "p", 1)                   = 1
2615  read(3, "u", 1)                   = 1
2615  read(3, "t", 1)                   = 1
2615  read(3, "}", 1)                   = 1
2615  read(3, "\n", 1)                  = 1
2615  write(6, "24\n", 3)               = 3
2615  write(6, "\\subsubsection*{Output}\n", 24) = 24
2615  read(3, "P", 1)                   = 1
2615  read(3, "r", 1)                   = 1
2615  read(3, "i", 1)                   = 1
2615  read(3, "n", 1)                   = 1
2615  read(3, "t", 1)                   = 1
2615  read(3, " ", 1)                   = 1
2615  read(3, "t", 1)                   = 1
2615  read(3, "h", 1)                   = 1
2615  read(3, "e", 1)                   = 1
2615  read(3, " ", 1)                   = 1
2615  read(3, "f", 1)                   = 1
2615  read(3, "i", 1)                   = 1
2615  read(3, "n", 1)                   = 1
2615  read(3, "a", 1)                   = 1
2615  read(3, "l", 1)                   = 1
2615  read(3, " ", 1)                   = 1
2615  read(3, "r", 1)                   = 1
2615  read(3, "e", 1)                   = 1
2615  read(3, "s", 1)                   = 1
2615  read(3, "u", 1)                   = 1
2615  read(3, "l", 1)                   = 1
2615  read(3, "t", 1)                   = 1
2615  read(3, " ", 1)                   = 1
2615  read(3, "a", 1)                   = 1
2615  read(3, "s", 1)                   = 1
2615  read(3, " ", 1)                   = 1
2615  read(3, "s", 1)                   = 1
2615  read(3, "h", 1)                   = 1
2615  read(3, "o", 1)                   = 1
2615  read(3, "w", 1)                   = 1
2615  read(3, "n", 1)                   = 1
2615  read(3, " ", 1)                   = 1
2615  read(3, "i", 1)                   = 1
2615  read(3, "n", 1)                   = 1
2615  read(3, " ", 1)                   = 1
2615  read(3, "t", 1)                   = 1
2615  read(3, "h", 1)                   = 1
2615  read(3, "e", 1)                   = 1
2615  read(3, " ", 1)                   = 1
2615  read(3, "a", 1)                   = 1
2615  read(3, "b", 1)                   = 1
2615  read(3, "o", 1)                   = 1
2615  read(3, "v", 1)                   = 1
2615  read(3, "e", 1)                   = 1
2615  read(3, " ", 1)                   = 1
2615  read(3, "e", 1)                   = 1
2615  read(3, "x", 1)                   = 1
2615  read(3, "a", 1)                   = 1
2615  read(3, "m", 1)                   = 1
2615  read(3, "p", 1)                   = 1
2615  read(3, "l", 1)                   = 1
2615  read(3, "e", 1)                   = 1
2615  read(3, ".", 1)                   = 1
2615  read(3, " ", 1)                   = 1
2615  read(3, "{", 1)                   = 1
2615  read(3, "\\", 1)                  = 1
2615  read(3, "e", 1)                   = 1
2615  read(3, "m", 1)                   = 1
2615  read(3, " ", 1)                   = 1
2615  read(3, "S", 1)                   = 1
2615  read(3, "t", 1)                   = 1
2615  read(3, "i", 1)                   = 1
2615  read(3, "c", 1)                   = 1
2615  read(3, "k", 1)                   = 1
2615  read(3, " ", 1)                   = 1
2615  read(3, "t", 1)                   = 1
2615  read(3, "o", 1)                   = 1
2615  read(3, " ", 1)                   = 1
2615  read(3, "t", 1)                   = 1
2615  read(3, "h", 1)                   = 1
2615  read(3, "e", 1)                   = 1
2615  read(3, " ", 1)                   = 1
2615  read(3, "e", 1)                   = 1
2615  read(3, "x", 1)                   = 1
2615  read(3, "a", 1)                   = 1
2615  read(3, "c", 1)                   = 1
2615  read(3, "t", 1)                   = 1
2615  read(3, " ", 1)                   = 1
2615  read(3, "f", 1)                   = 1
2615  read(3, "o", 1)                   = 1
2615  read(3, "r", 1)                   = 1
2615  read(3, "m", 1)                   = 1
2615  read(3, "a", 1)                   = 1
2615  read(3, "t", 1)                   = 1
2615  read(3, " ", 1)                   = 1
2615  read(3, "a", 1)                   = 1
2615  read(3, "n", 1)                   = 1
2615  read(3, "d", 1)                   = 1
2615  read(3, " ", 1)                   = 1
2615  read(3, "o", 1)                   = 1
2615  read(3, "r", 1)                   = 1
2615  read(3, "d", 1)                   = 1
2615  read(3, "e", 1)                   = 1
2615  read(3, "r", 1)                   = 1
2615  read(3, " ", 1)                   = 1
2615  read(3, "w", 1)                   = 1
2615  read(3, "h", 1)                   = 1
2615  read(3, "i", 1)                   = 1
2615  read(3, "l", 1)                   = 1
2615  read(3, "e", 1)                   = 1
2615  read(3, " ", 1)                   = 1
2615  read(3, "p", 1)                   = 1
2615  read(3, "r", 1)                   = 1
2615  read(3, "o", 1)                   = 1
2615  read(3, "d", 1)                   = 1
2615  read(3, "u", 1)                   = 1
2615  read(3, "c", 1)                   = 1
2615  read(3, "i", 1)                   = 1
2615  read(3, "n", 1)                   = 1
2615  read(3, "g", 1)                   = 1
2615  read(3, " ", 1)                   = 1
2615  read(3, "t", 1)                   = 1
2615  read(3, "h", 1)                   = 1
2615  read(3, "e", 1)                   = 1
2615  read(3, " ", 1)                   = 1
2615  read(3, "o", 1)                   = 1
2615  read(3, "u", 1)                   = 1
2615  read(3, "t", 1)                   = 1
2615  read(3, "p", 1)                   = 1
2615  read(3, "u", 1)                   = 1
2615  read(3, "t", 1)                   = 1
2615  read(3, "}", 1)                   = 1
2615  read(3, ".", 1)                   = 1
2615  read(3, "\n", 1)                  = 1
2615  write(6, "124\n", 4)              = 4
2615  write(6, "Print the final result as shown "..., 124) = 124
2615  read(3, "\n", 1)                  = 1
2615  write(6, "1\n", 2)                = 2
2615  write(6, "\n", 1)                 = 1
2615  read(3, "\\", 1)                  = 1
2615  read(3, "s", 1)                   = 1
2615  read(3, "u", 1)                   = 1
2615  read(3, "b", 1)                   = 1
2615  read(3, "s", 1)                   = 1
2615  read(3, "e", 1)                   = 1
2615  read(3, "c", 1)                   = 1
2615  read(3, "t", 1)                   = 1
2615  read(3, "i", 1)                   = 1
2615  read(3, "o", 1)                   = 1
2615  read(3, "n", 1)                   = 1
2615  read(3, "*", 1)                   = 1
2615  read(3, "{", 1)                   = 1
2615  read(3, "E", 1)                   = 1
2615  read(3, "r", 1)                   = 1
2615  read(3, "r", 1)                   = 1
2615  read(3, "o", 1)                   = 1
2615  read(3, "r", 1)                   = 1
2615  read(3, " ", 1)                   = 1
2615  read(3, "h", 1)                   = 1
2615  read(3, "a", 1)                   = 1
2615  read(3, "n", 1)                   = 1
2615  read(3, "d", 1)                   = 1
2615  read(3, "l", 1)                   = 1
2615  read(3, "i", 1)                   = 1
2615  read(3, "n", 1)                   = 1
2615  read(3, "g", 1)                   = 1
2615  read(3, "}", 1)                   = 1
2615  read(3, "\n", 1)                  = 1
2615  write(6, "29\n", 3)               = 3
2615  write(6, "\\subsection*{Error handling}\n", 29) = 29
2615  read(3, "I", 1)                   = 1
2615  read(3, "n", 1)                   = 1
2615  read(3, " ", 1)                   = 1
2615  read(3, "c", 1)                   = 1
2615  read(3, "a", 1)                   = 1
2615  read(3, "s", 1)                   = 1
2615  read(3, "e", 1)                   = 1
2615  read(3, " ", 1)                   = 1
2615  read(3, "o", 1)                   = 1
2615  read(3, "f", 1)                   = 1
2615  read(3, " ", 1)                   = 1
2615  read(3, "a", 1)                   = 1
2615  read(3, "n", 1)                   = 1
2615  read(3, "y", 1)                   = 1
2615  read(3, " ", 1)                   = 1
2615  read(3, "e", 1)                   = 1
2615  read(3, "r", 1)                   = 1
2615  read(3, "r", 1)                   = 1
2615  read(3, "o", 1)                   = 1
2615  read(3, "r", 1)                   = 1
2615  read(3, ",", 1)                   = 1
2615  read(3, " ", 1)                   = 1
2615  read(3, "p", 1)                   = 1
2615  read(3, "r", 1)                   = 1
2615  read(3, "i", 1)                   = 1
2615  read(3, "n", 1)                   = 1
2615  read(3, "t", 1)                   = 1
2615  read(3, " ", 1)                   = 1
2615  read(3, "\\", 1)                  = 1
2615  read(3, "t", 1)                   = 1
2615  read(3, "e", 1)                   = 1
2615  read(3, "x", 1)                   = 1
2615  read(3, "t", 1)                   = 1
2615  read(3, "b", 1)                   = 1
2615  read(3, "f", 1)                   = 1
2615  read(3, "{", 1)                   = 1
2615  read(3, "\342", 1)                = 1
2615  read(3, "\200", 1)                = 1
2615  read(3, "\234", 1)                = 1
2615  read(3, "U", 1)                   = 1
2615  read(3, "n", 1)                   = 1
2615  read(3, "a", 1)                   = 1
2615  read(3, "b", 1)                   = 1
2615  read(3, "l", 1)                   = 1
2615  read(3, "e", 1)                   = 1
2615  read(3, " ", 1)                   = 1
2615  read(3, "t", 1)                   = 1
2615  read(3, "o", 1)                   = 1
2615  read(3, " ", 1)                   = 1
2615  read(3, "e", 1)                   = 1
2615  read(3, "x", 1)                   = 1
2615  read(3, "e", 1)                   = 1
2615  read(3, "c", 1)                   = 1
2615  read(3, "u", 1)                   = 1
2615  read(3, "t", 1)                   = 1
2615  read(3, "e", 1)                   = 1
2615  read(3, "\342", 1)                = 1
2615  read(3, "\200", 1)                = 1
2615  read(3, "\235", 1)                = 1
2615  read(3, "}", 1)                   = 1
2615  read(3, " ", 1)                   = 1
2615  read(3, "a", 1)                   = 1
2615  read(3, "s", 1)                   = 1
2615  read(3, " ", 1)                   = 1
2615  read(3, "o", 1)                   = 1
2615  read(3, "u", 1)                   = 1
2615  read(3, "t", 1)                   = 1
2615  read(3, "p", 1)                   = 1
2615  read(3, "u", 1)                   = 1
2615  read(3, "t", 1)                   = 1
2615  read(3, ".", 1)                   = 1
2615  read(3, "\n", 1)                  = 1
2615  write(6, "72\n", 3)               = 3
2615  write(6, "In case of any error, print \\tex"..., 72) = 72
2615  read(3, "\n", 1)                  = 1
2615  write(6, "1\n", 2)                = 2
2615  write(6, "\n", 1)                 = 1
2615  read(3, "\\", 1)                  = 1
2615  read(3, "s", 1)                   = 1
2615  read(3, "u", 1)                   = 1
2615  read(3, "b", 1)                   = 1
2615  read(3, "s", 1)                   = 1
2615  read(3, "e", 1)                   = 1
2615  read(3, "c", 1)                   = 1
2615  read(3, "t", 1)                   = 1
2615  read(3, "i", 1)                   = 1
2615  read(3, "o", 1)                   = 1
2615  read(3, "n", 1)                   = 1
2615  read(3, "*", 1)                   = 1
2615  read(3, "{", 1)                   = 1
2615  read(3, "S", 1)                   = 1
2615  read(3, "y", 1)                   = 1
2615  read(3, "s", 1)                   = 1
2615  read(3, "t", 1)                   = 1
2615  read(3, "e", 1)                   = 1
2615  read(3, "m", 1)                   = 1
2615  read(3, " ", 1)                   = 1
2615  read(3, "c", 1)                   = 1
2615  read(3, "a", 1)                   = 1
2615  read(3, "l", 1)                   = 1
2615  read(3, "l", 1)                   = 1
2615  read(3, "s", 1)                   = 1
2615  read(3, " ", 1)                   = 1
2615  read(3, "a", 1)                   = 1
2615  read(3, "n", 1)                   = 1
2615  read(3, "d", 1)                   = 1
2615  read(3, " ", 1)                   = 1
2615  read(3, "l", 1)                   = 1
2615  read(3, "i", 1)                   = 1
2615  read(3, "b", 1)                   = 1
2615  read(3, "r", 1)                   = 1
2615  read(3, "a", 1)                   = 1
2615  read(3, "r", 1)                   = 1
2615  read(3, "y", 1)                   = 1
2615  read(3, " ", 1)                   = 1
2615  read(3, "f", 1)                   = 1
2615  read(3, "u", 1)                   = 1
2615  read(3, "n", 1)                   = 1
2615  read(3, "c", 1)                   = 1
2615  read(3, "t", 1)                   = 1
2615  read(3, "i", 1)                   = 1
2615  read(3, "o", 1)                   = 1
2615  read(3, "n", 1)                   = 1
2615  read(3, "s", 1)                   = 1
2615  read(3, " ", 1)                   = 1
2615  read(3, "a", 1)                   = 1
2615  read(3, "l", 1)                   = 1
2615  read(3, "l", 1)                   = 1
2615  read(3, "o", 1)                   = 1
2615  read(3, "w", 1)                   = 1
2615  read(3, "e", 1)                   = 1
2615  read(3, "d", 1)                   = 1
2615  read(3, "}", 1)                   = 1
2615  read(3, "\n", 1)                  = 1
2615  write(6, "57\n", 3)               = 3
2615  write(6, "\\subsection*{System calls and li"..., 57) = 57
2615  read(3, "Y", 1)                   = 1
2615  read(3, "o", 1)                   = 1
2615  read(3, "u", 1)                   = 1
2615  read(3, " ", 1)                   = 1
2615  read(3, "\\", 1)                  = 1
2615  read(3, "t", 1)                   = 1
2615  read(3, "e", 1)                   = 1
2615  read(3, "x", 1)                   = 1
2615  read(3, "t", 1)                   = 1
2615  read(3, "b", 1)                   = 1
2615  read(3, "f", 1)                   = 1
2615  read(3, "{", 1)                   = 1
2615  read(3, "m", 1)                   = 1
2615  read(3, "u", 1)                   = 1
2615  read(3, "s", 1)                   = 1
2615  read(3, "t", 1)                   = 1
2615  read(3, " ", 1)                   = 1
2615  read(3, "o", 1)                   = 1
2615  read(3, "n", 1)                   = 1
2615  read(3, "l", 1)                   = 1
2615  read(3, "y", 1)                   = 1
2615  read(3, " ", 1)                   = 1
2615  read(3, "u", 1)                   = 1
2615  read(3, "s", 1)                   = 1
2615  read(3, "e", 1)                   = 1
2615  read(3, "}", 1)                   = 1
2615  read(3, " ", 1)                   = 1
2615  read(3, "t", 1)                   = 1
2615  read(3, "h", 1)                   = 1
2615  read(3, "e", 1)                   = 1
2615  read(3, " ", 1)                   = 1
2615  read(3, "b", 1)                   = 1
2615  read(3, "e", 1)                   = 1
2615  read(3, "l", 1)                   = 1
2615  read(3, "o", 1)                   = 1
2615  read(3, "w", 1)                   = 1
2615  read(3, " ", 1)                   = 1
2615  read(3, "m", 1)                   = 1
2615  read(3, "e", 1)                   = 1
2615  read(3, "n", 1)                   = 1
2615  read(3, "t", 1)                   = 1
2615  read(3, "i", 1)                   = 1
2615  read(3, "o", 1)                   = 1
2615  read(3, "n", 1)                   = 1
2615  read(3, "e", 1)                   = 1
2615  read(3, "d", 1)                   = 1
2615  read(3, " ", 1)                   = 1
2615  read(3, "A", 1)                   = 1
2615  read(3, "P", 1)                   = 1
2615  read(3, "I", 1)                   = 1
2615  read(3, "s", 1)                   = 1
2615  read(3, " ", 1)                   = 1
2615  read(3, "\\", 1)                  = 1
2615  read(3, "t", 1)                   = 1
2615  read(3, "e", 1)                   = 1
2615  read(3, "x", 1)                   = 1
2615  read(3, "t", 1)                   = 1
2615  read(3, "b", 1)                   = 1
2615  read(3, "f", 1)                   = 1
2615  read(3, "{", 1)                   = 1
2615  read(3, "t", 1)                   = 1
2615  read(3, "o", 1)                   = 1
2615  read(3, " ", 1)                   = 1
2615  read(3, "p", 1)                   = 1
2615  read(3, "e", 1)                   = 1
2615  read(3, "r", 1)                   = 1
2615  read(3, "f", 1)                   = 1
2615  read(3, "o", 1)                   = 1
2615  read(3, "r", 1)                   = 1
2615  read(3, "m", 1)                   = 1
2615  read(3, " ", 1)                   = 1
2615  read(3, "f", 1)                   = 1
2615  read(3, "i", 1)                   = 1
2615  read(3, "l", 1)                   = 1
2615  read(3, "e", 1)                   = 1
2615  read(3, " ", 1)                   = 1
2615  read(3, "h", 1)                   = 1
2615  read(3, "a", 1)                   = 1
2615  read(3, "n", 1)                   = 1
2615  read(3, "d", 1)                   = 1
2615  read(3, "l", 1)                   = 1
2615  read(3, "i", 1)                   = 1
2615  read(3, "n", 1)                   = 1
2615  read(3, "g", 1)                   = 1
2615  read(3, " ", 1)                   = 1
2615  read(3, "o", 1)                   = 1
2615  read(3, "p", 1)                   = 1
2615  read(3, "e", 1)                   = 1
2615  read(3, "r", 1)                   = 1
2615  read(3, "a", 1)                   = 1
2615  read(3, "t", 1)                   = 1
2615  read(3, "i", 1)                   = 1
2615  read(3, "o", 1)                   = 1
2615  read(3, "n", 1)                   = 1
2615  read(3, "s", 1)                   = 1
2615  read(3, "}", 1)                   = 1
2615  read(3, " ", 1)                   = 1
2615  read(3, "i", 1)                   = 1
2615  read(3, "n", 1)                   = 1
2615  read(3, " ", 1)                   = 1
2615  read(3, "t", 1)                   = 1
2615  read(3, "h", 1)                   = 1
2615  read(3, "i", 1)                   = 1
2615  read(3, "s", 1)                   = 1
2615  read(3, " ", 1)                   = 1
2615  read(3, "q", 1)                   = 1
2615  read(3, "u", 1)                   = 1
2615  read(3, "e", 1)                   = 1
2615  read(3, "s", 1)                   = 1
2615  read(3, "t", 1)                   = 1
2615  read(3, "i", 1)                   = 1
2615  read(3, "o", 1)                   = 1
2615  read(3, "n", 1)                   = 1
2615  read(3, ".", 1)                   = 1
2615  read(3, "\n", 1)                  = 1
2615  write(6, "115\n", 4)              = 4
2615  write(6, "You \\textbf{must only use} the b"..., 115) = 115
2615  read(3, "\\", 1)                  = 1
2615  read(3, "b", 1)                   = 1
2615  read(3, "e", 1)                   = 1
2615  read(3, "g", 1)                   = 1
2615  read(3, "i", 1)                   = 1
2615  read(3, "n", 1)                   = 1
2615  read(3, "{", 1)                   = 1
2615  read(3, "v", 1)                   = 1
2615  read(3, "e", 1)                   = 1
2615  read(3, "r", 1)                   = 1
2615  read(3, "b", 1)                   = 1
2615  read(3, "a", 1)                   = 1
2615  read(3, "t", 1)                   = 1
2615  read(3, "i", 1)                   = 1
2615  read(3, "m", 1)                   = 1
2615  read(3, "}", 1)                   = 1
2615  read(3, "\n", 1)                  = 1
2615  write(6, "17\n", 3)               = 3
2615  write(6, "\\begin{verbatim}\n", 17) = 17
2615  read(3, " ", 1)                   = 1
2615  read(3, " ", 1)                   = 1
2615  read(3, " ", 1)                   = 1
2615  read(3, " ", 1)                   = 1
2615  read(3, "-", 1)                   = 1
2615  read(3, " ", 1)                   = 1
2615  read(3, "o", 1)                   = 1
2615  read(3, "p", 1)                   = 1
2615  read(3, "e", 1)                   = 1
2615  read(3, "n", 1)                   = 1
2615  read(3, " ", 1)                   = 1
2615  read(3, " ", 1)                   = 1
2615  read(3, " ", 1)                   = 1
2615  read(3, " ", 1)                   = 1
2615  read(3, " ", 1)                   = 1
2615  read(3, " ", 1)                   = 1
2615  read(3, " ", 1)                   = 1
2615  read(3, " ", 1)                   = 1
2615  read(3, " ", 1)                   = 1
2615  read(3, " ", 1)                   = 1
2615  read(3, " ", 1)                   = 1
2615  read(3, " ", 1)                   = 1
2615  read(3, " ", 1)                   = 1
2615  read(3, " ", 1)                   = 1
2615  read(3, " ", 1)                   = 1
2615  read(3, " ", 1)                   = 1
2615  read(3, " ", 1)                   = 1
2615  read(3, "-", 1)                   = 1
2615  read(3, " ", 1)                   = 1
2615  read(3, "r", 1)                   = 1
2615  read(3, "e", 1)                   = 1
2615  read(3, "a", 1)                   = 1
2615  read(3, "d", 1)                   = 1
2615  read(3, "\n", 1)                  = 1
2615  write(6, "34\n", 3)               = 3
2615  write(6, "    - open                 - rea"..., 34) = 34
2615  read(3, " ", 1)                   = 1
2615  read(3, " ", 1)                   = 1
2615  read(3, " ", 1)                   = 1
2615  read(3, " ", 1)                   = 1
2615  read(3, "-", 1)                   = 1
2615  read(3, " ", 1)                   = 1
2615  read(3, "c", 1)                   = 1
2615  read(3, "l", 1)                   = 1
2615  read(3, "o", 1)                   = 1
2615  read(3, "s", 1)                   = 1
2615  read(3, "e", 1)                   = 1
2615  read(3, " ", 1)                   = 1
2615  read(3, " ", 1)                   = 1
2615  read(3, " ", 1)                   = 1
2615  read(3, " ", 1)                   = 1
2615  read(3, " ", 1)                   = 1
2615  read(3, " ", 1)                   = 1
2615  read(3, " ", 1)                   = 1
2615  read(3, " ", 1)                   = 1
2615  read(3, " ", 1)                   = 1
2615  read(3, " ", 1)                   = 1
2615  read(3, " ", 1)                   = 1
2615  read(3, " ", 1)                   = 1
2615  read(3, " ", 1)                   = 1
2615  read(3, " ", 1)                   = 1
2615  read(3, " ", 1)                   = 1
2615  read(3, " ", 1)                   = 1
2615  read(3, "-", 1)                   = 1
2615  read(3, " ", 1)                   = 1
2615  read(3, "w", 1)                   = 1
2615  read(3, "r", 1)                   = 1
2615  read(3, "i", 1)                   = 1
2615  read(3, "t", 1)                   = 1
2615  read(3, "e", 1)                   = 1
2615  read(3, "\n", 1)                  = 1
2615  write(6, "35\n", 3)               = 3
2615  write(6, "    - close                - wri"..., 35) = 35
2615  read(3, " ", 1)                   = 1
2615  read(3, " ", 1)                   = 1
2615  read(3, " ", 1)                   = 1
2615  read(3, " ", 1)                   = 1
2615  read(3, "-", 1)                   = 1
2615  read(3, " ", 1)                   = 1
2615  read(3, "l", 1)                   = 1
2615  read(3, "s", 1)                   = 1
2615  read(3, "e", 1)                   = 1
2615  read(3, "e", 1)                   = 1
2615  read(3, "k", 1)                   = 1
2615  read(3, "\n", 1)                  = 1
2615  write(6, "12\n", 3)               = 3
2615  write(6, "    - lseek\n", 12)     = 12
2615  read(3, "\\", 1)                  = 1
2615  read(3, "e", 1)                   = 1
2615  read(3, "n", 1)                   = 1
2615  read(3, "d", 1)                   = 1
2615  read(3, "{", 1)                   = 1
2615  read(3, "v", 1)                   = 1
2615  read(3, "e", 1)                   = 1
2615  read(3, "r", 1)                   = 1
2615  read(3, "b", 1)                   = 1
2615  read(3, "a", 1)                   = 1
2615  read(3, "t", 1)                   = 1
2615  read(3, "i", 1)                   = 1
2615  read(3, "m", 1)                   = 1
2615  read(3, "}", 1)                   = 1
2615  read(3, "\n", 1)                  = 1
2615  write(6, "15\n", 3)               = 3
2615  write(6, "\\end{verbatim}\n", 15) = 15
2615  read(3, "\n", 1)                  = 1
2615  write(6, "1\n", 2)                = 2
2615  write(6, "\n", 1)                 = 1
2615  read(3, "\\", 1)                  = 1
2615  read(3, "s", 1)                   = 1
2615  read(3, "u", 1)                   = 1
2615  read(3, "b", 1)                   = 1
2615  read(3, "s", 1)                   = 1
2615  read(3, "e", 1)                   = 1
2615  read(3, "c", 1)                   = 1
2615  read(3, "t", 1)                   = 1
2615  read(3, "i", 1)                   = 1
2615  read(3, "o", 1)                   = 1
2615  read(3, "n", 1)                   = 1
2615  read(3, "*", 1)                   = 1
2615  read(3, "{", 1)                   = 1
2615  read(3, "T", 1)                   = 1
2615  read(3, "e", 1)                   = 1
2615  read(3, "s", 1)                   = 1
2615  read(3, "t", 1)                   = 1
2615  read(3, "i", 1)                   = 1
2615  read(3, "n", 1)                   = 1
2615  read(3, "g", 1)                   = 1
2615  read(3, "}", 1)                   = 1
2615  read(3, "\n", 1)                  = 1
2615  write(6, "22\n", 3)               = 3
2615  write(6, "\\subsection*{Testing}\n", 22) = 22
2615  read(3, "R", 1)                   = 1
2615  read(3, "u", 1)                   = 1
2615  read(3, "n", 1)                   = 1
2615  read(3, " ", 1)                   = 1
2615  read(3, "\\", 1)                  = 1
2615  read(3, "t", 1)                   = 1
2615  read(3, "e", 1)                   = 1
2615  read(3, "x", 1)                   = 1
2615  read(3, "t", 1)                   = 1
2615  read(3, "t", 1)                   = 1
2615  read(3, "t", 1)                   = 1
2615  read(3, "{", 1)                   = 1
2615  read(3, "Q", 1)                   = 1
2615  read(3, "4", 1)                   = 1
2615  read(3, "/", 1)                   = 1
2615  read(3, "r", 1)                   = 1
2615  read(3, "u", 1)                   = 1
2615  read(3, "n", 1)                   = 1
2615  read(3, "\\", 1)                  = 1
2615  read(3, "_", 1)                   = 1
2615  read(3, "t", 1)                   = 1
2615  read(3, "e", 1)                   = 1
2615  read(3, "s", 1)                   = 1
2615  read(3, "t", 1)                   = 1
2615  read(3, "s", 1)                   = 1
2615  read(3, ".", 1)                   = 1
2615  read(3, "s", 1)                   = 1
2615  read(3, "h", 1)                   = 1
2615  read(3, "}", 1)                   = 1
2615  read(3, " ", 1)                   = 1
2615  read(3, "s", 1)                   = 1
2615  read(3, "c", 1)                   = 1
2615  read(3, "r", 1)                   = 1
2615  read(3, "i", 1)                   = 1
2615  read(3, "p", 1)                   = 1
2615  read(3, "t", 1)                   = 1
2615  read(3, " ", 1)                   = 1
2615  read(3, "t", 1)                   = 1
2615  read(3, "o", 1)                   = 1
2615  read(3, " ", 1)                   = 1
2615  read(3, "c", 1)                   = 1
2615  read(3, "h", 1)                   = 1
2615  read(3, "e", 1)                   = 1
2615  read(3, "c", 1)                   = 1
2615  read(3, "k", 1)                   = 1
2615  read(3, " ", 1)                   = 1
2615  read(3, "w", 1)                   = 1
2615  read(3, "h", 1)                   = 1
2615  read(3, "e", 1)                   = 1
2615  read(3, "t", 1)                   = 1
2615  read(3, "h", 1)                   = 1
2615  read(3, "e", 1)                   = 1
2615  read(3, "r", 1)                   = 1
2615  read(3, " ", 1)                   = 1
2615  read(3, "y", 1)                   = 1
2615  read(3, "o", 1)                   = 1
2615  read(3, "u", 1)                   = 1
2615  read(3, "r", 1)                   = 1
2615  read(3, " ", 1)                   = 1
2615  read(3, "i", 1)                   = 1
2615  read(3, "m", 1)                   = 1
2615  read(3, "p", 1)                   = 1
2615  read(3, "l", 1)                   = 1
2615  read(3, "e", 1)                   = 1
2615  read(3, "m", 1)                   = 1
2615  read(3, "e", 1)                   = 1
2615  read(3, "n", 1)                   = 1
2615  read(3, "t", 1)                   = 1
2615  read(3, "a", 1)                   = 1
2615  read(3, "t", 1)                   = 1
2615  read(3, "i", 1)                   = 1
2615  read(3, "o", 1)                   = 1
2615  read(3, "n", 1)                   = 1
2615  read(3, " ", 1)                   = 1
2615  read(3, "p", 1)                   = 1
2615  read(3, "a", 1)                   = 1
2615  read(3, "s", 1)                   = 1
2615  read(3, "s", 1)                   = 1
2615  read(3, "e", 1)                   = 1
2615  read(3, "s", 1)                   = 1
2615  read(3, " ", 1)                   = 1
2615  read(3, "t", 1)                   = 1
2615  read(3, "h", 1)                   = 1
2615  read(3, "e", 1)                   = 1
2615  read(3, " ", 1)                   = 1
2615  read(3, "t", 1)                   = 1
2615  read(3, "e", 1)                   = 1
2615  read(3, "s", 1)                   = 1
2615  read(3, "t", 1)                   = 1
2615  read(3, " ", 1)                   = 1
2615  read(3, "c", 1)                   = 1
2615  read(3, "a", 1)                   = 1
2615  read(3, "s", 1)                   = 1
2615  read(3, "e", 1)                   = 1
2615  read(3, "s", 1)                   = 1
2615  read(3, " ", 1)                   = 1
2615  read(3, "o", 1)                   = 1
2615  read(3, "r", 1)                   = 1
2615  read(3, " ", 1)                   = 1
2615  read(3, "n", 1)                   = 1
2615  read(3, "o", 1)                   = 1
2615  read(3, "t", 1)                   = 1
2615  read(3, ".", 1)                   = 1
2615  read(3, " ", 1)                   = 1
2615  read(3, "A", 1)                   = 1
2615  read(3, " ", 1)                   = 1
2615  read(3, "s", 1)                   = 1
2615  read(3, "a", 1)                   = 1
2615  read(3, "m", 1)                   = 1
2615  read(3, "p", 1)                   = 1
2615  read(3, "l", 1)                   = 1
2615  read(3, "e", 1)                   = 1
2615  read(3, " ", 1)                   = 1
2615  read(3, "o", 1)                   = 1
2615  read(3, "u", 1)                   = 1
2615  read(3, "t", 1)                   = 1
2615  read(3, "p", 1)                   = 1
2615  read(3, "u", 1)                   = 1
2615  read(3, "t", 1)                   = 1
2615  read(3, " ", 1)                   = 1
2615  read(3, "a", 1)                   = 1
2615  read(3, "f", 1)                   = 1
2615  read(3, "t", 1)                   = 1
2615  read(3, "e", 1)                   = 1
2615  read(3, "r", 1)                   = 1
2615  read(3, " ", 1)                   = 1
2615  read(3, "\n", 1)                  = 1
2615  write(6, "127\n", 4)              = 4
2615  write(6, "Run \\texttt{Q4/run\\_tests.sh} sc"..., 127) = 127
2615  read(3, "r", 1)                   = 1
2615  read(3, "u", 1)                   = 1
2615  read(3, "n", 1)                   = 1
2615  read(3, "n", 1)                   = 1
2615  read(3, "i", 1)                   = 1
2615  read(3, "n", 1)                   = 1
2615  read(3, "g", 1)                   = 1
2615  read(3, " ", 1)                   = 1
2615  read(3, "t", 1)                   = 1
2615  read(3, "h", 1)                   = 1
2615  read(3, "e", 1)                   = 1
2615  read(3, " ", 1)                   = 1
2615  read(3, "s", 1)                   = 1
2615  read(3, "c", 1)                   = 1
2615  read(3, "r", 1)                   = 1
2615  read(3, "i", 1)                   = 1
2615  read(3, "p", 1)                   = 1
2615  read(3, "t", 1)                   = 1
2615  read(3, " ", 1)                   = 1
2615  read(3, "w", 1)                   = 1
2615  read(3, "o", 1)                   = 1
2615  read(3, "u", 1)                   = 1
2615  read(3, "l", 1)                   = 1
2615  read(3, "d", 1)                   = 1
2615  read(3, " ", 1)                   = 1
2615  read(3, "b", 1)                   = 1
2615  read(3, "e", 1)                   = 1
2615  read(3, "\n", 1)                  = 1
2615  write(6, "28\n", 3)               = 3
2615  write(6, "running the script would be\n", 28) = 28
2615  read(3, "\n", 1)                  = 1
2615  write(6, "1\n", 2)                = 2
2615  write(6, "\n", 1)                 = 1
2615  read(3, "\n", 1)                  = 1
2615  write(6, "1\n", 2)                = 2
2615  write(6, "\n", 1)                 = 1
2615  read(3, "\\", 1)                  = 1
2615  read(3, "v", 1)                   = 1
2615  read(3, "s", 1)                   = 1
2615  read(3, "p", 1)                   = 1
2615  read(3, "a", 1)                   = 1
2615  read(3, "c", 1)                   = 1
2615  read(3, "e", 1)                   = 1
2615  read(3, "{", 1)                   = 1
2615  read(3, "0", 1)                   = 1
2615  read(3, ".", 1)                   = 1
2615  read(3, "5", 1)                   = 1
2615  read(3, "c", 1)                   = 1
2615  read(3, "m", 1)                   = 1
2615  read(3, "}", 1)                   = 1
2615  read(3, "\n", 1)                  = 1
2615  write(6, "15\n", 3)               = 3
2615  write(6, "\\vspace{0.5cm}\n", 15) = 15
2615  read(3, "\\", 1)                  = 1
2615  read(3, "n", 1)                   = 1
2615  read(3, "o", 1)                   = 1
2615  read(3, "i", 1)                   = 1
2615  read(3, "n", 1)                   = 1
2615  read(3, "d", 1)                   = 1
2615  read(3, "e", 1)                   = 1
2615  read(3, "n", 1)                   = 1
2615  read(3, "t", 1)                   = 1
2615  read(3, "\n", 1)                  = 1
2615  write(6, "10\n", 3)               = 3
2615  write(6, "\\noindent\n", 10)      = 10
2615  read(3, "T", 1)                   = 1
2615  read(3, "e", 1)                   = 1
2615  read(3, "s", 1)                   = 1
2615  read(3, "t", 1)                   = 1
2615  read(3, " ", 1)                   = 1
2615  read(3, "c", 1)                   = 1
2615  read(3, "a", 1)                   = 1
2615  read(3, "s", 1)                   = 1
2615  read(3, "e", 1)                   = 1
2615  read(3, " ", 1)                   = 1
2615  read(3, "1", 1)                   = 1
2615  read(3, " ", 1)                   = 1
2615  read(3, "p", 1)                   = 1
2615  read(3, "a", 1)                   = 1
2615  read(3, "s", 1)                   = 1
2615  read(3, "s", 1)                   = 1
2615  read(3, "e", 1)                   = 1
2615  read(3, "d", 1)                   = 1
2615  read(3, " ", 1)                   = 1
2615  read(3, "\\", 1)                  = 1
2615  read(3, "\\", 1)                  = 1
2615  read(3, "\n", 1)                  = 1
2615  write(6, "22\n", 3)               = 3
2615  write(6, "Test case 1 passed \\\\\n", 22) = 22
2615  read(3, "T", 1)                   = 1
2615  read(3, "e", 1)                   = 1
2615  read(3, "s", 1)                   = 1
2615  read(3, "t", 1)                   = 1
2615  read(3, " ", 1)                   = 1
2615  read(3, "c", 1)                   = 1
2615  read(3, "a", 1)                   = 1
2615  read(3, "s", 1)                   = 1
2615  read(3, "e", 1)                   = 1
2615  read(3, " ", 1)                   = 1
2615  read(3, "2", 1)                   = 1
2615  read(3, " ", 1)                   = 1
2615  read(3, "p", 1)                   = 1
2615  read(3, "a", 1)                   = 1
2615  read(3, "s", 1)                   = 1
2615  read(3, "s", 1)                   = 1
2615  read(3, "e", 1)                   = 1
2615  read(3, "d", 1)                   = 1
2615  read(3, " ", 1)                   = 1
2615  read(3, "\\", 1)                  = 1
2615  read(3, "\\", 1)                  = 1
2615  read(3, "\n", 1)                  = 1
2615  write(6, "22\n", 3)               = 3
2615  write(6, "Test case 2 passed \\\\\n", 22) = 22
2615  read(3, ".", 1)                   = 1
2615  read(3, ".", 1)                   = 1
2615  read(3, ".", 1)                   = 1
2615  read(3, "\\", 1)                  = 1
2615  read(3, "\\", 1)                  = 1
2615  read(3, "\n", 1)                  = 1
2615  write(6, "6\n", 2)                = 2
2615  write(6, "...\\\\\n", 6)          = 6
2615  read(3, ".", 1)                   = 1
2615  read(3, ".", 1)                   = 1
2615  read(3, ".", 1)                   = 1
2615  read(3, "\\", 1)                  = 1
2615  read(3, "\\", 1)                  = 1
2615  read(3, "\n", 1)                  = 1
2615  write(6, "6\n", 2)                = 2
2615  write(6, "...\\\\\n", 6)          = 6
2615  read(3, "T", 1)                   = 1
2615  read(3, "e", 1)                   = 1
2615  read(3, "s", 1)                   = 1
2615  read(3, "t", 1)                   = 1
2615  read(3, " ", 1)                   = 1
2615  read(3, "c", 1)                   = 1
2615  read(3, "a", 1)                   = 1
2615  read(3, "s", 1)                   = 1
2615  read(3, "e", 1)                   = 1
2615  read(3, " ", 1)                   = 1
2615  read(3, "5", 1)                   = 1
2615  read(3, " ", 1)                   = 1
2615  read(3, "p", 1)                   = 1
2615  read(3, "a", 1)                   = 1
2615  read(3, "s", 1)                   = 1
2615  read(3, "s", 1)                   = 1
2615  read(3, "e", 1)                   = 1
2615  read(3, "d", 1)                   = 1
2615  read(3, " ", 1)                   = 1
2615  read(3, "\\", 1)                  = 1
2615  read(3, "\\", 1)                  = 1
2615  read(3, "\n", 1)                  = 1
2615  write(6, "22\n", 3)               = 3
2615  write(6, "Test case 5 passed \\\\\n", 22) = 22
2615  read(3, "%", 1)                   = 1
2615  read(3, "\n", 1)                  = 1
2615  write(6, "2\n", 2)                = 2
2615  write(6, "%\n", 2)                = 2
2615  read(3, "\n", 1)                  = 1
2615  write(6, "1\n", 2)                = 2
2615  write(6, "\n", 1)                 = 1
2615  read(3, "%", 1)                   = 1
2615  read(3, "%", 1)                   = 1
2615  read(3, "%", 1)                   = 1
2615  read(3, "%", 1)                   = 1
2615  read(3, "%", 1)                   = 1
2615  read(3, "%", 1)                   = 1
2615  read(3, "%", 1)                   = 1
2615  read(3, "%", 1)                   = 1
2615  read(3, "%", 1)                   = 1
2615  read(3, "%", 1)                   = 1
2615  read(3, "%", 1)                   = 1
2615  read(3, "%", 1)                   = 1
2615  read(3, "%", 1)                   = 1
2615  read(3, "%", 1)                   = 1
2615  read(3, "%", 1)                   = 1
2615  read(3, "%", 1)                   = 1
2615  read(3, "%", 1)                   = 1
2615  read(3, "%", 1)                   = 1
2615  read(3, "%", 1)                   = 1
2615  read(3, "%", 1)                   = 1
2615  read(3, "%", 1)                   = 1
2615  read(3, "%", 1)                   = 1
2615  read(3, "%", 1)                   = 1
2615  read(3, "%", 1)                   = 1
2615  read(3, "%", 1)                   = 1
2615  read(3, "%", 1)                   = 1
2615  read(3, "%", 1)                   = 1
2615  read(3, "%", 1)                   = 1
2615  read(3, "%", 1)                   = 1
2615  read(3, "%", 1)                   = 1
2615  read(3, "%", 1)                   = 1
2615  read(3, "%", 1)                   = 1
2615  read(3, "%", 1)                   = 1
2615  read(3, "%", 1)                   = 1
2615  read(3, "%", 1)                   = 1
2615  read(3, "%", 1)                   = 1
2615  read(3, "%", 1)                   = 1
2615  read(3, "%", 1)                   = 1
2615  read(3, "%", 1)                   = 1
2615  read(3, "%", 1)                   = 1
2615  read(3, "%", 1)                   = 1
2615  read(3, "%", 1)                   = 1
2615  read(3, "%", 1)                   = 1
2615  read(3, "%", 1)                   = 1
2615  read(3, "%", 1)                   = 1
2615  read(3, "%", 1)                   = 1
2615  read(3, "%", 1)                   = 1
2615  read(3, "%", 1)                   = 1
2615  read(3, "%", 1)                   = 1
2615  read(3, "%", 1)                   = 1
2615  read(3, "%", 1)                   = 1
2615  read(3, "%", 1)                   = 1
2615  read(3, "%", 1)                   = 1
2615  read(3, "%", 1)                   = 1
2615  read(3, "%", 1)                   = 1
2615  read(3, "%", 1)                   = 1
2615  read(3, "%", 1)                   = 1
2615  read(3, "%", 1)                   = 1
2615  read(3, "%", 1)                   = 1
2615  read(3, "%", 1)                   = 1
2615  read(3, "%", 1)                   = 1
2615  read(3, "%", 1)                   = 1
2615  read(3, "%", 1)                   = 1
2615  read(3, "%", 1)                   = 1
2615  read(3, "%", 1)                   = 1
2615  read(3, "%", 1)                   = 1
2615  read(3, "%", 1)                   = 1
2615  read(3, "%", 1)                   = 1
2615  read(3, "%", 1)                   = 1
2615  read(3, "%", 1)                   = 1
2615  read(3, "\n", 1)                  = 1
2615  write(6, "71\n", 3)               = 3
2615  write(6, "%%%%%%%%%%%%%%%%%%%%%%%%%%%%%%%%"..., 71) = 71
2615  read(3, "\\", 1)                  = 1
2615  read(3, "s", 1)                   = 1
2615  read(3, "e", 1)                   = 1
2615  read(3, "c", 1)                   = 1
2615  read(3, "t", 1)                   = 1
2615  read(3, "i", 1)                   = 1
2615  read(3, "o", 1)                   = 1
2615  read(3, "n", 1)                   = 1
2615  read(3, "*", 1)                   = 1
2615  read(3, "{", 1)                   = 1
2615  read(3, "Q", 1)                   = 1
2615  read(3, "5", 1)                   = 1
2615  read(3, ".", 1)                   = 1
2615  read(3, " ", 1)                   = 1
2615  read(3, "P", 1)                   = 1
2615  read(3, "i", 1)                   = 1
2615  read(3, "p", 1)                   = 1
2615  read(3, "e", 1)                   = 1
2615  read(3, "d", 1)                   = 1
2615  read(3, " ", 1)                   = 1
2615  read(3, "E", 1)                   = 1
2615  read(3, "n", 1)                   = 1
2615  read(3, "c", 1)                   = 1
2615  read(3, "r", 1)                   = 1
2615  read(3, "y", 1)                   = 1
2615  read(3, "p", 1)                   = 1
2615  read(3, "t", 1)                   = 1
2615  read(3, "i", 1)                   = 1
2615  read(3, "o", 1)                   = 1
2615  read(3, "n", 1)                   = 1
2615  read(3, " ", 1)                   = 1
2615  read(3, "[", 1)                   = 1
2615  read(3, "2", 1)                   = 1
2615  read(3, "0", 1)                   = 1
2615  read(3, " ", 1)                   = 1
2615  read(3, "M", 1)                   = 1
2615  read(3, "a", 1)                   = 1
2615  read(3, "r", 1)                   = 1
2615  read(3, "k", 1)                   = 1
2615  read(3, "s", 1)                   = 1
2615  read(3, "]", 1)                   = 1
2615  read(3, "}", 1)                   = 1
2615  read(3, "\n", 1)                  = 1
2615  write(6, "43\n", 3)               = 3
2615  write(6, "\\section*{Q5. Piped Encryption ["..., 43) = 43
2615  read(3, "%", 1)                   = 1
2615  read(3, "%", 1)                   = 1
2615  read(3, "%", 1)                   = 1
2615  read(3, "%", 1)                   = 1
2615  read(3, "%", 1)                   = 1
2615  read(3, "%", 1)                   = 1
2615  read(3, "%", 1)                   = 1
2615  read(3, "%", 1)                   = 1
2615  read(3, "%", 1)                   = 1
2615  read(3, "%", 1)                   = 1
2615  read(3, "%", 1)                   = 1
2615  read(3, "%", 1)                   = 1
2615  read(3, "%", 1)                   = 1
2615  read(3, "%", 1)                   = 1
2615  read(3, "%", 1)                   = 1
2615  read(3, "%", 1)                   = 1
2615  read(3, "%", 1)                   = 1
2615  read(3, "%", 1)                   = 1
2615  read(3, "%", 1)                   = 1
2615  read(3, "%", 1)                   = 1
2615  read(3, "%", 1)                   = 1
2615  read(3, "%", 1)                   = 1
2615  read(3, "%", 1)                   = 1
2615  read(3, "%", 1)                   = 1
2615  read(3, "%", 1)                   = 1
2615  read(3, "%", 1)                   = 1
2615  read(3, "%", 1)                   = 1
2615  read(3, "%", 1)                   = 1
2615  read(3, "%", 1)                   = 1
2615  read(3, "%", 1)                   = 1
2615  read(3, "%", 1)                   = 1
2615  read(3, "%", 1)                   = 1
2615  read(3, "%", 1)                   = 1
2615  read(3, "%", 1)                   = 1
2615  read(3, "%", 1)                   = 1
2615  read(3, "%", 1)                   = 1
2615  read(3, "%", 1)                   = 1
2615  read(3, "%", 1)                   = 1
2615  read(3, "%", 1)                   = 1
2615  read(3, "%", 1)                   = 1
2615  read(3, "%", 1)                   = 1
2615  read(3, "%", 1)                   = 1
2615  read(3, "%", 1)                   = 1
2615  read(3, "%", 1)                   = 1
2615  read(3, "%", 1)                   = 1
2615  read(3, "%", 1)                   = 1
2615  read(3, "%", 1)                   = 1
2615  read(3, "%", 1)                   = 1
2615  read(3, "%", 1)                   = 1
2615  read(3, "%", 1)                   = 1
2615  read(3, "%", 1)                   = 1
2615  read(3, "%", 1)                   = 1
2615  read(3, "%", 1)                   = 1
2615  read(3, "%", 1)                   = 1
2615  read(3, "%", 1)                   = 1
2615  read(3, "%", 1)                   = 1
2615  read(3, "%", 1)                   = 1
2615  read(3, "%", 1)                   = 1
2615  read(3, "%", 1)                   = 1
2615  read(3, "%", 1)                   = 1
2615  read(3, "%", 1)                   = 1
2615  read(3, "%", 1)                   = 1
2615  read(3, "%", 1)                   = 1
2615  read(3, "%", 1)                   = 1
2615  read(3, "%", 1)                   = 1
2615  read(3, "%", 1)                   = 1
2615  read(3, "%", 1)                   = 1
2615  read(3, "%", 1)                   = 1
2615  read(3, "%", 1)                   = 1
2615  read(3, "%", 1)                   = 1
2615  read(3, "\n", 1)                  = 1
2615  write(6, "71\n", 3)               = 3
2615  write(6, "%%%%%%%%%%%%%%%%%%%%%%%%%%%%%%%%"..., 71) = 71
2615  read(3, "\n", 1)                  = 1
2615  write(6, "1\n", 2)                = 2
2615  write(6, "\n", 1)                 = 1
2615  read(3, "I", 1)                   = 1
2615  read(3, "n", 1)                   = 1
2615  read(3, " ", 1)                   = 1
2615  read(3, "t", 1)                   = 1
2615  read(3, "h", 1)                   = 1
2615  read(3, "i", 1)                   = 1
2615  read(3, "s", 1)                   = 1
2615  read(3, " ", 1)                   = 1
2615  read(3, "p", 1)                   = 1
2615  read(3, "a", 1)                   = 1
2615  read(3, "r", 1)                   = 1
2615  read(3, "t", 1)                   = 1
2615  read(3, ",", 1)                   = 1
2615  read(3, " ", 1)                   = 1
2615  read(3, "a", 1)                   = 1
2615  read(3, " ", 1)                   = 1
2615  read(3, "f", 1)                   = 1
2615  read(3, "i", 1)                   = 1
2615  read(3, "l", 1)                   = 1
2615  read(3, "e", 1)                   = 1
2615  read(3, " ", 1)                   = 1
2615  read(3, "i", 1)                   = 1
2615  read(3, "s", 1)                   = 1
2615  read(3, " ", 1)                   = 1
2615  read(3, "e", 1)                   = 1
2615  read(3, "n", 1)                   = 1
2615  read(3, "c", 1)                   = 1
2615  read(3, "r", 1)                   = 1
2615  read(3, "y", 1)                   = 1
2615  read(3, "p", 1)                   = 1
2615  read(3, "t", 1)                   = 1
2615  read(3, "e", 1)                   = 1
2615  read(3, "d", 1)                   = 1
2615  read(3, " ", 1)                   = 1
2615  read(3, "u", 1)                   = 1
2615  read(3, "s", 1)                   = 1
2615  read(3, "i", 1)                   = 1
2615  read(3, "n", 1)                   = 1
2615  read(3, "g", 1)                   = 1
2615  read(3, " ", 1)                   = 1
2615  read(3, "a", 1)                   = 1
2615  read(3, " ", 1)                   = 1
2615  read(3, "e", 1)                   = 1
2615  read(3, "n", 1)                   = 1
2615  read(3, "c", 1)                   = 1
2615  read(3, "r", 1)                   = 1
2615  read(3, "y", 1)                   = 1
2615  read(3, "p", 1)                   = 1
2615  read(3, "t", 1)                   = 1
2615  read(3, " ", 1)                   = 1
2615  read(3, "p", 1)                   = 1
2615  read(3, "r", 1)                   = 1
2615  read(3, "o", 1)                   = 1
2615  read(3, "g", 1)                   = 1
2615  read(3, "r", 1)                   = 1
2615  read(3, "a", 1)                   = 1
2615  read(3, "m", 1)                   = 1
2615  read(3, " ", 1)                   = 1
2615  read(3, "w", 1)                   = 1
2615  read(3, "h", 1)                   = 1
2615  read(3, "i", 1)                   = 1
2615  read(3, "c", 1)                   = 1
2615  read(3, "h", 1)                   = 1
2615  read(3, " ", 1)                   = 1
2615  read(3, "w", 1)                   = 1
2615  read(3, "i", 1)                   = 1
2615  read(3, "l", 1)                   = 1
2615  read(3, "l", 1)                   = 1
2615  read(3, " ", 1)                   = 1
2615  read(3, "r", 1)                   = 1
2615  read(3, "e", 1)                   = 1
2615  read(3, "a", 1)                   = 1
2615  read(3, "d", 1)                   = 1
2615  read(3, " ", 1)                   = 1
2615  read(3, "b", 1)                   = 1
2615  read(3, "y", 1)                   = 1
2615  read(3, "t", 1)                   = 1
2615  read(3, "e", 1)                   = 1
2615  read(3, "s", 1)                   = 1
2615  read(3, "\n", 1)                  = 1
2615  write(6, "80\n", 3)               = 3
2615  write(6, "In this part, a file is encrypte"..., 80) = 80
2615  read(3, "f", 1)                   = 1
2615  read(3, "r", 1)                   = 1
2615  read(3, "o", 1)                   = 1
2615  read(3, "m", 1)                   = 1
2615  read(3, " ", 1)                   = 1
2615  read(3, "s", 1)                   = 1
2615  read(3, "t", 1)                   = 1
2615  read(3, "a", 1)                   = 1
2615  read(3, "n", 1)                   = 1
2615  read(3, "d", 1)                   = 1
2615  read(3, "a", 1)                   = 1
2615  read(3, "r", 1)                   = 1
2615  read(3, "d", 1)                   = 1
2615  read(3, " ", 1)                   = 1
2615  read(3, "i", 1)                   = 1
2615  read(3, "n", 1)                   = 1
2615  read(3, "p", 1)                   = 1
2615  read(3, "u", 1)                   = 1
2615  read(3, "t", 1)                   = 1
2615  read(3, " ", 1)                   = 1
2615  read(3, "a", 1)                   = 1
2615  read(3, "n", 1)                   = 1
2615  read(3, "d", 1)                   = 1
2615  read(3, " ", 1)                   = 1
2615  read(3, "o", 1)                   = 1
2615  read(3, "u", 1)                   = 1
2615  read(3, "t", 1)                   = 1
2615  read(3, "p", 1)                   = 1
2615  read(3, "u", 1)                   = 1
2615  read(3, "t", 1)                   = 1
2615  read(3, " ", 1)                   = 1
2615  read(3, "t", 1)                   = 1
2615  read(3, "h", 1)                   = 1
2615  read(3, "e", 1)                   = 1
2615  read(3, " ", 1)                   = 1
2615  read(3, "e", 1)                   = 1
2615  read(3, "n", 1)                   = 1
2615  read(3, "c", 1)                   = 1
2615  read(3, "r", 1)                   = 1
2615  read(3, "y", 1)                   = 1
2615  read(3, "p", 1)                   = 1
2615  read(3, "t", 1)                   = 1
2615  read(3, "e", 1)                   = 1
2615  read(3, "d", 1)                   = 1
2615  read(3, " ", 1)                   = 1
2615  read(3, "b", 1)                   = 1
2615  read(3, "y", 1)                   = 1
2615  read(3, "t", 1)                   = 1
2615  read(3, "e", 1)                   = 1
2615  read(3, "s", 1)                   = 1
2615  read(3, " ", 1)                   = 1
2615  read(3, "i", 1)                   = 1
2615  read(3, "n", 1)                   = 1
2615  read(3, "t", 1)                   = 1
2615  read(3, "o", 1)                   = 1
2615  read(3, " ", 1)                   = 1
2615  read(3, "t", 1)                   = 1
2615  read(3, "h", 1)                   = 1
2615  read(3, "e", 1)                   = 1
2615  read(3, " ", 1)                   = 1
2615  read(3, "s", 1)                   = 1
2615  read(3, "t", 1)                   = 1
2615  read(3, "a", 1)                   = 1
2615  read(3, "n", 1)                   = 1
2615  read(3, "d", 1)                   = 1
2615  read(3, "a", 1)                   = 1
2615  read(3, "r", 1)                   = 1
2615  read(3, "d", 1)                   = 1
2615  read(3, " ", 1)                   = 1
2615  read(3, "o", 1)                   = 1
2615  read(3, "u", 1)                   = 1
2615  read(3, "t", 1)                   = 1
2615  read(3, "p", 1)                   = 1
2615  read(3, "u", 1)                   = 1
2615  read(3, "t", 1)                   = 1
2615  read(3, ".", 1)                   = 1
2615  read(3, "\n", 1)                  = 1
2615  write(6, "77\n", 3)               = 3
2615  write(6, "from standard input and output t"..., 77) = 77
2615  read(3, "%", 1)                   = 1
2615  read(3, "\n", 1)                  = 1
2615  write(6, "2\n", 2)                = 2
2615  write(6, "%\n", 2)                = 2
2615  read(3, "T", 1)                   = 1
2615  read(3, "h", 1)                   = 1
2615  read(3, "e", 1)                   = 1
2615  read(3, " ", 1)                   = 1
2615  read(3, "{", 1)                   = 1
2615  read(3, "\\", 1)                  = 1
2615  read(3, "t", 1)                   = 1
2615  read(3, "t", 1)                   = 1
2615  read(3, " ", 1)                   = 1
2615  read(3, "e", 1)                   = 1
2615  read(3, "n", 1)                   = 1
2615  read(3, "c", 1)                   = 1
2615  read(3, "r", 1)                   = 1
2615  read(3, "y", 1)                   = 1
2615  read(3, "p", 1)                   = 1
2615  read(3, "t", 1)                   = 1
2615  read(3, "}", 1)                   = 1
2615  read(3, " ", 1)                   = 1
2615  read(3, "b", 1)                   = 1
2615  read(3, "i", 1)                   = 1
2615  read(3, "n", 1)                   = 1
2615  read(3, "a", 1)                   = 1
2615  read(3, "r", 1)                   = 1
2615  read(3, "y", 1)                   = 1
2615  read(3, " ", 1)                   = 1
2615  read(3, "e", 1)                   = 1
2615  read(3, "n", 1)                   = 1
2615  read(3, "c", 1)                   = 1
2615  read(3, "r", 1)                   = 1
2615  read(3, "y", 1)                   = 1
2615  read(3, "p", 1)                   = 1
2615  read(3, "t", 1)                   = 1
2615  read(3, "s", 1)                   = 1
2615  read(3, " ", 1)                   = 1
2615  read(3, "a", 1)                   = 1
2615  read(3, " ", 1)                   = 1
2615  read(3, "l", 1)                   = 1
2615  read(3, "i", 1)                   = 1
2615  read(3, "n", 1)                   = 1
2615  read(3, "e", 1)                   = 1
2615  read(3, " ", 1)                   = 1
2615  read(3, "b", 1)                   = 1
2615  read(3, "y", 1)                   = 1
2615  read(3, " ", 1)                   = 1
2615  read(3, "r", 1)                   = 1
2615  read(3, "e", 1)                   = 1
2615  read(3, "a", 1)                   = 1
2615  read(3, "d", 1)                   = 1
2615  read(3, "i", 1)                   = 1
2615  read(3, "n", 1)                   = 1
2615  read(3, "g", 1)                   = 1
2615  read(3, " ", 1)                   = 1
2615  read(3, "t", 1)                   = 1
2615  read(3, "h", 1)                   = 1
2615  read(3, "e", 1)                   = 1
2615  read(3, " ", 1)                   = 1
2615  read(3, "f", 1)                   = 1
2615  read(3, "o", 1)                   = 1
2615  read(3, "l", 1)                   = 1
2615  read(3, "l", 1)                   = 1
2615  read(3, "o", 1)                   = 1
2615  read(3, "w", 1)                   = 1
2615  read(3, "i", 1)                   = 1
2615  read(3, "n", 1)                   = 1
2615  read(3, "g", 1)                   = 1
2615  read(3, " ", 1)                   = 1
2615  read(3, "t", 1)                   = 1
2615  read(3, "w", 1)                   = 1
2615  read(3, "o", 1)                   = 1
2615  read(3, " ", 1)                   = 1
2615  read(3, "i", 1)                   = 1
2615  read(3, "n", 1)                   = 1
2615  read(3, "p", 1)                   = 1
2615  read(3, "u", 1)                   = 1
2615  read(3, "t", 1)                   = 1
2615  read(3, "s", 1)                   = 1
2615  read(3, " ", 1)                   = 1
2615  read(3, "f", 1)                   = 1
2615  read(3, "r", 1)                   = 1
2615  read(3, "o", 1)                   = 1
2615  read(3, "m", 1)                   = 1
2615  read(3, " ", 1)                   = 1
2615  read(3, "\n", 1)                  = 1
2615  write(6, "83\n", 3)               = 3
2615  write(6, "The {\\tt encrypt} binary encrypt"..., 83) = 83
2615  read(3, "t", 1)                   = 1
2615  read(3, "h", 1)                   = 1
2615  read(3, "e", 1)                   = 1
2615  read(3, " ", 1)                   = 1
2615  read(3, "s", 1)                   = 1
2615  read(3, "t", 1)                   = 1
2615  read(3, "a", 1)                   = 1
2615  read(3, "n", 1)                   = 1
2615  read(3, "d", 1)                   = 1
2615  read(3, "a", 1)                   = 1
2615  read(3, "r", 1)                   = 1
2615  read(3, "d", 1)                   = 1
2615  read(3, " ", 1)                   = 1
2615  read(3, "i", 1)                   = 1
2615  read(3, "n", 1)                   = 1
2615  read(3, "p", 1)                   = 1
2615  read(3, "u", 1)                   = 1
2615  read(3, "t", 1)                   = 1
2615  read(3, "-", 1)                   = 1
2615  read(3, "-", 1)                   = 1
2615  read(3, "-", 1)                   = 1
2615  read(3, "{", 1)                   = 1
2615  read(3, "\\", 1)                  = 1
2615  read(3, "e", 1)                   = 1
2615  read(3, "m", 1)                   = 1
2615  read(3, " ", 1)                   = 1
2615  read(3, "(", 1)                   = 1
2615  read(3, "i", 1)                   = 1
2615  read(3, ")", 1)                   = 1
2615  read(3, "}", 1)                   = 1
2615  read(3, " ", 1)                   = 1
2615  read(3, "N", 1)                   = 1
2615  read(3, "u", 1)                   = 1
2615  read(3, "m", 1)                   = 1
2615  read(3, "b", 1)                   = 1
2615  read(3, "e", 1)                   = 1
2615  read(3, "r", 1)                   = 1
2615  read(3, " ", 1)                   = 1
2615  read(3, "o", 1)                   = 1
2615  read(3, "f", 1)                   = 1
2615  read(3, " ", 1)                   = 1
2615  read(3, "b", 1)                   = 1
2615  read(3, "y", 1)                   = 1
2615  read(3, "t", 1)                   = 1
2615  read(3, "e", 1)                   = 1
2615  read(3, "s", 1)                   = 1
2615  read(3, " ", 1)                   = 1
2615  read(3, "i", 1)                   = 1
2615  read(3, "n", 1)                   = 1
2615  read(3, " ", 1)                   = 1
2615  read(3, "t", 1)                   = 1
2615  read(3, "h", 1)                   = 1
2615  read(3, "e", 1)                   = 1
2615  read(3, " ", 1)                   = 1
2615  read(3, "l", 1)                   = 1
2615  read(3, "i", 1)                   = 1
2615  read(3, "n", 1)                   = 1
2615  read(3, "e", 1)                   = 1
2615  read(3, " ", 1)                   = 1
2615  read(3, "(", 1)                   = 1
2615  read(3, "i", 1)                   = 1
2615  read(3, "n", 1)                   = 1
2615  read(3, "c", 1)                   = 1
2615  read(3, "l", 1)                   = 1
2615  read(3, "u", 1)                   = 1
2615  read(3, "d", 1)                   = 1
2615  read(3, "i", 1)                   = 1
2615  read(3, "n", 1)                   = 1
2615  read(3, "g", 1)                   = 1
2615  read(3, " ", 1)                   = 1
2615  read(3, "t", 1)                   = 1
2615  read(3, "h", 1)                   = 1
2615  read(3, "e", 1)                   = 1
2615  read(3, " ", 1)                   = 1
2615  read(3, "n", 1)                   = 1
2615  read(3, "e", 1)                   = 1
2615  read(3, "w", 1)                   = 1
2615  read(3, "l", 1)                   = 1
2615  read(3, "i", 1)                   = 1
2615  read(3, "n", 1)                   = 1
2615  read(3, "e", 1)                   = 1
2615  read(3, ")", 1)                   = 1
2615  read(3, ",", 1)                   = 1
2615  read(3, " ", 1)                   = 1
2615  read(3, "\n", 1)                  = 1
2615  write(6, "85\n", 3)               = 3
2615  write(6, "the standard input---{\\em (i)} N"..., 85) = 85
2615  read(3, "{", 1)                   = 1
2615  read(3, "\\", 1)                  = 1
2615  read(3, "e", 1)                   = 1
2615  read(3, "m", 1)                   = 1
2615  read(3, " ", 1)                   = 1
2615  read(3, "(", 1)                   = 1
2615  read(3, "i", 1)                   = 1
2615  read(3, "i", 1)                   = 1
2615  read(3, ")", 1)                   = 1
2615  read(3, "}", 1)                   = 1
2615  read(3, " ", 1)                   = 1
2615  read(3, "T", 1)                   = 1
2615  read(3, "h", 1)                   = 1
2615  read(3, "e", 1)                   = 1
2615  read(3, " ", 1)                   = 1
2615  read(3, "l", 1)                   = 1
2615  read(3, "i", 1)                   = 1
2615  read(3, "n", 1)                   = 1
2615  read(3, "e", 1)                   = 1
2615  read(3, " ", 1)                   = 1
2615  read(3, "o", 1)                   = 1
2615  read(3, "f", 1)                   = 1
2615  read(3, " ", 1)                   = 1
2615  read(3, "t", 1)                   = 1
2615  read(3, "e", 1)                   = 1
2615  read(3, "x", 1)                   = 1
2615  read(3, "t", 1)                   = 1
2615  read(3, " ", 1)                   = 1
2615  read(3, "i", 1)                   = 1
2615  read(3, "t", 1)                   = 1
2615  read(3, "s", 1)                   = 1
2615  read(3, "e", 1)                   = 1
2615  read(3, "l", 1)                   = 1
2615  read(3, "f", 1)                   = 1
2615  read(3, "-", 1)                   = 1
2615  read(3, "-", 1)                   = 1
2615  read(3, "-", 1)                   = 1
2615  read(3, "i", 1)                   = 1
2615  read(3, "n", 1)                   = 1
2615  read(3, " ", 1)                   = 1
2615  read(3, "t", 1)                   = 1
2615  read(3, "h", 1)                   = 1
2615  read(3, "e", 1)                   = 1
2615  read(3, " ", 1)                   = 1
2615  read(3, "o", 1)                   = 1
2615  read(3, "r", 1)                   = 1
2615  read(3, "d", 1)                   = 1
2615  read(3, "e", 1)                   = 1
2615  read(3, "r", 1)                   = 1
2615  read(3, ".", 1)                   = 1
2615  read(3, "\n", 1)                  = 1
2615  write(6, "51\n", 3)               = 3
2615  write(6, "{\\em (ii)} The line of text itse"..., 51) = 51
2615  read(3, "%", 1)                   = 1
2615  read(3, "\n", 1)                  = 1
2615  write(6, "2\n", 2)                = 2
2615  write(6, "%\n", 2)                = 2
2615  read(3, "T", 1)                   = 1
2615  read(3, "h", 1)                   = 1
2615  read(3, "e", 1)                   = 1
2615  read(3, " ", 1)                   = 1
2615  read(3, "d", 1)                   = 1
2615  read(3, "e", 1)                   = 1
2615  read(3, "c", 1)                   = 1
2615  read(3, "r", 1)                   = 1
2615  read(3, "y", 1)                   = 1
2615  read(3, "p", 1)                   = 1
2615  read(3, "t", 1)                   = 1
2615  read(3, "e", 1)                   = 1
2615  read(3, "d", 1)                   = 1
2615  read(3, " ", 1)                   = 1
2615  read(3, "t", 1)                   = 1
2615  read(3, "e", 1)                   = 1
2615  read(3, "x", 1)                   = 1
2615  read(3, "t", 1)                   = 1
2615  read(3, " ", 1)                   = 1
2615  read(3, "i", 1)                   = 1
2615  read(3, "s", 1)                   = 1
2615  read(3, " ", 1)                   = 1
2615  read(3, "o", 1)                   = 1
2615  read(3, "u", 1)                   = 1
2615  read(3, "t", 1)                   = 1
2615  read(3, "p", 1)                   = 1
2615  read(3, "u", 1)                   = 1
2615  read(3, "t", 1)                   = 1
2615  read(3, "e", 1)                   = 1
2615  read(3, "d", 1)                   = 1
2615  read(3, " ", 1)                   = 1
2615  read(3, "i", 1)                   = 1
2615  read(3, "n", 1)                   = 1
2615  read(3, "t", 1)                   = 1
2615  read(3, "o", 1)                   = 1
2615  read(3, " ", 1)                   = 1
2615  read(3, "t", 1)                   = 1
2615  read(3, "h", 1)                   = 1
2615  read(3, "e", 1)                   = 1
2615  read(3, " ", 1)                   = 1
2615  read(3, "s", 1)                   = 1
2615  read(3, "t", 1)                   = 1
2615  read(3, "a", 1)                   = 1
2615  read(3, "n", 1)                   = 1
2615  read(3, "d", 1)                   = 1
2615  read(3, "a", 1)                   = 1
2615  read(3, "r", 1)                   = 1
2615  read(3, "d", 1)                   = 1
2615  read(3, " ", 1)                   = 1
2615  read(3, "o", 1)                   = 1
2615  read(3, "u", 1)                   = 1
2615  read(3, "t", 1)                   = 1
2615  read(3, "p", 1)                   = 1
2615  read(3, "u", 1)                   = 1
2615  read(3, "t", 1)                   = 1
2615  read(3, ".", 1)                   = 1
2615  read(3, "\n", 1)                  = 1
2615  write(6, "57\n", 3)               = 3
2615  write(6, "The decrypted text is outputed i"..., 57) = 57
2615  read(3, "%", 1)                   = 1
2615  read(3, "\n", 1)                  = 1
2615  write(6, "2\n", 2)                = 2
2615  write(6, "%\n", 2)                = 2
2615  read(3, "F", 1)                   = 1
2615  read(3, "o", 1)                   = 1
2615  read(3, "r", 1)                   = 1
2615  read(3, " ", 1)                   = 1
2615  read(3, "t", 1)                   = 1
2615  read(3, "h", 1)                   = 1
2615  read(3, "i", 1)                   = 1
2615  read(3, "s", 1)                   = 1
2615  read(3, " ", 1)                   = 1
2615  read(3, "p", 1)                   = 1
2615  read(3, "a", 1)                   = 1
2615  read(3, "r", 1)                   = 1
2615  read(3, "t", 1)                   = 1
2615  read(3, ",", 1)                   = 1
2615  read(3, " ", 1)                   = 1
2615  read(3, "y", 1)                   = 1
2615  read(3, "o", 1)                   = 1
2615  read(3, "u", 1)                   = 1
2615  read(3, " ", 1)                   = 1
2615  read(3, "w", 1)                   = 1
2615  read(3, "i", 1)                   = 1
2615  read(3, "l", 1)                   = 1
2615  read(3, "l", 1)                   = 1
2615  read(3, " ", 1)                   = 1
2615  read(3, "w", 1)                   = 1
2615  read(3, "r", 1)                   = 1
2615  read(3, "i", 1)                   = 1
2615  read(3, "t", 1)                   = 1
2615  read(3, "e", 1)                   = 1
2615  read(3, " ", 1)                   = 1
2615  read(3, "y", 1)                   = 1
2615  read(3, "o", 1)                   = 1
2615  read(3, "u", 1)                   = 1
2615  read(3, "r", 1)                   = 1
2615  read(3, " ", 1)                   = 1
2615  read(3, "c", 1)                   = 1
2615  read(3, "o", 1)                   = 1
2615  read(3, "d", 1)                   = 1
2615  read(3, "e", 1)                   = 1
2615  read(3, " ", 1)                   = 1
2615  read(3, "i", 1)                   = 1
2615  read(3, "n", 1)                   = 1
2615  read(3, " ", 1)                   = 1
2615  read(3, "{", 1)                   = 1
2615  read(3, "\\", 1)                  = 1
2615  read(3, "t", 1)                   = 1
2615  read(3, "t", 1)                   = 1
2615  read(3, " ", 1)                   = 1
2615  read(3, "Q", 1)                   = 1
2615  read(3, "5", 1)                   = 1
2615  read(3, "/", 1)                   = 1
2615  read(3, "e", 1)                   = 1
2615  read(3, "n", 1)                   = 1
2615  read(3, "c", 1)                   = 1
2615  read(3, "d", 1)                   = 1
2615  read(3, "r", 1)                   = 1
2615  read(3, "v", 1)                   = 1
2615  read(3, ".", 1)                   = 1
2615  read(3, "c", 1)                   = 1
2615  read(3, "}", 1)                   = 1
2615  read(3, " ", 1)                   = 1
2615  read(3, "w", 1)                   = 1
2615  read(3, "h", 1)                   = 1
2615  read(3, "i", 1)                   = 1
2615  read(3, "c", 1)                   = 1
2615  read(3, "h", 1)                   = 1
2615  read(3, " ", 1)                   = 1
2615  read(3, "t", 1)                   = 1
2615  read(3, "a", 1)                   = 1
2615  read(3, "k", 1)                   = 1
2615  read(3, "e", 1)                   = 1
2615  read(3, "s", 1)                   = 1
2615  read(3, " ", 1)                   = 1
2615  read(3, "t", 1)                   = 1
2615  read(3, "w", 1)                   = 1
2615  read(3, "o", 1)                   = 1
2615  read(3, " ", 1)                   = 1
2615  read(3, "a", 1)                   = 1
2615  read(3, "r", 1)                   = 1
2615  read(3, "g", 1)                   = 1
2615  read(3, "u", 1)                   = 1
2615  read(3, "m", 1)                   = 1
2615  read(3, "e", 1)                   = 1
2615  read(3, "n", 1)                   = 1
2615  read(3, "t", 1)                   = 1
2615  read(3, "s", 1)                   = 1
2615  read(3, " ", 1)                   = 1
2615  read(3, "\n", 1)                  = 1
2615  write(6, "88\n", 3)               = 3
2615  write(6, "For this part, you will write yo"..., 88) = 88
2615  read(3, "e", 1)                   = 1
2615  read(3, "a", 1)                   = 1
2615  read(3, "c", 1)                   = 1
2615  read(3, "h", 1)                   = 1
2615  read(3, " ", 1)                   = 1
2615  read(3, "o", 1)                   = 1
2615  read(3, "f", 1)                   = 1
2615  read(3, " ", 1)                   = 1
2615  read(3, "t", 1)                   = 1
2615  read(3, "h", 1)                   = 1
2615  read(3, "e", 1)                   = 1
2615  read(3, "m", 1)                   = 1
2615  read(3, " ", 1)                   = 1
2615  read(3, "i", 1)                   = 1
2615  read(3, "s", 1)                   = 1
2615  read(3, " ", 1)                   = 1
2615  read(3, "a", 1)                   = 1
2615  read(3, " ", 1)                   = 1
2615  read(3, "f", 1)                   = 1
2615  read(3, "i", 1)                   = 1
2615  read(3, "l", 1)                   = 1
2615  read(3, "e", 1)                   = 1
2615  read(3, ".", 1)                   = 1
2615  read(3, "\n", 1)                  = 1
2615  write(6, "24\n", 3)               = 3
2615  write(6, "each of them is a file.\n", 24) = 24
2615  read(3, "%", 1)                   = 1
2615  read(3, "\n", 1)                  = 1
2615  write(6, "2\n", 2)                = 2
2615  write(6, "%\n", 2)                = 2
2615  read(3, "T", 1)                   = 1
2615  read(3, "h", 1)                   = 1
2615  read(3, "e", 1)                   = 1
2615  read(3, " ", 1)                   = 1
2615  read(3, "f", 1)                   = 1
2615  read(3, "i", 1)                   = 1
2615  read(3, "r", 1)                   = 1
2615  read(3, "s", 1)                   = 1
2615  read(3, "t", 1)                   = 1
2615  read(3, " ", 1)                   = 1
2615  read(3, "f", 1)                   = 1
2615  read(3, "i", 1)                   = 1
2615  read(3, "l", 1)                   = 1
2615  read(3, "e", 1)                   = 1
2615  read(3, " ", 1)                   = 1
2615  read(3, "r", 1)                   = 1
2615  read(3, "e", 1)                   = 1
2615  read(3, "p", 1)                   = 1
2615  read(3, "r", 1)                   = 1
2615  read(3, "e", 1)                   = 1
2615  read(3, "s", 1)                   = 1
2615  read(3, "e", 1)                   = 1
2615  read(3, "n", 1)                   = 1
2615  read(3, "t", 1)                   = 1
2615  read(3, "s", 1)                   = 1
2615  read(3, " ", 1)                   = 1
2615  read(3, "t", 1)                   = 1
2615  read(3, "h", 1)                   = 1
2615  read(3, "e", 1)                   = 1
2615  read(3, " ", 1)                   = 1
2615  read(3, "i", 1)                   = 1
2615  read(3, "n", 1)                   = 1
2615  read(3, "p", 1)                   = 1
2615  read(3, "u", 1)                   = 1
2615  read(3, "t", 1)                   = 1
2615  read(3, " ", 1)                   = 1
2615  read(3, "f", 1)                   = 1
2615  read(3, "i", 1)                   = 1
2615  read(3, "l", 1)                   = 1
2615  read(3, "e", 1)                   = 1
2615  read(3, " ", 1)                   = 1
2615  read(3, "t", 1)                   = 1
2615  read(3, "h", 1)                   = 1
2615  read(3, "a", 1)                   = 1
2615  read(3, "t", 1)                   = 1
2615  read(3, " ", 1)                   = 1
2615  read(3, "i", 1)                   = 1
2615  read(3, "s", 1)                   = 1
2615  read(3, " ", 1)                   = 1
2615  read(3, "t", 1)                   = 1
2615  read(3, "o", 1)                   = 1
2615  read(3, " ", 1)                   = 1
2615  read(3, "b", 1)                   = 1
2615  read(3, "e", 1)                   = 1
2615  read(3, " ", 1)                   = 1
2615  read(3, "e", 1)                   = 1
2615  read(3, "n", 1)                   = 1
2615  read(3, "c", 1)                   = 1
2615  read(3, "r", 1)                   = 1
2615  read(3, "y", 1)                   = 1
2615  read(3, "p", 1)                   = 1
2615  read(3, "t", 1)                   = 1
2615  read(3, "e", 1)                   = 1
2615  read(3, "d", 1)                   = 1
2615  read(3, ".", 1)                   = 1
2615  read(3, " ", 1)                   = 1
2615  read(3, "T", 1)                   = 1
2615  read(3, "h", 1)                   = 1
2615  read(3, "e", 1)                   = 1
2615  read(3, " ", 1)                   = 1
2615  read(3, "s", 1)                   = 1
2615  read(3, "e", 1)                   = 1
2615  read(3, "c", 1)                   = 1
2615  read(3, "o", 1)                   = 1
2615  read(3, "n", 1)                   = 1
2615  read(3, "d", 1)                   = 1
2615  read(3, " ", 1)                   = 1
2615  read(3, "f", 1)                   = 1
2615  read(3, "i", 1)                   = 1
2615  read(3, "l", 1)                   = 1
2615  read(3, "e", 1)                   = 1
2615  read(3, "\n", 1)                  = 1
2615  write(6, "82\n", 3)               = 3
2615  write(6, "The first file represents the in"..., 82) = 82
2615  read(3, "i", 1)                   = 1
2615  read(3, "s", 1)                   = 1
2615  read(3, " ", 1)                   = 1
2615  read(3, "u", 1)                   = 1
2615  read(3, "s", 1)                   = 1
2615  read(3, "e", 1)                   = 1
2615  read(3, "d", 1)                   = 1
2615  read(3, " ", 1)                   = 1
2615  read(3, "t", 1)                   = 1
2615  read(3, "o", 1)                   = 1
2615  read(3, " ", 1)                   = 1
2615  read(3, "s", 1)                   = 1
2615  read(3, "t", 1)                   = 1
2615  read(3, "o", 1)                   = 1
2615  read(3, "r", 1)                   = 1
2615  read(3, "e", 1)                   = 1
2615  read(3, " ", 1)                   = 1
2615  read(3, "t", 1)                   = 1
2615  read(3, "h", 1)                   = 1
2615  read(3, "e", 1)                   = 1
2615  read(3, " ", 1)                   = 1
2615  read(3, "e", 1)                   = 1
2615  read(3, "n", 1)                   = 1
2615  read(3, "c", 1)                   = 1
2615  read(3, "r", 1)                   = 1
2615  read(3, "y", 1)                   = 1
2615  read(3, "p", 1)                   = 1
2615  read(3, "t", 1)                   = 1
2615  read(3, "e", 1)                   = 1
2615  read(3, "d", 1)                   = 1
2615  read(3, " ", 1)                   = 1
2615  read(3, "t", 1)                   = 1
2615  read(3, "e", 1)                   = 1
2615  read(3, "x", 1)                   = 1
2615  read(3, "t", 1)                   = 1
2615  read(3, ".", 1)                   = 1
2615  read(3, "\n", 1)                  = 1
2615  write(6, "37\n", 3)               = 3
2615  write(6, "is used to store the encrypted t"..., 37) = 37
2615  read(3, "%", 1)                   = 1
2615  read(3, "\n", 1)                  = 1
2615  write(6, "2\n", 2)                = 2
2615  write(6, "%\n", 2)                = 2
2615  read(3, "T", 1)                   = 1
2615  read(3, "h", 1)                   = 1
2615  read(3, "e", 1)                   = 1
2615  read(3, " ", 1)                   = 1
2615  read(3, "e", 1)                   = 1
2615  read(3, "n", 1)                   = 1
2615  read(3, "c", 1)                   = 1
2615  read(3, "r", 1)                   = 1
2615  read(3, "y", 1)                   = 1
2615  read(3, "p", 1)                   = 1
2615  read(3, "t", 1)                   = 1
2615  read(3, " ", 1)                   = 1
2615  read(3, "p", 1)                   = 1
2615  read(3, "r", 1)                   = 1
2615  read(3, "o", 1)                   = 1
2615  read(3, "g", 1)                   = 1
2615  read(3, "r", 1)                   = 1
2615  read(3, "a", 1)                   = 1
2615  read(3, "m", 1)                   = 1
2615  read(3, " ", 1)                   = 1
2615  read(3, "i", 1)                   = 1
2615  read(3, "s", 1)                   = 1
2615  read(3, " ", 1)                   = 1
2615  read(3, "t", 1)                   = 1
2615  read(3, "o", 1)                   = 1
2615  read(3, " ", 1)                   = 1
2615  read(3, "b", 1)                   = 1
2615  read(3, "e", 1)                   = 1
2615  read(3, " ", 1)                   = 1
2615  read(3, "e", 1)                   = 1
2615  read(3, "x", 1)                   = 1
2615  read(3, "e", 1)                   = 1
2615  read(3, "c", 1)                   = 1
2615  read(3, "u", 1)                   = 1
2615  read(3, "t", 1)                   = 1
2615  read(3, "e", 1)                   = 1
2615  read(3, "d", 1)                   = 1
2615  read(3, " ", 1)                   = 1
2615  read(3, "f", 1)                   = 1
2615  read(3, "r", 1)                   = 1
2615  read(3, "o", 1)                   = 1
2615  read(3, "m", 1)                   = 1
2615  read(3, " ", 1)                   = 1
2615  read(3, "a", 1)                   = 1
2615  read(3, " ", 1)                   = 1
2615  read(3, "c", 1)                   = 1
2615  read(3, "h", 1)                   = 1
2615  read(3, "i", 1)                   = 1
2615  read(3, "l", 1)                   = 1
2615  read(3, "d", 1)                   = 1
2615  read(3, " ", 1)                   = 1
2615  read(3, "p", 1)                   = 1
2615  read(3, "r", 1)                   = 1
2615  read(3, "o", 1)                   = 1
2615  read(3, "c", 1)                   = 1
2615  read(3, "e", 1)                   = 1
2615  read(3, "s", 1)                   = 1
2615  read(3, "s", 1)                   = 1
2615  read(3, " ", 1)                   = 1
2615  read(3, "(", 1)                   = 1
2615  read(3, "u", 1)                   = 1
2615  read(3, "s", 1)                   = 1
2615  read(3, "i", 1)                   = 1
2615  read(3, "n", 1)                   = 1
2615  read(3, "g", 1)                   = 1
2615  read(3, " ", 1)                   = 1
2615  read(3, "e", 1)                   = 1
2615  read(3, "x", 1)                   = 1
2615  read(3, "e", 1)                   = 1
2615  read(3, "c", 1)                   = 1
2615  read(3, ")", 1)                   = 1
2615  read(3, " ", 1)                   = 1
2615  read(3, "o", 1)                   = 1
2615  read(3, "n", 1)                   = 1
2615  read(3, "c", 1)                   = 1
2615  read(3, "e", 1)                   = 1
2615  read(3, " ", 1)                   = 1
2615  read(3, "a", 1)                   = 1
2615  read(3, "f", 1)                   = 1
2615  read(3, "t", 1)                   = 1
2615  read(3, "e", 1)                   = 1
2615  read(3, "r", 1)                   = 1
2615  read(3, " ", 1)                   = 1
2615  read(3, "\n", 1)                  = 1
2615  write(6, "84\n", 3)               = 3
2615  write(6, "The encrypt program is to be exe"..., 84) = 84
2615  read(3, "s", 1)                   = 1
2615  read(3, "e", 1)                   = 1
2615  read(3, "t", 1)                   = 1
2615  read(3, "t", 1)                   = 1
2615  read(3, "i", 1)                   = 1
2615  read(3, "n", 1)                   = 1
2615  read(3, "g", 1)                   = 1
2615  read(3, " ", 1)                   = 1
2615  read(3, "u", 1)                   = 1
2615  read(3, "p", 1)                   = 1
2615  read(3, " ", 1)                   = 1
2615  read(3, "c", 1)                   = 1
2615  read(3, "o", 1)                   = 1
2615  read(3, "m", 1)                   = 1
2615  read(3, "m", 1)                   = 1
2615  read(3, "u", 1)                   = 1
2615  read(3, "n", 1)                   = 1
2615  read(3, "i", 1)                   = 1
2615  read(3, "c", 1)                   = 1
2615  read(3, "a", 1)                   = 1
2615  read(3, "t", 1)                   = 1
2615  read(3, "i", 1)                   = 1
2615  read(3, "o", 1)                   = 1
2615  read(3, "n", 1)                   = 1
2615  read(3, " ", 1)                   = 1
2615  read(3, "u", 1)                   = 1
2615  read(3, "s", 1)                   = 1
2615  read(3, "i", 1)                   = 1
2615  read(3, "n", 1)                   = 1
2615  read(3, "g", 1)                   = 1
2615  read(3, " ", 1)                   = 1
2615  read(3, "p", 1)                   = 1
2615  read(3, "i", 1)                   = 1
2615  read(3, "p", 1)                   = 1
2615  read(3, "e", 1)                   = 1
2615  read(3, "(", 1)                   = 1
2615  read(3, "s", 1)                   = 1
2615  read(3, ")", 1)                   = 1
2615  read(3, " ", 1)                   = 1
2615  read(3, "t", 1)                   = 1
2615  read(3, "o", 1)                   = 1
2615  read(3, " ", 1)                   = 1
2615  read(3, "p", 1)                   = 1
2615  read(3, "a", 1)                   = 1
2615  read(3, "s", 1)                   = 1
2615  read(3, "s", 1)                   = 1
2615  read(3, " ", 1)                   = 1
2615  read(3, "t", 1)                   = 1
2615  read(3, "h", 1)                   = 1
2615  read(3, "e", 1)                   = 1
2615  read(3, " ", 1)                   = 1
2615  read(3, "i", 1)                   = 1
2615  read(3, "n", 1)                   = 1
2615  read(3, "p", 1)                   = 1
2615  read(3, "u", 1)                   = 1
2615  read(3, "t", 1)                   = 1
2615  read(3, " ", 1)                   = 1
2615  read(3, "i", 1)                   = 1
2615  read(3, "n", 1)                   = 1
2615  read(3, " ", 1)                   = 1
2615  read(3, "t", 1)                   = 1
2615  read(3, "h", 1)                   = 1
2615  read(3, "e", 1)                   = 1
2615  read(3, " ", 1)                   = 1
2615  read(3, "a", 1)                   = 1
2615  read(3, "b", 1)                   = 1
2615  read(3, "o", 1)                   = 1
2615  read(3, "v", 1)                   = 1
2615  read(3, "e", 1)                   = 1
2615  read(3, " ", 1)                   = 1
2615  read(3, "m", 1)                   = 1
2615  read(3, "e", 1)                   = 1
2615  read(3, "n", 1)                   = 1
2615  read(3, "t", 1)                   = 1
2615  read(3, "i", 1)                   = 1
2615  read(3, "o", 1)                   = 1
2615  read(3, "n", 1)                   = 1
2615  read(3, "e", 1)                   = 1
2615  read(3, "d", 1)                   = 1
2615  read(3, " ", 1)                   = 1
2615  read(3, "\n", 1)                  = 1
2615  write(6, "81\n", 3)               = 3
2615  write(6, "setting up communication using p"..., 81) = 81
2615  read(3, "f", 1)                   = 1
2615  read(3, "o", 1)                   = 1
2615  read(3, "r", 1)                   = 1
2615  read(3, "m", 1)                   = 1
2615  read(3, "a", 1)                   = 1
2615  read(3, "t", 1)                   = 1
2615  read(3, " ", 1)                   = 1
2615  read(3, "a", 1)                   = 1
2615  read(3, "n", 1)                   = 1
2615  read(3, "d", 1)                   = 1
2615  read(3, " ", 1)                   = 1
2615  read(3, "c", 1)                   = 1
2615  read(3, "o", 1)                   = 1
2615  read(3, "l", 1)                   = 1
2615  read(3, "l", 1)                   = 1
2615  read(3, "e", 1)                   = 1
2615  read(3, "c", 1)                   = 1
2615  read(3, "t", 1)                   = 1
2615  read(3, " ", 1)                   = 1
2615  read(3, "t", 1)                   = 1
2615  read(3, "h", 1)                   = 1
2615  read(3, "e", 1)                   = 1
2615  read(3, " ", 1)                   = 1
2615  read(3, "o", 1)                   = 1
2615  read(3, "u", 1)                   = 1
2615  read(3, "t", 1)                   = 1
2615  read(3, "p", 1)                   = 1
2615  read(3, "u", 1)                   = 1
2615  read(3, "t", 1)                   = 1
2615  read(3, " ", 1)                   = 1
2615  read(3, "i", 1)                   = 1
2615  read(3, "n", 1)                   = 1
2615  read(3, "t", 1)                   = 1
2615  read(3, "o", 1)                   = 1
2615  read(3, " ", 1)                   = 1
2615  read(3, "t", 1)                   = 1
2615  read(3, "h", 1)                   = 1
2615  read(3, "e", 1)                   = 1
2615  read(3, " ", 1)                   = 1
2615  read(3, "o", 1)                   = 1
2615  read(3, "u", 1)                   = 1
2615  read(3, "t", 1)                   = 1
2615  read(3, "p", 1)                   = 1
2615  read(3, "u", 1)                   = 1
2615  read(3, "t", 1)                   = 1
2615  read(3, " ", 1)                   = 1
2615  read(3, "f", 1)                   = 1
2615  read(3, "i", 1)                   = 1
2615  read(3, "l", 1)                   = 1
2615  read(3, "e", 1)                   = 1
2615  read(3, ".", 1)                   = 1
2615  read(3, "\n", 1)                  = 1
2615  write(6, "52\n", 3)               = 3
2615  write(6, "format and collect the output in"..., 52) = 52
2615  read(3, "%", 1)                   = 1
2615  read(3, "\n", 1)                  = 1
2615  write(6, "2\n", 2)                = 2
2615  write(6, "%\n", 2)                = 2
2615  read(3, "F", 1)                   = 1
2615  read(3, "o", 1)                   = 1
2615  read(3, "r", 1)                   = 1
2615  read(3, " ", 1)                   = 1
2615  read(3, "m", 1)                   = 1
2615  read(3, "a", 1)                   = 1
2615  read(3, "n", 1)                   = 1
2615  read(3, "u", 1)                   = 1
2615  read(3, "a", 1)                   = 1
2615  read(3, "l", 1)                   = 1
2615  read(3, " ", 1)                   = 1
2615  read(3, "t", 1)                   = 1
2615  read(3, "e", 1)                   = 1
2615  read(3, "s", 1)                   = 1
2615  read(3, "t", 1)                   = 1
2615  read(3, "i", 1)                   = 1
2615  read(3, "n", 1)                   = 1
2615  read(3, "g", 1)                   = 1
2615  read(3, ",", 1)                   = 1
2615  read(3, " ", 1)                   = 1
2615  read(3, "u", 1)                   = 1
2615  read(3, "s", 1)                   = 1
2615  read(3, "e", 1)                   = 1
2615  read(3, " ", 1)                   = 1
2615  read(3, "t", 1)                   = 1
2615  read(3, "h", 1)                   = 1
2615  read(3, "e", 1)                   = 1
2615  read(3, " ", 1)                   = 1
2615  read(3, "`", 1)                   = 1
2615  read(3, "m", 1)                   = 1
2615  read(3, "a", 1)                   = 1
2615  read(3, "k", 1)                   = 1
2615  read(3, "e", 1)                   = 1
2615  read(3, "'", 1)                   = 1
2615  read(3, " ", 1)                   = 1
2615  read(3, "c", 1)                   = 1
2615  read(3, "o", 1)                   = 1
2615  read(3, "m", 1)                   = 1
2615  read(3, "m", 1)                   = 1
2615  read(3, "a", 1)                   = 1
2615  read(3, "n", 1)                   = 1
2615  read(3, "d", 1)                   = 1
2615  read(3, " ", 1)                   = 1
2615  read(3, "t", 1)                   = 1
2615  read(3, "o", 1)                   = 1
2615  read(3, " ", 1)                   = 1
2615  read(3, "b", 1)                   = 1
2615  read(3, "u", 1)                   = 1
2615  read(3, "i", 1)                   = 1
2615  read(3, "l", 1)                   = 1
2615  read(3, "d", 1)                   = 1
2615  read(3, " ", 1)                   = 1
2615  read(3, "t", 1)                   = 1
2615  read(3, "h", 1)                   = 1
2615  read(3, "e", 1)                   = 1
2615  read(3, " ", 1)                   = 1
2615  read(3, "b", 1)                   = 1
2615  read(3, "i", 1)                   = 1
2615  read(3, "n", 1)                   = 1
2615  read(3, "a", 1)                   = 1
2615  read(3, "r", 1)                   = 1
2615  read(3, "y", 1)                   = 1
2615  read(3, " ", 1)                   = 1
2615  read(3, "{", 1)                   = 1
2615  read(3, "\\", 1)                  = 1
2615  read(3, "t", 1)                   = 1
2615  read(3, "t", 1)                   = 1
2615  read(3, " ", 1)                   = 1
2615  read(3, "e", 1)                   = 1
2615  read(3, "n", 1)                   = 1
2615  read(3, "c", 1)                   = 1
2615  read(3, "d", 1)                   = 1
2615  read(3, "e", 1)                   = 1
2615  read(3, "v", 1)                   = 1
2615  read(3, "}", 1)                   = 1
2615  read(3, ".", 1)                   = 1
2615  read(3, "\n", 1)                  = 1
2615  write(6, "77\n", 3)               = 3
2615  write(6, "For manual testing, use the `mak"..., 77) = 77
2615  read(3, "\n", 1)                  = 1
2615  write(6, "1\n", 2)                = 2
2615  write(6, "\n", 1)                 = 1
2615  read(3, "\\", 1)                  = 1
2615  read(3, "s", 1)                   = 1
2615  read(3, "u", 1)                   = 1
2615  read(3, "b", 1)                   = 1
2615  read(3, "s", 1)                   = 1
2615  read(3, "e", 1)                   = 1
2615  read(3, "c", 1)                   = 1
2615  read(3, "t", 1)                   = 1
2615  read(3, "i", 1)                   = 1
2615  read(3, "o", 1)                   = 1
2615  read(3, "n", 1)                   = 1
2615  read(3, "*", 1)                   = 1
2615  read(3, "{", 1)                   = 1
2615  read(3, "S", 1)                   = 1
2615  read(3, "y", 1)                   = 1
2615  read(3, "s", 1)                   = 1
2615  read(3, "t", 1)                   = 1
2615  read(3, "e", 1)                   = 1
2615  read(3, "m", 1)                   = 1
2615  read(3, " ", 1)                   = 1
2615  read(3, "c", 1)                   = 1
2615  read(3, "a", 1)                   = 1
2615  read(3, "l", 1)                   = 1
2615  read(3, "l", 1)                   = 1
2615  read(3, "s", 1)                   = 1
2615  read(3, " ", 1)                   = 1
2615  read(3, "a", 1)                   = 1
2615  read(3, "n", 1)                   = 1
2615  read(3, "d", 1)                   = 1
2615  read(3, " ", 1)                   = 1
2615  read(3, "l", 1)                   = 1
2615  read(3, "i", 1)                   = 1
2615  read(3, "b", 1)                   = 1
2615  read(3, "r", 1)                   = 1
2615  read(3, "a", 1)                   = 1
2615  read(3, "r", 1)                   = 1
2615  read(3, "y", 1)                   = 1
2615  read(3, " ", 1)                   = 1
2615  read(3, "f", 1)                   = 1
2615  read(3, "u", 1)                   = 1
2615  read(3, "n", 1)                   = 1
2615  read(3, "c", 1)                   = 1
2615  read(3, "t", 1)                   = 1
2615  read(3, "i", 1)                   = 1
2615  read(3, "o", 1)                   = 1
2615  read(3, "n", 1)                   = 1
2615  read(3, "s", 1)                   = 1
2615  read(3, " ", 1)                   = 1
2615  read(3, "a", 1)                   = 1
2615  read(3, "l", 1)                   = 1
2615  read(3, "l", 1)                   = 1
2615  read(3, "o", 1)                   = 1
2615  read(3, "w", 1)                   = 1
2615  read(3, "e", 1)                   = 1
2615  read(3, "d", 1)                   = 1
2615  read(3, "}", 1)                   = 1
2615  read(3, "\n", 1)                  = 1
2615  write(6, "57\n", 3)               = 3
2615  write(6, "\\subsection*{System calls and li"..., 57) = 57
2615  read(3, "Y", 1)                   = 1
2615  read(3, "o", 1)                   = 1
2615  read(3, "u", 1)                   = 1
2615  read(3, " ", 1)                   = 1
2615  read(3, "\\", 1)                  = 1
2615  read(3, "t", 1)                   = 1
2615  read(3, "e", 1)                   = 1
2615  read(3, "x", 1)                   = 1
2615  read(3, "t", 1)                   = 1
2615  read(3, "b", 1)                   = 1
2615  read(3, "f", 1)                   = 1
2615  read(3, "{", 1)                   = 1
2615  read(3, "m", 1)                   = 1
2615  read(3, "u", 1)                   = 1
2615  read(3, "s", 1)                   = 1
2615  read(3, "t", 1)                   = 1
2615  read(3, " ", 1)                   = 1
2615  read(3, "o", 1)                   = 1
2615  read(3, "n", 1)                   = 1
2615  read(3, "l", 1)                   = 1
2615  read(3, "y", 1)                   = 1
2615  read(3, " ", 1)                   = 1
2615  read(3, "u", 1)                   = 1
2615  read(3, "s", 1)                   = 1
2615  read(3, "e", 1)                   = 1
2615  read(3, "}", 1)                   = 1
2615  read(3, " ", 1)                   = 1
2615  read(3, "t", 1)                   = 1
2615  read(3, "h", 1)                   = 1
2615  read(3, "e", 1)                   = 1
2615  read(3, " ", 1)                   = 1
2615  read(3, "b", 1)                   = 1
2615  read(3, "e", 1)                   = 1
2615  read(3, "l", 1)                   = 1
2615  read(3, "o", 1)                   = 1
2615  read(3, "w", 1)                   = 1
2615  read(3, " ", 1)                   = 1
2615  read(3, "m", 1)                   = 1
2615  read(3, "e", 1)                   = 1
2615  read(3, "n", 1)                   = 1
2615  read(3, "t", 1)                   = 1
2615  read(3, "i", 1)                   = 1
2615  read(3, "o", 1)                   = 1
2615  read(3, "n", 1)                   = 1
2615  read(3, "e", 1)                   = 1
2615  read(3, "d", 1)                   = 1
2615  read(3, " ", 1)                   = 1
2615  read(3, "s", 1)                   = 1
2615  read(3, "y", 1)                   = 1
2615  read(3, "s", 1)                   = 1
2615  read(3, "t", 1)                   = 1
2615  read(3, "e", 1)                   = 1
2615  read(3, "m", 1)                   = 1
2615  read(3, " ", 1)                   = 1
2615  read(3, "c", 1)                   = 1
2615  read(3, "a", 1)                   = 1
2615  read(3, "l", 1)                   = 1
2615  read(3, "l", 1)                   = 1
2615  read(3, " ", 1)                   = 1
2615  read(3, "i", 1)                   = 1
2615  read(3, "n", 1)                   = 1
2615  read(3, " ", 1)                   = 1
2615  read(3, "t", 1)                   = 1
2615  read(3, "h", 1)                   = 1
2615  read(3, "i", 1)                   = 1
2615  read(3, "s", 1)                   = 1
2615  read(3, " ", 1)                   = 1
2615  read(3, "q", 1)                   = 1
2615  read(3, "u", 1)                   = 1
2615  read(3, "e", 1)                   = 1
2615  read(3, "s", 1)                   = 1
2615  read(3, "t", 1)                   = 1
2615  read(3, "i", 1)                   = 1
2615  read(3, "o", 1)                   = 1
2615  read(3, "n", 1)                   = 1
2615  read(3, ".", 1)                   = 1
2615  read(3, "\n", 1)                  = 1
2615  write(6, "77\n", 3)               = 3
2615  write(6, "You \\textbf{must only use} the b"..., 77) = 77
2615  read(3, "\n", 1)                  = 1
2615  write(6, "1\n", 2)                = 2
2615  write(6, "\n", 1)                 = 1
2615  read(3, "\\", 1)                  = 1
2615  read(3, "b", 1)                   = 1
2615  read(3, "e", 1)                   = 1
2615  read(3, "g", 1)                   = 1
2615  read(3, "i", 1)                   = 1
2615  read(3, "n", 1)                   = 1
2615  read(3, "{", 1)                   = 1
2615  read(3, "v", 1)                   = 1
2615  read(3, "e", 1)                   = 1
2615  read(3, "r", 1)                   = 1
2615  read(3, "b", 1)                   = 1
2615  read(3, "a", 1)                   = 1
2615  read(3, "t", 1)                   = 1
2615  read(3, "i", 1)                   = 1
2615  read(3, "m", 1)                   = 1
2615  read(3, "}", 1)                   = 1
2615  read(3, "\n", 1)                  = 1
2615  write(6, "17\n", 3)               = 3
2615  write(6, "\\begin{verbatim}\n", 17) = 17
2615  read(3, " ", 1)                   = 1
2615  read(3, " ", 1)                   = 1
2615  read(3, " ", 1)                   = 1
2615  read(3, " ", 1)                   = 1
2615  read(3, "-", 1)                   = 1
2615  read(3, " ", 1)                   = 1
2615  read(3, "f", 1)                   = 1
2615  read(3, "o", 1)                   = 1
2615  read(3, "r", 1)                   = 1
2615  read(3, "k", 1)                   = 1
2615  read(3, " ", 1)                   = 1
2615  read(3, " ", 1)                   = 1
2615  read(3, " ", 1)                   = 1
2615  read(3, " ", 1)                   = 1
2615  read(3, " ", 1)                   = 1
2615  read(3, " ", 1)                   = 1
2615  read(3, " ", 1)                   = 1
2615  read(3, " ", 1)                   = 1
2615  read(3, " ", 1)                   = 1
2615  read(3, " ", 1)                   = 1
2615  read(3, " ", 1)                   = 1
2615  read(3, " ", 1)                   = 1
2615  read(3, " ", 1)                   = 1
2615  read(3, "-", 1)                   = 1
2615  read(3, " ", 1)                   = 1
2615  read(3, "p", 1)                   = 1
2615  read(3, "i", 1)                   = 1
2615  read(3, "p", 1)                   = 1
2615  read(3, "e", 1)                   = 1
2615  read(3, " ", 1)                   = 1
2615  read(3, " ", 1)                   = 1
2615  read(3, " ", 1)                   = 1
2615  read(3, " ", 1)                   = 1
2615  read(3, " ", 1)                   = 1
2615  read(3, " ", 1)                   = 1
2615  read(3, " ", 1)                   = 1
2615  read(3, " ", 1)                   = 1
2615  read(3, " ", 1)                   = 1
2615  read(3, " ", 1)                   = 1
2615  read(3, "-", 1)                   = 1
2615  read(3, " ", 1)                   = 1
2615  read(3, "d", 1)                   = 1
2615  read(3, "u", 1)                   = 1
2615  read(3, "p", 1)                   = 1
2615  read(3, " ", 1)                   = 1
2615  read(3, "\n", 1)                  = 1
2615  write(6, "46\n", 3)               = 3
2615  write(6, "    - fork             - pipe   "..., 46) = 46
2615  read(3, " ", 1)                   = 1
2615  read(3, " ", 1)                   = 1
2615  read(3, " ", 1)                   = 1
2615  read(3, " ", 1)                   = 1
2615  read(3, "-", 1)                   = 1
2615  read(3, " ", 1)                   = 1
2615  read(3, "e", 1)                   = 1
2615  read(3, "x", 1)                   = 1
2615  read(3, "e", 1)                   = 1
2615  read(3, "c", 1)                   = 1
2615  read(3, "l", 1)                   = 1
2615  read(3, " ", 1)                   = 1
2615  read(3, " ", 1)                   = 1
2615  read(3, " ", 1)                   = 1
2615  read(3, " ", 1)                   = 1
2615  read(3, " ", 1)                   = 1
2615  read(3, " ", 1)                   = 1
2615  read(3, " ", 1)                   = 1
2615  read(3, " ", 1)                   = 1
2615  read(3, " ", 1)                   = 1
2615  read(3, " ", 1)                   = 1
2615  read(3, " ", 1)                   = 1
2615  read(3, " ", 1)                   = 1
2615  read(3, "-", 1)                   = 1
2615  read(3, " ", 1)                   = 1
2615  read(3, "r", 1)                   = 1
2615  read(3, "e", 1)                   = 1
2615  read(3, "a", 1)                   = 1
2615  read(3, "d", 1)                   = 1
2615  read(3, " ", 1)                   = 1
2615  read(3, " ", 1)                   = 1
2615  read(3, " ", 1)                   = 1
2615  read(3, " ", 1)                   = 1
2615  read(3, " ", 1)                   = 1
2615  read(3, " ", 1)                   = 1
2615  read(3, " ", 1)                   = 1
2615  read(3, " ", 1)                   = 1
2615  read(3, " ", 1)                   = 1
2615  read(3, " ", 1)                   = 1
2615  read(3, "-", 1)                   = 1
2615  read(3, " ", 1)                   = 1
2615  read(3, "d", 1)                   = 1
2615  read(3, "u", 1)                   = 1
2615  read(3, "p", 1)                   = 1
2615  read(3, "2", 1)                   = 1
2615  read(3, "\n", 1)                  = 1
2615  write(6, "46\n", 3)               = 3
2615  write(6, "    - execl            - read   "..., 46) = 46
2615  read(3, " ", 1)                   = 1
2615  read(3, " ", 1)                   = 1
2615  read(3, " ", 1)                   = 1
2615  read(3, " ", 1)                   = 1
2615  read(3, "-", 1)                   = 1
2615  read(3, " ", 1)                   = 1
2615  read(3, "c", 1)                   = 1
2615  read(3, "l", 1)                   = 1
2615  read(3, "o", 1)                   = 1
2615  read(3, "s", 1)                   = 1
2615  read(3, "e", 1)                   = 1
2615  read(3, " ", 1)                   = 1
2615  read(3, " ", 1)                   = 1
2615  read(3, " ", 1)                   = 1
2615  read(3, " ", 1)                   = 1
2615  read(3, " ", 1)                   = 1
2615  read(3, " ", 1)                   = 1
2615  read(3, " ", 1)                   = 1
2615  read(3, " ", 1)                   = 1
2615  read(3, " ", 1)                   = 1
2615  read(3, " ", 1)                   = 1
2615  read(3, " ", 1)                   = 1
2615  read(3, " ", 1)                   = 1
2615  read(3, "-", 1)                   = 1
2615  read(3, " ", 1)                   = 1
2615  read(3, "w", 1)                   = 1
2615  read(3, "r", 1)                   = 1
2615  read(3, "i", 1)                   = 1
2615  read(3, "t", 1)                   = 1
2615  read(3, "e", 1)                   = 1
2615  read(3, " ", 1)                   = 1
2615  read(3, " ", 1)                   = 1
2615  read(3, " ", 1)                   = 1
2615  read(3, " ", 1)                   = 1
2615  read(3, " ", 1)                   = 1
2615  read(3, " ", 1)                   = 1
2615  read(3, " ", 1)                   = 1
2615  read(3, " ", 1)                   = 1
2615  read(3, " ", 1)                   = 1
2615  read(3, "-", 1)                   = 1
2615  read(3, " ", 1)                   = 1
2615  read(3, "e", 1)                   = 1
2615  read(3, "x", 1)                   = 1
2615  read(3, "i", 1)                   = 1
2615  read(3, "t", 1)                   = 1
2615  read(3, "\n", 1)                  = 1
2615  write(6, "46\n", 3)               = 3
2615  write(6, "    - close            - write  "..., 46) = 46
2615  read(3, "\\", 1)                  = 1
2615  read(3, "e", 1)                   = 1
2615  read(3, "n", 1)                   = 1
2615  read(3, "d", 1)                   = 1
2615  read(3, "{", 1)                   = 1
2615  read(3, "v", 1)                   = 1
2615  read(3, "e", 1)                   = 1
2615  read(3, "r", 1)                   = 1
2615  read(3, "b", 1)                   = 1
2615  read(3, "a", 1)                   = 1
2615  read(3, "t", 1)                   = 1
2615  read(3, "i", 1)                   = 1
2615  read(3, "m", 1)                   = 1
2615  read(3, "}", 1)                   = 1
2615  read(3, "\n", 1)                  = 1
2615  write(6, "15\n", 3)               = 3
2615  write(6, "\\end{verbatim}\n", 15) = 15
2615  read(3, "\n", 1)                  = 1
2615  write(6, "1\n", 2)                = 2
2615  write(6, "\n", 1)                 = 1
2615  read(3, "\\", 1)                  = 1
2615  read(3, "s", 1)                   = 1
2615  read(3, "u", 1)                   = 1
2615  read(3, "b", 1)                   = 1
2615  read(3, "s", 1)                   = 1
2615  read(3, "u", 1)                   = 1
2615  read(3, "b", 1)                   = 1
2615  read(3, "s", 1)                   = 1
2615  read(3, "e", 1)                   = 1
2615  read(3, "c", 1)                   = 1
2615  read(3, "t", 1)                   = 1
2615  read(3, "i", 1)                   = 1
2615  read(3, "o", 1)                   = 1
2615  read(3, "n", 1)                   = 1
2615  read(3, "*", 1)                   = 1
2615  read(3, "{", 1)                   = 1
2615  read(3, "E", 1)                   = 1
2615  read(3, "r", 1)                   = 1
2615  read(3, "r", 1)                   = 1
2615  read(3, "o", 1)                   = 1
2615  read(3, "r", 1)                   = 1
2615  read(3, " ", 1)                   = 1
2615  read(3, "h", 1)                   = 1
2615  read(3, "a", 1)                   = 1
2615  read(3, "n", 1)                   = 1
2615  read(3, "d", 1)                   = 1
2615  read(3, "l", 1)                   = 1
2615  read(3, "i", 1)                   = 1
2615  read(3, "n", 1)                   = 1
2615  read(3, "g", 1)                   = 1
2615  read(3, "}", 1)                   = 1
2615  read(3, "\n", 1)                  = 1
2615  write(6, "32\n", 3)               = 3
2615  write(6, "\\subsubsection*{Error handling}\n", 32) = 32
2615  read(3, "I", 1)                   = 1
2615  read(3, "n", 1)                   = 1
2615  read(3, " ", 1)                   = 1
2615  read(3, "c", 1)                   = 1
2615  read(3, "a", 1)                   = 1
2615  read(3, "s", 1)                   = 1
2615  read(3, "e", 1)                   = 1
2615  read(3, " ", 1)                   = 1
2615  read(3, "o", 1)                   = 1
2615  read(3, "f", 1)                   = 1
2615  read(3, " ", 1)                   = 1
2615  read(3, "a", 1)                   = 1
2615  read(3, "n", 1)                   = 1
2615  read(3, "y", 1)                   = 1
2615  read(3, " ", 1)                   = 1
2615  read(3, "e", 1)                   = 1
2615  read(3, "r", 1)                   = 1
2615  read(3, "r", 1)                   = 1
2615  read(3, "o", 1)                   = 1
2615  read(3, "r", 1)                   = 1
2615  read(3, ",", 1)                   = 1
2615  read(3, " ", 1)                   = 1
2615  read(3, "p", 1)                   = 1
2615  read(3, "r", 1)                   = 1
2615  read(3, "i", 1)                   = 1
2615  read(3, "n", 1)                   = 1
2615  read(3, "t", 1)                   = 1
2615  read(3, " ", 1)                   = 1
2615  read(3, "\\", 1)                  = 1
2615  read(3, "t", 1)                   = 1
2615  read(3, "e", 1)                   = 1
2615  read(3, "x", 1)                   = 1
2615  read(3, "t", 1)                   = 1
2615  read(3, "b", 1)                   = 1
2615  read(3, "f", 1)                   = 1
2615  read(3, "{", 1)                   = 1
2615  read(3, "\342", 1)                = 1
2615  read(3, "\200", 1)                = 1
2615  read(3, "\234", 1)                = 1
2615  read(3, "E", 1)                   = 1
2615  read(3, "r", 1)                   = 1
2615  read(3, "r", 1)                   = 1
2615  read(3, "o", 1)                   = 1
2615  read(3, "r", 1)                   = 1
2615  read(3, "\342", 1)                = 1
2615  read(3, "\200", 1)                = 1
2615  read(3, "\235", 1)                = 1
2615  read(3, "}", 1)                   = 1
2615  read(3, " ", 1)                   = 1
2615  read(3, "a", 1)                   = 1
2615  read(3, "s", 1)                   = 1
2615  read(3, " ", 1)                   = 1
2615  read(3, "o", 1)                   = 1
2615  read(3, "u", 1)                   = 1
2615  read(3, "t", 1)                   = 1
2615  read(3, "p", 1)                   = 1
2615  read(3, "u", 1)                   = 1
2615  read(3, "t", 1)                   = 1
2615  read(3, ".", 1)                   = 1
2615  read(3, "\n", 1)                  = 1
2615  write(6, "60\n", 3)               = 3
2615  write(6, "In case of any error, print \\tex"..., 60) = 60
2615  read(3, "\n", 1)                  = 1
2615  write(6, "1\n", 2)                = 2
2615  write(6, "\n", 1)                 = 1
2615  read(3, "\\", 1)                  = 1
2615  read(3, "s", 1)                   = 1
2615  read(3, "u", 1)                   = 1
2615  read(3, "b", 1)                   = 1
2615  read(3, "s", 1)                   = 1
2615  read(3, "u", 1)                   = 1
2615  read(3, "b", 1)                   = 1
2615  read(3, "s", 1)                   = 1
2615  read(3, "e", 1)                   = 1
2615  read(3, "c", 1)                   = 1
2615  read(3, "t", 1)                   = 1
2615  read(3, "i", 1)                   = 1
2615  read(3, "o", 1)                   = 1
2615  read(3, "n", 1)                   = 1
2615  read(3, "*", 1)                   = 1
2615  read(3, "{", 1)                   = 1
2615  read(3, "M", 1)                   = 1
2615  read(3, "a", 1)                   = 1
2615  read(3, "n", 1)                   = 1
2615  read(3, "u", 1)                   = 1
2615  read(3, "a", 1)                   = 1
2615  read(3, "l", 1)                   = 1
2615  read(3, " ", 1)                   = 1
2615  read(3, "b", 1)                   = 1
2615  read(3, "u", 1)                   = 1
2615  read(3, "i", 1)                   = 1
2615  read(3, "l", 1)                   = 1
2615  read(3, "d", 1)                   = 1
2615  read(3, " ", 1)                   = 1
2615  read(3, "a", 1)                   = 1
2615  read(3, "n", 1)                   = 1
2615  read(3, "d", 1)                   = 1
2615  read(3, " ", 1)                   = 1
2615  read(3, "e", 1)                   = 1
2615  read(3, "x", 1)                   = 1
2615  read(3, "e", 1)                   = 1
2615  read(3, "c", 1)                   = 1
2615  read(3, "u", 1)                   = 1
2615  read(3, "t", 1)                   = 1
2615  read(3, "i", 1)                   = 1
2615  read(3, "o", 1)                   = 1
2615  read(3, "n", 1)                   = 1
2615  read(3, "}", 1)                   = 1
2615  read(3, "\n", 1)                  = 1
2615  write(6, "44\n", 3)               = 3
2615  write(6, "\\subsubsection*{Manual build and"..., 44) = 44
2615  read(3, "\n", 1)                  = 1
2615  write(6, "1\n", 2)                = 2
2615  write(6, "\n", 1)                 = 1
2615  read(3, "\\", 1)                  = 1
2615  read(3, "b", 1)                   = 1
2615  read(3, "e", 1)                   = 1
2615  read(3, "g", 1)                   = 1
2615  read(3, "i", 1)                   = 1
2615  read(3, "n", 1)                   = 1
2615  read(3, "{", 1)                   = 1
2615  read(3, "v", 1)                   = 1
2615  read(3, "e", 1)                   = 1
2615  read(3, "r", 1)                   = 1
2615  read(3, "b", 1)                   = 1
2615  read(3, "a", 1)                   = 1
2615  read(3, "t", 1)                   = 1
2615  read(3, "i", 1)                   = 1
2615  read(3, "m", 1)                   = 1
2615  read(3, "}", 1)                   = 1
2615  read(3, "\n", 1)                  = 1
2615  write(6, "17\n", 3)               = 3
2615  write(6, "\\begin{verbatim}\n", 17) = 17
2615  read(3, "/", 1)                   = 1
2615  read(3, "/", 1)                   = 1
2615  read(3, "C", 1)                   = 1
2615  read(3, "u", 1)                   = 1
2615  read(3, "r", 1)                   = 1
2615  read(3, "r", 1)                   = 1
2615  read(3, "e", 1)                   = 1
2615  read(3, "n", 1)                   = 1
2615  read(3, "t", 1)                   = 1
2615  read(3, " ", 1)                   = 1
2615  read(3, "w", 1)                   = 1
2615  read(3, "o", 1)                   = 1
2615  read(3, "r", 1)                   = 1
2615  read(3, "k", 1)                   = 1
2615  read(3, "i", 1)                   = 1
2615  read(3, "n", 1)                   = 1
2615  read(3, "g", 1)                   = 1
2615  read(3, " ", 1)                   = 1
2615  read(3, "d", 1)                   = 1
2615  read(3, "i", 1)                   = 1
2615  read(3, "r", 1)                   = 1
2615  read(3, "e", 1)                   = 1
2615  read(3, "c", 1)                   = 1
2615  read(3, "t", 1)                   = 1
2615  read(3, "o", 1)                   = 1
2615  read(3, "r", 1)                   = 1
2615  read(3, "y", 1)                   = 1
2615  read(3, " ", 1)                   = 1
2615  read(3, "s", 1)                   = 1
2615  read(3, "h", 1)                   = 1
2615  read(3, "o", 1)                   = 1
2615  read(3, "u", 1)                   = 1
2615  read(3, "l", 1)                   = 1
2615  read(3, "d", 1)                   = 1
2615  read(3, " ", 1)                   = 1
2615  read(3, "b", 1)                   = 1
2615  read(3, "e", 1)                   = 1
2615  read(3, " ", 1)                   = 1
2615  read(3, "l", 1)                   = 1
2615  read(3, "a", 1)                   = 1
2615  read(3, "b", 1)                   = 1
2615  read(3, "-", 1)                   = 1
2615  read(3, "2", 1)                   = 1
2615  read(3, "/", 1)                   = 1
2615  read(3, "l", 1)                   = 1
2615  read(3, "a", 1)                   = 1
2615  read(3, "b", 1)                   = 1
2615  read(3, "e", 1)                   = 1
2615  read(3, "x", 1)                   = 1
2615  read(3, "/", 1)                   = 1
2615  read(3, "Q", 1)                   = 1
2615  read(3, "5", 1)                   = 1
2615  read(3, "\n", 1)                  = 1
2615  write(6, "53\n", 3)               = 3
2615  write(6, "//Current working directory shou"..., 53) = 53
2615  read(3, "\n", 1)                  = 1
2615  write(6, "1\n", 2)                = 2
2615  write(6, "\n", 1)                 = 1
2615  read(3, "$", 1)                   = 1
2615  read(3, " ", 1)                   = 1
2615  read(3, "m", 1)                   = 1
2615  read(3, "a", 1)                   = 1
2615  read(3, "k", 1)                   = 1
2615  read(3, "e", 1)                   = 1
2615  read(3, "\n", 1)                  = 1
2615  write(6, "7\n", 2)                = 2
2615  write(6, "$ make\n", 7)           = 7
2615  read(3, "$", 1)                   = 1
2615  read(3, " ", 1)                   = 1
2615  read(3, ".", 1)                   = 1
2615  read(3, "/", 1)                   = 1
2615  read(3, "e", 1)                   = 1
2615  read(3, "n", 1)                   = 1
2615  read(3, "c", 1)                   = 1
2615  read(3, "d", 1)                   = 1
2615  read(3, "e", 1)                   = 1
2615  read(3, "v", 1)                   = 1
2615  read(3, " ", 1)                   = 1
2615  read(3, "t", 1)                   = 1
2615  read(3, "e", 1)                   = 1
2615  read(3, "s", 1)                   = 1
2615  read(3, "t", 1)                   = 1
2615  read(3, "c", 1)                   = 1
2615  read(3, "a", 1)                   = 1
2615  read(3, "s", 1)                   = 1
2615  read(3, "e", 1)                   = 1
2615  read(3, "s", 1)                   = 1
2615  read(3, "/", 1)                   = 1
2615  read(3, "t", 1)                   = 1
2615  read(3, "e", 1)                   = 1
2615  read(3, "s", 1)                   = 1
2615  read(3, "t", 1)                   = 1
2615  read(3, "c", 1)                   = 1
2615  read(3, "a", 1)                   = 1
2615  read(3, "s", 1)                   = 1
2615  read(3, "e", 1)                   = 1
2615  read(3, "1", 1)                   = 1
2615  read(3, ".", 1)                   = 1
2615  read(3, "t", 1)                   = 1
2615  read(3, "x", 1)                   = 1
2615  read(3, "t", 1)                   = 1
2615  read(3, " ", 1)                   = 1
2615  read(3, "o", 1)                   = 1
2615  read(3, "u", 1)                   = 1
2615  read(3, "t", 1)                   = 1
2615  read(3, "p", 1)                   = 1
2615  read(3, "u", 1)                   = 1
2615  read(3, "t", 1)                   = 1
2615  read(3, "/", 1)                   = 1
2615  read(3, "o", 1)                   = 1
2615  read(3, "u", 1)                   = 1
2615  read(3, "t", 1)                   = 1
2615  read(3, "p", 1)                   = 1
2615  read(3, "u", 1)                   = 1
2615  read(3, "t", 1)                   = 1
2615  read(3, "1", 1)                   = 1
2615  read(3, ".", 1)                   = 1
2615  read(3, "t", 1)                   = 1
2615  read(3, "x", 1)                   = 1
2615  read(3, "t", 1)                   = 1
2615  read(3, "\n", 1)                  = 1
2615  write(6, "54\n", 3)               = 3
2615  write(6, "$ ./encdev testcases/testcase1.t"..., 54) = 54
2615  read(3, "#", 1)                   = 1
2615  read(3, "#", 1)                   = 1
2615  read(3, " ", 1)                   = 1
2615  read(3, "T", 1)                   = 1
2615  read(3, "o", 1)                   = 1
2615  read(3, " ", 1)                   = 1
2615  read(3, "t", 1)                   = 1
2615  read(3, "e", 1)                   = 1
2615  read(3, "s", 1)                   = 1
2615  read(3, "t", 1)                   = 1
2615  read(3, " ", 1)                   = 1
2615  read(3, "i", 1)                   = 1
2615  read(3, "f", 1)                   = 1
2615  read(3, " ", 1)                   = 1
2615  read(3, "t", 1)                   = 1
2615  read(3, "h", 1)                   = 1
2615  read(3, "e", 1)                   = 1
2615  read(3, " ", 1)                   = 1
2615  read(3, "o", 1)                   = 1
2615  read(3, "u", 1)                   = 1
2615  read(3, "t", 1)                   = 1
2615  read(3, "p", 1)                   = 1
2615  read(3, "u", 1)                   = 1
2615  read(3, "t", 1)                   = 1
2615  read(3, " ", 1)                   = 1
2615  read(3, "i", 1)                   = 1
2615  read(3, "s", 1)                   = 1
2615  read(3, " ", 1)                   = 1
2615  read(3, "c", 1)                   = 1
2615  read(3, "o", 1)                   = 1
2615  read(3, "r", 1)                   = 1
2615  read(3, "r", 1)                   = 1
2615  read(3, "e", 1)                   = 1
2615  read(3, "c", 1)                   = 1
2615  read(3, "t", 1)                   = 1
2615  read(3, ",", 1)                   = 1
2615  read(3, " ", 1)                   = 1
2615  read(3, "u", 1)                   = 1
2615  read(3, "s", 1)                   = 1
2615  read(3, "e", 1)                   = 1
2615  read(3, " ", 1)                   = 1
2615  read(3, "t", 1)                   = 1
2615  read(3, "h", 1)                   = 1
2615  read(3, "e", 1)                   = 1
2615  read(3, " ", 1)                   = 1
2615  read(3, ".", 1)                   = 1
2615  read(3, "/", 1)                   = 1
2615  read(3, "d", 1)                   = 1
2615  read(3, "e", 1)                   = 1
2615  read(3, "c", 1)                   = 1
2615  read(3, "r", 1)                   = 1
2615  read(3, "y", 1)                   = 1
2615  read(3, "p", 1)                   = 1
2615  read(3, "t", 1)                   = 1
2615  read(3, " ", 1)                   = 1
2615  read(3, "b", 1)                   = 1
2615  read(3, "i", 1)                   = 1
2615  read(3, "n", 1)                   = 1
2615  read(3, "a", 1)                   = 1
2615  read(3, "r", 1)                   = 1
2615  read(3, "y", 1)                   = 1
2615  read(3, " ", 1)                   = 1
2615  read(3, "#", 1)                   = 1
2615  read(3, "#", 1)                   = 1
2615  read(3, "\n", 1)                  = 1
2615  write(6, "65\n", 3)               = 3
2615  write(6, "## To test if the output is corr"..., 65) = 65
2615  read(3, "$", 1)                   = 1
2615  read(3, ".", 1)                   = 1
2615  read(3, "/", 1)                   = 1
2615  read(3, "d", 1)                   = 1
2615  read(3, "e", 1)                   = 1
2615  read(3, "c", 1)                   = 1
2615  read(3, "r", 1)                   = 1
2615  read(3, "y", 1)                   = 1
2615  read(3, "p", 1)                   = 1
2615  read(3, "t", 1)                   = 1
2615  read(3, " ", 1)                   = 1
2615  read(3, "o", 1)                   = 1
2615  read(3, "u", 1)                   = 1
2615  read(3, "t", 1)                   = 1
2615  read(3, "p", 1)                   = 1
2615  read(3, "u", 1)                   = 1
2615  read(3, "t", 1)                   = 1
2615  read(3, "/", 1)                   = 1
2615  read(3, "o", 1)                   = 1
2615  read(3, "u", 1)                   = 1
2615  read(3, "t", 1)                   = 1
2615  read(3, "p", 1)                   = 1
2615  read(3, "u", 1)                   = 1
2615  read(3, "t", 1)                   = 1
2615  read(3, "1", 1)                   = 1
2615  read(3, ".", 1)                   = 1
2615  read(3, "t", 1)                   = 1
2615  read(3, "x", 1)                   = 1
2615  read(3, "t", 1)                   = 1
2615  read(3, "\n", 1)                  = 1
2615  write(6, "30\n", 3)               = 3
2615  write(6, "$./decrypt output/output1.txt\n", 30) = 30
2615  read(3, "#", 1)                   = 1
2615  read(3, "#", 1)                   = 1
2615  read(3, " ", 1)                   = 1
2615  read(3, "T", 1)                   = 1
2615  read(3, "h", 1)                   = 1
2615  read(3, "i", 1)                   = 1
2615  read(3, "s", 1)                   = 1
2615  read(3, " ", 1)                   = 1
2615  read(3, "s", 1)                   = 1
2615  read(3, "h", 1)                   = 1
2615  read(3, "o", 1)                   = 1
2615  read(3, "u", 1)                   = 1
2615  read(3, "l", 1)                   = 1
2615  read(3, "d", 1)                   = 1
2615  read(3, " ", 1)                   = 1
2615  read(3, "m", 1)                   = 1
2615  read(3, "a", 1)                   = 1
2615  read(3, "t", 1)                   = 1
2615  read(3, "c", 1)                   = 1
2615  read(3, "h", 1)                   = 1
2615  read(3, " ", 1)                   = 1
2615  read(3, "t", 1)                   = 1
2615  read(3, "h", 1)                   = 1
2615  read(3, "e", 1)                   = 1
2615  read(3, " ", 1)                   = 1
2615  read(3, "c", 1)                   = 1
2615  read(3, "o", 1)                   = 1
2615  read(3, "n", 1)                   = 1
2615  read(3, "t", 1)                   = 1
2615  read(3, "e", 1)                   = 1
2615  read(3, "n", 1)                   = 1
2615  read(3, "t", 1)                   = 1
2615  read(3, " ", 1)                   = 1
2615  read(3, "o", 1)                   = 1
2615  read(3, "f", 1)                   = 1
2615  read(3, " ", 1)                   = 1
2615  read(3, "t", 1)                   = 1
2615  read(3, "e", 1)                   = 1
2615  read(3, "x", 1)                   = 1
2615  read(3, "t", 1)                   = 1
2615  read(3, "c", 1)                   = 1
2615  read(3, "a", 1)                   = 1
2615  read(3, "s", 1)                   = 1
2615  read(3, "e", 1)                   = 1
2615  read(3, "/", 1)                   = 1
2615  read(3, "t", 1)                   = 1
2615  read(3, "e", 1)                   = 1
2615  read(3, "s", 1)                   = 1
2615  read(3, "t", 1)                   = 1
2615  read(3, "c", 1)                   = 1
2615  read(3, "a", 1)                   = 1
2615  read(3, "s", 1)                   = 1
2615  read(3, "e", 1)                   = 1
2615  read(3, "1", 1)                   = 1
2615  read(3, ".", 1)                   = 1
2615  read(3, "t", 1)                   = 1
2615  read(3, "x", 1)                   = 1
2615  read(3, "t", 1)                   = 1
2615  read(3, "\n", 1)                  = 1
2615  write(6, "59\n", 3)               = 3
2615  write(6, "## This should match the content"..., 59) = 59
2615  read(3, "\\", 1)                  = 1
2615  read(3, "e", 1)                   = 1
2615  read(3, "n", 1)                   = 1
2615  read(3, "d", 1)                   = 1
2615  read(3, "{", 1)                   = 1
2615  read(3, "v", 1)                   = 1
2615  read(3, "e", 1)                   = 1
2615  read(3, "r", 1)                   = 1
2615  read(3, "b", 1)                   = 1
2615  read(3, "a", 1)                   = 1
2615  read(3, "t", 1)                   = 1
2615  read(3, "i", 1)                   = 1
2615  read(3, "m", 1)                   = 1
2615  read(3, "}", 1)                   = 1
2615  read(3, "\n", 1)                  = 1
2615  write(6, "15\n", 3)               = 3
2615  write(6, "\\end{verbatim}\n", 15) = 15
2615  read(3, "\n", 1)                  = 1
2615  write(6, "1\n", 2)                = 2
2615  write(6, "\n", 1)                 = 1
2615  read(3, "\\", 1)                  = 1
2615  read(3, "s", 1)                   = 1
2615  read(3, "u", 1)                   = 1
2615  read(3, "b", 1)                   = 1
2615  read(3, "s", 1)                   = 1
2615  read(3, "u", 1)                   = 1
2615  read(3, "b", 1)                   = 1
2615  read(3, "s", 1)                   = 1
2615  read(3, "e", 1)                   = 1
2615  read(3, "c", 1)                   = 1
2615  read(3, "t", 1)                   = 1
2615  read(3, "i", 1)                   = 1
2615  read(3, "o", 1)                   = 1
2615  read(3, "n", 1)                   = 1
2615  read(3, "*", 1)                   = 1
2615  read(3, "{", 1)                   = 1
2615  read(3, "A", 1)                   = 1
2615  read(3, "u", 1)                   = 1
2615  read(3, "t", 1)                   = 1
2615  read(3, "o", 1)                   = 1
2615  read(3, "m", 1)                   = 1
2615  read(3, "a", 1)                   = 1
2615  read(3, "t", 1)                   = 1
2615  read(3, "e", 1)                   = 1
2615  read(3, "d", 1)                   = 1
2615  read(3, " ", 1)                   = 1
2615  read(3, "T", 1)                   = 1
2615  read(3, "e", 1)                   = 1
2615  read(3, "s", 1)                   = 1
2615  read(3, "t", 1)                   = 1
2615  read(3, "i", 1)                   = 1
2615  read(3, "n", 1)                   = 1
2615  read(3, "g", 1)                   = 1
2615  read(3, "}", 1)                   = 1
2615  read(3, "\n", 1)                  = 1
2615  write(6, "35\n", 3)               = 3
2615  write(6, "\\subsubsection*{Automated Testin"..., 35) = 35
2615  read(3, "R", 1)                   = 1
2615  read(3, "u", 1)                   = 1
2615  read(3, "n", 1)                   = 1
2615  read(3, " ", 1)                   = 1
2615  read(3, "\\", 1)                  = 1
2615  read(3, "t", 1)                   = 1
2615  read(3, "e", 1)                   = 1
2615  read(3, "x", 1)                   = 1
2615  read(3, "t", 1)                   = 1
2615  read(3, "t", 1)                   = 1
2615  read(3, "t", 1)                   = 1
2615  read(3, "{", 1)                   = 1
2615  read(3, "Q", 1)                   = 1
2615  read(3, "5", 1)                   = 1
2615  read(3, "/", 1)                   = 1
2615  read(3, "r", 1)                   = 1
2615  read(3, "u", 1)                   = 1
2615  read(3, "n", 1)                   = 1
2615  read(3, "\\", 1)                  = 1
2615  read(3, "_", 1)                   = 1
2615  read(3, "t", 1)                   = 1
2615  read(3, "e", 1)                   = 1
2615  read(3, "s", 1)                   = 1
2615  read(3, "t", 1)                   = 1
2615  read(3, "s", 1)                   = 1
2615  read(3, ".", 1)                   = 1
2615  read(3, "s", 1)                   = 1
2615  read(3, "h", 1)                   = 1
2615  read(3, "}", 1)                   = 1
2615  read(3, " ", 1)                   = 1
2615  read(3, "s", 1)                   = 1
2615  read(3, "c", 1)                   = 1
2615  read(3, "r", 1)                   = 1
2615  read(3, "i", 1)                   = 1
2615  read(3, "p", 1)                   = 1
2615  read(3, "t", 1)                   = 1
2615  read(3, " ", 1)                   = 1
2615  read(3, "t", 1)                   = 1
2615  read(3, "o", 1)                   = 1
2615  read(3, " ", 1)                   = 1
2615  read(3, "c", 1)                   = 1
2615  read(3, "h", 1)                   = 1
2615  read(3, "e", 1)                   = 1
2615  read(3, "c", 1)                   = 1
2615  read(3, "k", 1)                   = 1
2615  read(3, " ", 1)                   = 1
2615  read(3, "w", 1)                   = 1
2615  read(3, "h", 1)                   = 1
2615  read(3, "e", 1)                   = 1
2615  read(3, "t", 1)                   = 1
2615  read(3, "h", 1)                   = 1
2615  read(3, "e", 1)                   = 1
2615  read(3, "r", 1)                   = 1
2615  read(3, " ", 1)                   = 1
2615  read(3, "y", 1)                   = 1
2615  read(3, "o", 1)                   = 1
2615  read(3, "u", 1)                   = 1
2615  read(3, "r", 1)                   = 1
2615  read(3, " ", 1)                   = 1
2615  read(3, "i", 1)                   = 1
2615  read(3, "m", 1)                   = 1
2615  read(3, "p", 1)                   = 1
2615  read(3, "l", 1)                   = 1
2615  read(3, "e", 1)                   = 1
2615  read(3, "m", 1)                   = 1
2615  read(3, "e", 1)                   = 1
2615  read(3, "n", 1)                   = 1
2615  read(3, "t", 1)                   = 1
2615  read(3, "a", 1)                   = 1
2615  read(3, "t", 1)                   = 1
2615  read(3, "i", 1)                   = 1
2615  read(3, "o", 1)                   = 1
2615  read(3, "n", 1)                   = 1
2615  read(3, " ", 1)                   = 1
2615  read(3, "p", 1)                   = 1
2615  read(3, "a", 1)                   = 1
2615  read(3, "s", 1)                   = 1
2615  read(3, "s", 1)                   = 1
2615  read(3, "e", 1)                   = 1
2615  read(3, "s", 1)                   = 1
2615  read(3, " ", 1)                   = 1
2615  read(3, "t", 1)                   = 1
2615  read(3, "h", 1)                   = 1
2615  read(3, "e", 1)                   = 1
2615  read(3, " ", 1)                   = 1
2615  read(3, "t", 1)                   = 1
2615  read(3, "e", 1)                   = 1
2615  read(3, "s", 1)                   = 1
2615  read(3, "t", 1)                   = 1
2615  read(3, " ", 1)                   = 1
2615  read(3, "c", 1)                   = 1
2615  read(3, "a", 1)                   = 1
2615  read(3, "s", 1)                   = 1
2615  read(3, "e", 1)                   = 1
2615  read(3, "s", 1)                   = 1
2615  read(3, " ", 1)                   = 1
2615  read(3, "o", 1)                   = 1
2615  read(3, "r", 1)                   = 1
2615  read(3, " ", 1)                   = 1
2615  read(3, "n", 1)                   = 1
2615  read(3, "o", 1)                   = 1
2615  read(3, "t", 1)                   = 1
2615  read(3, ".", 1)                   = 1
2615  read(3, " ", 1)                   = 1
2615  read(3, "\n", 1)                  = 1
2615  write(6, "105\n", 4)              = 4
2615  write(6, "Run \\texttt{Q5/run\\_tests.sh} sc"..., 105) = 105
2615  read(3, "A", 1)                   = 1
2615  read(3, " ", 1)                   = 1
2615  read(3, "c", 1)                   = 1
2615  read(3, "o", 1)                   = 1
2615  read(3, "r", 1)                   = 1
2615  read(3, "r", 1)                   = 1
2615  read(3, "e", 1)                   = 1
2615  read(3, "c", 1)                   = 1
2615  read(3, "t", 1)                   = 1
2615  read(3, "l", 1)                   = 1
2615  read(3, "y", 1)                   = 1
2615  read(3, " ", 1)                   = 1
2615  read(3, "i", 1)                   = 1
2615  read(3, "m", 1)                   = 1
2615  read(3, "p", 1)                   = 1
2615  read(3, "l", 1)                   = 1
2615  read(3, "e", 1)                   = 1
2615  read(3, "m", 1)                   = 1
2615  read(3, "e", 1)                   = 1
2615  read(3, "n", 1)                   = 1
2615  read(3, "t", 1)                   = 1
2615  read(3, "e", 1)                   = 1
2615  read(3, "d", 1)                   = 1
2615  read(3, " ", 1)                   = 1
2615  read(3, "p", 1)                   = 1
2615  read(3, "r", 1)                   = 1
2615  read(3, "o", 1)                   = 1
2615  read(3, "g", 1)                   = 1
2615  read(3, "r", 1)                   = 1
2615  read(3, "a", 1)                   = 1
2615  read(3, "m", 1)                   = 1
2615  read(3, " ", 1)                   = 1
2615  read(3, "w", 1)                   = 1
2615  read(3, "o", 1)                   = 1
2615  read(3, "u", 1)                   = 1
2615  read(3, "l", 1)                   = 1
2615  read(3, "d", 1)                   = 1
2615  read(3, " ", 1)                   = 1
2615  read(3, "g", 1)                   = 1
2615  read(3, "e", 1)                   = 1
2615  read(3, "n", 1)                   = 1
2615  read(3, "e", 1)                   = 1
2615  read(3, "r", 1)                   = 1
2615  read(3, "a", 1)                   = 1
2615  read(3, "t", 1)                   = 1
2615  read(3, "e", 1)                   = 1
2615  read(3, " ", 1)                   = 1
2615  read(3, "f", 1)                   = 1
2615  read(3, "o", 1)                   = 1
2615  read(3, "l", 1)                   = 1
2615  read(3, "l", 1)                   = 1
2615  read(3, "o", 1)                   = 1
2615  read(3, "w", 1)                   = 1
2615  read(3, "i", 1)                   = 1
2615  read(3, "n", 1)                   = 1
2615  read(3, "g", 1)                   = 1
2615  read(3, " ", 1)                   = 1
2615  read(3, "o", 1)                   = 1
2615  read(3, "u", 1)                   = 1
2615  read(3, "t", 1)                   = 1
2615  read(3, "p", 1)                   = 1
2615  read(3, "u", 1)                   = 1
2615  read(3, "t", 1)                   = 1
2615  read(3, ":", 1)                   = 1
2615  read(3, "\n", 1)                  = 1
2615  write(6, "65\n", 3)               = 3
2615  write(6, "A correctly implemented program "..., 65) = 65
2615  read(3, "\n", 1)                  = 1
2615  write(6, "1\n", 2)                = 2
2615  write(6, "\n", 1)                 = 1
2615  read(3, "\\", 1)                  = 1
2615  read(3, "v", 1)                   = 1
2615  read(3, "s", 1)                   = 1
2615  read(3, "p", 1)                   = 1
2615  read(3, "a", 1)                   = 1
2615  read(3, "c", 1)                   = 1
2615  read(3, "e", 1)                   = 1
2615  read(3, "{", 1)                   = 1
2615  read(3, "0", 1)                   = 1
2615  read(3, ".", 1)                   = 1
2615  read(3, "5", 1)                   = 1
2615  read(3, "c", 1)                   = 1
2615  read(3, "m", 1)                   = 1
2615  read(3, "}", 1)                   = 1
2615  read(3, "\n", 1)                  = 1
2615  write(6, "15\n", 3)               = 3
2615  write(6, "\\vspace{0.5cm}\n", 15) = 15
2615  read(3, "\\", 1)                  = 1
2615  read(3, "n", 1)                   = 1
2615  read(3, "o", 1)                   = 1
2615  read(3, "i", 1)                   = 1
2615  read(3, "n", 1)                   = 1
2615  read(3, "d", 1)                   = 1
2615  read(3, "e", 1)                   = 1
2615  read(3, "n", 1)                   = 1
2615  read(3, "t", 1)                   = 1
2615  read(3, "\n", 1)                  = 1
2615  write(6, "10\n", 3)               = 3
2615  write(6, "\\noindent\n", 10)      = 10
2615  read(3, "T", 1)                   = 1
2615  read(3, "e", 1)                   = 1
2615  read(3, "s", 1)                   = 1
2615  read(3, "t", 1)                   = 1
2615  read(3, " ", 1)                   = 1
2615  read(3, "c", 1)                   = 1
2615  read(3, "a", 1)                   = 1
2615  read(3, "s", 1)                   = 1
2615  read(3, "e", 1)                   = 1
2615  read(3, " ", 1)                   = 1
2615  read(3, "1", 1)                   = 1
2615  read(3, " ", 1)                   = 1
2615  read(3, "p", 1)                   = 1
2615  read(3, "a", 1)                   = 1
2615  read(3, "s", 1)                   = 1
2615  read(3, "s", 1)                   = 1
2615  read(3, "e", 1)                   = 1
2615  read(3, "d", 1)                   = 1
2615  read(3, " ", 1)                   = 1
2615  read(3, "\\", 1)                  = 1
2615  read(3, "\\", 1)                  = 1
2615  read(3, "\n", 1)                  = 1
2615  write(6, "22\n", 3)               = 3
2615  write(6, "Test case 1 passed \\\\\n", 22) = 22
2615  read(3, "T", 1)                   = 1
2615  read(3, "e", 1)                   = 1
2615  read(3, "s", 1)                   = 1
2615  read(3, "t", 1)                   = 1
2615  read(3, " ", 1)                   = 1
2615  read(3, "c", 1)                   = 1
2615  read(3, "a", 1)                   = 1
2615  read(3, "s", 1)                   = 1
2615  read(3, "e", 1)                   = 1
2615  read(3, " ", 1)                   = 1
2615  read(3, "2", 1)                   = 1
2615  read(3, " ", 1)                   = 1
2615  read(3, "p", 1)                   = 1
2615  read(3, "a", 1)                   = 1
2615  read(3, "s", 1)                   = 1
2615  read(3, "s", 1)                   = 1
2615  read(3, "e", 1)                   = 1
2615  read(3, "d", 1)                   = 1
2615  read(3, " ", 1)                   = 1
2615  read(3, "\\", 1)                  = 1
2615  read(3, "\\", 1)                  = 1
2615  read(3, "\n", 1)                  = 1
2615  write(6, "22\n", 3)               = 3
2615  write(6, "Test case 2 passed \\\\\n", 22) = 22
2615  read(3, ".", 1)                   = 1
2615  read(3, ".", 1)                   = 1
2615  read(3, ".", 1)                   = 1
2615  read(3, "\\", 1)                  = 1
2615  read(3, "\\", 1)                  = 1
2615  read(3, "\n", 1)                  = 1
2615  write(6, "6\n", 2)                = 2
2615  write(6, "...\\\\\n", 6)          = 6
2615  read(3, ".", 1)                   = 1
2615  read(3, ".", 1)                   = 1
2615  read(3, ".", 1)                   = 1
2615  read(3, "\\", 1)                  = 1
2615  read(3, "\\", 1)                  = 1
2615  read(3, "\n", 1)                  = 1
2615  write(6, "6\n", 2)                = 2
2615  write(6, "...\\\\\n", 6)          = 6
2615  read(3, "T", 1)                   = 1
2615  read(3, "e", 1)                   = 1
2615  read(3, "s", 1)                   = 1
2615  read(3, "t", 1)                   = 1
2615  read(3, " ", 1)                   = 1
2615  read(3, "c", 1)                   = 1
2615  read(3, "a", 1)                   = 1
2615  read(3, "s", 1)                   = 1
2615  read(3, "e", 1)                   = 1
2615  read(3, " ", 1)                   = 1
2615  read(3, "5", 1)                   = 1
2615  read(3, " ", 1)                   = 1
2615  read(3, "p", 1)                   = 1
2615  read(3, "a", 1)                   = 1
2615  read(3, "s", 1)                   = 1
2615  read(3, "s", 1)                   = 1
2615  read(3, "e", 1)                   = 1
2615  read(3, "d", 1)                   = 1
2615  read(3, " ", 1)                   = 1
2615  read(3, "\n", 1)                  = 1
2615  write(6, "20\n", 3)               = 3
2615  write(6, "Test case 5 passed \n", 20) = 20
2615  read(3, "\n", 1)                  = 1
2615  write(6, "1\n", 2)                = 2
2615  write(6, "\n", 1)                 = 1
2615  read(3, "\\", 1)                  = 1
2615  read(3, "e", 1)                   = 1
2615  read(3, "n", 1)                   = 1
2615  read(3, "d", 1)                   = 1
2615  read(3, "{", 1)                   = 1
2615  read(3, "d", 1)                   = 1
2615  read(3, "o", 1)                   = 1
2615  read(3, "c", 1)                   = 1
2615  read(3, "u", 1)                   = 1
2615  read(3, "m", 1)                   = 1
2615  read(3, "e", 1)                   = 1
2615  read(3, "n", 1)                   = 1
2615  read(3, "t", 1)                   = 1
2615  read(3, "}", 1)                   = 1
2615  read(3, "\n", 1)                  = 1
2615  write(6, "15\n", 3)               = 3
2615  write(6, "\\end{document}\n", 15) = 15
2615  read(3, "", 1)                    = 0
2615  write(6, "", 0)                   = 0
2615  close(1)                          = 0
2615  dup2(4, 1)                        = 1
2615  close(6)                          = 0
2615  clone(child_stack=NULL, flags=CLONE_CHILD_CLEARTID|CLONE_CHILD_SETTID|SIGCHLD, child_tidptr=0x7a83a57fba10) = 2616
2615  exit_group(0)                     = ?
2615  +++ exited with 0 +++
2616  set_robust_list(0x7a83a57fba20, 24) = 0
2616  close(0)                          = 0
2616  dup2(5, 0)                        = 0
2616  execve("./encrypt", ["encrypt"], 0x7ffcd9a4b998 /* 18 vars */) = 0
2616  brk(NULL)                         = 0x59fb230e7000
2616  arch_prctl(0x3001 /* ARCH_??? */, 0x7ffee3085630) = -1 EINVAL (Invalid argument)
2616  mmap(NULL, 8192, PROT_READ|PROT_WRITE, MAP_PRIVATE|MAP_ANONYMOUS, -1, 0) = 0x71056d0a1000
2616  access("/etc/ld.so.preload", R_OK) = -1 ENOENT (No such file or directory)
2616  openat(AT_FDCWD, "/etc/ld.so.cache", O_RDONLY|O_CLOEXEC) = 6
2616  newfstatat(6, "", {st_mode=S_IFREG|0644, st_size=29392, ...}, AT_EMPTY_PATH) = 0
2616  mmap(NULL, 29392, PROT_READ, MAP_PRIVATE, 6, 0) = 0x71056d099000
2616  close(6)                          = 0
2616  openat(AT_FDCWD, "/lib/x86_64-linux-gnu/libc.so.6", O_RDONLY|O_CLOEXEC) = 6
2616  read(6, "\177ELF\2\1\1\3\0\0\0\0\0\0\0\0\3\0>\0\1\0\0\0P\237\2\0\0\0\0\0"..., 832) = 832
2616  pread64(6, "\6\0\0\0\4\0\0\0@\0\0\0\0\0\0\0@\0\0\0\0\0\0\0@\0\0\0\0\0\0\0"..., 784, 64) = 784
2616  pread64(6, "\4\0\0\0 \0\0\0\5\0\0\0GNU\0\2\0\0\300\4\0\0\0\3\0\0\0\0\0\0\0"..., 48, 848) = 48
2616  pread64(6, "\4\0\0\0\24\0\0\0\3\0\0\0GNU\0\325\31p\226\367\t\200\30)\261\30\257\33|\366c"..., 68, 896) = 68
2616  newfstatat(6, "", {st_mode=S_IFREG|0755, st_size=2220400, ...}, AT_EMPTY_PATH) = 0
2616  pread64(6, "\6\0\0\0\4\0\0\0@\0\0\0\0\0\0\0@\0\0\0\0\0\0\0@\0\0\0\0\0\0\0"..., 784, 64) = 784
2616  mmap(NULL, 2264656, PROT_READ, MAP_PRIVATE|MAP_DENYWRITE, 6, 0) = 0x71056ce70000
2616  mprotect(0x71056ce98000, 2023424, PROT_NONE) = 0
2616  mmap(0x71056ce98000, 1658880, PROT_READ|PROT_EXEC, MAP_PRIVATE|MAP_FIXED|MAP_DENYWRITE, 6, 0x28000) = 0x71056ce98000
2616  mmap(0x71056d02d000, 360448, PROT_READ, MAP_PRIVATE|MAP_FIXED|MAP_DENYWRITE, 6, 0x1bd000) = 0x71056d02d000
2616  mmap(0x71056d086000, 24576, PROT_READ|PROT_WRITE, MAP_PRIVATE|MAP_FIXED|MAP_DENYWRITE, 6, 0x215000) = 0x71056d086000
2616  mmap(0x71056d08c000, 52816, PROT_READ|PROT_WRITE, MAP_PRIVATE|MAP_FIXED|MAP_ANONYMOUS, -1, 0) = 0x71056d08c000
2616  close(6)                          = 0
2616  mmap(NULL, 12288, PROT_READ|PROT_WRITE, MAP_PRIVATE|MAP_ANONYMOUS, -1, 0) = 0x71056ce6d000
2616  arch_prctl(ARCH_SET_FS, 0x71056ce6d740) = 0
2616  set_tid_address(0x71056ce6da10)   = 2616
2616  set_robust_list(0x71056ce6da20, 24) = 0
2616  rseq(0x71056ce6e0e0, 0x20, 0, 0x53053053) = 0
2616  mprotect(0x71056d086000, 16384, PROT_READ) = 0
2616  mprotect(0x59fb21ac9000, 4096, PROT_READ) = 0
2616  mprotect(0x71056d0db000, 8192, PROT_READ) = 0
2616  prlimit64(0, RLIMIT_STACK, NULL, {rlim_cur=8192*1024, rlim_max=RLIM64_INFINITY}) = 0
2616  munmap(0x71056d099000, 29392)     = 0
2616  newfstatat(0, "", {st_mode=S_IFIFO|0600, st_size=0, ...}, AT_EMPTY_PATH) = 0
2616  getrandom("\x85\x0a\x5c\x95\x2a\x6b\x7a\x17", 8, GRND_NONBLOCK) = 8
2616  brk(NULL)                         = 0x59fb230e7000
2616  brk(0x59fb23108000)               = 0x59fb23108000
2616  read(0, "38\n\\documentclass[a4paper,11pt]{"..., 4096) = 4096
2616  newfstatat(1, "", {st_mode=S_IFREG|S_ISVTX|0404, st_size=0, ...}, AT_EMPTY_PATH) = 0
2616  write(1, "38\nzBIESKCHREJGUU}G\22VGVCT\n\27\27VR{]"..., 41) = 41
2616  write(1, "39\n{RTBWFDLF@B|F\23WFWBU\vENICNI@HA"..., 42) = 42
2616  write(1, "56\n\30\30\30\30\30\30\30\30\30\30\30\30T]^L\5\tQV\24JQ_PL\5\t\26"..., 59) = 59
2616  write(1, "38\n\6\6\6\6\6\6\6\6\6\6\6\6@IIRUMOV\33\10\24\23OH{]A"..., 41) = 41
2616  write(1, "1\n\v", 3)              = 3
2616  write(1, "28\n@ioyl}\177w}{yGihz$Agurlihyr\177a\26", 31) = 31
2616  write(1, "31\nCjlzo~|t~xzdzkpps}pg3mzy|pjqk"..., 34) = 34
2616  write(1, "22\nJcesfwu}wqsm{czb\177uyzk\34", 25) = 25
2616  write(1, "28\n@ioyl}\177w}{yGrsnq}pyqAgipyqa\26", 31) = 31
2616  write(1, "22\nJcesfwu}wqsmsxc{\177bs{k\34", 25) = 25
2616  write(1, "20\nHagqduw\177usqolw{x{fi\36", 23) = 23
2616  write(1, "21\nI`fpetv~trpntxfxta}h\37", 24) = 24
2616  write(1, "19\nOf`vcrpxrtvhu\177|rgn\31", 22) = 22
2616  write(1, "22\nJcesfwu}wqsmqdwf~\177unk\34", 25) = 25
2616  write(1, "23\nKbdrgvt|vprlareuvc~zj7\35", 26) = 26
2616  write(1, "18\nNgawbsqysuwia}g~o\30", 21) = 21
2616  write(1, "20\nHagqduw\177usqolw{x{fi\36", 23) = 23
2616  write(1, "22\nJcesfwu}wqsmqsy{sbdok\34", 25) = 25
2616  write(1, "20\nHagqduw\177usqoxum{a`i\36", 23) = 23
2616  write(1, "22\nJcesfwu}wqsm~ofsddspk\34", 25) = 25
2616  write(1, "22\nJcesfwu}wqsmsxc{\177bs{k\34", 25) = 25
2616  write(1, "20\nHgq`x}g`oz{}`qygqdi\36", 23) = 23
2616  write(1, "1\n\v", 3)              = 3
2616  write(1, "53\niA\\AYPNNi]@RP\25zEPGTA\\[R\25fLFAP"..., 56) = 56
2616  write(1, "24\n8888888cDz~8cTyz8D;*eee\22", 27) = 27
2616  write(1, "8\nTli|msu\2", 10)      = 10
2616  write(1, "17\nMstvx\177ju~rd|t\177el\33", 20) = 20
2616  write(1, "1\n\v", 3)              = 3
2616  write(1, "11\nWfj`n\177b\177gn\1", 14) = 14
2616  write(1, "1\n\v", 3)              = 3
2616  write(1, "1\n\v", 3)              = 3
2616  write(1, "1\n\v", 3)              = 3
2616  write(1, "32\n|SECTION\n[gENERAL\0iNSTRUCTION"..., 35) = 35
2616  write(1, "16\nLruwy~kydu}yjum\32", 19) = 19
2616  write(1, "93\n}}}}\0014)80}&\180}\16*4)>5}2;; }<1"..., 96) = 96
2616  write(1, "93\n}}}}\0014)80}\178<9}8<>5}-</)}&\180"..., 96) = 96
2616  write(1, "110\nNNNN2\7\32\v\3N\0252\v\3N*\1N\0\1\32N\3\1\n\7\10\27"..., 114) = 114
2616  write(1, "78\nnnnn\22':+#n\36\"+/=+n:/%+n:&+n&+\""..., 81) = 81
2616  write(1, "24\n8888Dql}u8Z}kl8w~8Tm{s9\22", 27) = 27
2616  write(1, "14\nRk`jugzkcgtks\4", 17) = 17
2616  write(1, "1\n\v", 3)              = 3
2616  write(1, "34\n~QGAVKML\10YiLMU\2[MWP\2GLTKPMLOG"..., 37) = 37
2616  write(1, "2\n'\10", 4)            = 4
2616  write(1, "1\n\v", 3)              = 3
2616  write(1, "18\nNpwu{|it{ug`woIzO\30", 21) = 21
2616  write(1, "11\nWhne\177nybel\1", 14) = 14
2616  write(1, "60\n`UR_PIXY[N]LTU_OgKUXHT\1\f\22\t\10`H"..., 63) = 63
2616  write(1, "42\nvIKZ^CEDQe\\OX\\CO]\nEL\n^BO\nfKH\n"..., 45) = 45
2616  write(1, "19\nO\177rqv\177huzt)\177rqv}en\31", 22) = 22
2616  write(1, "13\nQhcivkdjx\177hp\7", 16) = 16
2616  write(1, "1\n\v", 3)              = 3
2616  write(1, "73\n\36!,'i0&<i%&. 'i '=&i=!,i%(+i$"..., 76) = 76
2616  write(1, "38\njCR\6SU\6EGJJ\6RNOU\6RNC\6FFnIUR\4\6"..., 41) = 41
2616  write(1, "2\n'\10", 4)            = 4
2616  write(1, "74\n\36\"/j&+(j/2/8)#9/j/$<#8%$'/$>j"..., 77) = 77
2616  write(1, "64\n3!-%`-!#().%`7()#(`9/5`#!.`42"..., 67) = 67
2616  write(1, "2\n'\10", 4)            = 4
2616  write(1, "38\njCR\6SU\6EGJJ\6RNOU\6RNC\6FFjGDC^\4"..., 41) = 41
2616  write(1, "2\n'\10", 4)            = 4
2616  write(1, "78\n\32&+n&!=:n#/-&' +n5\22+#n'=n !:3"..., 81) = 81
2616  write(1, "8\n{q{|me&\2", 10)      = 10
2616  write(1, "2\n'\10", 4)            = 4
2616  write(1, "88\n\0017-x59!x-+=x,0=x07+,x59;016=x"..., 91) = 91
2616  write(1, "41\nn|`\tHYYE@JH]@FGZ\tZ\\JA\tHZ\t]AL\t"..., 44) = 44
2616  write(1, "1\n\v", 3)              = 3
2616  write(1, "51\no@FQ@VPGZ\\]\31Hz]GVARPGZ]T\23DZG["..., 54) = 54
2616  write(1, "2\n'\10", 4)            = 4
2616  write(1, "1\n\v", 3)              = 3
2616  write(1, "34\nY~@D\2nMEKL\2KLVM\2VJG\2nC@GZ\2Q[Q"..., 37) = 37
2616  write(1, "1\n\v", 3)              = 3
2616  write(1, "16\nLruwy~kydu}yjum\32", 19) = 19
2616  write(1, "122\ns&\23\16\37\27!KT'Z5\n\37\24Z\16\22\37Z\16\37\10\27\23\24\33\26"..., 126) = 126
2616  write(1, "113\nxx\5\20\23Q\30\37Q\36\3Q\20Q\37\24\6Q\5\24\3\34\30\37\20\35Q\27"..., 117) = 117
2616  write(1, "16\n\31\31X\177cd0cicdu}m>\32", 19) = 19
2616  write(1, "1\n\v", 3)              = 3
2616  write(1, "125\nt!\24\t\30\20&OS ]2\23]\t\25\30]\t\30\17\20\24\23\34\21Q]"..., 129) = 129
2616  write(1, "62\n77\36\36JV[\36N_MMIQLZ\22\36GQK\36IWRR\36Y["..., 65) = 65
2616  write(1, "2\n\v\10", 4)           = 4
2616  write(1, "126\nw\"\27\n\33\23%MP#^=\26\33\35\25^\n\26\33^\n\33\f\23\27\20\37"..., 130) = 130
2616  write(1, "49\n88BTT\21JmEE\21RB\2\2\1PqL\35\21H^D\21PCT\21"..., 52) = 52
2616  write(1, "14\nRk`jugzkcgtks\4", 17) = 17
2616  write(1, "1\n\v", 3)              = 3
2616  write(1, "16\nLfc`qsuk >\"%s}m\32", 19) = 19
2616  write(1, "10\nVdecdnod~\0", 13)   = 13
2616  write(1, "56\nCdZ^\30}@[PYV_]\30^QT]K\30Z]LO]]V\30L"..., 59) = 59
2616  write(1, "1\n\v", 3)              = 3
2616  write(1, "16\nLruwy~kydu}yjum\32", 19) = 19
2616  write(1, "122\ns&\23\16\37\27!KT'Z5\n\37\24Z\16\22\37Z\16\37\10\27\23\24\33\26"..., 126) = 126
2616  write(1, "78\nGGnn'(n7!;n9/ :n:!n*!9 \"!/*a:"..., 81) = 81
2616  write(1, "1\n\v", 3)              = 3
2616  write(1, "101\nlEE9\f\21\0\10>WK8E1\nE\1\n\22\v\t\n\4\1E\369\21"..., 105) = 105
2616  write(1, "75\nBBkk9>%k0\27??k8(;kf\33ky{y{kf9k$"..., 78) = 78
2616  write(1, "115\nzzSS:\7S\4\32\37\37S\3\1\34\36\3\7S\25\34\1S\7\33\26S\3"..., 119) = 119
2616  write(1, "107\nbbKK2\4\36K\10\n\5K\n\7\30\4K\n\10\10\16\30\30K\37\3\16K"..., 111) = 111
2616  write(1, "2\n\v\10", 4)           = 4
2616  write(1, "122\nsZZ&\23\16\37\27!IT'Z.\25Z\17\n\26\25\33\36Z\32\33\30\31T"..., 126) = 126
2616  write(1, "60\n55\34\34G`HH\34O_L\34\21l\34\16\f\16\f\34\21N\34]^_\22_"..., 63) = 63
2616  write(1, "113\nxxQQ8\5Q\6\30\35\35Q\1\3\36\34\1\5Q\27\36\3Q\5\31\24Q\1"..., 117) = 117
2616  write(1, "14\nRk`jugzkcgtks\4", 17) = 17
2616  write(1, "1\n\v", 3)              = 3
2616  write(1, "1\n\v", 3)              = 3
2616  write(1, "23\nKdrtc~xy=l[vu7Vtc~xydj\35", 26) = 26
2616  write(1, "1\n\v", 3)              = 3
2616  write(1, "130\n\326\352\347\242\341\367\360\360\347\354\366\242\365\355\360\351\353\354\345\242\346\353\360\347\341\366\355\360"..., 134) = 134
2616  write(1, "27\nos~;`Goo;wzy5hsf;norwrob5;\21", 30) = 30
2616  write(1, "2\n'\10", 4)            = 4
2616  read(0, "home/osws} or simply {\\tt cd}) w"..., 4096) = 4096
2616  write(1, "113\n4\t\24\22\4\5\30\37\26Q\n-\5\5Q\22\25Q^\31\36\34\24^\36\2\6\2"..., 117) = 117
2616  write(1, "2\n'\10", 4)            = 4
2616  write(1, "58\nnR_\32OI[]_\32I_W[TNSY\32U\\\32AfNN\32V["..., 61) = 61
2616  write(1, "1\n\v", 3)              = 3
2616  write(1, "17\nMstvx\177jgtcspex|l\33", 20) = 20
2616  write(1, "56\nmk}\30\26\27TYZ\26KP\30LW\30QVQLQYTQB]\30LP"..., 59) = 59
2616  write(1, "1\n\v", 3)              = 3
2616  write(1, "7\nrtf`b=\r", 9)        = 9
2616  write(1, "1\n\v", 3)              = 3
2616  write(1, "91\nut7:9u(3{vv)477'v){{g)477j\4)4"..., 94) = 94
2616  write(1, "92\n|||||||||||||||||||||||||||||"..., 95) = 95
2616  write(1, "90\nzzzzzzzzzzzzzzzzzzzzzzzzzzzzz"..., 93) = 93
2616  write(1, "87\nwwwwwwwwwwwwwwwwwwwwwwwwwwwww"..., 90) = 90
2616  write(1, "79\nooooooooooooooooooooooooooooo"..., 82) = 82
2616  write(1, "9\n))))))))\3", 11)     = 11
2616  write(1, "54\n?xYBS\26OYCD\26DYZZ\26XC[TSD\26EBD_XQ"..., 57) = 57
2616  write(1, "1\n\v", 3)              = 3
2616  write(1, "47\n\17\17\17\17\17\17\17\17t\2\2NL[F@Ar\17LNA\17MJ\17@AJ"..., 50) = 50
2616  write(1, "1\n\v", 3)              = 3
2616  write(1, "41\n\t\t\t\t\t\t\t\t@G@]\23\t`G@]@HE@SL\t]AL\t"..., 44) = 44
2616  write(1, "37\n\5\5\5\5\5\5\5\5B@Q\37\5aJRKIJDA\5QM@\5DVV"..., 40) = 40
2616  write(1, "42\n\n\n\n\n\n\n\n\nO\\KF_K^O\20\no\\KF_K^O\n^B"..., 45) = 45
2616  write(1, "46\n\16\16\16\16\16\16\16\16^\\K^O\\K\24\16~\\K^O\\K\16O\16]["..., 49) = 49
2616  write(1, "49\n\21\21\21\21\21\21\21\21ACTAPCT\34BPGT\v\21aCTAPCT"..., 52) = 52
2616  write(1, "66\nbbbbbbbb17 /+6xb\0217 /+6b6*'b#1"..., 69) = 69
2616  write(1, "34\n\2\2\2\2\2\2\2\2QCTG\30\2qCTG\2VJG\2CQQKEL"..., 37) = 37
2616  write(1, "83\nssssssss!6?<27is\0016?<27s';6s?2"..., 86) = 86
2616  write(1, "90\nzzzzzzzz>?.;92`z\0162?z6;8z)?))3"..., 93) = 93
2616  write(1, "85\nuuuuuuuu&\" %14!0ou\00503:'8u&:3!"..., 88) = 88
2616  write(1, "92\n||||||||/5;23::f|\0053)|=.9|8329"..., 95) = 95
2616  write(1, "43\n\v\v\v\v\v\v\v\v\v\v\v\v\v\v\v\v\vJGGD\\NO\v_D\vX"..., 46) = 46
2616  write(1, "1\n\v", 3)              = 3
2616  write(1, "8\nMPIEXDM\2", 10)      = 10
2616  write(1, "8\n5555555\2", 10)      = 10
2616  write(1, "68\n\005771)!d0,%0d=+16d#6+14d)!)&!6"..., 71) = 71
2616  write(1, "58\n\177L_HC\32V[X\32MSVV\32R[L_\32[\32V[X\32TOW"..., 61) = 61
2616  write(1, "52\nuGGAYQ\24XUV\24Z[\24@[\24VQ\24\1\24R[F\24@\\Q"..., 55) = 55
2616  write(1, "1\n\v", 3)              = 3
2616  write(1, "1\n\v", 3)              = 3
2616  write(1, "1\n\v", 3)              = 3
2616  write(1, "17\nWctby1]ps.1JHtbL\33", 20) = 20
2616  write(1, "2\ny\10", 4)            = 4
2616  write(1, "1\n\v", 3)              = 3
2616  write(1, "83\nssss\0\7\26\3sbssssssss\32=:':2?:)6s"..., 86) = 86
2616  write(1, "80\npppp\3\4\25\0pbpppppppp\24?'><?14p$8"..., 83) = 83
2616  write(1, "1\n\v", 3)              = 3
2616  write(1, "53\n\25\25\25fape\25N\6\25AZ\25yH\25\25\25\30\30\30\30\30\25bzg~"..., 56) = 56
2616  write(1, "1\n\v", 3)              = 3
2616  write(1, "20\n444W{ydxq`qp+4OMqgI\36", 23) = 23
2616  write(1, "1\n\v", 3)              = 3
2616  write(1, "89\nyyyyyyyy\n\r\34\ty\25yyyyy\34/85,8-<y-"..., 92) = 92
2616  write(1, "86\nvvvvvvvv\5\2\23\6v\32}gvvv\6$3&7$3v%#"..., 89) = 89
2616  write(1, "73\niiiiiiii\32\35\f\31i\5b{iii\32<+$ =iddw"..., 76) = 76
2616  write(1, "74\njjjjjjjj\31\36\17\32j\6ayjjj\31#-$%,,jgg"..., 77) = 77
2616  write(1, "1\n\v", 3)              = 3
2616  write(1, "19\n333P|~c\177vgvw,3H]|N\31", 22) = 22
2616  write(1, "1\n\v", 3)              = 3
2616  write(1, "88\nxxxxxxxx\v\f\35\10x\24sixxx\10*=(9*=x,7"..., 91) = 91
2616  write(1, "80\npppppppp\3\4\25\0p\34{bppp\0031&5p)?%\"p"..., 83) = 83
2616  write(1, "72\nhhhhhhhh\33\34\r\30h\4c{hhh\f-<)+ heev"..., 75) = 75
2616  write(1, "2\n\177\10", 4)         = 4
2616  write(1, "17\nBpgtu1]ps.1JHtbL\33", 20) = 20
2616  write(1, "2\ny\10", 4)            = 4
2616  write(1, "81\nqqq\2\5\24\1q`qqqqqqqq\0034=>05q%94q="..., 84) = 84
2616  write(1, "1\n\v", 3)              = 3
2616  write(1, "54\n\26\26\26ebsf\26M\4\26BY\26zK\26\26\26\33\33\33\33\33\26ayd}"..., 57) = 57
2616  write(1, "9\n))))))))\3", 11)     = 11
2616  write(1, "21\n555Vzxeypapq*5NLpfH5\37", 24) = 24
2616  write(1, "1\n\v", 3)              = 3
2616  write(1, "88\nxxxxxxxx\v\f\35\10x\24xxxx\35.94-9,=x,0"..., 91) = 91
2616  write(1, "93\n}}}}}}}}\16\t\30\r}\21vl}}\r/8-</8}.(?"..., 96) = 96
2616  write(1, "72\nhhhhhhhh\33\34\r\30h\4czhh\33=*%!<heevh"..., 75) = 75
2616  write(1, "79\noooooooo\34\33\n\37o\3d|oo\34&(! ))obbq"..., 82) = 82
2616  write(1, "1\n\v", 3)              = 3
2616  write(1, "20\n444W{ydxq`qp+4OZ{I4\36", 23) = 23
2616  write(1, "1\n\v", 3)              = 3
2616  write(1, "87\nwwwwwwww\4\3\22\7w\33|fww\7%2'6%2w#8w"..., 90) = 90
2616  write(1, "79\noooooooo\34\33\n\37o\3d}oo\34.9*o6 :=o8"..., 82) = 82
2616  write(1, "71\ngggggggg\24\23\2\27g\vltgg\3\"3&$/gjjyg"..., 74) = 74
2616  write(1, "1\n\v", 3)              = 3
2616  write(1, "2\n\177\10", 4)         = 4
2616  write(1, "1\n\v", 3)              = 3
2616  write(1, "21\n?????5\\XEZGAT[A5????\37", 24) = 24
2616  write(1, "30\n3>]v{}u>jv{>{h\177rk\177jwqp>qkjnkj"..., 33) = 33
2616  write(1, "42\n\7\ngKAO\nY_XO\nSE_\nY_HGC^\nHOLEXO"..., 45) = 45
2616  write(1, "77\n`m\0,&(m>8?(m4\"8m>,;(m9%(m!,/m"..., 80) = 80
2616  write(1, "84\nyt\0315?1t'!&1t-;!t'=3:;22t|\7\0\21\4"..., 87) = 87
2616  write(1, "26\n::nr\177:ioxwsiisuti:\177w{sv\177~\20", 29) = 29
2616  write(1, "71\njg\n&,\"g425\"g>(2g+( (23g!5(*g3"..., 74) = 74
2616  write(1, "1\n\v", 3)              = 3
2616  write(1, "21\n?????5VT@A\\Z[55?????\37", 24) = 24
2616  write(1, "34\nfm\2lmv\2fgngvg\2NC@\fQJ\2AMPG\2MP\2"..., 37) = 37
2616  write(1, "1\n\v", 3)              = 3
2616  write(1, "15\nSjaktyj}mn{fbr\5", 18) = 18
2616  write(1, "1\n\v", 3)              = 3
2616  write(1, "30\n;;;;;;;;;;;;;;;;;;;;;;;;;;;;;"..., 33) = 33
2616  write(1, "30\n;;;;;;;;;;;;;;;;;;;;;;;;;;;;;"..., 33) = 33
2616  write(1, "19\nO`vpgz|}9hGv`gz}tn\31", 22) = 22
2616  read(0, "%%%%%%%%%%%%%%%\n30\n%%%%%%%%%%%%%"..., 4096) = 4096
2616  write(1, "30\n;;;;;;;;;;;;;;;;;;;;;;;;;;;;;"..., 33) = 33
2616  write(1, "30\n;;;;;;;;;;;;;;;;;;;;;;;;;;;;;"..., 33) = 33
2616  write(1, "1\n\v", 3)              = 3
2616  write(1, "1\n\v", 3)              = 3
2616  write(1, "1\n\v", 3)              = 3
2616  write(1, "30\n;;;;;;;;;;;;;;;;;;;;;;;;;;;;;"..., 33) = 33
2616  write(1, "29\nAnh\177nx~itrs7fP|sh|q=Ixnitsz`\27", 32) = 32
2616  write(1, "30\n;;;;;;;;;;;;;;;;;;;;;;;;;;;;;"..., 33) = 33
2616  write(1, "204\n\225\243\271\354\277\244\243\271\240\250\354\271\277\251\354\270\244\245\277\354\255\274\274\276\243\255\257\244"..., 208) = 208
2616  write(1, "16\nLruwy~kydu}yjum\32", 19) = 19
2616  write(1, "100\nDDDD8\r\20\1\tD7\20\1\24DU^D!\n\27\21\26\1D\35\v\21"..., 104) = 104
2616  write(1, "149\n\265\265\265\265\311\374\341\360\370\265\306\341\360\345\265\247\257\265\326\375\364\373\362\360\265\361\374\347"..., 153) = 153
2616  write(1, "134\n\246\246\246\246\332\357\362\343\353\246\325\362\343\366\246\265\274\246\305\351\353\366\357\352\343\246\362\356"..., 138) = 138
2616  write(1, "14\nRk`jugzkcgtks\4", 17) = 17
2616  write(1, "1\n\v", 3)              = 3
2616  write(1, "1\n\v", 3)              = 3
2616  write(1, "1\n\v", 3)              = 3
2616  write(1, "35\n\177PVAPF@WJLM\tXbVWLNBWFG\3FUBOVB"..., 38) = 38
2616  write(1, "2\n'\10", 4)            = 4
2616  write(1, "82\n)\0167?r\34=&7hr\0007?=$7r366;&;=<3>r"..., 85) = 85
2616  write(1, "1\n\v", 3)              = 3
2616  write(1, "89\n\r10*y*-<)y:87y;<y)<+?6+4<=y<0"..., 92) = 92
2616  write(1, "20\nu4r}zux4gavy}gg}{z:\36", 23) = 23
2616  write(1, "2\n'\10", 4)            = 4
2616  write(1, "99\n7\fC\27\6\20\27C\2C\23\2\21\27\n\0\26\17\2\21C\23\2\21\27CK\20\2"..., 102) = 102
2616  write(1, "2\n'\10", 4)            = 4
2616  write(1, "98\n'\32\7\1\27\26\7B\31>\26\26BLM\20\27\f>=\26\7\21\26\21L\21\n\37"..., 101) = 101
2616  write(1, "31\nvq?kwz?dCkk?pjkojkb?{vmz|kpmf"..., 34) = 34
2616  write(1, "2\n'\10", 4)            = 4
2616  write(1, "94\n\n1~;(?2+?*;~*6;~=13.2;*;~;&;,"..., 97) = 97
2616  write(1, "31\njlvqx?kwz?dCkk?s~}1lwb?l|mvok"..., 34) = 34
2616  write(1, "1\n\v", 3)              = 3
2616  write(1, "78\n\10!<n:&'=n\"/,bn7!;n-/ n><' :n*"..., 81) = 81
2616  write(1, "79\n\32!&7o?&?*<o) =o*9.#:.;& !co8'"..., 82) = 82
2616  write(1, "73\n=!,i=,$9%(=,i!(:i,1($9%,:gi2\25"..., 76) = 76
2616  write(1, "1\n\v", 3)              = 3
2616  write(1, "29\nAnx~itrs7fXexo~tnx=Rkxoktxj`\27", 32) = 32
2616  write(1, "1\n\v", 3)              = 3
2616  write(1, "92\n\0252|(45/|0=>p|+9|+500|9$,03.9|"..., 95) = 95
2616  write(1, "2\n'\10", 4)            = 4
2616  write(1, "84\n\0<1t5''=3:91: t#&= 1!$t5:0t; "..., 87) = 87
2616  write(1, "35\nOJMH\31\3X\177VQOXKWWS\31\f\f\22\24\21\r\21\24\r\21\22\r"..., 38) = 38
2616  write(1, "1\n\v", 3)              = 3
2616  write(1, "37\n\0\0\0\0\0\0\0\0\0\0\0\0\0\0\0\0\0\0\0\0\0\0\0\0\0\0\0\0\0"..., 40) = 40
2616  write(1, "37\n\0\0\0\0\0\0\0\0\0\0\0\0\0\0\0\0\0\0\0\0\0\0\0\0\0\0\0\0\0"..., 40) = 40
2616  write(1, "42\nvYOI^CED\0Q{\33\4\nzKXKFFOF\nzXCGOY"..., 45) = 45
2616  write(1, "37\n\0\0\0\0\0\0\0\0\0\0\0\0\0\0\0\0\0\0\0\0\0\0\0\0\0\0\0\0\0"..., 40) = 40
2616  write(1, "37\n\0\0\0\0\0\0\0\0\0\0\0\0\0\0\0\0\0\0\0\0\0\0\0\0\0\0\0\0\0"..., 40) = 40
2616  write(1, "99\n*\rC\27\v\n\20C\23\2\21\27OC\32\f\26C\24\n\17\17C\26\20\6C\30?"..., 102) = 102
2616  write(1, "12\ncj,byani~\177\"\6", 15) = 15
2616  write(1, "1\n\v", 3)              = 3
2616  write(1, "99\n3\21\f\25\n\7\6C\27\v\6C\n\16\23\17\6\16\6\r\27\2\27\n\f\rC\30?"..., 102) = 102
2616  write(1, "35\nJMWFDFQ\3\vPBZ\3\7n\7\n\3BP\3WKF\3BQDV"..., 38) = 38
2616  write(1, "2\n'\10", 4)            = 4
2616  write(1, "90\n\0035/z;(?z(?+/3(?>z.5z<34>z5/.z"..., 93) = 93
2616  write(1, "94\n.,1=;--;-~v-?'~z\16\1oz~?0:~z\16\1l"..., 97) = 97
2616  write(1, "67\n7*//cg\16lqgc\"-'cg\23\34qgc ,6-70c7"..., 70) = 70
2616  write(1, "2\n'\10", 4)            = 4
2616  write(1, "88\n\f0=x7:2=;,1.=x1+x,7x7(,151\"=x"..., 91) = 91
2616  write(1, "2\n'\10", 4)            = 4
2616  write(1, "1\n\v", 3)              = 3
2616  write(1, "90\n\0162?z.?7*6;.?z954.;34)z2?6*?(z"..., 93) = 93
2616  write(1, "22\nb~s6wu~\177s`sr6efssrcf8\34", 25) = 25
2616  write(1, "2\n'\10", 4)            = 4
2616  write(1, "91\n\0024.{ \7>6{6.(/{54/&{64?2=\"{/3>"..., 94) = 94
2616  write(1, "87\n9\":52%w81w'%>:2$w48:'\"#23w5.w"..., 90) = 90
2616  write(1, "10\nl\177di~ced$\0", 13) = 13
2616  write(1, "2\n'\10", 4)            = 4
2616  write(1, "77\n\v\"?m ,#8,!m9(>9$#*am8>(m9%(m-"..., 80) = 80
2616  write(1, "2\n'\10", 4)            = 4
2616  write(1, "1\n\v", 3)              = 3
2616  write(1, "57\neJL[J\\ZMPVW\23Bj@JM\\T\31ZXUUJ\31XW]"..., 60) = 60
2616  write(1, "77\n\24\"8m\219(59/+6 8>9m\"#!4m8>(0m9%"..., 80) = 80
2616  write(1, "1\n\v", 3)              = 3
2616  write(1, "17\nMstvx\177jgtcspex|l\33", 20) = 20
2616  write(1, "29\n====0={rov==================\27", 32) = 32
2616  write(1, "15\nSjaktyj}mn{fbr\5", 18) = 18
2616  write(1, "1\n\v", 3)              = 3
2616  write(1, "44\np_YN_YN_IOXECB\6WaMBYM@\fNYE@H\f"..., 47) = 47
2616  write(1, "1\n\v", 3)              = 3
2616  write(1, "17\nMstvx\177jgtcspex|l\33", 20) = 20
2616  write(1, "53\n\32\32v@GGP[A\25BZG^\\[R\25Q\\GPVAZGL\25F"..., 56) = 56
2616  write(1, "1\n\v", 3)              = 3
2616  write(1, "7\n#'jflb\r", 9)        = 9
2616  write(1, "15\n+/! \177\177}fbj/3B1\5", 18) = 18
2616  write(1, "15\nSjaktyj}mn{fbr\5", 18) = 18
2616  write(1, "1\n\v", 3)              = 3
2616  write(1, "35\n\177PVAPVAPF@WJLM\tXbVWLNBWFG\3wFP"..., 38) = 38
2616  write(1, "105\n;\34\7I5\35\f\21\35\35\35\228XF\33\34\00756\35\f\32\35\32G\32\1"..., 109) = 109
2616  write(1, "65\n\0a\".33$\"5-8a(,1-$,$/5$%a13.&3"..., 68) = 68
2616  write(1, "1\n\v", 3)              = 3
2616  write(1, "15\nSy|\177nljt?!:lbr\5", 18) = 18
2616  write(1, "10\nVdecdnod~\0", 13)   = 13
2616  write(1, "22\nBseb6uwes6'6fweesr6JJ\34", 25) = 25
2616  write(1, "22\nBseb6uwes6$6fweesr6JJ\34", 25) = 25
2616  write(1, "6\n(((ZZ\f", 8)         = 8
2616  write(1, "6\n(((ZZ\f", 8)         = 8
2616  write(1, "20\n@qg`4wugq4!4duggqp4\36", 23) = 23
2616  write(1, "1\n\v", 3)              = 3
2616  write(1, "1\n\v", 3)              = 3
2616  write(1, "37\n\0\0\0\0\0\0\0\0\0\0\0\0\0\0\0\0\0\0\0\0\0\0\0\0\0\0\0\0\0"..., 40) = 40
2616  write(1, "37\n\0\0\0\0\0\0\0\0\0\0\0\0\0\0\0\0\0\0\0\0\0\0\0\0\0\0\0\0\0"..., 40) = 40
2616  write(1, "64\n\0343%#4)/.j;\21rn`\22%#523)/.`7)4(/"..., 67) = 67
2616  read(0, "%%%%\n37\n%%%%%%%%%%%%%%%%%%%%%%%%"..., 4096) = 4096
2616  write(1, "37\n\0\0\0\0\0\0\0\0\0\0\0\0\0\0\0\0\0\0\0\0\0\0\0\0\0\0\0\0\0"..., 40) = 40
2616  write(1, "37\n\0\0\0\0\0\0\0\0\0\0\0\0\0\0\0\0\0\0\0\0\0\0\0\0\0\0\0\0\0"..., 40) = 40
2616  write(1, "1\n\v", 3)              = 3
2616  write(1, "105\n \7I\35\1\0\32I\31\10\33\35EI\20\6\34I\36\0\5\5I\36\33\0\35\f"..., 109) = 109
2616  write(1, "80\n'9$8?%$p13$%1<<)p9= <5=5>$9>7"..., 83) = 83
2616  write(1, "2\n'\10", 4)            = 4
2616  write(1, "104\n<\0\rH\30\32\7\17\32\t\5H\34\t\3\r\33H\0234\r\5H\t\34H\4\r"..., 108) = 108
2616  write(1, "15\nf|/lnclzcn{jk!\5", 18) = 18
2616  write(1, "2\n'\10", 4)            = 4
2616  write(1, "92\n\0053).|,.3;.=1|/43)08|52*379|5("..., 95) = 95
2616  write(1, "26\nnu:yuwjon\177:nr\177:|{ynuhs{v4\20", 29) = 29
2616  write(1, "2\n'\10", 4)            = 4
2616  write(1, "109\n#\2\31\10M\31\5\f\31AM\4\3M\24\2\30\37M\16\2\t\10M\24\2\30M"..., 113) = 113
2616  write(1, "2\n'\10", 4)            = 4
2616  write(1, "100\n=\v\21D\5\26\1D\5\10\10\v\23\1\0D\20\vD\21\27\1D\5\0\0\r\20"..., 104) = 104
2616  write(1, "28\nhty<\177sqq}rx<pury<}n{iqyrho2\26", 31) = 31
2616  write(1, "1\n\v", 3)              = 3
2616  write(1, "57\neJL[J\\ZMPVW\23Bj@JM\\T\31ZXUUJ\31XW]"..., 60) = 60
2616  write(1, "88\n\0017-x\4,= ,:>#5-+,x764!x-+=%x,0"..., 91) = 91
2616  write(1, "17\nMstvx\177jgtcspex|l\33", 20) = 20
2616  write(1, "35\n\3\3\3\3\16\3F[F@O\3\3\3\3\3\3\3\3\3\3\3\3\3\3\3\3\3\16"..., 38) = 38
2616  write(1, "36\n\4\4\4\4\t\4A\\AGRA\4\4\4\4\4\4\4\4\4\4\4\4\4\4\4\4\t"..., 39) = 39
2616  write(1, "15\nSjaktyj}mn{fbr\5", 18) = 18
2616  write(1, "1\n\v", 3)              = 3
2616  write(1, "44\np_YN_YN_IOXECB\6WaMBYM@\fNYE@H\f"..., 47) = 47
2616  write(1, "1\n\v", 3)              = 3
2616  write(1, "17\nMstvx\177jgtcspex|l\33", 20) = 20
2616  write(1, "53\n\32\32v@GGP[A\25BZG^\\[R\25Q\\GPVAZGL\25F"..., 56) = 56
2616  write(1, "1\n\v", 3)              = 3
2616  write(1, "21\n15rvv5stva;v58z5stva\37", 24) = 24
2616  write(1, "11\n/+%$mjh\177+>\1", 14) = 14
2616  write(1, "4\n564\16", 6)          = 6
2616  write(1, "2\n&\10", 4)            = 4
2616  write(1, "15\nSjaktyj}mn{fbr\5", 18) = 18
2616  write(1, "1\n\v", 3)              = 3
2616  write(1, "1\n\v", 3)              = 3
2616  write(1, "1\n\v", 3)              = 3
2616  write(1, "35\n\177PVAPVAPF@WJLM\tXbVWLNBWFG\3wFP"..., 38) = 38
2616  write(1, "105\n;\34\7I5\35\f\21\35\35\35\228[F\33\34\00756\35\f\32\35\32G\32\1"..., 109) = 109
2616  write(1, "65\n\0a\".33$\"5-8a(,1-$,$/5$%a13.&3"..., 68) = 68
2616  write(1, "1\n\v", 3)              = 3
2616  write(1, "15\nSy|\177nljt?!:lbr\5", 18) = 18
2616  write(1, "10\nVdecdnod~\0", 13)   = 13
2616  write(1, "22\nBseb6uwes6'6fweesr6JJ\34", 25) = 25
2616  write(1, "22\nBseb6uwes6$6fweesr6JJ\34", 25) = 25
2616  write(1, "6\n(((ZZ\f", 8)         = 8
2616  write(1, "6\n(((ZZ\f", 8)         = 8
2616  write(1, "20\n@qg`4wugq4!4duggqp4\36", 23) = 23
2616  write(1, "1\n\v", 3)              = 3
2616  write(1, "1\n\v", 3)              = 3
2616  write(1, "37\n\0\0\0\0\0\0\0\0\0\0\0\0\0\0\0\0\0\0\0\0\0\0\0\0\0\0\0\0\0"..., 40) = 40
2616  write(1, "37\n\0\0\0\0\0\0\0\0\0\0\0\0\0\0\0\0\0\0\0\0\0\0\0\0\0\0\0\0\0"..., 40) = 40
2616  write(1, "38\nzUCEROIH\f]w\25\10\6dC\6G\6uCCMCT\6}\24\26"..., 41) = 41
2616  write(1, "37\n\0\0\0\0\0\0\0\0\0\0\0\0\0\0\0\0\0\0\0\0\0\0\0\0\0\0\0\0\0"..., 40) = 40
2616  write(1, "37\n\0\0\0\0\0\0\0\0\0\0\0\0\0\0\0\0\0\0\0\0\0\0\0\0\0\0\0\0\0"..., 40) = 40
2616  write(1, "64\n\t.`4()3`0!24`9/5`7),,`,%!2.`!"..., 67) = 67
2616  write(1, "1\n\v", 3)              = 3
2616  write(1, "154\n\315\350\363\356\377\272\373\272\331\272\352\350\365\375\350\373\367\272\341\306\356\356\272\313\251\265\363\364"..., 158) = 158
2616  write(1, "65\n:\35#'a\7\16\24\17\5<a('a253(/&a(2a'.4/"..., 68) = 68
2616  write(1, "1\n\v", 3)              = 3
2616  write(1, "44\np_YN_YN_IOXECB\6WaMBYM@\fNYE@H\f"..., 47) = 47
2616  write(1, "1\n\v", 3)              = 3
2616  write(1, "1\n\v", 3)              = 3
2616  write(1, "47\n{GJ\17\\VA[NW\17I@]\17BNAZNC\17JWJLZ[F"..., 50) = 50
2616  write(1, "17\nMstvx\177jgtcspex|l\33", 20) = 20
2616  write(1, "21\n15rvv5|{|a;v58z5|{|a\37", 24) = 24
2616  write(1, "9\n*Jfdy`el\3", 11)     = 11
2616  write(1, "35\n\7\3\r\fJMJW\3\37PFBQ@K|WFQN\35\3\37EJOF|"..., 38) = 38
2616  write(1, "47\n\f\17gJ]J\17[GJ\17\23\\JN]LGp[J]B\21\17XFCC"..., 50) = 50
2616  write(1, "41\n\n\tJFGZ@Z]Z\tFO\tFGEP\tHEYAHG\\DL["..., 44) = 44
2616  write(1, "15\nSjaktyj}mn{fbr\5", 18) = 18
2616  write(1, "1\n\v", 3)              = 3
2616  write(1, "25\nEjl{jl{j|zmpvw3b\\axtiu|d\23", 28) = 28
2616  write(1, "63\n|PQLV[ZM\37^\37YVSZ\37DcKK\37\\PJMLZL\21"..., 66) = 66
2616  write(1, "17\nMstvx\177jgtcspex|l\33", 20) = 20
2616  write(1, "40\nM[K\31\30\31\10A[\10I\10OZMI\\\10KG]Z[M\10\\G\10["..., 43) = 43
2616  write(1, "50\nBZK\0\2\3\22[A\22S\22Q]G@AW\22\\G_PW@\22T]@"..., 53) = 53
2616  write(1, "7\nbdh576\r", 9)        = 9
2616  write(1, "6\ncc467\f", 8)         = 8
2616  write(1, "49\nRB\2\2\1\21XB\21P\21R^DCBT\21W^C\21X_EC^\21E"..., 52) = 52
2616  write(1, "6\neu10>\f", 8)         = 8
2616  write(1, "6\neu452\f", 8)         = 8
2616  write(1, "6\nce474\f", 8)         = 8
2616  write(1, "7\ndoj665\r", 9)        = 9
2616  write(1, "11\nf\1779:=hx:28\1", 14) = 14
2616  write(1, "1\n\v", 3)              = 3
2616  write(1, "1\n\v", 3)              = 3
2616  write(1, "27\n?;54ruro;xh((+;xtnih~h5oco\21", 30) = 30
2616  write(1, "6\n@ISHB\f", 8)         = 8
2616  write(1, "15\nSjaktyj}mn{fbr\5", 18) = 18
2616  write(1, "1\n\v", 3)              = 3
2616  write(1, "24\nDkmzkmzk}{lqwv2cWmlhmle\22", 27) = 27
2616  write(1, "79\n\37=&!;o;'*o :;?:;o.<o\"*!;& !*+"..., 82) = 82
2616  write(1, "1\n\v", 3)              = 3
2616  write(1, "32\n|SUBSUBSECTION\n[eRROR\0HANDLIN"..., 35) = 35
2616  write(1, "60\nuR\34_]OY\34SZ\34]RE\34YNNSN\20\34LNURH\34`"..., 63) = 63
2616  write(1, "1\n\v", 3)              = 3
2616  write(1, "60\n`OI^OI^OY_HUSR\26GoEOHYQ\34_]PPO\34"..., 63) = 63
2616  write(1, "115\n*\34\6S/\7\26\v\7\21\25\10\36\6\0\7S\34\35\37\nS\6\0\26\16S\7"..., 119) = 119
2616  write(1, "17\nMstvx\177jgtcspex|l\33", 20) = 20
2616  write(1, "34\n\2\2\2\2\17\2MRGL\2\2\2\2\2\2\2\2\2\2\2\2\2\2\2\2\2\17\2"..., 37) = 37
2616  write(1, "35\n\3\3\3\3\16\3@OLPF\3\3\3\3\3\3\3\3\3\3\3\3\3\3\3\3\16\3"..., 38) = 38
2616  write(1, "36\n\4\4\4\4\t\4HWAAO\4\4\4\4\4\4\4\4\4\4\4\4\4\4\4\4\t\4"..., 39) = 39
2616  write(1, "34\n\2\2\2\2\17\2QVPNGL\2\2\2\2\2\2\2\2\2\2\2\2\2\2\2\17\2"..., 37) = 37
2616  write(1, "36\n\4\4\4\4\t\4WPVGT]\4\4\4\4\4\4\4\4\4\4\4\4\4\4\4\t\4"..., 39) = 39
2616  write(1, "43\n\v\v\v\v\6\vX_YHF[\v\v\v\v\v\v\v\v\v\v\v\v\v\v\v\6\v"..., 46) = 46
2616  write(1, "43\n\v\v\v\v\6\vJ_D\1\vMJFBGR\v\v\v\v\v\v\v\v\v\v\6\v"..., 46) = 46
2616  write(1, "11\n++++&+nsb\177\1", 14) = 14
2616  write(1, "15\nSjaktyj}mn{fbr\5", 18) = 18
2616  write(1, "1\n\v", 3)              = 3
2616  write(1, "25\nEjl{jl{j|zmpvw3bM|jmpw~d\23", 28) = 28
2616  write(1, "137\n\333\374\347\251\325\375\354\361\375\375\375\362\330\272\246\373\374\347\325\326\375\354\372\375\372\247\372\341"..., 141) = 141
2616  write(1, "33\nVNTME\1FDODS@UD\1GNMMNVHOF\1NTUQ"..., 36) = 36
2616  write(1, "1\n\v", 3)              = 3
2616  write(1, "15\nSy|\177nljt?!:lbr\5", 18) = 18
2616  write(1, "10\nVdecdnod~\0", 13)   = 13
2616  write(1, "22\nBseb6uwes6'6fweesr6JJ\34", 25) = 25
2616  write(1, "22\nBseb6uwes6$6fweesr6JJ\34", 25) = 25
2616  write(1, "6\n(((ZZ\f", 8)         = 8
2616  write(1, "6\n(((ZZ\f", 8)         = 8
2616  write(1, "22\nBseb6uwes6.6fweesr6JJ\34", 25) = 25
2616  write(1, "1\n\v", 3)              = 3
2616  write(1, "71\nbbbbbbbbbbbbbbbbbbbbbbbbbbbbb"..., 74) = 74
2616  write(1, "45\nq^HNYDBC\7V|\31\3\rnBXCY\rYEH\r^T^NL"..., 48) = 48
2616  write(1, "71\nbbbbbbbbbbbbbbbbbbbbbbbbbbbbb"..., 74) = 74
2616  read(0, "le and prints the number of \n124"..., 4096) = 4096
2616  write(1, "85\n\2'<!0u4u\26u%':2'48u.\t!!u\4az6: "..., 88) = 88
2616  write(1, "124\n\10\25\21\31\17\\\7 \10\10\\\23\f\31\22\35\10TU\1\\P\\\7 \10\10\\"..., 128) = 128
2616  write(1, "2\n'\10", 4)            = 4
2616  write(1, "118\n8\31\2\23V\2\36\27\2V\17\31\3V\36\27\0\23V\2\31V\25\31\3\30\2V"..., 122) = 122
2616  write(1, "2\n'\10", 4)            = 4
2616  write(1, "43\n\3xNN\vPw__\vD[NEJ_\3\2V\vBE\v_CN\vNS"..., 46) = 46
2616  write(1, "1\n\v", 3)              = 3
2616  write(1, "24\nDkmzkmzk}{lqwv2cKavly`e\22", 27) = 27
2616  write(1, "17\nMstvx\177jgtcspex|l\33", 20) = 20
2616  write(1, "28\n8<23\177sirh< hn}\177yCzupyCr}qy\"\26", 31) = 31
2616  write(1, "15\nSjaktyj}mn{fbr\5", 18) = 18
2616  write(1, "1\n\v", 3)              = 3
2616  write(1, "25\nEjl{jl{j|zmpvw3b\\axtiu|d\23", 28) = 28
2616  write(1, "69\n\3*7e$e17$& e#,) e2,1-e1- e#*)"..., 72) = 72
2616  write(1, "17\nMstvx\177jgtcspex|l\33", 20) = 20
2616  write(1, "44\nC\\IBMX\4mxsjho{h\0\f\16XIA\\\16\0\fcs~h"..., 47) = 47
2616  write(1, "46\nHOJXG]K\30\32\6\35\2\16\36\2\16\36\2\16~a}gvqhojx"..., 49) = 49
2616  write(1, "43\nYNJO\3\30\7\v\tw\32\34\34ngmw\31w\32w\32w\t\5\5\5\7\v"..., 46) = 46
2616  write(1, "63\nPOZQ^K\27~k`y{|h{\23\37\35\20JLM\20SV]\20X\\"..., 66) = 66
2616  write(1, "57\n_JMXM\21\r\25\31BJMfTV]\\\4jfp\177k|~E\t\17\r"..., 60) = 60
2616  write(1, "64\n--!0h\16\25\f\fl`rvswvl`\20\22\17\24\37\22\5\1\4l`"..., 67) = 67
2616  write(1, "56\nWH]VYL\20ylg~|{o|\24\30\32L]UH\t\n\v\32\24\30w"..., 59) = 59
2616  write(1, "44\nO@C_I\4\30\5\f\f\f\f\f\f\f\f\f\f\f\f\f\f\f\f\f\f\f\f\f"..., 47) = 47
2616  write(1, "44\n^IMH\4\37\0\f\16\16\0\f\35\32\37\24\30\5\f\f\f\f\f\f\f\f\f\f\f"..., 47) = 47
2616  write(1, "67\n%07\"7kroc807\34.,'&~\20\34\n\5\0\v\21?suq"..., 70) = 70
2616  write(1, "21\nbg|ap=$95mlo<555(5'%\37", 24) = 24
2616  write(1, "44\nO@C_I\4\37\5\f\f\f\f\f\f\f\f\f\f\f\f\f\f\f\f\f\f\f\f\f"..., 47) = 47
2616  write(1, "44\nO@C_I\4\35\5\f\f\f\f\f\f\f\f\f\f\f\f\f\f\f\f\f\f\f\f\f"..., 47) = 47
2616  write(1, "44\nO@C_I\4\36\5\f\f\f\f\f\f\f\f\f\f\f\f\f\f\f\f\f\f\f\f\f"..., 47) = 47
2616  write(1, "1\n\v", 3)              = 3
2616  write(1, "1\n\v", 3)              = 3
2616  write(1, "28\n8<23\177sirh<o}qlpyChn}\177yCzupy\26", 31) = 31
2616  write(1, "10\nezodk~0*9\0", 13)   = 13
2616  write(1, "9\njefzl3)=\3", 11)     = 11
2616  write(1, "8\nzmil2(:\2", 10)      = 10
2616  write(1, "9\n~{`}l3)8\3", 11)     = 11
2616  write(1, "8\n{|i|2(8\2", 10)      = 10
2616  write(1, "10\noroi|o0*:\0", 13)   = 13
2616  write(1, "15\nSjaktyj}mn{fbr\5", 18) = 18
2616  write(1, "1\n\v", 3)              = 3
2616  write(1, "24\nDkmzkmzk}{lqwv2cWmlhmle\22", 27) = 27
2616  write(1, "124\n,\16\25\22\10\\\10\24\31\\\32\25\22\35\20\\\16\31\17\t\20\10\\\35\17\\\17\24"..., 128) = 128
2616  write(1, "1\n\v", 3)              = 3
2616  write(1, "29\nAnh\177nx~itrs7fXooro=u|syqtsz`\27", 32) = 32
2616  write(1, "72\n\1&h+);-h'.h)&1h-::':dh8:!&<h\24"..., 75) = 75
2616  write(1, "1\n\v", 3)              = 3
2616  write(1, "57\neJL[J\\ZMPVW\23Bj@JM\\T\31ZXUUJ\31XW]"..., 60) = 60
2616  write(1, "115\n*\34\6S/\7\26\v\7\21\25\10\36\6\0\7S\34\35\37\nS\6\0\26\16S\7"..., 119) = 119
2616  write(1, "17\nMstvx\177jgtcspex|l\33", 20) = 20
2616  write(1, "34\n\2\2\2\2\17\2MRGL\2\2\2\2\2\2\2\2\2\2\2\2\2\2\2\2\2\17\2"..., 37) = 37
2616  write(1, "35\n\3\3\3\3\16\3@OLPF\3\3\3\3\3\3\3\3\3\3\3\3\3\3\3\3\16\3"..., 38) = 38
2616  write(1, "12\n,,,,!,`\177iig\6", 15) = 15
2616  write(1, "15\nSjaktyj}mn{fbr\5", 18) = 18
2616  write(1, "1\n\v", 3)              = 3
2616  write(1, "22\nJectesub\177yx<mBseb\177xqk\34", 25) = 25
2616  write(1, "127\n-\n\21_#\v\32\7\v\v\v\4.KP\r\n\21# \v\32\f\v\fQ\f\27"..., 131) = 131
2616  write(1, "28\nnirrur{<hty<o\177nulh<ksipx<~y\26", 31) = 31
2616  write(1, "1\n\v", 3)              = 3
2616  write(1, "1\n\v", 3)              = 3
2616  write(1, "15\nSy|\177nljt?!:lbr\5", 18) = 18
2616  write(1, "10\nVdecdnod~\0", 13)   = 13
2616  write(1, "22\nBseb6uwes6'6fweesr6JJ\34", 25) = 25
2616  write(1, "22\nBseb6uwes6$6fweesr6JJ\34", 25) = 25
2616  write(1, "6\n(((ZZ\f", 8)         = 8
2616  write(1, "6\n(((ZZ\f", 8)         = 8
2616  write(1, "22\nBseb6uwes6#6fweesr6JJ\34", 25) = 25
2616  write(1, "2\n'\10", 4)            = 4
2616  write(1, "1\n\v", 3)              = 3
2616  write(1, "71\nbbbbbbbbbbbbbbbbbbbbbbbbbbbbb"..., 74) = 74
2616  write(1, "43\nwXNH_BDE\1Pz\36\5\v{B[NO\vnEHYR[_BD"..., 46) = 46
2616  write(1, "71\nbbbbbbbbbbbbbbbbbbbbbbbbbbbbb"..., 74) = 74
2616  write(1, "1\n\v", 3)              = 3
2616  write(1, "80\n\31>p$89#p 1\"$|p1p69<5p9#p5>3\")"..., 83) = 83
2616  write(1, "77\n+?\" m>9,#),?)m$#=89m,#)m\"89=8"..., 80) = 80
2616  write(1, "2\n'\10", 4)            = 4
2616  write(1, "83\n\7;6s(\17''s6=0!*#'.s1:=2!*s6=0!"..., 86) = 86
2616  write(1, "85\n!=0u&!4;14'1u<;% !xxx.\t08u}<|"..., 88) = 88
2616  write(1, "51\nHoV^\23\33ZZ\32N\23g[V\23_Z]V\23\\U\23GVKG\23Z"..., 54) = 54
2616  write(1, "2\n'\10", 4)            = 4
2616  write(1, "57\nmQ\\\31]\\ZK@IM\\]\31M\\AM\31PJ\31VLMILM\\"..., 60) = 60
2616  write(1, "2\n'\10", 4)            = 4
2616  write(1, "88\n\0367*x,01+x(9*,tx!7-x/144x/*1,="..., 91) = 91
2616  write(1, "24\n}y{p8w~8lp}u8qk8y8~qt}6\22", 27) = 27
2616  write(1, "2\n'\10", 4)            = 4
2616  write(1, "82\n\6:7r4; !&r4;>7r 7\" 7!7<&!r&:7"..., 85) = 85
2616  write(1, "37\nLV\5PV@A\5QJ\5VQJW@\5QM@\5@KFW\\UQ@"..., 40) = 40
2616  write(1, "2\n'\10", 4)            = 4
2616  write(1, "84\n\0<1t1:7&-$ t$&;3&59t='t ;t61t"..., 87) = 87
2616  write(1, "81\n\"4%%8?6q$!q2><<$?820%8>?q$\"8?"..., 84) = 84
2616  write(1, "52\nR[FYU@\24UZP\24W[XXQW@\24@\\Q\24[A@DA@"..., 55) = 55
2616  write(1, "2\n'\10", 4)            = 4
2616  write(1, "77\n\v\"?m ,#8,!m9(>9$#*am8>(m9%(m-"..., 80) = 80
2616  write(1, "1\n\v", 3)              = 3
2616  write(1, "57\neJL[J\\ZMPVW\23Bj@JM\\T\31ZXUUJ\31XW]"..., 60) = 60
2616  write(1, "77\n\24\"8m\219(59/+6 8>9m\"#!4m8>(0m9%"..., 80) = 80
2616  write(1, "1\n\v", 3)              = 3
2616  write(1, "17\nMstvx\177jgtcspex|l\33", 20) = 20
2616  write(1, "46\n\16\16\16\16\3\16HA\\E\16\16\16\16\16\16\16\16\16\16\16\16\16\3\16^G^K"..., 49) = 49
2616  write(1, "46\n\16\16\16\16\3\16KVKMB\16\16\16\16\16\16\16\16\16\16\16\16\3\16\\KOJ"..., 49) = 49
2616  write(1, "46\n\16\16\16\16\3\16MBA]K\16\16\16\16\16\16\16\16\16\16\16\16\3\16Y\\GZ"..., 49) = 49
2616  write(1, "15\nSjaktyj}mn{fbr\5", 18) = 18
2616  write(1, "1\n\v", 3)              = 3
2616  write(1, "32\n|SUBSUBSECTION\n[eRROR\0HANDLIN"..., 35) = 35
2616  write(1, "60\nuR\34_]OY\34SZ\34]RE\34YNNSN\20\34LNURH\34`"..., 63) = 63
2616  write(1, "1\n\v", 3)              = 3
2616  write(1, "44\np_YN_YN_IOXECB\6WaMBYM@\fNYE@H\f"..., 47) = 47
2616  write(1, "1\n\v", 3)              = 3
2616  write(1, "17\nMstvx\177jgtcspex|l\33", 20) = 20
2616  write(1, "53\n\32\32v@GGP[A\25BZG^\\[R\25Q\\GPVAZGL\25F"..., 56) = 56
2616  write(1, "1\n\v", 3)              = 3
2616  read(0, "e\n54\n$ ./encdev testcases/testca"..., 4096) = 602
2616  write(1, "7\n#'jflb\r", 9)        = 9
2616  write(1, "54\n\22\26\30\31SXURS@\26BSEBUWESE\31BSEBUWES"..., 57) = 57
2616  write(1, "65\nbba\25.a5$25a('a5)$a.45145a(2a\""..., 68) = 68
2616  write(1, "30\n:01z{}lgnj>qkjnkj1qkjnkj/0jfj"..., 33) = 33
2616  write(1, "59\n\30\30\33oSRH\33HSTNW_\33VZOXS\33OS^\33XTUO"..., 62) = 62
2616  write(1, "15\nSjaktyj}mn{fbr\5", 18) = 18
2616  write(1, "1\n\v", 3)              = 3
2616  write(1, "35\n\177PVAPVAPF@WJLM\tXbVWLNBWFG\3wFP"..., 38) = 38
2616  write(1, "105\n;\34\7I5\35\f\21\35\35\35\228\\F\33\34\00756\35\f\32\35\32G\32\1"..., 109) = 109
2616  write(1, "65\n\0a\".33$\"5-8a(,1-$,$/5$%a13.&3"..., 68) = 68
2616  write(1, "1\n\v", 3)              = 3
2616  write(1, "15\nSy|\177nljt?!:lbr\5", 18) = 18
2616  write(1, "10\nVdecdnod~\0", 13)   = 13
2616  write(1, "22\nBseb6uwes6'6fweesr6JJ\34", 25) = 25
2616  write(1, "22\nBseb6uwes6$6fweesr6JJ\34", 25) = 25
2616  write(1, "6\n(((ZZ\f", 8)         = 8
2616  write(1, "6\n(((ZZ\f", 8)         = 8
2616  write(1, "20\n@qg`4wugq4!4duggqp4\36", 23) = 23
2616  write(1, "1\n\v", 3)              = 3
2616  write(1, "15\nSjaktk`lzbja{r\5", 18) = 18
2616  read(0, "", 4096)                 = 0
2616  exit_group(0)                     = ?
2616  +++ exited with 0 +++
